ID,FECHA,HORA,DIRECCION,TIPO,UNIDADES,"CORDENADAS (lat)","CORDENADAS (lng)"
2016-021509,29-03-2016,"11:37:59 p.m.","  CL. RICARDO PALMA 314        BELLAVISTA","EMERGENCIA MEDICA",MED-5,-12.0538909725816,-77.0906157336518
2016-021508,29-03-2016,"11:32:41 p.m.","  AV. ROOSEVELT (SURCO) 394        BARRANCO","EMERGENCIA MEDICA",AMB-13,-12.1470249495338,-77.0169145256672
2016-021507,29-03-2016,"11:29:17 p.m.","  CL. NOVOA 151        SAN MARTIN DE PORRES","EMERGENCIA MEDICA",AMB-21,-12.0353866026533,-77.0456877703029
2016-021506,29-03-2016,"11:25:29 p.m.","  PR. QUITO 2497       JESUS MARIA","EMERGENCIA MEDICA",AMB-202,-12.0848765196887,-77.0578037923819
2016-021505,29-03-2016,"11:20:45 p.m.","AV. GUILLERMO DE LA FUENTE 300        COMAS",INCENDIO,"AMB-164, M124-1, M168-1, RESLIG-161",-11.9417864890778,-77.0616128974206
2016-021504,29-03-2016,"11:18:56 p.m.","  CL. OREJUELAS (33) 158        SANTIAGO DE SURCO","EMERGENCIA MEDICA","AMB-164, M124-1, M168-1, RESLIG-161",,
2016-021503,29-03-2016,"11:09:46 p.m.","JR. MANUEL CANDAMO CRUCE CON AV. ABEL BERGASSE DU PETIT THOUARS LINCE            LINCE","EMERGENCIA MEDICA","AMB-4, M4-1",-12.0823328274775,-77.0336635779252
2016-021502,29-03-2016,"11:06:28 p.m.","  CL. HUNGRIA 147        ATE",RESCATE,"M169-1, MED-96",-12.0436971505477,-76.9285474048549
2016-021501,29-03-2016,"10:50:13 p.m.","  CL. BISETTI ROGER RETES 1032       LIMA","EMERGENCIA MEDICA","M169-1, MED-96",-12.0485559553701,-77.0748630850229
2016-021500,29-03-2016,"10:45:49 p.m.","  JR. MARIANO MELGAR 155        CHORRILLOS",RESCATE,M16-1,-12.1555712923902,-77.0178985726063
2016-021499,29-03-2016,"10:15:13 p.m.","  CL. GERMAN AMEZAGA 165        SAN JUAN DE MIRAFLORES","EMERGENCIA MEDICA",AMB134-2,-12.1686201101979,-76.9769247013815
2016-021498,29-03-2016,"10:12:59 p.m.","AS. SAN JUAN MASIAS E  LT 23            SAN BORJA","MATERIALES PELIGROSOS (INCIDENTE)","AMB-4, MATPEL-4",-12.0852596205477,-77.0027717800458
2016-021497,29-03-2016,"10:12:05 p.m.","CO. UMAMARCA M LOTE 1            SAN JUAN DE MIRAFLORES","EMERGENCIA MEDICA",AMB-120,-12.1798668469741,-76.9781896106597
2016-021496,29-03-2016,"10:08:27 p.m.","  AV. SALAVERRY 1700       JESUS MARIA","EMERGENCIA MEDICA",AMB-202,-12.0822666422863,-77.0453262359075
2016-021495,29-03-2016,"10:05:22 p.m.","  JR. PEREZ DE TUDELA 2714       LIMA","EMERGENCIA MEDICA",AMB-80,-12.0366408355723,-77.0757163255687
2016-021494,29-03-2016,"10:02:53 p.m.","AS. COMPRADORES T LOTE K1  LOTE 6A            SAN JUAN DE LURIGANCHO","MATERIALES PELIGROSOS (INCIDENTE)","M121-1, M21-1, SAMU-121",-12.0125364485023,-76.9602247750826
2016-021493,29-03-2016,"09:42:52 p.m.","  AV. ABANCAY 300        LIMA","EMERGENCIA MEDICA","M121-1, M21-1, SAMU-121",-12.0493575924258,-77.0273348233251
2016-021492,29-03-2016,"09:42:39 p.m.","  PJ. LOS HUERTOS 221        CALLAO","EMERGENCIA MEDICA",SAMU-161,-12.0140601652496,-77.0977150893317
2016-021491,29-03-2016,"09:33:43 p.m.","AV. EL SOL CRUCE CON AV. PACHACUTEC (ATOCONGO) VILLA EL SALVADOR            VILLA EL SALVADOR","EMERGENCIA MEDICA",AMB-155,-12.195087942471,-76.9350983504174
2016-021490,29-03-2016,"09:33:15 p.m.","PEAJE RAMIRO PRIALE            EL AGUSTINO","EMERGENCIA MEDICA","AMB-115-2, AMB-169, AMB-2, M176-1, M2-1, SAMU-2",-12.0319186457061,-76.9886005911863
2016-021489,29-03-2016,"09:20:39 p.m.","CL. EL CARMEN CRUCE CON JR. MANUEL IRRIBARREN (SAN MIGUEL) SURQUILLO            SURQUILLO","EMERGENCIA MEDICA",AMB-28,-12.115058819802,-77.0219945519153
2016-021488,29-03-2016,"09:11:38 p.m.","AH. CERRO EL PACIFICO G LOTE 7            LOS OLIVOS",INCENDIO,"M65-1, M9-1, M9-5, SAMU-161",-12.00135253031,-77.0784727061426
2016-021487,29-03-2016,"09:06:43 p.m.","  AV. ALBERTO DEL CAMPO (LIZARDO MONTERO) 468        SAN ISIDRO","EMERGENCIA MEDICA",MED-100,-12.0971288717113,-77.0576224079377
2016-021486,29-03-2016,"09:06:42 p.m.","  JR. MARTE 790        LIMA","EMERGENCIA MEDICA",AMB-36,-12.0672272956312,-77.0725698800369
2016-021485,29-03-2016,"09:03:35 p.m.","  CL. NUEVA YORK 300        CHORRILLOS","EMERGENCIA MEDICA","AMB-120, AMB-13, AMB-6",-12.1729293485499,-77.0227255500795
2016-021484,29-03-2016,"08:58:05 p.m.","  CL. 10 DE JUNIO 1010       SAN MARTIN DE PORRES",RESCATE,RES-10,-12.032923869536,-77.0494828936508
2016-021483,29-03-2016,"08:49:19 p.m.","COMERCIAL MERCADO DE PRODUCTORES            SANTA ANITA","EMERGENCIA MEDICA",AMB-169,-12.0420626187871,-76.9475922933618
2016-021482,29-03-2016,"08:39:25 p.m.","JR. HUALLAGA CRUCE CON AV. ABANCAY LIMA            LIMA","EMERGENCIA MEDICA",AMB-2,-12.0487321497033,-77.0272532741133
2016-021481,29-03-2016,"08:36:11 p.m.","  CL. MATEO PUMACAHUA (10) 110        SANTIAGO DE SURCO","EMERGENCIA MEDICA",AMB134-2,-12.1524341969011,-76.9852549773514
2016-021480,29-03-2016,"08:29:24 p.m.","PJ. LOS ALPES            SANTA ANITA","EMERGENCIA MEDICA",AMB-138,-12.0339078032673,-76.96566037668
2016-021479,29-03-2016,"08:28:54 p.m.","  AV. LA PAZ 959        SAN MIGUEL","EMERGENCIA MEDICA",AMB-7,-12.0862884822794,-77.091729274546
2016-021478,29-03-2016,"08:27:33 p.m.","UR. VILLA VICTORIA Z LT. 14            SURQUILLO","EMERGENCIA MEDICA",AMB-4,-12.1100530655669,-77.0123067310432
2016-021477,29-03-2016,"08:27:10 p.m.","  CL. LOS OLIVOS 232        CHACLACAYO","EMERGENCIA MEDICA",AMB-32,-11.9780439521125,-76.7748590245038
2016-021476,29-03-2016,"08:20:33 p.m.","IPAE  100        PUEBLO LIBRE","EMERGENCIA MEDICA",AMB83-2,-12.0763616036355,-77.0784282746812
2016-021475,29-03-2016,"08:16:50 p.m.","B-8            ","EMERGENCIA MEDICA",AMB83-2,,
2016-021474,29-03-2016,"08:15:26 p.m.","CH. PALOMARES             RIMAC","EMERGENCIA MEDICA",AMB-21,-12.0318632004618,-77.0275423835267
2016-021473,29-03-2016,"08:08:51 p.m.","  CL. CESAR VALLEJO 259        ",INCENDIO,"AMB-21, M65-1",-12.0283638833784,-77.0472086122478
2016-021472,29-03-2016,"07:46:17 p.m.","JR. HUASCARAN CRUCE CON CL. AMPATO (4) SANTIAGO DE SURCO            SANTIAGO DE SURCO","EMERGENCIA MEDICA",AMB134-2,-12.1479674933902,-76.9964385435049
2016-021471,29-03-2016,"07:35:30 p.m.","AH CANADA  100        BELLAVISTA","EMERGENCIA MEDICA",MED-18,-12.0675640618674,-77.1319873699579
2016-021470,29-03-2016,"07:33:39 p.m.","28 DE JULIO  125        LURIGANCHO","EMERGENCIA MEDICA",AMB-32-2,,
2016-021469,29-03-2016,"07:28:54 p.m.","  AV. 26 DE NOVIEMBRE PARADERO 10 NUEVA ESPERANZA 600        VILLA MARIA DEL TRIUNFO",INCENDIO,M155-1,-12.1741990452503,-76.93514735195
2016-021468,29-03-2016,"07:18:45 p.m.","CARRETERA PENETRACION  KM 95 CAJACAY            ","ACCIDENTE VEHICULAR","AMB-73, RES-73",,
2016-021467,29-03-2016,"07:17:38 p.m.","  AV. MILITAR 1868       LINCE","EMERGENCIA MEDICA",AMB-4,-12.0825818531624,-77.031657097037
2016-021466,29-03-2016,"07:15:20 p.m.","HOSPITAL  REBAGLIATI  10.31 LOS OLIVOS            ","EMERGENCIA MEDICA",AMB-65,,
2016-021465,29-03-2016,"07:13:59 p.m.","CARRETERAS - PANAMERICANAS CARRETERA CENTRAL 10            ATE",INCENDIO,"AMB-138, M169-1",,
2016-021464,29-03-2016,"07:10:19 p.m.","AV. GUILLERMO BILLINGHURST (NUEVE OESTE) CRUCE CON AV. SAN JUAN SAN JUAN DE MIRAFLORES            SAN JUAN DE MIRAFLORES","EMERGENCIA MEDICA",AMB-120,-12.1584968403353,-76.9733195616024
2016-021463,29-03-2016,"06:57:35 p.m.","  AV. JOSE PARDO 300        MIRAFLORES","EMERGENCIA MEDICA",MED-100,-12.1190336044412,-77.0322103436495
2016-021462,29-03-2016,"06:57:28 p.m.","CLINICA GOOD HOPE            MIRAFLORES","EMERGENCIA MEDICA",AMB-28,,
2016-021461,29-03-2016,"06:56:54 p.m.","REFINERIA LA PAMPILLA            VENTANILLA","EMERGENCIA MEDICA",AMB-28,,
2016-021460,29-03-2016,"06:55:55 p.m.","  AV. DEL SUR 263        SANTIAGO DE SURCO",RESCATE,RES-134,-12.1123121748638,-76.9817491197526
2016-021459,29-03-2016,"06:55:38 p.m.","AH. SAN FERNANDO MZ C LT 27             SAN JUAN DE LURIGANCHO","EMERGENCIA MEDICA",AMB-2,-11.9781724288686,-77.0196156993348
2016-021458,29-03-2016,"06:52:28 p.m.","AV. BRASIL CRUCE CON JR. MIRAFLORES MAGDALENA DEL MAR            MAGDALENA DEL MAR",INCENDIO,"M36-1, RES-36",-12.0966657661942,-77.0713215684302
2016-021457,29-03-2016,"06:43:51 p.m.","AV. LA MARINA CRUCE CON AV. UNIVERSITARIA SAN MIGUEL            PUEBLO LIBRE","EMERGENCIA MEDICA","M36-1, RES-36",-12.0782877253793,-77.0824586374011
2016-021456,29-03-2016,"06:43:21 p.m.","AH. AMPLIACION VILLA ALEJANDRO II A4            LURIN","EMERGENCIA MEDICA",SAMU-106,-12.2365869838891,-76.9055654559187
2016-021455,29-03-2016,"06:25:22 p.m.","CARRETERA CHINCHA BAJA            CHINCHA BAJA","ACCIDENTE VEHICULAR",AMB-38,,
2016-021454,29-03-2016,"06:16:58 p.m.","  CL. GENERAL VARELA 2030       PUEBLO LIBRE","EMERGENCIA MEDICA","RES-36, SAMU-10",-12.0678363448535,-77.053240111547
2016-021453,29-03-2016,"06:13:43 p.m.","  JR. BELISARIO FLORES  PISO  2  765        LINCE",RESCATE,M202-1,-12.0830444790617,-77.0423489423448
2016-021452,29-03-2016,"05:59:02 p.m.","AV. FERNANDO WIESE (PROCERES DE LA INDEPENDENCIA) CRUCE CON AV. SAN MARTIN DE PORRAS SAN JUAN DE LURIGANCHO            SAN JUAN DE LURIGANCHO","ACCIDENTE VEHICULAR","M121-1, M176-1, SAMU-176",-11.9720568217618,-76.996727573563
2016-021451,29-03-2016,"05:51:08 p.m.","AV. ISABEL LA CATOLICA CRUCE CON JR. MANUEL CISNEROS LA VICTORIA            LA VICTORIA","EMERGENCIA MEDICA","M121-1, M176-1, SAMU-176",-12.069218854411,-77.0211106972897
2016-021450,29-03-2016,"05:43:26 p.m.","  AV. COSTANERA (MIRAMAR) 150        SAN MIGUEL","EMERGENCIA MEDICA",SAMU-83,-12.0908113412605,-77.0851831798532
2016-021449,29-03-2016,"05:41:19 p.m.","AH. SAN GENARO II             CHORRILLOS","EMERGENCIA MEDICA",SAMU-6,-12.1906650389694,-77.0221454227731
2016-021448,29-03-2016,"05:37:22 p.m.","  CL. SURINAM (38) 127        LA MOLINA","EMERGENCIA MEDICA",AMB-169,-12.0650708377943,-76.9378175856545
2016-021447,29-03-2016,"05:36:50 p.m.","CA. COMERCIO S/N            PISCO","EMERGENCIA MEDICA",AMB-169,,
2016-021446,29-03-2016,"05:30:41 p.m.","CL. LOS GIRASOLES (111) CRUCE CON JR. TENIENTE DIEGO FERRE SAN MIGUEL            SAN MIGUEL","EMERGENCIA MEDICA",AMB-169,-12.0629438447232,-77.0817946095385
2016-021445,29-03-2016,"05:24:35 p.m.","  AV. DE LOS PARQUES 210        ATE","EMERGENCIA MEDICA",SAMU-176,-12.0585223226623,-76.993208438438
2016-021444,29-03-2016,"05:12:29 p.m.","AV. BENJAMIN BISQUERRA 100        HUARAL","EMERGENCIA MEDICA",M44-6,,
2016-021443,29-03-2016,"05:07:32 p.m.","  PJ. SAN PEDRO 000        LURIN","EMERGENCIA MEDICA",SAMU-105,-12.2713777885569,-76.8708415403999
2016-021442,29-03-2016,"04:57:07 p.m.","  AV. PACHACUTEC (LOS HEROES) 456        SAN JUAN DE MIRAFLORES","EMERGENCIA MEDICA",AMB-120,-12.1536768292621,-76.9719985805685
2016-021441,29-03-2016,"04:38:38 p.m.","PARQUE LAS AMERICAS  140        BELLAVISTA","EMERGENCIA MEDICA",AMB-7,-12.0570085741738,-77.0930814198991
2016-021440,29-03-2016,"04:31:10 p.m.","AV. SAN JUAN CRUCE CON AV. PACHACUTEC (LOS HEROES) SAN JUAN DE MIRAFLORES            SAN JUAN DE MIRAFLORES","EMERGENCIA MEDICA",AMB-120,-12.1542828095827,-76.971955588022
2016-021439,29-03-2016,"04:29:18 p.m.","POLICLINICO MONGRUT             CALLAO","SERVICIO ESPECIAL",M60-1,,
2016-021438,29-03-2016,"04:27:49 p.m.","  CL. FILIBERTO ROMERO (ENRIQUE PALACIOS) 260        CHORRILLOS",INCENDIO,"AMB-13, M13-1, M6-1",-12.1681818339672,-77.0313920481442
2016-021437,29-03-2016,"04:20:18 p.m.","  AV. LAS BEGONIAS 600        SAN ISIDRO","EMERGENCIA MEDICA",AMB-8,-12.0927561496202,-77.0243940166497
2016-021436,29-03-2016,"04:15:13 p.m.","  AV. LA MARINA 2900       SAN MIGUEL",INCENDIO,"AMB-7, M15-1, M60-1, M7-5",-12.0762590935251,-77.095680581008
2016-021435,29-03-2016,"04:14:00 p.m.","  JR. CAMANA 1043       LIMA","EMERGENCIA MEDICA",SAMU-10,-12.0521419792713,-77.037002554688
2016-021434,29-03-2016,"04:13:49 p.m.","UR. HONOR Y LEALTAD U LTE 20            SANTIAGO DE SURCO","EMERGENCIA MEDICA",SAMU-10,-12.1641529034598,-76.9874835605049
2016-021433,29-03-2016,"04:12:32 p.m.","PLAZA DE ARMAS            CIENEGUILLA","SERVICIO ESPECIAL","AMB-2, M2-1",-12.1121585983546,-76.8167473237706
2016-021432,29-03-2016,"04:12:08 p.m.","  CL. CHACARITAS (SEXTA) (CUSCO) 225        CALLAO","EMERGENCIA MEDICA",MED-18,-12.050587869207,-77.1359631187223
2016-021431,29-03-2016,"04:02:34 p.m.","  AV. ALFREDO BENAVIDES 222        MIRAFLORES","EMERGENCIA MEDICA",AMB-13,-12.1243251661835,-77.0311868862446
2016-021430,29-03-2016,"04:00:16 p.m.","  JR. CONTUMAZA 1035       LIMA","EMERGENCIA MEDICA",AMB-13,-12.0537720474457,-77.0345699649013
2016-021429,29-03-2016,"04:00:04 p.m.","  PJ. URABAIN 130        SAN MIGUEL","EMERGENCIA MEDICA",SAMU-83,-12.0891934044061,-77.0767014833623
2016-021428,29-03-2016,"03:56:16 p.m.","CA. EL PALMO CRUCE CA. 28 DE JULIO            HUARAL","EMERGENCIA MEDICA",M44-6,,
2016-021427,29-03-2016,"03:46:13 p.m.","  AV. AVIACION 3400       SAN BORJA","ACCIDENTE VEHICULAR","AMB-28, AMB134-2, M28-1, RES-127, SAMU-8",-12.1055037594199,-77.0009218074752
2016-021426,29-03-2016,"03:44:56 p.m.","CURVA LA PALMA            ","EMERGENCIA MEDICA","AMB-28, AMB134-2, M28-1, RES-127, SAMU-8",,
2016-021425,29-03-2016,"03:30:24 p.m.","  JR. FRANCISCO DE ZELA 2100       LINCE","EMERGENCIA MEDICA",AMB-8,-12.0869653349859,-77.0394930353014
2016-021424,29-03-2016,"03:29:49 p.m.",,"EMERGENCIA MEDICA",SAMU-10,-12.0525519521968,-77.0354660636126
2016-021423,29-03-2016,"03:24:01 p.m.","CL. MANUEL SCORZA (E) CRUCE CON AV. AVIACION SANTIAGO DE SURCO            SANTIAGO DE SURCO","ACCIDENTE VEHICULAR","AMB-13, AMB134-2, M120-1, RES-134, SAMU-127",-12.1248847506367,-76.999273603854
2016-021422,29-03-2016,"03:21:51 p.m.","  AV. COSTA VERDE 000        BARRANCO","EMERGENCIA MEDICA","AMB-13, AMB-28, M13-1, M16-1, RES-6, SAMU-6",-12.1397697111652,-77.0278276125835
2016-021421,29-03-2016,"03:20:21 p.m.","  AV. DE LAS ARTES SUR 193        SAN BORJA",INCENDIO,M28-1,-12.095983655165,-77.0057156026758
2016-021420,29-03-2016,"03:18:29 p.m.","  AV. PANAMERICANA NORTE (ALFREDO MENDIOLA) 477        SAN MARTIN DE PORRES","EMERGENCIA MEDICA",M28-1,-12.0266542949266,-77.0586482321312
2016-021419,29-03-2016,"03:11:49 p.m.","  AV. JAVIER PRADO ESTE 5400       LA MOLINA","EMERGENCIA MEDICA",MED-96,-12.074467508047,-76.9622906698991
2016-021418,29-03-2016,"03:11:01 p.m.","  JR. PEDRO RUIZ GALLO 315        ANCON","EMERGENCIA MEDICA",MED-65,-11.7758822830969,-77.1767182097146
2016-021417,29-03-2016,"02:58:53 p.m.","CARRETERAS - PANAMERICANAS PANAMERICANA SUR 14            SAN JUAN DE MIRAFLORES","EMERGENCIA MEDICA",SAMU-106,-12.1794632276748,-76.9766600852846
2016-021416,29-03-2016,"02:48:11 p.m.","  AV. 2 DE MAYO 400        SAN ISIDRO","EMERGENCIA MEDICA","AMB-28, SAMU-16",-12.0911488772592,-77.0367531198868
2016-021415,29-03-2016,"02:48:02 p.m.","CARRETERAS - PANAMERICANAS PANAMERICANA SUR 8            SANTIAGO DE SURCO","EMERGENCIA MEDICA",AMB134-2,-12.1274821233295,-76.9769037609322
2016-021414,29-03-2016,"02:42:48 p.m.","URB LA PLANICIE            LA MOLINA","EMERGENCIA MEDICA",MED-96,,
2016-021413,29-03-2016,"02:35:37 p.m.","  AV. LIMA NORTE 247        LURIGANCHO","EMERGENCIA MEDICA",AMB-32,-11.9320614523279,-76.6924469162115
2016-021412,29-03-2016,"02:34:14 p.m.",,RESCATE,M36-1,-12.087536844576,-77.0595303080173
2016-021411,29-03-2016,"02:20:41 p.m.","  AV. JOSE DE LA RIVA AGUERO 1200       EL AGUSTINO","EMERGENCIA MEDICA",SAMU-176,-12.0501347969549,-77.0018449426187
2016-021410,29-03-2016,"02:13:18 p.m.",,"EMERGENCIA MEDICA",SAMU-2,-12.0555283284869,-77.0535501224843
2016-021409,29-03-2016,"02:10:22 p.m.","  CL. BETA 147        CALLAO","EMERGENCIA MEDICA",SAMU-10,-12.0503473361376,-77.0841061136913
2016-021408,29-03-2016,"02:08:58 p.m.",,"ACCIDENTE VEHICULAR","M14-1, RES-14, SAMU-14",,
2016-021407,29-03-2016,"02:05:49 p.m.","  AV. COSTA VERDE (CIRCUITO DE PLAYAS) 000        MIRAFLORES","EMERGENCIA MEDICA",SAMU-16,-12.1124672083826,-77.0519399448018
2016-021406,29-03-2016,"01:59:05 p.m.","URB QUIRIO            LURIGANCHO","EMERGENCIA MEDICA",AMB-32-2,,
2016-021405,29-03-2016,"01:58:35 p.m.","BOLOGNESI 100        ","EMERGENCIA MEDICA",AMB-32-2,,
2016-021404,29-03-2016,"01:57:28 p.m.","PANAMERICANA NORTE            LOS OLIVOS","EMERGENCIA MEDICA",AMB-150,-11.9390234283852,-77.0720536015425
2016-021403,29-03-2016,"01:54:17 p.m.","PANAMERICANA NORTE            ","EMERGENCIA MEDICA",AMB-150,-11.9370100138875,-77.0717382844419
2016-021402,29-03-2016,"01:49:48 p.m.","PLAZUELA   CHANCHA PATRULLA   SAN CLEMENTE              PISCO","EMERGENCIA MEDICA",AMB-150,,
2016-021401,29-03-2016,"01:37:44 p.m.","CALLE  DOMINGO  ORUE    10.31   GOOD  HOPE              MIRAFLORES","EMERGENCIA MEDICA",AMB-150,,
2016-021400,29-03-2016,"01:15:43 p.m.","  AV. MARIANO CORNEJO 1800       LIMA","EMERGENCIA MEDICA",AMB-4,-12.0677288813029,-77.071037503414
2016-021399,29-03-2016,"01:09:16 p.m.","  CL. LEGION PERUANA 145        LIMA","MATERIALES PELIGROSOS (INCIDENTE)",M3-1,-12.0368554388156,-77.0506855781922
2016-021398,29-03-2016,"01:04:24 p.m.","  AV. AUGUSTO PEREZ ARANIBAR (DEL EJERCITO) 2143       SAN ISIDRO",INCENDIO,M100-1,-12.1033352727109,-77.057832124863
2016-021397,29-03-2016,"01:02:43 p.m.","  AV. ALFREDO BENAVIDES 700        MIRAFLORES","EMERGENCIA MEDICA",MED-28,-12.12524929682,-77.0251725570668
2016-021396,29-03-2016,"01:02:07 p.m.",,"EMERGENCIA MEDICA",MED-28,-12.0397409615975,-77.0915162892493
2016-021395,29-03-2016,"01:01:09 p.m.","  CL. SAN BARTOLOME 115        CHACLACAYO","EMERGENCIA MEDICA",AMB-115-2,-11.9810669556355,-76.7751187336136
2016-021394,29-03-2016,"12:56:01 p.m.","  AV. BRASIL 1300       PUEBLO LIBRE","EMERGENCIA MEDICA",AMB-36,-12.0725647456387,-77.0518376472472
2016-021393,29-03-2016,"12:48:56 p.m.","  AV. PETIT THOUARS 300        LIMA","EMERGENCIA MEDICA",AMB-4,-12.0675316206633,-77.035836729363
2016-021392,29-03-2016,"12:48:20 p.m.","  CL. JOAQUIN BERNAL 489        SAN JUAN DE MIRAFLORES","EMERGENCIA MEDICA",SAMU-16,-12.156143966754,-76.9744442617813
2016-021391,29-03-2016,"12:46:26 p.m.","AV. ALFREDO MENDIOLA (PANAMERICANA NORTE) CRUCE CON AV. TOMAS VALLE LOS OLIVOS            LOS OLIVOS","EMERGENCIA MEDICA",SAMU-168,-12.0078643900672,-77.0623459722616
2016-021390,29-03-2016,"12:44:30 p.m.","  JR. JOSE GALVEZ (JOSE R. VALENCIA) 379        MAGDALENA DEL MAR","EMERGENCIA MEDICA",AMB-36,-12.09122831145,-77.0708556236418
2016-021389,29-03-2016,"12:43:05 p.m.","  AV. ANGAMOS OESTE 700        MIRAFLORES","EMERGENCIA MEDICA",AMB-28,-12.1139315315502,-77.0362607131216
2016-021388,29-03-2016,"12:39:02 p.m.","  AV. SAN JUAN 1000       SAN JUAN DE MIRAFLORES","EMERGENCIA MEDICA",AMB-28,-12.1559577504681,-76.9726241567659
2016-021387,29-03-2016,"12:32:04 p.m.","  JR. JUNIN 1720       LIMA","EMERGENCIA MEDICA",SAMU-2,-12.0534767744624,-77.0125288443037
2016-021386,29-03-2016,"12:30:14 p.m.","PANAMERICANA NORTE KM. 47             ANCON","EMERGENCIA MEDICA",MED-65,,
2016-021385,29-03-2016,"12:29:52 p.m.","  JR. JOSE GALVEZ (JOSE R. VALENCIA) 317        MAGDALENA DEL MAR","EMERGENCIA MEDICA",MED-202,-12.09122831145,-77.0708556236418
2016-021384,29-03-2016,"12:28:37 p.m.","URB.   RAMIRO   PRIALE               HUACHO","EMERGENCIA MEDICA",MED-202,,
2016-021383,29-03-2016,"12:24:51 p.m.","COLISEO             HUACHO","EMERGENCIA MEDICA",MED-202,,
2016-021382,29-03-2016,"12:24:50 p.m.","  JR. LIBERTAD 1558       PUEBLO LIBRE","EMERGENCIA MEDICA",AMB-36,-12.0849139226992,-77.0667744990931
2016-021381,29-03-2016,"12:17:10 p.m.","CALLE ANDRES DE LOS REYES PASAJE N- 2            BARRANCA","EMERGENCIA MEDICA",AMB-73,,
2016-021380,29-03-2016,"12:10:40 p.m.","HOSP. SABOGAL            CALLAO","EMERGENCIA MEDICA","AMB-7, AUX-34, MED-9",,
2016-021379,29-03-2016,"12:02:38 p.m.","ESPALDA  DE COLISEO   CERRADO              ",INCENDIO,M22-1,,
2016-021378,29-03-2016,"12:01:21 p.m.","BLINDADA  CUARTEL   HOYOS   RUBIOS              RIMAC","SERVICIO ESPECIAL",CIST-21,,
2016-021377,29-03-2016,"11:52:34 a.m.","  CL. VALENCIA (7)  URB.  LA MACARENA  265        LA PERLA","EMERGENCIA MEDICA",AMB-7,-12.0740886593248,-77.1102906571228
2016-021376,29-03-2016,"11:48:14 a.m.","  CL. LEONIDAS YEROVI 177        SAN ISIDRO","EMERGENCIA MEDICA",AMB-28,-12.1060280005869,-77.040736906929
2016-021375,29-03-2016,"11:43:55 a.m.","  JR. GENERAL VIDAL (ANTONIO DAZA) 500        RIMAC","EMERGENCIA MEDICA",SAMU-21,-12.0357307852373,-77.0404870713328
2016-021374,29-03-2016,"11:38:45 a.m.","UR. PEDRO RUIZ GALLO F 7             CALLAO","EMERGENCIA MEDICA",MED-5,-12.0517372378835,-77.1016563972647
2016-021373,29-03-2016,"11:36:48 a.m.","  AV. ARGENTINA 100        LIMA","EMERGENCIA MEDICA","M14-1, M3-1, MED-202, RES-10",-12.0437745121679,-77.043649733297
2016-021372,29-03-2016,"11:35:23 a.m.","  CL. CORONEL JUAN VALER SANDOVAL (CUEVA) 779        PUEBLO LIBRE","EMERGENCIA MEDICA",AMB-36,-12.0774457327847,-77.0746565168799
2016-021371,29-03-2016,"11:19:08 a.m.","  JR. MAMA OCLLO 110        LA PERLA","EMERGENCIA MEDICA",SAMU-168,-12.0682366534949,-77.1161680293186
2016-021370,29-03-2016,"11:17:49 a.m.","  CL. LAS LILAS 137        SANTIAGO DE SURCO",RESCATE,RES-134,-12.1231930475864,-76.9755706696787
2016-021369,29-03-2016,"11:15:39 a.m.","AV 2 DE MAYO TAMBO DE MORA             ",INCENDIO,M38-4,,
2016-021368,29-03-2016,"11:13:56 a.m.","  JR. MANUEL CISNEROS 685        LA VICTORIA","EMERGENCIA MEDICA",SAMU-8,-12.0684488078645,-77.0212061289437
2016-021367,29-03-2016,"11:11:36 a.m.","COLOR  800        CALLAO",INCENDIO,"M1-1, M5-1",,
2016-021366,29-03-2016,"11:03:33 a.m.","  CL. LOS CEREZOS 213        ATE",INCENDIO,M138-1,-12.0794928353393,-76.9831265866671
2016-021365,29-03-2016,"10:54:22 a.m.","CALLE  NEVADO               LA MOLINA","EMERGENCIA MEDICA",MED-96,,
2016-021364,29-03-2016,"10:49:48 a.m.","  CL. LOS PORTALES (APURIMAC) (L) 3875       ","EMERGENCIA MEDICA",MED-5,-12.0324569255669,-77.0914609189588
2016-021363,29-03-2016,"10:49:03 a.m.",,"EMERGENCIA MEDICA","SAMU-14, SAMU-8",-12.0591783182258,-77.0467851072249
2016-021362,29-03-2016,"10:44:46 a.m.","UR. ALFONSO COBIAN   ZONA  COMERCIAL   LOTE  9               CHACLACAYO",RESCATE,M138-4,-11.9841266787802,-76.8039482600295
2016-021361,29-03-2016,"10:37:34 a.m.","  CL. PUQUINA 100        SAN MIGUEL","EMERGENCIA MEDICA",SAMU-83,-12.0811388689977,-77.0945945760119
2016-021360,29-03-2016,"10:37:06 a.m.","  AV. REPUBLICA ARGENTINA 3418       CALLAO","EMERGENCIA MEDICA",AMB-7,-12.0494295709775,-77.1086649467358
2016-021359,29-03-2016,"10:36:05 a.m.","  CL. HIPOLITO UNANUE 675        VILLA MARIA DEL TRIUNFO","MATERIALES PELIGROSOS (INCIDENTE)","M155-1, SAMU-106",-12.1762766967856,-76.9329839074966
2016-021358,29-03-2016,"10:33:56 a.m.","  AV. DEL EJERCITO (AUGUSTO PEREZ ARANIBAR) 1300       MIRAFLORES","EMERGENCIA MEDICA",MED-202,-12.1097066802104,-77.0521180975893
2016-021357,29-03-2016,"10:32:22 a.m.","UV DEL RIMAC CHALET 9 C             RIMAC","EMERGENCIA MEDICA",SAMU-10,-12.0307117601332,-77.0342416007311
2016-021356,29-03-2016,"10:28:06 a.m.","CALLE SANTA ROSA CDRA  2            PISCO","EMERGENCIA MEDICA",AMB-37,,
2016-021355,29-03-2016,"10:23:31 a.m.","EDUCACION I.E.P. SANTO DOMINGO EL PREDICADOR            SAN MARTIN DE PORRES","EMERGENCIA MEDICA",MED-9,-11.9751190542923,-77.0934211344617
2016-021354,29-03-2016,"10:13:40 a.m.","  AV. GRAN CHIMU 800        SAN JUAN DE LURIGANCHO","EMERGENCIA MEDICA",SAMU-21,-12.0250397603114,-76.9986973460286
2016-021353,29-03-2016,"10:13:14 a.m.","  AV. PASEO DE LA REPUBLICA 3505       SAN ISIDRO","EMERGENCIA MEDICA",AMB-28,-12.0997668704778,-77.0267416840796
2016-021352,29-03-2016,"10:11:42 a.m.","  JR. JOSE NICOLAS RODRIGO (A) 646        SANTIAGO DE SURCO","EMERGENCIA MEDICA",SAMU-127,-12.1056799717805,-76.9615941744822
2016-021351,29-03-2016,"10:10:34 a.m.","  AV. OSCAR BENAVIDES (COLONIAL) 2440       LIMA","EMERGENCIA MEDICA",SAMU-14,-12.0492136247576,-77.0725096212793
2016-021350,29-03-2016,"10:07:26 a.m.","B-63            AYACUCHO","ACCIDENTE VEHICULAR",MED-63,,
2016-021349,29-03-2016,"10:02:34 a.m.","AH. LA RINCONADA DE PAMPLONA ALTA MZ Y LOTE  10            SAN JUAN DE MIRAFLORES",INCENDIO,"AMB-120, M16-1, RES-134",-12.1323831800804,-76.956947116278
2016-021348,29-03-2016,"09:56:20 a.m.","  AV. JOSE DE LA RIVA AGUERO 1400       EL AGUSTINO","ACCIDENTE VEHICULAR","M176-1, RES-138, SAMU-176",-12.0476877434091,-77.0002754769262
2016-021347,29-03-2016,"09:55:29 a.m.","MILITAR POLICIAL BASE NAVAL MARINA DE GUERRA DEL PERU            CALLAO","EMERGENCIA MEDICA","AUX-34, MED-5",-12.0380646617245,-77.1398339191986
2016-021346,29-03-2016,"09:49:22 a.m.","  CL. RICARDO PALMA 000        SAN JUAN DE MIRAFLORES","EMERGENCIA MEDICA",SAMU-106,-12.1798040923733,-76.9541586665115
2016-021345,29-03-2016,"09:39:43 a.m.","CARRETERAS - PANAMERICANAS CARRETERA CENTRAL 20            CHACLACAYO","ACCIDENTE VEHICULAR","AMB-115-2, M32-1",-11.985566640918,-76.8094436403276
2016-021344,29-03-2016,"09:29:27 a.m.","  JR. COLON 700        CALLAO",INCENDIO,"M1-1, M15-1, M36-1, M5-1, MED-5",-12.0613477200799,-77.1375346005341
2016-021343,29-03-2016,"09:22:13 a.m.","  AV. JOSE LARCO 1100       MIRAFLORES","EMERGENCIA MEDICA",AMB-28,-12.1292939227215,-77.0296560744461
2016-021342,29-03-2016,"09:20:13 a.m.","CLINICA SAN PABLO             ","EMERGENCIA MEDICA",AMB-21,,
2016-021341,29-03-2016,"09:15:58 a.m.","  AV. ARICA 676        SAN MIGUEL","EMERGENCIA MEDICA",AMB-21,-12.0903908054557,-77.081122602874
2016-021340,29-03-2016,"09:06:59 a.m.","CH. ANTONIA MORENO DE CACERES SECTOR 5 (CIUDAD DEL DEPORTE)             VENTANILLA","MATERIALES PELIGROSOS (INCIDENTE)","AMB-75, M184-1",,
2016-021339,29-03-2016,"09:04:14 a.m.","CL. LARRABURRE Y UNANUE CRUCE CON AV. AREQUIPA LIMA            LIMA","EMERGENCIA MEDICA","AMB-75, M184-1",-12.0696698314175,-77.0367806398551
2016-021338,29-03-2016,"08:58:51 a.m.","UR. FAUCETT H LOTE  4            CALLAO",INCENDIO,"AUX-34, M161-1, M9-5, SAMU-168",-11.9946253572029,-77.1198219151187
2016-021337,29-03-2016,"08:50:21 a.m.","  CL. SEGUNDA 371        CALLAO","EMERGENCIA MEDICA",MED-5,-12.0503093547027,-77.1362601312459
2016-021336,29-03-2016,"08:48:46 a.m.","  AV. GERMAN AGUIRRE UGARTE 500        SAN MARTIN DE PORRES","EMERGENCIA MEDICA",MED-5,-12.0136396217374,-77.0702787682513
2016-021335,29-03-2016,"08:17:27 a.m.","  JR. ENRIQUE LEON GARCIA 100        LA VICTORIA","EMERGENCIA MEDICA",SAMU-8,-12.0820953127684,-77.0223156027567
2016-021334,29-03-2016,"08:14:00 a.m.","CL. GOZZOLI NORTE CRUCE CON AV. AVIACION SAN BORJA            SAN BORJA","EMERGENCIA MEDICA",AMB-28,-12.1019948547988,-77.0016325785071
2016-021333,29-03-2016,"08:12:52 a.m.","MOGABUROS 223        JESUS MARIA","EMERGENCIA MEDICA",AMB-28,,
2016-021332,29-03-2016,"08:12:38 a.m.","  CL. JORGE CHAVEZ 120        ","EMERGENCIA MEDICA",MED-5,-12.060384056276,-77.1493799363953
2016-021331,29-03-2016,"08:04:53 a.m.","PANAMERICANA SUR KM. 61            CHILCA","SERVICIO ESPECIAL",MED-5,,
2016-021330,29-03-2016,"07:55:15 a.m.","UR. LAS LADERAS DE LA MOLINA A BLOCK C LT 9             LA MOLINA","EMERGENCIA MEDICA",MED-96,-12.0900862556797,-76.9005138213684
2016-021329,29-03-2016,"07:51:53 a.m.","  AV. MICAELA BASTIDAS    CRUCE  CALLE   ALAMOS   100        CARABAYLLO","EMERGENCIA MEDICA",MED-96,-11.9045748504321,-77.0325446444359
2016-021328,29-03-2016,"07:49:55 a.m.","CARRETERAS - PANAMERICANAS AUTOPISTA RAMIRO PRIALE 7            LURIGANCHO","ACCIDENTE VEHICULAR","M138-1, RES-127, SAMU-176",,
2016-021327,29-03-2016,"07:37:30 a.m.","  AV. LA MARINA 3800       LA PERLA","EMERGENCIA MEDICA","M138-1, RES-127, SAMU-176",-12.0696236386484,-77.1095843602692
2016-021326,29-03-2016,"07:20:12 a.m.","AV. EDUARDO DE HABICH CRUCE CON AV. PANAMERICANA NORTE (ALFREDO MENDIOLA) SAN MARTIN DE PORRES            SAN MARTIN DE PORRES","EMERGENCIA MEDICA","M138-1, RES-127, SAMU-176",-12.0290001690289,-77.0588142501739
2016-021325,29-03-2016,"07:19:02 a.m.","AV. JORGE CHAVEZ CRUCE CON AV. MICAELA BASTIDAS VILLA EL SALVADOR            VILLA EL SALVADOR","EMERGENCIA MEDICA","M138-1, RES-127, SAMU-176",-12.2136047987242,-76.943145514234
2016-021324,29-03-2016,"07:15:01 a.m.","AV. EL SOL ESTE (MANUEL LAYNES) CRUCE CON AV. ALMIRANTE MIGUEL GRAU (JOSE MARIA EGUREN) BARRANCO            BARRANCO","EMERGENCIA MEDICA",SAMU-16,-12.1394898384247,-77.0223855736296
2016-021323,29-03-2016,"06:42:49 a.m.","  AV. LOS JAZMINES 108        INDEPENDENCIA","EMERGENCIA MEDICA",SAMU-16,-12.0015756472006,-77.052901707119
2016-021322,29-03-2016,"06:35:42 a.m.","  CL. CHICAMA 100        VILLA MARIA DEL TRIUNFO","MATERIALES PELIGROSOS (INCIDENTE)","AMB-120, M105-2",-12.1679818573861,-76.9168009341394
2016-021321,29-03-2016,"06:10:15 a.m.","  JR. MANUEL CISNEROS 685        LA VICTORIA","EMERGENCIA MEDICA",AMB-4,-12.0684488078645,-77.0212061289437
2016-021320,29-03-2016,"05:43:00 a.m.","CALLE.BOLIVAR 200        ","EMERGENCIA MEDICA",AMB-4,,
2016-021319,29-03-2016,"04:10:08 a.m.","  JR. EL CORTIJO (JOSE NICOLAS RODRIGO) 393        SANTIAGO DE SURCO","EMERGENCIA MEDICA",AMB134-2,-12.097204802214,-76.9698792662189
2016-021318,29-03-2016,"04:06:24 a.m.","  AV. MIRAFLORES (28 DE JULIO) 639        MIRAFLORES","EMERGENCIA MEDICA",AMB-28,-12.1276500597404,-77.0277230928547
2016-021317,29-03-2016,"03:07:58 a.m.","  CL. LOS AMAUTAS 843        SAN JUAN DE LURIGANCHO","EMERGENCIA MEDICA",SAMU-121,-12.0258383050795,-76.99997957122
2016-021316,29-03-2016,"02:48:02 a.m.","  AV. FLORA TRISTAN SUR (COLECTORA) 286        LA MOLINA","EMERGENCIA MEDICA",MED-96,-12.0681282213436,-76.9432644529187
2016-021315,29-03-2016,"02:04:15 a.m.","  CL. PIZARRO 126        BELLAVISTA","EMERGENCIA MEDICA",MED-5,-12.0601488497943,-77.1327805989675
2016-021314,29-03-2016,"12:48:58 a.m.","1 enero             LURIGANCHO","EMERGENCIA MEDICA",MED-5,,
2016-021313,29-03-2016,"12:37:03 a.m.","AA.HH AMPLIACION B MZ 2            ","EMERGENCIA MEDICA",AMB-75,,
2016-021312,29-03-2016,"12:33:53 a.m.","  CL. CESAR VALLEJO 259        SAN MARTIN DE PORRES",INCENDIO,"AMB-21, CIST-13, CIST-V, CIST-XXIV, CIST25CD1, ELEC-11, M124-1, M14-1, M161-1, M168-1, M202-1, M21-1, M3-1, M60-1, M65-2, M8-1, M9-5, PC-14, RES-10, SAMU-10",,
