ID,FECHA,HORA,DIRECCION,TIPO,UNIDADES,"CORDENADAS (lat)","CORDENADAS (lng)"
2016-013158,24-02-2016,"11:59:21 p.m.","  CL. PURUCHUCO (15A) 131        LA MOLINA","EMERGENCIA MEDICA",AMB-138,-12.1109060748538,-76.9361048492002
2016-013157,24-02-2016,"11:56:03 p.m.","  AV. RICARDO BENTIN (GALAXIAS) 376        RIMAC","EMERGENCIA MEDICA",SAMU-10,-12.0307446287779,-77.0370533290404
2016-013156,24-02-2016,"11:55:07 p.m.","SERPENTIN PASAMAYO             ",INCENDIO,"AMB-163, AMB-44, M163-1, M44-1, M80-1",,
2016-013155,24-02-2016,"11:50:29 p.m.","  CL. IGNACIO MERINO (JULIO PORTAL) 117        BARRANCO","EMERGENCIA MEDICA",AMB-16,-12.1458687982193,-77.021387570179
2016-013154,24-02-2016,"11:48:23 p.m.","  JR. ENRIQUE ECHENIQUE 550        MAGDALENA DEL MAR","EMERGENCIA MEDICA",AMB-36,-12.0914112831841,-77.0750166172228
2016-013153,24-02-2016,"11:41:09 p.m.","B-21            ","EMERGENCIA MEDICA",AMB-21,,
2016-013152,24-02-2016,"11:37:01 p.m.","  CL. LEONARDO ARRIETA 1377       LIMA","EMERGENCIA MEDICA",AMB-14,-12.0539179063101,-77.0714087235037
2016-013151,24-02-2016,"11:32:53 p.m.","PJ. VILLA EL SALVADOR SECTOR 1 GRUPO 3 D LTE 13            VILLA EL SALVADOR","EMERGENCIA MEDICA",AMB-14,-12.1923837359145,-76.9435833294987
2016-013150,24-02-2016,"11:32:07 p.m.","CO. LAS PALMERAS MZ.G LT.2            ATE","EMERGENCIA MEDICA",SAMU-138,-12.0262030385767,-76.9306430535967
2016-013149,24-02-2016,"11:24:29 p.m.","AV. ALFREDO MENDIOLA (PANAMERICANA NORTE) 000        LOS OLIVOS","ACCIDENTE VEHICULAR","AMB-9, M150-3, RES-124",-11.955572790209,-77.0693145947103
2016-013148,24-02-2016,"11:23:50 p.m.","AV. PASEO DE LA REPUBLICA CRUCE CON AV. ANDRES ARAMBURU SAN ISIDRO            SAN ISIDRO","EMERGENCIA MEDICA",AMB-28,-12.1028270194742,-77.0275915797549
2016-013147,24-02-2016,"11:17:23 p.m.","AV. LAS FLORES DE PRIMAVERA (LAS FLORES) CRUCE CON CL. LAS ALCAPARRAS SAN JUAN DE LURIGANCHO            SAN JUAN DE LURIGANCHO","EMERGENCIA MEDICA",SAMU-121,-12.0177318806095,-77.0120365911188
2016-013146,24-02-2016,"11:11:50 p.m.","PANAMERICANA SUR KM 308 GRIFO PRIMAP            ICA","EMERGENCIA MEDICA",AMB-22,,
2016-013145,24-02-2016,"11:04:41 p.m.","  CL. 12 DE FEBRERO 244        CHORRILLOS","EMERGENCIA MEDICA",SAMU-6,-12.1759808472412,-77.0257015818938
2016-013144,24-02-2016,"10:57:11 p.m.","  CL. 23 CIUDAD SATELITE  000        VENTANILLA","EMERGENCIA MEDICA",SAMU-6,-11.8691963476046,-77.1152516868257
2016-013143,24-02-2016,"10:49:43 p.m.","  JR. SANTA ROSA 431        COMAS","EMERGENCIA MEDICA",AMB-65,-11.9438463083339,-77.0462066785661
2016-013142,24-02-2016,"10:46:52 p.m.","PJ. 13 DE OCTUBRE MZ I LT 6             SAN JUAN DE MIRAFLORES","EMERGENCIA MEDICA",SAMU-120,-12.1746481236021,-76.96759684512
2016-013141,24-02-2016,"10:46:09 p.m.",,"EMERGENCIA MEDICA",MED-96,-12.0107219070602,-76.8734655301092
2016-013140,24-02-2016,"10:43:42 p.m.","AV. BRASIL CRUCE CON AV. HUSARES DE JUNIN JESUS MARIA            JESUS MARIA","EMERGENCIA MEDICA",AMB-202,-12.0751494957381,-77.0536930362591
2016-013139,24-02-2016,"10:42:58 p.m.","  AV. PETIT THOUARS 400        LIMA","EMERGENCIA MEDICA",SAMU-4,-12.0689701409385,-77.0355597302866
2016-013138,24-02-2016,"10:34:06 p.m.","  PJ. LAS ESTRELLAS 177        RIMAC",RESCATE,M21-1,-12.028091780115,-77.0363196163961
2016-013137,24-02-2016,"10:26:28 p.m.","AV HUANDO             HUARAL","EMERGENCIA MEDICA",M21-1,,
2016-013136,24-02-2016,"10:17:59 p.m.","  AV. LIMA (BUENOS AIRES) 474        LA PERLA","EMERGENCIA MEDICA",AMB-7,-12.0688565952059,-77.1243465129926
2016-013135,24-02-2016,"10:16:49 p.m.","AV. SAN MARTIN  600        ICA","EMERGENCIA MEDICA",AMB-22,,
2016-013134,24-02-2016,"10:16:08 p.m.","  JR. HUANTAJAYA 195        CALLAO","EMERGENCIA MEDICA",MED-5,-12.0507412827632,-77.1010535957553
2016-013133,24-02-2016,"09:55:22 p.m.",,"EMERGENCIA MEDICA",SAMU-120,-12.1438239397963,-76.9884222131561
2016-013132,24-02-2016,"09:49:02 p.m.","  PJ. LOS HEROS 100        INDEPENDENCIA","EMERGENCIA MEDICA",AMB-65,-12.011244525868,-77.0491384008633
2016-013131,24-02-2016,"09:42:14 p.m.","UV. MIRONES CHALET 31 G I ETAPA             LIMA","EMERGENCIA MEDICA",AMB-60,-12.0512254125794,-77.070627011418
2016-013130,24-02-2016,"09:41:47 p.m.","  AV. MARISCAL RAMON CASTILLA 400        SANTIAGO DE SURCO","ACCIDENTE VEHICULAR","AMB-16, AMB134-2, M11-1, M28-1",-12.1337709119324,-77.01386674561
2016-013129,24-02-2016,"09:26:18 p.m.","AV. ROOSEVELT (REPUBLICA DE PANAMA) CRUCE CON AV. RICARDO PALMA MIRAFLORES            MIRAFLORES","EMERGENCIA MEDICA","AMB-16, AMB134-2, M11-1, M28-1",-12.1232072024008,-77.0182151195288
2016-013128,24-02-2016,"09:22:10 p.m.","  AV. LUIS BRAILLE 1200       LIMA","EMERGENCIA MEDICA","AMB-16, AMB134-2, M11-1, M28-1",-12.0504788789056,-77.0669703299216
2016-013127,24-02-2016,"09:17:50 p.m.","SAN ANTONIO             LURIGANCHO","EMERGENCIA MEDICA",AMB-32-2,,
2016-013126,24-02-2016,"09:16:16 p.m.","  JR. EMILIO SANDOVAL (RIO DE JANEIRO) 400        CHORRILLOS","EMERGENCIA MEDICA",SAMU-6,-12.1679228563007,-77.0214595337731
2016-013125,24-02-2016,"09:13:21 p.m.","  JR. ALFONSO DE SILVA (LOS GLADIOLOS) (FRANCISCO BELLVER Y LLOP) (H-2) 149        SANTIAGO DE SURCO","EMERGENCIA MEDICA",SAMU-6,,
2016-013124,24-02-2016,"09:11:46 p.m.","  JR. AREQUIPA (JORGE GUILLERMO LEGUIA) 380        MAGDALENA DEL MAR","EMERGENCIA MEDICA",AMB-14,-12.087067832069,-77.0716320678747
2016-013123,24-02-2016,"09:09:21 p.m.","  PJ. JOSE OLAYA 152        VILLA MARIA DEL TRIUNFO","EMERGENCIA MEDICA",AMB-14,-12.1834319614074,-76.9451461893382
2016-013122,24-02-2016,"09:06:31 p.m.","AH 1 DE DE JULIO 000        CALLAO","EMERGENCIA MEDICA",MED-5,-12.0387894986176,-77.1004660877341
2016-013121,24-02-2016,"09:01:20 p.m.","AV. VICENTE MORALES DUAREZ CRUCE CON AV. ALFONSO UGARTE LIMA            LIMA","EMERGENCIA MEDICA",SAMU-10,-12.039153946528,-77.0435603491629
2016-013120,24-02-2016,"08:57:47 p.m.","TAMBO DE MORA             CHINCHA ALTA",INCENDIO,M38-4,,
2016-013119,24-02-2016,"08:55:45 p.m.","CALLA JULIO C TELLO            ","SERVICIO ESPECIAL",AMB-129,,
2016-013118,24-02-2016,"08:54:01 p.m.",,INCENDIO,AMB-129,-12.0564923784887,-77.0543616313249
2016-013117,24-02-2016,"08:52:28 p.m.","  AV. SEPARADORA INDUSTRIAL (A) 4181       ATE","EMERGENCIA MEDICA",MED-96,-12.0452360841076,-76.9371292759533
2016-013116,24-02-2016,"08:48:05 p.m.","FUNDO LOS LIMONES            PACHACAMAC",INCENDIO,"M160-1, RES-160",,
2016-013115,24-02-2016,"08:45:29 p.m.","  JR. VICTOR ANDRES BELAUNDE 299        CARMEN DE LA LEGUA REYNOS",INCENDIO,"AMB-7, M60-5, M7-1, M9-1, MED-5",-12.0392078395236,-77.0900936143504
2016-013114,24-02-2016,"08:38:59 p.m.","  AV. GUILLERMO BILLINGHURST (NUEVE OESTE) 1100       SAN JUAN DE MIRAFLORES","EMERGENCIA MEDICA",AMB-120,-12.1635450546638,-76.9604604406517
2016-013113,24-02-2016,"08:37:57 p.m.","  AV. TUPAC AMARU 3300       CARABAYLLO","EMERGENCIA MEDICA",AMB-120,-11.8744298072163,-77.0158995950589
2016-013112,24-02-2016,"08:35:46 p.m.","CAMPO  DEPORTIVO  FONAVI             HUACHO",INCENDIO,M20-1,,
2016-013111,24-02-2016,"08:26:47 p.m.","  CL. LOS TALLADORES 111        ATE","EMERGENCIA MEDICA",AMB-138,-12.0625898251023,-76.9626445886745
2016-013110,24-02-2016,"08:20:17 p.m.","  CL. CIPRIANO NICANOR RIVAS (PARAGUAY) 375        CHORRILLOS","EMERGENCIA MEDICA",AMB-13,-12.1705992896331,-77.0266830242974
2016-013109,24-02-2016,"08:15:47 p.m.","  JR. JORGE CHAVEZ (LAGOS) 298        CARMEN DE LA LEGUA REYNOS","EMERGENCIA MEDICA",MED-5,-12.0397788589835,-77.0931255883084
2016-013108,24-02-2016,"08:06:49 p.m.","  AV. PERU 2200       SAN MARTIN DE PORRES","EMERGENCIA MEDICA",AMB-14,-12.0317068233618,-77.0694495748065
2016-013107,24-02-2016,"08:05:28 p.m.","  JR. TARAPACA (MANUEL GUIRIOR) 360        MAGDALENA DEL MAR","EMERGENCIA MEDICA",AMB-100,-12.0887243942751,-77.0670480545274
2016-013106,24-02-2016,"08:02:56 p.m.","AV. EL OLIVAR CRUCE CON AV. LOS DOMINICOS CALLAO            CALLAO","EMERGENCIA MEDICA",SAMU-168,-12.0169061337202,-77.0929611442957
2016-013105,24-02-2016,"07:59:44 p.m.","  CL. DIEZ CANSECO 100        SAN MARTIN DE PORRES","EMERGENCIA MEDICA",AMB-65,-12.0261221848803,-77.0484766490792
2016-013104,24-02-2016,"07:51:53 p.m.","  AV. AVIACION 1300       LA VICTORIA","EMERGENCIA MEDICA",SAMU-4,-12.0749223030107,-77.0112130605652
2016-013103,24-02-2016,"07:50:24 p.m.",,"EMERGENCIA MEDICA",AMB-7,-12.0599861164553,-77.1355513647293
2016-013102,24-02-2016,"07:47:07 p.m.","  AV. MIGUEL GRAU (BUENOS AIRES) 1200       CALLAO","EMERGENCIA MEDICA",MED-5,-12.0614207043576,-77.1349642945035
2016-013101,24-02-2016,"07:38:58 p.m.","  PR. HUAMANGA 700        LA VICTORIA","EMERGENCIA MEDICA",AMB-2,-12.0663783299403,-77.0198965741225
2016-013100,24-02-2016,"07:37:02 p.m.","  AV. ALFREDO BENAVIDES 264        MIRAFLORES",RESCATE,AMB-2,-12.1243251661835,-77.0311868862446
2016-013099,24-02-2016,"07:36:54 p.m.","  AV. MIRAFLORES (28 DE JULIO) 1011       MIRAFLORES","EMERGENCIA MEDICA",AMB-11,-12.1299969610801,-77.02197479131
2016-013098,24-02-2016,"07:36:53 p.m.","AV. MIRAFLORES (28 DE JULIO) CRUCE CON AV. ROOSEVELT (REPUBLICA DE PANAMA) MIRAFLORES            MIRAFLORES","EMERGENCIA MEDICA",AMB-28,-12.1303910816125,-77.017990818262
2016-013097,24-02-2016,"07:35:43 p.m.","  PR. HUAMANGA 800        LA VICTORIA","EMERGENCIA MEDICA",SAMU-10,-12.0678828286243,-77.0198850901815
2016-013096,24-02-2016,"07:34:26 p.m.","CL. LA APACHETA CRUCE CON AV. PIO XII SAN MIGUEL            SAN MIGUEL","EMERGENCIA MEDICA",AMB-60,-12.0643447886301,-77.1002376028705
2016-013095,24-02-2016,"07:31:16 p.m.",,"EMERGENCIA MEDICA",AMB-60,-11.9428243918849,-77.0622787487912
2016-013094,24-02-2016,"07:30:48 p.m.","COMERCIAL RESTAURANTE EL HORNERO            BARRANCO","EMERGENCIA MEDICA",AMB-16,-12.1532262083088,-77.0239603253028
2016-013093,24-02-2016,"07:30:13 p.m.","CORONEL INCLAN 665        MIRAFLORES","EMERGENCIA MEDICA",AMB-16,,
2016-013092,24-02-2016,"07:23:48 p.m.","  CL. FRANCISCO DE PAULA QUIROZ 126        COMAS","EMERGENCIA MEDICA",AMB-16,-11.9395493642864,-77.0616816598077
2016-013091,24-02-2016,"07:20:32 p.m.","AH. VILLA DALIAS A mz   b  lote  10             ATE","EMERGENCIA MEDICA",SAMU-138,-12.0416598398177,-76.9162409794496
2016-013090,24-02-2016,"07:15:08 p.m.","JR. AUGUSTO WIESE (CARABAYA) CRUCE CON AV. FRANKLIN ROOSEVELT LIMA            LIMA","EMERGENCIA MEDICA",AMB-202,-12.0556548354221,-77.0357217298169
2016-013089,24-02-2016,"07:11:43 p.m.","JR. CAMANA CRUCE CON AV. URUGUAY LIMA            LIMA","EMERGENCIA MEDICA",AMB-14,-12.0540965070818,-77.0374310700776
2016-013088,24-02-2016,"07:05:28 p.m.","  CL. CHONGOYAPE 258        SAN MIGUEL","EMERGENCIA MEDICA",AMB-7,-12.0739402645874,-77.1052936406838
2016-013087,24-02-2016,"07:01:44 p.m.","  CL. SANTA ANGELA (17) 300        SAN MARTIN DE PORRES","EMERGENCIA MEDICA",AMB-164,-11.9474747120927,-77.0883789472018
2016-013086,24-02-2016,"07:00:21 p.m.","  AV. CAQUETA ESTACION DE METROPOLITANO 000        RIMAC","EMERGENCIA MEDICA",AMB-65,-12.030697110504,-77.0440048361979
2016-013085,24-02-2016,"06:59:32 p.m.","MARISCAL   CASTILLA   CDRA.  2             HUACHO","EMERGENCIA MEDICA",AMB-20,,
2016-013084,24-02-2016,"06:54:58 p.m.","  JR. TACNA (PASCUAL DE VIVERO) 1150       MAGDALENA DEL MAR",RESCATE,RES-83,-12.0876263439077,-77.0700991089088
2016-013083,24-02-2016,"06:52:50 p.m.","  JR. AGUSTIN GAMARRA 789        LA VICTORIA","EMERGENCIA MEDICA",AMB-2,-12.0658593111598,-77.0133375936766
2016-013082,24-02-2016,"06:43:46 p.m.","JR. ALBERTO DEL CAMPO (FELIX DIBOS ) CRUCE CON AV. MIROQUESADA (JUAN DE ALIAGA) MAGDALENA DEL MAR            MAGDALENA DEL MAR","EMERGENCIA MEDICA",AMB-36,-12.0960468711541,-77.0596966261194
2016-013081,24-02-2016,"06:42:05 p.m.","CL. FRAY LUIS DE LEON CRUCE CON AV. SAN BORJA SUR (JUAN SEBASTIAN BACH) (FEDERICO CHOPIN) (GENER DE LA BARRA) SAN BORJA            SAN BORJA","EMERGENCIA MEDICA",AMB-28,-12.1001637543063,-76.9985665796582
2016-013080,24-02-2016,"06:40:01 p.m.","ALFONSO UGARTE  200        PUENTE PIEDRA",INCENDIO,M150-1,,
2016-013079,24-02-2016,"06:20:15 p.m.","  CL. SILLUSTANI 2424       SAN JUAN DE LURIGANCHO","EMERGENCIA MEDICA",SAMU-121,-12.0093791119769,-76.9797446602717
2016-013078,24-02-2016,"06:20:13 p.m.","  CL. SILLUSTANI   MANGO MARCA  ALTA   2416       SAN JUAN DE LURIGANCHO","EMERGENCIA MEDICA",SAMU-176,-12.0093791119769,-76.9797446602717
2016-013077,24-02-2016,"06:19:27 p.m.","CARRETERAS - PANAMERICANAS CARRETERA CENTRAL 10. 2            ATE",INCENDIO,"ESC-10, M11-1, M138-1, MED-96, RES-127",-12.017530882943,-76.8939401131096
2016-013076,24-02-2016,"06:12:28 p.m.","  AV. DEL SUR 285        SANTIAGO DE SURCO","EMERGENCIA MEDICA",AMB134-2,-12.1123121748638,-76.9817491197526
2016-013075,24-02-2016,"06:10:35 p.m.","JR. JOSE CARLOS MARIATEGUI CRUCE CON AV. MORALES DUAREZ CARMEN DE LA LEGUA REYNOSO            CARMEN DE LA LEGUA REYNOS","ACCIDENTE VEHICULAR",AMB134-2,-12.0382832185915,-77.0892811125608
2016-013074,24-02-2016,"06:10:19 p.m.","  AV. MORALES DUAREZ 800        CARMEN DE LA LEGUA REYNOS","ACCIDENTE VEHICULAR","AMB-60, M60-1, M9-1, MED-5",,
2016-013073,24-02-2016,"06:05:59 p.m.","  JR. WASHINGTON 1773       LIMA","EMERGENCIA MEDICA",AMB-14,-12.0624305037269,-77.038925814317
2016-013072,24-02-2016,"06:04:35 p.m.","  JR. COLON 782        CALLAO","EMERGENCIA MEDICA",MED-18,-12.0613477200799,-77.1375346005341
2016-013071,24-02-2016,"05:48:48 p.m.","AV. RAFAEL ESCARDO CRUCE CON AV. LA MARINA SAN MIGUEL            SAN MIGUEL","EMERGENCIA MEDICA",AMB-7,-12.0775269735786,-77.0934607400428
2016-013070,24-02-2016,"05:48:38 p.m.","  CL. PACHACUTEC COLLIQUE III ZONA  167        COMAS","EMERGENCIA MEDICA",SAMU-150,-11.9167142258566,-77.0279044997808
2016-013069,24-02-2016,"05:47:45 p.m.","CALLE   LOS  ROMANOS    LA  MAQUINA               ICA","ACCIDENTE VEHICULAR",AMB-22,,
2016-013068,24-02-2016,"05:45:22 p.m.","  JR. HUIRACOCHA 1800       JESUS MARIA","ACCIDENTE VEHICULAR",M202-1,-12.0809368685213,-77.0515901038577
2016-013067,24-02-2016,"05:38:48 p.m.","  AV. DE LOS CONSTRUCTORES (D) 800        LA MOLINA","ACCIDENTE VEHICULAR","M11-1, RES-127, SAMU-176",-12.0629912893314,-76.9501351008638
2016-013066,24-02-2016,"05:38:03 p.m.","CDRA  1 DE  GRAU             HUACHO","EMERGENCIA MEDICA",AMB-20,,
2016-013065,24-02-2016,"05:36:57 p.m.","  CL. MARISCAL ANTONIO JOSE DE SUCRE 600        VILLA MARIA DEL TRIUNFO","EMERGENCIA MEDICA",AMB-20,-12.1984795708054,-76.921620869882
2016-013064,24-02-2016,"05:35:53 p.m.","  JR. HUIRACOCHA 1800       JESUS MARIA","EMERGENCIA MEDICA",MED-36,-12.0809368685213,-77.0515901038577
2016-013063,24-02-2016,"05:33:39 p.m.","  JR. CAILLOMA 714        LIMA",INCENDIO,"AMB-14, M2-1, M3-1, RES-10",-12.4585179853571,-76.7532310217622
2016-013062,24-02-2016,"05:30:50 p.m.","AH. TUPAC AMARU DE VILLA D4  LT 19             CHORRILLOS","EMERGENCIA MEDICA",SAMU-120,-12.1954695092243,-76.9844500682829
2016-013061,24-02-2016,"05:10:10 p.m.","AV. VICTOR MALASQUEZ CRUCE CON AV. LOS NARANJOS PACHACAMAC            PACHACAMAC",INCENDIO,"M160-1, M169-1, MED-96, RES-96",-12.1028186234448,-76.8772854884391
2016-013060,24-02-2016,"05:04:51 p.m.","PASAJE UGALDE            HUACHO","EMERGENCIA MEDICA",AMB-20,,
2016-013059,24-02-2016,"04:58:30 p.m.",,"EMERGENCIA MEDICA",AMB-1,-12.0582292249155,-77.1429964221459
2016-013058,24-02-2016,"04:57:47 p.m.","  AV. SANTA CRUZ 200        SAN ISIDRO","ACCIDENTE VEHICULAR","AMB-28, M4-1",-12.1052618083113,-77.0329820431889
2016-013057,24-02-2016,"04:54:46 p.m.","  JR. SANTA CAROLINA 125        SAN MARTIN DE PORRES","EMERGENCIA MEDICA",SAMU-161,-12.0232932582855,-77.0599131114666
2016-013056,24-02-2016,"04:50:56 p.m.","  AV. ABANCAY 200        LIMA","EMERGENCIA MEDICA",SAMU-161,-12.0483233739663,-77.0268021831138
2016-013055,24-02-2016,"04:48:04 p.m.","AS. VILLA LIBERTAD DE MONTERRICO SUR D LOTE 22            SANTIAGO DE SURCO","EMERGENCIA MEDICA",AMB134-2,-12.0945299761868,-76.9632914103382
2016-013054,24-02-2016,"04:35:20 p.m.","AV. GRAU  677        BARRANCA","EMERGENCIA MEDICA",AMB134-2,,
2016-013053,24-02-2016,"04:34:44 p.m.","  AV. AVIACION 124        LA VICTORIA","EMERGENCIA MEDICA",SAMU-176,-12.0617294737198,-77.0126733104775
2016-013052,24-02-2016,"04:30:54 p.m.","  JR. ANTONIO OLIVERA (ICA)    ALTO   PERU   100        CHORRILLOS","EMERGENCIA MEDICA",SAMU-6,-12.168352336486,-77.0315225380898
2016-013051,24-02-2016,"04:26:16 p.m.","ENTRADA SANCHAJAYA            ICA","EMERGENCIA MEDICA",SAMU-6,,
2016-013050,24-02-2016,"04:23:54 p.m.","  CL. MANUEL N. VARGAS 430        RIMAC","EMERGENCIA MEDICA",SAMU-6,-12.0219898093497,-77.0294792141882
2016-013049,24-02-2016,"04:23:29 p.m.","AV. VICTOR MALASQUEZ CRUCE CON AV. MIGUEL GRAU PACHACAMAC            PACHACAMAC","ACCIDENTE VEHICULAR","M169-1, MED-96, RES-96",-12.1127094084242,-76.8736312537415
2016-013048,24-02-2016,"04:23:05 p.m.","  CL. ALEJANDRO DUMAS (11) W 5 VILLA VICTORIA 000        SURQUILLO","EMERGENCIA MEDICA",AMB-28,-12.1100148497921,-77.0127485669904
2016-013047,24-02-2016,"04:21:22 p.m.","  AV. ALBINO HERRERA  MZ. N-1   LOTE  10   COMITE  12 000        INDEPENDENCIA","EMERGENCIA MEDICA",AMB-28,-12.0100986931203,-77.0460182912564
2016-013046,24-02-2016,"04:17:48 p.m.","  CL. CASMA 149        LOS OLIVOS","EMERGENCIA MEDICA",AMB-9,-11.9981458772673,-77.0799137141458
2016-013045,24-02-2016,"04:15:41 p.m.","  JR. ANCASH 692        CALLAO","EMERGENCIA MEDICA",MED-18,-12.0657243563737,-77.1384637058284
2016-013044,24-02-2016,"04:03:02 p.m.","  AV. ABANCAY 1100       LIMA",RESCATE,RES-10,-12.0583809165833,-77.0300174160582
2016-013043,24-02-2016,"03:57:01 p.m.","HOSPITAL NAVAL            ","SERVICIO ESPECIAL",ESC-100,,
2016-013042,24-02-2016,"03:53:06 p.m.","PANAMERICANA SUR KM. 305             ","ACCIDENTE VEHICULAR",AMB-22,,
2016-013041,24-02-2016,"03:49:54 p.m.","  PR. LUCANAS (PARINACOCHAS) 886        LA VICTORIA","EMERGENCIA MEDICA",SAMU-4,-12.0676973127855,-77.0181285783274
2016-013040,24-02-2016,"03:45:40 p.m.",,"EMERGENCIA MEDICA",SAMU-14,-12.058096662854,-77.0395568225529
2016-013039,24-02-2016,"03:39:42 p.m.","CARRETERAS - PANAMERICANAS ANTIGUA PANAMERICANA SUR 36.85            LURIN","EMERGENCIA MEDICA",AMB-129,-12.2789426356752,-76.868549723159
2016-013038,24-02-2016,"03:34:03 p.m.",,"EMERGENCIA MEDICA",AMB-14,-12.0580510007168,-77.0403011079186
2016-013037,24-02-2016,"03:29:06 p.m.","UV DEL RIMAC   BLOC  41  DTO  207             RIMAC","EMERGENCIA MEDICA",SAMU-21,-12.0307117601332,-77.0342416007311
2016-013036,24-02-2016,"03:27:05 p.m.","HOSPITAL MONGRUT            CALLAO","EMERGENCIA MEDICA",AMB-60,,
2016-013035,24-02-2016,"03:23:41 p.m.","  AV. PASEO DE LA REPUBLICA 3500       SAN ISIDRO","EMERGENCIA MEDICA",AMB-11,-12.0997668704778,-77.0267416840796
2016-013034,24-02-2016,"03:16:36 p.m.","  AV. FRANCISCO PIZARRO 517        RIMAC","EMERGENCIA MEDICA",SAMU-10,-12.0373910404306,-77.033980752183
2016-013033,24-02-2016,"03:15:50 p.m.","PARQUE OLAVEGOYA            PUEBLO LIBRE","EMERGENCIA MEDICA",MED-36,,
2016-013032,24-02-2016,"03:12:57 p.m.","  CL. VALDEAVELLANO 345        LIMA","EMERGENCIA MEDICA","AMB-14, M36-1",-12.0634202383466,-77.062713716015
2016-013031,24-02-2016,"03:11:15 p.m.","  CL. VALDEAVELLANO 348        LIMA","EMERGENCIA MEDICA","AMB-14, RES-3",-12.0634202383466,-77.062713716015
2016-013030,24-02-2016,"03:07:34 p.m.","AV. TUPAC AMARU (GERARDO UNGER) CRUCE CON AV. NARANJAL INDEPENDENCIA            ",INCENDIO,"AMB-9, M150-3, M168-1, RES-124",-11.9768305165061,-77.0601558686745
2016-013029,24-02-2016,"03:01:57 p.m.","  AV. GENERAL TRINIDAD MORAN 977        LINCE",INCENDIO,"M202-1, MATPEL-4",-12.0901659309592,-77.0411776488625
2016-013028,24-02-2016,"02:59:17 p.m.","  AV. SEBASTIAN LORENTE 300        LIMA",INCENDIO,"AMB-8, M2-1, M21-1, RES-10",-12.0456166840115,-77.0123741784803
2016-013027,24-02-2016,"02:55:08 p.m.","  JR. LIBERTAD    MZ.   A   LOTE  12  100        LA PERLA","EMERGENCIA MEDICA",AMB-7,-12.0720803840299,-77.1162721475442
2016-013026,24-02-2016,"02:48:14 p.m.","  AV. LOS CONQUISTADORES 145        SAN ISIDRO","EMERGENCIA MEDICA",AMB-7,,
2016-013025,24-02-2016,"02:45:07 p.m.","  AV. JORGE BASADRE (ORRANTIA) 900        SAN ISIDRO","EMERGENCIA MEDICA","AMB-36, M4-1, MATPEL-4",-12.095313246004,-77.0412740681174
2016-013024,24-02-2016,"02:44:20 p.m.","  JR. ICA 3079       SAN MARTIN DE PORRES","EMERGENCIA MEDICA",AMB-65,-12.0321800052122,-77.0793753798942
2016-013023,24-02-2016,"02:43:50 p.m.","  AV. LAS FLORES DE PRIMAVERA (LAS FLORES)  PARADERO  12     800        SAN JUAN DE LURIGANCHO","EMERGENCIA MEDICA",SAMU-176,-12.0149428091155,-77.0118585449801
2016-013022,24-02-2016,"02:40:21 p.m.","AH. BAYOVAR SECTOR II             SAN JUAN DE LURIGANCHO","MATERIALES PELIGROSOS (INCIDENTE)","AMB-121, M3-1",-11.9543820600033,-76.9923952949454
2016-013021,24-02-2016,"02:39:25 p.m.","PJ. VILLA EL SALVADOR SECTOR 3 GRUPO 12 MAZ K LOTE 20             VILLA EL SALVADOR","EMERGENCIA MEDICA",SAMU-105,-12.2250272517323,-76.9269663781288
2016-013020,24-02-2016,"02:38:40 p.m.","  JR. BARTOLOME HERRERA 770        LINCE","EMERGENCIA MEDICA","AMB-202, MED-202",-12.0805953618633,-77.0290895881131
2016-013019,24-02-2016,"02:35:14 p.m.","PLAYA  DE  CHORRILLOS              HUACHO","EMERGENCIA MEDICA","AMB-202, MED-202",,
2016-013018,24-02-2016,"02:32:42 p.m.","AV CUTERVO  300        ICA","EMERGENCIA MEDICA",AMB-22,,
2016-013017,24-02-2016,"02:25:58 p.m.","  AV. 2 DE MAYO 300        CALLAO","EMERGENCIA MEDICA",MED-18,-12.0580616357624,-77.1427696983437
2016-013016,24-02-2016,"02:19:42 p.m.","UR. EL ALAMO C            COMAS","EMERGENCIA MEDICA",MED-18,-11.9351135395936,-77.066517934352
2016-013015,24-02-2016,"02:07:28 p.m.","  CL. LOS CONDORES 383        BELLAVISTA","EMERGENCIA MEDICA",AMB-60,-12.0576577573342,-77.0944045187345
2016-013014,24-02-2016,"02:00:20 p.m.","  JR. MARCAHUASI (LOS SINCHIS) 740        SAN JUAN DE LURIGANCHO","EMERGENCIA MEDICA",AMB-60,-12.0104872948025,-76.9830865926854
2016-013013,24-02-2016,"01:59:07 p.m.","AV. CANTA CALLAO (PLAN VIAL) CRUCE CON PR. ALEJANDRO BERTELLO CALLAO            CALLAO","EMERGENCIA MEDICA",AMB-9,-11.9970661191126,-77.1124976869998
2016-013012,24-02-2016,"01:50:01 p.m.","PANAMERICANA SUR KM 89.5            MALA","EMERGENCIA MEDICA",AMB-9,,
2016-013011,24-02-2016,"01:49:33 p.m.","CL JAZMIN  600        ","EMERGENCIA MEDICA",AMB-157,,
2016-013010,24-02-2016,"01:47:10 p.m.","URB BENJAMIN DOING            ","EMERGENCIA MEDICA",AMB-157,,
2016-013009,24-02-2016,"01:46:57 p.m.","  CL. LOS CIPRESES ESQ AV MATELLINI  000        CHORRILLOS","EMERGENCIA MEDICA",AMB-157,-12.1743408428477,-77.0037210302705
2016-013008,24-02-2016,"01:35:53 p.m.","  JR. LAMPA 580        LIMA","EMERGENCIA MEDICA",AMB-14,-12.048793164175,-77.0303792526697
2016-013007,24-02-2016,"01:34:44 p.m.","  JR. BARCELONA 123        LINCE","EMERGENCIA MEDICA",AMB-202,-12.0914647807571,-77.0471177441302
2016-013006,24-02-2016,"01:31:53 p.m.","AV RETES ALT RESTAURANTE HUARNY            HUARAL","EMERGENCIA MEDICA",AMB-44,,
2016-013005,24-02-2016,"01:23:32 p.m.","  JR. PUNO 434        CALLAO","EMERGENCIA MEDICA",MED-18,-12.0566546926751,-77.1389714817975
2016-013004,24-02-2016,"01:20:00 p.m.","  JR. WASHINGTON 1360       LIMA","EMERGENCIA MEDICA",SAMU-10,-12.0569841149619,-77.039323033839
2016-013003,24-02-2016,"01:11:13 p.m.","PR. CAMINO REAL CRUCE CON AV. JUAN E. PAZOS SANTIAGO DE SURCO            SANTIAGO DE SURCO","EMERGENCIA MEDICA",AMB-16,-12.1520300214549,-77.01296267183
2016-013002,24-02-2016,"01:08:59 p.m.","JR TARMA 301            LIMA","EMERGENCIA MEDICA",AMB-4,,
2016-013001,24-02-2016,"01:02:16 p.m.","JR. PUNO CRUCE CON JR. HUANTA LIMA            LIMA","EMERGENCIA MEDICA",AMB-8,-12.0551351465142,-77.0235676114851
2016-013000,24-02-2016,"01:00:42 p.m.","UR. CIUDAD DE PAPEL PSJ JUAN MASIAS 162             SAN MIGUEL","EMERGENCIA MEDICA",AMB-7,-12.0825173336489,-77.1018777087567
2016-012999,24-02-2016,"12:57:54 p.m.","  CL. OTORONGO (CORONGO) 281        SAN MIGUEL","EMERGENCIA MEDICA",AMB-60,-12.0708498674716,-77.097017092223
2016-012998,24-02-2016,"12:56:53 p.m.",,"EMERGENCIA MEDICA",AMB-60,-12.0722446076139,-77.1647296459225
2016-012997,24-02-2016,"12:50:58 p.m.","  CL. JOSE GALVEZ 371        ","EMERGENCIA MEDICA",AMB-65,-11.9902483610123,-77.0473151305279
2016-012996,24-02-2016,"12:42:04 p.m.","  JR. PEDRO RUIZ GALLO 128        CALLAO","EMERGENCIA MEDICA",MED-18,-12.0619866577166,-77.1455734606455
2016-012995,24-02-2016,"12:42:02 p.m.",,INCENDIO,"AMB-115, M127-1, M169-1",-11.989835967766,-76.8200207061979
2016-012994,24-02-2016,"12:36:54 p.m.","  AV. PERU 3800       SAN MARTIN DE PORRES","EMERGENCIA MEDICA",AMB-65,-12.0305968456316,-77.0900100868046
2016-012993,24-02-2016,"12:35:13 p.m.","  AV. VIA DE EVITAMIENTO 000        SANTA ANITA","EMERGENCIA MEDICA",SAMU-138,-12.0541798691607,-76.9750513011257
2016-012992,24-02-2016,"12:34:02 p.m.","  PJ. A. TOBAR (GIL DE TABOADA) 190        MAGDALENA DEL MAR","EMERGENCIA MEDICA",AMB-36,-12.0868142994187,-77.0645805503295
2016-012991,24-02-2016,"12:32:43 p.m.","  CL. PEDRO GAREZON 358        ","EMERGENCIA MEDICA",SAMU-21,-12.0421874720738,-76.984783339932
2016-012990,24-02-2016,"12:28:52 p.m.","PANAMERICANA SUR  KM 310            ",INCENDIO,M22-1,,
2016-012989,24-02-2016,"12:27:32 p.m.","UR. VILLA SAN ROQUE MAZ M LOTE 3            LOS OLIVOS","EMERGENCIA MEDICA",AMB-9,-11.959418914857,-77.0784030214234
2016-012988,24-02-2016,"12:25:03 p.m.",,"EMERGENCIA MEDICA",AMB-60,-12.055357909485,-77.0810146223206
2016-012987,24-02-2016,"12:15:44 p.m.","AV. ALFREDO MENDIOLA (PANAMERICANA NORTE) CRUCE CON AV. LOS PROCERES (EULOGIO FERNANDINI) LOS OLIVOS            LOS OLIVOS","EMERGENCIA MEDICA",AMB-60,-11.9375661973267,-77.0721663084035
2016-012986,24-02-2016,"12:15:43 p.m.","ESPERANZA ALTA KM 8            HUARAL","EMERGENCIA MEDICA",AMB-44,,
2016-012985,24-02-2016,"12:15:29 p.m.","ESSALUD HUACHO            ","EMERGENCIA MEDICA",AMB-73,,
2016-012984,24-02-2016,"12:12:31 p.m.","  AV. HEROES DEL CENEPA OESTE (BAYOVAR) 000        SAN JUAN DE LURIGANCHO","EMERGENCIA MEDICA",SAMU-121,-11.9580449327771,-76.9882479965809
2016-012983,24-02-2016,"12:11:31 p.m.","AH ALEX KOURI PASANDO LAS 3 CURVAS             VENTANILLA",INCENDIO,M75-1,,
2016-012982,24-02-2016,"11:54:25 a.m.","PANAMERICANA NORTE ALT MERCADO HUAMANTANGA             PUENTE PIEDRA","EMERGENCIA MEDICA",SAMU-150,,
2016-012981,24-02-2016,"11:51:57 a.m.","JR CONDORES 383 URB SAN JOAQUIN            BELLAVISTA","EMERGENCIA MEDICA",AMB-60,,
2016-012980,24-02-2016,"11:49:40 a.m.","AV. PACASMAYO CRUCE CON AV. TOMAS VALLE CALLAO            CALLAO","EMERGENCIA MEDICA",AMB-60,-12.0168456385813,-77.0984850942475
2016-012979,24-02-2016,"11:49:22 a.m.","  CL. MANUEL GONZALEZ PRADA 355        MIRAFLORES",RESCATE,AMB-60,,
2016-012978,24-02-2016,"11:44:41 a.m.","  JR. HUMBOLDT 700        LA VICTORIA","EMERGENCIA MEDICA",SAMU-10,-12.0652778547823,-77.02408708482
2016-012977,24-02-2016,"11:40:01 a.m.","AS. MONTERREY G LOTE 20            CALLAO","EMERGENCIA MEDICA",AMB-9,-12.0069863696863,-77.0949569665431
2016-012976,24-02-2016,"11:35:44 a.m.","CARRETERAS - PANAMERICANAS CARRETERA CENTRAL 12            ATE","EMERGENCIA MEDICA",SAMU-138,-12.0117525366435,-76.8764780427637
2016-012975,24-02-2016,"11:35:26 a.m.","  CL. MARISCAL LUZURIAGA 200        JESUS MARIA","EMERGENCIA MEDICA",AMB-202,-12.0743091133237,-77.0506762214753
2016-012974,24-02-2016,"11:31:39 a.m.","  JR. AGUSTIN GAMARRA 959        LA VICTORIA","EMERGENCIA MEDICA",SAMU-4,-12.0674153236921,-77.0131260542409
2016-012973,24-02-2016,"11:29:17 a.m.","  JR. JUSTO PASTOR DAVILA 228        CHORRILLOS","EMERGENCIA MEDICA",SAMU-6,-12.1691358457295,-77.0201375509506
2016-012972,24-02-2016,"11:22:40 a.m.","CARRETERAS - PANAMERICANAS CARRETERA CENTRAL 5            ","EMERGENCIA MEDICA","M169-1, SAMU-138",-12.0390801466248,-76.9325702065568
2016-012971,24-02-2016,"11:16:04 a.m.","  JR. ANDAHUAYLAS 700        LIMA","EMERGENCIA MEDICA",AMB-8,-12.0521957562287,-77.026354221388
2016-012970,24-02-2016,"11:09:56 a.m.","  CL. HIPOLITO UNANUE 365        CALLAO","EMERGENCIA MEDICA",AMB-60,-12.049762226113,-77.0934180534172
2016-012969,24-02-2016,"11:04:38 a.m.","  JR. GUADALUPE 797        EL AGUSTINO","EMERGENCIA MEDICA",SAMU-10,-12.0516385848286,-77.0055919153361
2016-012968,24-02-2016,"11:02:45 a.m.","HOSP.  MARIA  AUXILIADORA             VILLA EL SALVADOR","EMERGENCIA MEDICA",AMB-155,,
2016-012967,24-02-2016,"11:00:31 a.m.","  AV. PERU (JUAN PABLO FERNANDINI) 1439       PUEBLO LIBRE","EMERGENCIA MEDICA","M36-1, MED-36",-12.0727796201415,-77.0536204157037
2016-012966,24-02-2016,"10:57:58 a.m.","  CL. TARAPACA 247        LA PUNTA","EMERGENCIA MEDICA",MED-34,-12.0732193608269,-77.1626401221099
2016-012965,24-02-2016,"10:49:56 a.m.","  CL. LOS AMAUTAS 1007       SAN JUAN DE LURIGANCHO","EMERGENCIA MEDICA",SAMU-21,-12.025027075683,-76.9956568251669
2016-012964,24-02-2016,"10:41:32 a.m.","ASOCIACION DE VIVIENDA SAUCE GRANDE             ","EMERGENCIA MEDICA",AMB-32,,
2016-012963,24-02-2016,"10:40:08 a.m.","PR. CUSI COYLLUR 431        SAN JUAN DE LURIGANCHO","EMERGENCIA MEDICA",SAMU-121,-12.0227138418012,-76.9834941103601
2016-012962,24-02-2016,"10:31:45 a.m.","B - 65            ","EMERGENCIA MEDICA",AMB-65,,
2016-012961,24-02-2016,"10:28:26 a.m.","  CL. CONDESA DE LEMOS 117        SAN MIGUEL",INCENDIO,"M36-1, M83-1, SAMU-83",-12.0827768822573,-77.0726980911367
2016-012960,24-02-2016,"10:27:44 a.m.","PANAMERICANA NORTE KM 152  VEGUETA            HUACHO",INCENDIO,M20-1,,
2016-012959,24-02-2016,"10:27:41 a.m.","  AV. SEBASTIAN UGARTE Y MOSCOSO (LUIS MANNARELLI) 496        SAN ISIDRO","EMERGENCIA MEDICA","AMB-14, AMB-36",-12.0960779356855,-77.0560592144765
2016-012958,24-02-2016,"10:24:10 a.m.","JR GRAU 677 10.31 CLINICA STELLA MARRIS             PUEBLO LIBRE","EMERGENCIA MEDICA",AMB-16,,
2016-012957,24-02-2016,"10:04:24 a.m.","  JR. SANTIAGO ANTUNEZ DE MAYOLO MZ B LOTE 65  100        LA MOLINA","EMERGENCIA MEDICA",MED-96,-12.0732642607394,-76.9452728021846
2016-012956,24-02-2016,"09:50:12 a.m.","  PJ. JULIO MONTESINOS VALVERDE MZ W LOTE 17  000        SANTIAGO DE SURCO","EMERGENCIA MEDICA",SAMU-120,-12.1649219458338,-76.9873116040656
2016-012955,24-02-2016,"09:47:35 a.m.","MC. PARDO            LA PUNTA","EMERGENCIA MEDICA",MED-34,,
2016-012954,24-02-2016,"09:45:54 a.m.","  AV. AREQUIPA 300        LIMA","EMERGENCIA MEDICA",AMB-14,-12.0676761864172,-77.0368576565294
2016-012953,24-02-2016,"09:43:53 a.m.","SANTOS CHOCANOO CDRA 200 VIA PUBLICA            BELLAVISTA","EMERGENCIA MEDICA",AMB-14,,
2016-012952,24-02-2016,"09:37:59 a.m.","  JR. BELGICA 976        LA VICTORIA","EMERGENCIA MEDICA",AMB-8,-12.0724593401725,-77.0203066035261
2016-012951,24-02-2016,"09:35:54 a.m.","  AV. CAMINOS DEL INCA 3029       SANTIAGO DE SURCO","EMERGENCIA MEDICA",SAMU-134,-12.1414295206794,-76.9848729538454
2016-012950,24-02-2016,"09:35:43 a.m.","VALERA 116        BARRANCO","EMERGENCIA MEDICA",SAMU-16,-12.1493177413397,-77.0185641683785
2016-012949,24-02-2016,"09:35:07 a.m.","  AV. SANTA CRUZ (ELIAS RENAN) 843        MIRAFLORES","EMERGENCIA MEDICA",AMB-202,-12.1109242969957,-77.0374450925843
2016-012948,24-02-2016,"09:31:18 a.m.","  AV. JAVIER PRADO ESTE 3745       SAN BORJA","EMERGENCIA MEDICA",AMB-11,-12.0865737928566,-76.9840780755352
2016-012947,24-02-2016,"09:19:52 a.m.","  CL. JOSE SANTOS CHOCANO 240        BELLAVISTA","EMERGENCIA MEDICA",AMB-60,-12.0543642641792,-77.088147359502
2016-012946,24-02-2016,"09:17:44 a.m.","AV COLONIAL ESQ VILLEGAS             CALLAO","ACCIDENTE VEHICULAR",AMB-60,,
2016-012945,24-02-2016,"09:13:51 a.m.","  AV. LAS FLORES DE PRIMAVERA (LAS FLORES) 1000       SAN JUAN DE LURIGANCHO","EMERGENCIA MEDICA",SAMU-121,-12.0120062520743,-77.0114746967762
2016-012944,24-02-2016,"09:11:53 a.m.",,INCENDIO,M20-1,,
2016-012943,24-02-2016,"09:03:03 a.m.","  AV. DEL AIRE (ELEUTERIO VENTURO HUAMAN) 1540       SAN LUIS","EMERGENCIA MEDICA",AMB-8,-12.0753106684526,-76.9931241089255
2016-012942,24-02-2016,"09:01:21 a.m.","XXX            LA PUNTA","EMERGENCIA MEDICA",MED-34,,
2016-012941,24-02-2016,"09:00:45 a.m.","BANCO DE LA NACION             CHACLACAYO","EMERGENCIA MEDICA",AMB-115,,
2016-012940,24-02-2016,"08:46:19 a.m.","COLON            ","EMERGENCIA MEDICA",AMB-115,,
2016-012939,24-02-2016,"08:44:10 a.m.","AV. GUARDIA CIVIL (ANTONIO VARGAS) (CONDORES) CRUCE CON AV. ALIPIO PONCE CHORRILLOS            CHORRILLOS","EMERGENCIA MEDICA",SAMU-120,-12.1741268107517,-76.9929365168713
2016-012938,24-02-2016,"08:42:00 a.m.","  CL. PIO SAROBE 164        RIMAC","EMERGENCIA MEDICA",SAMU-21,-12.0313225938383,-77.0238810056513
2016-012937,24-02-2016,"08:40:30 a.m.","  AL. DEL CORREGIDOR 700        LA MOLINA","EMERGENCIA MEDICA",SAMU-127,-12.0875498115507,-76.955778431183
2016-012936,24-02-2016,"08:32:14 a.m.","  JR. JOSE GALVEZ (JOSE R. VALENCIA) 500        MAGDALENA DEL MAR","EMERGENCIA MEDICA",SAMU-83,-12.090551348922,-77.0727130894486
2016-012935,24-02-2016,"08:31:38 a.m.","  AV. URUGUAY 350        LIMA","EMERGENCIA MEDICA",SAMU-14,-12.0542173110975,-77.038729654244
2016-012934,24-02-2016,"08:28:28 a.m.","  AV. ASTURIAS (E) 568        ATE","EMERGENCIA MEDICA",MED-96,-12.0537688915639,-76.9393169080905
2016-012933,24-02-2016,"08:26:31 a.m.","  JR. DOMINGO ORUE (CALLEJON BARBONCITO) 300        SURQUILLO","EMERGENCIA MEDICA",MED-96,-12.1077313127919,-77.0237995902751
2016-012932,24-02-2016,"08:25:38 a.m.","  PJ. HERNAN VELARDE 113        LIMA","EMERGENCIA MEDICA",AMB-14,-12.0648025009447,-77.0352861812921
2016-012931,24-02-2016,"08:18:43 a.m.","  AV. COLONIAL (OSCAR R. BENAVIDES) 2600       CALLAO","EMERGENCIA MEDICA",AMB-14,-12.057352929569,-77.1170432139243
2016-012930,24-02-2016,"08:15:13 a.m.","PR. TACNA CRUCE CON JR. VIRU RIMAC            RIMAC","EMERGENCIA MEDICA",SAMU-21,-12.0397343553576,-77.0330476316916
2016-012929,24-02-2016,"08:13:39 a.m.","  AV. MANUEL DEL VALLE maz d lote 19 000        PACHACAMAC","EMERGENCIA MEDICA",AMB-129,-12.228822450533,-76.8629342377814
2016-012928,24-02-2016,"08:11:15 a.m.","AS. SANTA ROSA ALTA C1 lote 15            PUNTA NEGRA","EMERGENCIA MEDICA",AMB-134,-12.375997715794,-76.7873779418128
2016-012927,24-02-2016,"08:02:31 a.m.","  PJ. INDEPENDIENTE 359        SAN MARTIN DE PORRES","EMERGENCIA MEDICA",SAMU-161,-12.0327638608985,-77.0574425297177
2016-012926,24-02-2016,"07:58:20 a.m.","  JR. PUNO 434        CALLAO","EMERGENCIA MEDICA",SAMU-161,,
2016-012925,24-02-2016,"07:55:12 a.m.","JAZMINES 3ERA ETAPA MZ I LOTE 27             ","SERVICIO ESPECIAL",SAMU-161,,
2016-012924,24-02-2016,"07:46:15 a.m.","  CL. EL PASEO (E) 171        LA MOLINA","EMERGENCIA MEDICA",SAMU-161,-12.0990122937727,-76.9454311155429
2016-012923,24-02-2016,"07:42:18 a.m.","CL. PIMENTEL 400        COMAS","MATERIALES PELIGROSOS (INCIDENTE)","AMB-164, M164-1",-11.9048450929239,-77.0401853286839
2016-012922,24-02-2016,"07:33:44 a.m.","AV. ELMER FAUCETT 000        CALLAO","EMERGENCIA MEDICA",AMB-9,-12.024060810504,-77.1049378001731
2016-012921,24-02-2016,"07:27:10 a.m.","CL. EL CORTIJO ESQ  EL PALMAR  100        ATE","EMERGENCIA MEDICA",AMB-8,-12.0793142718962,-76.9808726155907
2016-012920,24-02-2016,"07:22:17 a.m.","AV. TUPAC AMARU (GERARDO UNGER) CRUCE CON AV. LOS ALISOS INDEPENDENCIA            INDEPENDENCIA","EMERGENCIA MEDICA",SAMU-168,-11.9830794343959,-77.0588356232395
2016-012919,24-02-2016,"07:10:25 a.m.","AV. 28 DEJULIO CRUCE CON AV. PETIT THOUARS LIMA            LIMA","EMERGENCIA MEDICA",AMB-14,-12.0642265230955,-77.0363055589797
2016-012918,24-02-2016,"06:55:10 a.m.","CARRETERAS - PANAMERICANAS CARRETERA CENTRAL 11            ATE","ACCIDENTE VEHICULAR","AMB-115, M138-1, RES-127",-12.0146478251639,-76.8852089692402
2016-012917,24-02-2016,"06:09:30 a.m.","SAN JUAN DE LURIGANCHO            ","EMERGENCIA MEDICA",AMB-83,,
2016-012916,24-02-2016,"05:43:01 a.m.","  AV. TUPAC AMARU c/c TOMAS VALLE 1600       SAN MARTIN DE PORRES","EMERGENCIA MEDICA",SAMU-168,-12.0086914105472,-77.0537047451354
2016-012915,24-02-2016,"05:12:06 a.m.","  CL. SALCEDO 285        BELLAVISTA","EMERGENCIA MEDICA",AMB-60,-12.05491628654,-77.0919889169171
2016-012914,24-02-2016,"04:55:42 a.m.","  JR. MARCONA (16) 310        SANTIAGO DE SURCO","EMERGENCIA MEDICA",AMB-11,-12.1207689155189,-76.9920215118247
2016-012913,24-02-2016,"04:36:52 a.m.","  CL. LUIS PARDO (10) 135        INDEPENDENCIA","EMERGENCIA MEDICA",SAMU-168,-11.9765483780646,-77.0498118067697
2016-012912,24-02-2016,"04:28:18 a.m.","  CL. SANTA MONICA 100        COMAS","EMERGENCIA MEDICA",AMB124-2,-11.9474851583491,-77.0676541451101
2016-012911,24-02-2016,"03:03:18 a.m.",,"EMERGENCIA MEDICA",AMB124-2,,
2016-012910,24-02-2016,"02:28:36 a.m.","  PJ. FEDERICO VILLARREAL 170        LOS OLIVOS","EMERGENCIA MEDICA",SAMU-168,-11.9823055681946,-77.070932643772
2016-012909,24-02-2016,"01:58:46 a.m.","PR. CANGALLO CRUCE CON AV. 28 DE JULIO LA VICTORIA            LA VICTORIA","EMERGENCIA MEDICA",AMB-8,-12.0620238206052,-77.0212395635485
2016-012908,24-02-2016,"01:53:06 a.m.","  AV. TUPAC AMARU 3212       COMAS","EMERGENCIA MEDICA",AMB124-2,-11.9389607162533,-77.0501440617412
2016-012907,24-02-2016,"01:41:10 a.m.","AS. FUERZAS POLICIALES DEL PERU D  lt 30            ATE","EMERGENCIA MEDICA",SAMU-138,-12.0221730947547,-76.913873736117
2016-012906,24-02-2016,"01:32:59 a.m.",,"EMERGENCIA MEDICA",AMB-11,-12.1233972087132,-77.0024494399325
2016-012905,24-02-2016,"01:17:54 a.m.","  AV. TENIENTE FELIPE ARANCIBIA (TARAPACA) 200        RIMAC","EMERGENCIA MEDICA",AMB-21,-12.0322903071574,-77.0374586027482
2016-012904,24-02-2016,"01:05:48 a.m.","  CL. HATUN COLLA 1725       SAN JUAN DE LURIGANCHO","EMERGENCIA MEDICA",AMB-21,-12.0183962818995,-76.98458055487
2016-012903,24-02-2016,"12:41:38 a.m.","  CL. AMADEO VIVES 140        SAN BORJA","EMERGENCIA MEDICA",AMB-11,-12.1068188408015,-76.9935440487652
2016-012902,24-02-2016,"12:38:10 a.m.","  AL. SAN LORENZO (B) 333        CHORRILLOS","EMERGENCIA MEDICA",AMB-13,-12.2002913043449,-77.0109710223294
2016-012901,24-02-2016,"12:36:16 a.m.","AH. PAMPAS DE SAN JUAN SECTOR EL UNIVERSO G            SAN JUAN DE MIRAFLORES","EMERGENCIA MEDICA",AMB-106,-12.1856831899476,-76.9588331929672
2016-012900,24-02-2016,"12:18:31 a.m.","  AV. MARCELINO CASTRO GAMBOA (SAN JUAN) 000        SAN JUAN DE MIRAFLORES","EMERGENCIA MEDICA",AMB-120,-12.1334054838645,-76.9571386106001
2016-012899,24-02-2016,"12:11:12 a.m.","  CL. ERNESTO AVILA  PEDREGAL 260        SAN MARTIN DE PORRES","EMERGENCIA MEDICA",SAMU-10,-12.035090306513,-77.0530451109573
