ID,FECHA,HORA,DIRECCION,TIPO,UNIDADES,"CORDENADAS (lat)","CORDENADAS (lng)"
2016-006816,30-01-2016,"11:59:52 p.m.","ESTADIO MUNICIPAL DE MARCONA            MARCONA","SERVICIO ESPECIAL",MED-152,,
2016-006815,30-01-2016,"11:52:00 p.m.","  AV. ALMIRANTE MIGUEL GRAU 664        LA PUNTA","EMERGENCIA MEDICA",MED-34,-12.0703518360887,-77.1604581248654
2016-006814,30-01-2016,"11:47:58 p.m.","  CL. RIO MANTARO (E) 000        LA MOLINA",INCENDIO,"M127-1, RES-127, RES-96",-12.1023907087863,-76.9441023769892
2016-006813,30-01-2016,"11:47:19 p.m.","  AV. CIRCUNVALACION (VIA DE EVITAMIENTO) 000        EL AGUSTINO","EMERGENCIA MEDICA",SAMU-10,-12.0362176467128,-77.0116859699557
2016-006812,30-01-2016,"11:32:25 p.m.","  CL. LAS BELLOTITAS (3) (39) 1117       SAN JUAN DE LURIGANCHO","EMERGENCIA MEDICA",AMB-2,-12.0095546094656,-77.0069394766165
2016-006811,30-01-2016,"11:30:45 p.m.",,"EMERGENCIA MEDICA",AMB-161,-11.9719873268827,-77.072574574177
2016-006810,30-01-2016,"11:25:16 p.m.","  JR. ALICANTE 130        SAN LUIS","EMERGENCIA MEDICA",SAMU-127,-12.0769192818057,-76.9957851000913
2016-006809,30-01-2016,"11:20:53 p.m.","  CL. SIMON BOLIVAR 200        VILLA MARIA DEL TRIUNFO","EMERGENCIA MEDICA",AMB-106,-12.1609463337653,-76.9540080673492
2016-006808,30-01-2016,"11:18:22 p.m.",,"EMERGENCIA MEDICA",AMB-73,,
2016-006807,30-01-2016,"11:15:04 p.m.","PR. TACNA CRUCE CON JR. VIRU RIMAC            RIMAC","ACCIDENTE VEHICULAR","M21-1, RES-3, SAMU-2",-12.0397343553576,-77.0330476316916
2016-006806,30-01-2016,"11:00:09 p.m.","  CL. LUIS VARELA Y ORBEGOZO (HUASCAR) 460        SURQUILLO","EMERGENCIA MEDICA",AMB-28,-12.1163410516321,-77.024962917086
2016-006805,30-01-2016,"10:52:41 p.m.","  PJ. MONITOR HUASCAR 119        JESUS MARIA","EMERGENCIA MEDICA",AMB-202,-12.0793222147245,-77.0535645367676
2016-006804,30-01-2016,"10:50:04 p.m.","UR. CONFECCIONES MILITARES E            BELLAVISTA","EMERGENCIA MEDICA",AMB-60,-12.0600146097349,-77.1125950440663
2016-006803,30-01-2016,"10:40:47 p.m.","  JR. APURIMAC 452        CALLAO","EMERGENCIA MEDICA",AMB-1,-12.0639105142374,-77.1402172817906
2016-006802,30-01-2016,"10:38:41 p.m.","  AV. VILLA MARIA 1029       VILLA MARIA DEL TRIUNFO","EMERGENCIA MEDICA",AMB-106,-12.1609582650143,-76.9428510348568
2016-006801,30-01-2016,"10:38:22 p.m.","  CL. LA VICTORIA 548        PUENTE PIEDRA","EMERGENCIA MEDICA",AMB-150,-11.866304970829,-77.0787170638946
2016-006800,30-01-2016,"10:35:20 p.m.","AV. 13 DE ENERO (LIMA) CRUCE CON AV. LOS POSTES ESTE SAN JUAN DE LURIGANCHO            SAN JUAN DE LURIGANCHO","EMERGENCIA MEDICA",AMB-2,-11.996132843785,-77.0052516179035
2016-006799,30-01-2016,"10:31:36 p.m.","AH. MI PERU ETAPA II D2            VENTANILLA","EMERGENCIA MEDICA",AMB-184,,
2016-006798,30-01-2016,"10:31:27 p.m.","AV. JAVIER PRADO ESTE CRUCE CON AV. CIRCUNVALACION (PANAMERICANA SUR) SAN BORJA            SAN BORJA","ACCIDENTE VEHICULAR","M127-1, RES-127, SAMU-127",-12.0829598211752,-76.9851475868449
2016-006797,30-01-2016,"10:25:52 p.m.","AV. NICOLAS DE PIEROLA (SALVADOR ALLENDE) CRUCE CON AV. MANCO CAPAC VILLA MARIA DEL TRIUNFO            VILLA MARIA DEL TRIUNFO","EMERGENCIA MEDICA",AMB-106,-12.1599718605396,-76.9555105428056
2016-006796,30-01-2016,"10:24:18 p.m.","PUENTE BLANCO CON DIVINO MAESTRO            ","ACCIDENTE VEHICULAR",MATPEL171,,
2016-006795,30-01-2016,"10:19:08 p.m.","  AV. AREQUIPA 000        CHORRILLOS",INCENDIO,"M13-1, M6-1",-12.1853489169955,-77.0105673638776
2016-006794,30-01-2016,"10:18:31 p.m.","URB RIVA AGUERO MZ A LOTE  10            ATE","EMERGENCIA MEDICA",AMB-169,,
2016-006793,30-01-2016,"10:18:28 p.m.","  CL. 22 000        VENTANILLA","EMERGENCIA MEDICA",AMB-75,-11.8307508877696,-77.1261392554349
2016-006792,30-01-2016,"10:18:10 p.m.",,"EMERGENCIA MEDICA",AMB-14,-12.0578522995639,-77.038164983596
2016-006791,30-01-2016,"10:11:37 p.m.","  CL. AGUILA REAL (1)  MAZ J LT 21 100        EL AGUSTINO",INCENDIO,"M138-4, M176-1, M176-3, SAMU-127",,
2016-006790,30-01-2016,"10:11:07 p.m.","28 DE JULIO            MIRAFLORES",INCENDIO,M28-1,,
2016-006789,30-01-2016,"10:04:02 p.m.","CL. MADRE SELVA CRUCE CON AV. UNIVERSITARIA CARABAYLLO            CARABAYLLO","ACCIDENTE VEHICULAR","AMB-150, CIST124-4, M164-1",-11.8986125019108,-77.0383006473447
2016-006788,30-01-2016,"10:00:41 p.m.","  JR. RUFINO TORRICO 1109       LIMA","EMERGENCIA MEDICA",SAMU-10,-12.0524115640284,-77.0377581396105
2016-006787,30-01-2016,"09:53:20 p.m.","  AV. JOSE GRANDA (LOS DOMINICOS) 403        CALLAO","MATERIALES PELIGROSOS (INCIDENTE)","AMB-161, M9-5",-12.0178498589383,-77.0923872031375
2016-006786,30-01-2016,"09:42:12 p.m.","  AV. DEL EJERCITO (AUGUSTO PEREZ ARANIBAR) 1000       MAGDALENA DEL MAR","EMERGENCIA MEDICA",AMB-28,-12.1008940093758,-77.0613363015897
2016-006785,30-01-2016,"09:40:05 p.m.","AV GRAU  921        LA PUNTA","EMERGENCIA MEDICA",MED-34,,
2016-006784,30-01-2016,"09:39:18 p.m.","CARRETERAS - PANAMERICANAS CARRETERA CENTRAL 13.5            ATE","EMERGENCIA MEDICA",AMB-169,-12.0087565732438,-76.8630691514878
2016-006783,30-01-2016,"09:34:01 p.m.","  CL. EDMUNDO PINY 100        SAN MARTIN DE PORRES","EMERGENCIA MEDICA",SAMU-168,-12.0282528569471,-77.0487075747742
2016-006782,30-01-2016,"09:25:33 p.m.","  AV. ARNALDO MARQUEZ 1391       JESUS MARIA","EMERGENCIA MEDICA",AMB-2,-12.0743134388152,-77.0500893545561
2016-006781,30-01-2016,"09:13:59 p.m.","ESSALUD HUARAL A ESSALUD HUACHO            ","EMERGENCIA MEDICA",AMB-44,,
2016-006780,30-01-2016,"09:12:26 p.m.","RESIDENCIAL ANGOSTURA            ICA","EMERGENCIA MEDICA",MATPEL171,,
2016-006779,30-01-2016,"09:05:54 p.m.","AV. GUILLERMO BILLINGHURST (NUEVE OESTE) CRUCE CON AV. SAN JUAN SAN JUAN DE MIRAFLORES            SAN JUAN DE MIRAFLORES","EMERGENCIA MEDICA",AMB134-2,-12.1584968403353,-76.9733195616024
2016-006778,30-01-2016,"09:03:34 p.m.","  AV. ANGAMOS ESTE (PRIMAVERA) 251        SAN BORJA","EMERGENCIA MEDICA",AMB-11,-12.1109184354159,-76.9909104213586
2016-006777,30-01-2016,"08:56:12 p.m.",,"EMERGENCIA MEDICA",AMB-14,-12.0513838094071,-77.0496081185479
2016-006776,30-01-2016,"08:54:20 p.m.","PUEBLO NUEVO            ICA",INCENDIO,M22-1,,
2016-006775,30-01-2016,"08:53:02 p.m.","CARRETERAS - PANAMERICANAS CARRETERA CENTRAL 13            ATE","EMERGENCIA MEDICA",AMB-169,-12.009587617052,-76.8675820979589
2016-006774,30-01-2016,"08:44:21 p.m.","COLEGIO MIGUEL GRAU             ","ACCIDENTE VEHICULAR",MED-152,,
2016-006773,30-01-2016,"08:40:15 p.m.","  CL. GONZALO PIZARRO 133        SAN MIGUEL","EMERGENCIA MEDICA",AMB-1,-12.0725048565575,-77.1010936003016
2016-006772,30-01-2016,"08:37:46 p.m.","RESIDENCIAL SANTA CRUZ MAZ M LOTE 102             ","EMERGENCIA MEDICA",AMB-202,,
2016-006771,30-01-2016,"08:36:36 p.m.","  CL. RAMON CASTILLA 100        VILLA MARIA DEL TRIUNFO","ACCIDENTE VEHICULAR","AMB-16, M120-1, SAMU-120",,
2016-006770,30-01-2016,"08:34:00 p.m.","  AV. ANDRES TINOCO (8) 383        SANTIAGO DE SURCO","EMERGENCIA MEDICA",AMB134-2,-12.1428806139673,-76.9870993580343
2016-006769,30-01-2016,"08:32:22 p.m.","CARRETERAS - PANAMERICANAS ANTIGUA PANAMERICANA SUR 34            LURIN","ACCIDENTE VEHICULAR","AMB-129, M129-1, RES-125",-12.2594035767086,-76.8855902232871
2016-006768,30-01-2016,"08:24:06 p.m.","AV. ALFREDO BENAVIDES 700        MIRAFLORES","ACCIDENTE VEHICULAR","AMB-11, M28-1, RES-16",-12.1252858304371,-77.0245801527699
2016-006767,30-01-2016,"08:21:16 p.m.","  JR. LOS DAMASCOS (D) (2) 938        LOS OLIVOS","EMERGENCIA MEDICA",AMB-161,-12.0104089189418,-77.0711357040552
2016-006766,30-01-2016,"08:19:14 p.m.","  CL. JOAQUIN CAPELLA 462        SAN MARTIN DE PORRES","EMERGENCIA MEDICA",AMB-65,-12.0271561865195,-77.0544862264869
2016-006765,30-01-2016,"08:16:03 p.m.","  AV. 28 DEJULIO 784        LIMA",RESCATE,M14-1,-12.0643233785706,-77.0381967249636
2016-006764,30-01-2016,"08:15:18 p.m.","UR. RIVIERA DEL NORTE B  LT 49            PUENTE PIEDRA","MATERIALES PELIGROSOS (INCIDENTE)","AMB-150, M150-1",-11.8721270430319,-77.0713730061275
2016-006763,30-01-2016,"08:13:37 p.m.","FRENTE  AL AEROPUERTO NAZCA            NAZCA",INCENDIO,CIST82-4,,
2016-006762,30-01-2016,"08:11:36 p.m.","  JR. ZARAGOZA 141        PUEBLO LIBRE","MATERIALES PELIGROSOS (INCIDENTE)","AMB-14, M36-1",-12.0684789905582,-77.0625592475606
2016-006761,30-01-2016,"08:09:48 p.m.","JR. ANGARAES CRUCE CON AV. SAN MARTIN (GUILLERMO DANSEY) LIMA            LIMA","EMERGENCIA MEDICA",SAMU-10,-12.045575931739,-77.0409664191251
2016-006760,30-01-2016,"08:06:02 p.m.","UR. LOS ALISOS MZ T LOTE 12            SAN MARTIN DE PORRES","EMERGENCIA MEDICA",SAMU-168,-11.9858278285766,-77.0887205196999
2016-006759,30-01-2016,"08:05:15 p.m.","  AV. 27 DE DICIEMBRE (PACHACUTEC) 526        VILLA MARIA DEL TRIUNFO","MATERIALES PELIGROSOS (INCIDENTE)","M106-1, SAMU-120",-12.1906692406223,-76.9311781160197
2016-006758,30-01-2016,"08:03:31 p.m.","  JR. MANUEL IRRIBARREN (SAN MIGUEL) 551        SURQUILLO","EMERGENCIA MEDICA",AMB-28,-12.1154088148895,-77.0219485643051
2016-006757,30-01-2016,"08:00:39 p.m.","UR. VILLA MARINA F1  LT 16            CHORRILLOS","EMERGENCIA MEDICA",SAMU-6,,
2016-006756,30-01-2016,"07:59:18 p.m.","AV. ANGAMOS ESTE (PRIMAVERA) CRUCE CON AV. PASEO DE LA REPUBLICA SURQUILLO            SURQUILLO","EMERGENCIA MEDICA",AMB-11,-12.1126329015088,-77.0121515374594
2016-006755,30-01-2016,"07:57:46 p.m.","  AV. EL SANTUARIO 1800       SAN JUAN DE LURIGANCHO","EMERGENCIA MEDICA",AMB-138,-12.016494785488,-76.9830821202665
2016-006754,30-01-2016,"07:54:54 p.m.","AV. HIGUERETA CRUCE CON AV. ALFREDO BENAVIDES SANTIAGO DE SURCO            SANTIAGO DE SURCO","EMERGENCIA MEDICA",AMB134-2,-12.1281198476881,-76.9917505113463
2016-006753,30-01-2016,"07:52:26 p.m.","  PR. LOS AJENJOS 151        ATE",RESCATE,RES-127,-12.0782232733588,-76.9804220744809
2016-006752,30-01-2016,"07:49:26 p.m.","  CL. CABO (26) 859        LOS OLIVOS","EMERGENCIA MEDICA",AMB-161,-12.008982299724,-77.0700739013958
2016-006751,30-01-2016,"07:44:06 p.m.","  JR. BELISARIO FLORES 900        LINCE","EMERGENCIA MEDICA",AMB-202,-12.0831713469384,-77.0443143793191
2016-006750,30-01-2016,"07:26:24 p.m.","  CL. CONTRALMIRANTE VILLAR 662        CALLAO","EMERGENCIA MEDICA",AMB-1,-12.0649812006041,-77.1362529146313
2016-006749,30-01-2016,"07:21:05 p.m.","  JR. MANUEL TORIBIO URETA 328        LA VICTORIA","EMERGENCIA MEDICA",SAMU-4,-12.0778543150025,-77.0191415671334
2016-006748,30-01-2016,"07:20:35 p.m.","  CL. MANUEL GONZALES PRADA (9 DE DICIEMBRE) 236        VILLA MARIA DEL TRIUNFO","EMERGENCIA MEDICA",SAMU-120,-12.1759097832017,-76.9440400803099
2016-006747,30-01-2016,"07:17:39 p.m.","  JR. MARISCAL RAMON CASTILLA (MANCO INCA) 300        RIMAC","MATERIALES PELIGROSOS (INCIDENTE)","AMB-65, M21-1",-12.0363778129583,-77.0389870650853
2016-006746,30-01-2016,"07:17:30 p.m.","  AV. LIMA 3600       SAN MARTIN DE PORRES","EMERGENCIA MEDICA",AMB-161,-12.0291301328078,-77.0858342818628
2016-006745,30-01-2016,"07:16:40 p.m.","  JR. CALLAO 800        LIMA","MATERIALES PELIGROSOS (INCIDENTE)","M3-1, SAMU-10",-12.0414841187707,-77.0387637644507
2016-006744,30-01-2016,"07:13:38 p.m.","  AV. MARISCAL RAMON CASTILLA 1000       SANTIAGO DE SURCO","EMERGENCIA MEDICA",AMB-16,,
2016-006743,30-01-2016,"07:12:08 p.m.","  JR. CALLAO 684        LIMA","EMERGENCIA MEDICA",AMB-3,-12.042667940966,-77.0368680287569
2016-006742,30-01-2016,"07:05:01 p.m.","CLL LOS CISNES  171        BELLAVISTA","EMERGENCIA MEDICA",AMB-60,,
2016-006741,30-01-2016,"07:04:41 p.m.","ESPERANZA ALTA HUARAL            ",INCENDIO,M44-6,,
2016-006740,30-01-2016,"07:00:43 p.m.","  JR. HUAMACHUCO 1737       JESUS MARIA","EMERGENCIA MEDICA",AMB-202,-12.0792701151561,-77.0515576428909
2016-006739,30-01-2016,"06:58:05 p.m.","CLUB SAN JOAQUIN            ","EMERGENCIA MEDICA",MATPEL171,,
2016-006738,30-01-2016,"06:55:42 p.m.","AV. VENEZUELA CRUCE CON AV. TINGO MARIA LIMA            LIMA","EMERGENCIA MEDICA",AMB-14,-12.0558892075645,-77.0577662361598
2016-006737,30-01-2016,"06:55:33 p.m.","  AV. GUARDIA REPUBLICANA (LA CAPILLA) 400        RIMAC","EMERGENCIA MEDICA",SAMU-2,-12.033644715276,-77.0311852021405
2016-006736,30-01-2016,"06:51:20 p.m.","  CL. ENRIQUE LOPEZ ALBUJAR 200        VILLA MARIA DEL TRIUNFO","EMERGENCIA MEDICA",AMB-106,-12.1847383025259,-76.9478605207334
2016-006735,30-01-2016,"06:17:51 p.m.","  CL. MONITOR HUASCAR 102        BARRANCO","EMERGENCIA MEDICA",AMB-28,-12.1428747994234,-77.0190551006768
2016-006734,30-01-2016,"06:16:02 p.m.","  AV. PACHACUTEC (LOS HEROES) 485        SAN JUAN DE MIRAFLORES","EMERGENCIA MEDICA",SAMU-120,-12.1531948220313,-76.97315104596
2016-006733,30-01-2016,"06:09:10 p.m.","  JR. PRESBITERO GARCIA VILLON 564        LIMA","EMERGENCIA MEDICA",AMB-3,-12.0449910428713,-77.0495366592399
2016-006732,30-01-2016,"06:03:54 p.m.","  JR. ANDAHUAYLAS 400        LIMA","EMERGENCIA MEDICA",SAMU-2,-12.0484724846424,-77.0244690321007
2016-006731,30-01-2016,"06:02:51 p.m.","PANAMERICANA SUR KM 198            CHINCHA ALTA","EMERGENCIA MEDICA",MED-38,,
2016-006730,30-01-2016,"06:01:46 p.m.","UR. SAN DIEGO DE VIPOL  MAZ S 2             SAN MARTIN DE PORRES",INCENDIO,CIST124-4,-11.9397832077485,-77.0841608790048
2016-006729,30-01-2016,"05:55:40 p.m.","  AV. LOS ROSALES   VALDIVIEZO 600        ATE","EMERGENCIA MEDICA",SAMU-138,-12.059883156146,-76.9936651028882
2016-006728,30-01-2016,"05:54:56 p.m.","AV. TUMBES CRUCE CON AV. AYACUCHO VENTANILLA URB. MI PERU            VENTANILLA","EMERGENCIA MEDICA",AMB-184,-11.8518558492769,-77.1251326123752
2016-006727,30-01-2016,"05:52:01 p.m.","CARRETERAS - PANAMERICANAS PANAMERICANA NORTE 28.5            PUENTE PIEDRA","EMERGENCIA MEDICA",AMB-150,-11.8815824336807,-77.0685378771752
2016-006726,30-01-2016,"05:51:53 p.m.","  CL. JOSE DE LA TORRE UGARTE 286        INDEPENDENCIA","MATERIALES PELIGROSOS (INCIDENTE)","AMB-3, CIST124-4",-11.9898015360428,-77.0432671127533
2016-006725,30-01-2016,"05:50:25 p.m.","  CL. JOSE DE LA TORRE UGARTE 286        INDEPENDENCIA","MATERIALES PELIGROSOS (INCIDENTE)","AMB-65, M65-1",-11.9898015360428,-77.0432671127533
2016-006724,30-01-2016,"05:48:48 p.m.","  PJ. SAN CARLOS 167        PUEBLO LIBRE","EMERGENCIA MEDICA",AMB-36,-12.0727829760457,-77.0694842261798
2016-006723,30-01-2016,"05:42:40 p.m.","  AV. GUARDIA CIVIL (ANTONIO VARGAS) (CONDORES) 927        CHORRILLOS","EMERGENCIA MEDICA",SAMU-6,-12.1730960330549,-76.992126749801
2016-006722,30-01-2016,"05:36:37 p.m.","LIBERTAD CRUCE MOORE            HUACHO","ACCIDENTE VEHICULAR",AMB-20,,
2016-006721,30-01-2016,"05:35:22 p.m.","  JR. ANTONIO MIROQUESADA 558        CALLAO","EMERGENCIA MEDICA",AMB-1,-12.0547790313114,-77.1391926183819
2016-006720,30-01-2016,"05:35:00 p.m.","  AV. SEPARADORA INDUSTRIAL (A) URB. MAYORAZGO 3600       ATE","EMERGENCIA MEDICA",AMB-169,-12.0499347986158,-76.9389692525555
2016-006719,30-01-2016,"05:32:15 p.m.","  CL. ANDRES GUZMAN 900        SAN JUAN DE MIRAFLORES",INCENDIO,"M16-1, M28-1, M6-1, SAMU-106",-12.1592213083482,-76.9629635979393
2016-006718,30-01-2016,"05:32:10 p.m.","  CL. ANDRES GUZMAN 900        SAN JUAN DE MIRAFLORES",INCENDIO,"M106-1, M11-1, M120-1, RES-134, SAMU-120",-12.1592213083482,-76.9629635979393
2016-006717,30-01-2016,"05:31:13 p.m.","  AV. SALAVERRY 2500       ","EMERGENCIA MEDICA",SAMU-4,,
2016-006716,30-01-2016,"05:28:14 p.m.","  CL. 12 DE JULIO URB. MESA REDONDA 146        INDEPENDENCIA","EMERGENCIA MEDICA",AMB-161,-12.0029472846825,-77.0554938996999
2016-006715,30-01-2016,"05:24:40 p.m.","PLAYA SAN PEDRO            LURIN","EMERGENCIA MEDICA",AMB-129,,
2016-006714,30-01-2016,"05:22:51 p.m.","CARRETERAS - PANAMERICANAS PANAMERICANA SUR 116.            ASIA","EMERGENCIA MEDICA",AMB-183,,
2016-006713,30-01-2016,"05:18:21 p.m.","C.C.  60            SURCO","ACCIDENTE VEHICULAR","AMB-32, M32-1",,
2016-006712,30-01-2016,"05:15:53 p.m.","  AV. ABEL BERGASSE DU PETIT THOUARS DPTO 306 1828       LINCE","EMERGENCIA MEDICA",AMB-202,-12.0828508412361,-77.033588090243
2016-006711,30-01-2016,"05:13:48 p.m.","ESTADIO ALIANZA             ","SERVICIO ESPECIAL",AMB-8,,
2016-006710,30-01-2016,"05:12:37 p.m.","JR. LOS PELITRES (73) CRUCE CON AV. LOS JARDINES OESTE (5) SAN JUAN DE LURIGANCHO            SAN JUAN DE LURIGANCHO","MATERIALES PELIGROSOS (INCIDENTE)","M121-1, SAMU-121",,
2016-006709,30-01-2016,"05:11:59 p.m.","  AV. JAVIER PRADO ESTE 1860       SAN BORJA","EMERGENCIA MEDICA",AMB-11,-12.0888387637134,-77.0069028131177
2016-006708,30-01-2016,"05:04:30 p.m.","JR. NAZCA 000        JESUS MARIA","EMERGENCIA MEDICA",AMB-14,-12.0708175780546,-77.0408164441723
2016-006707,30-01-2016,"05:02:50 p.m.","  JR. PUNO 100        LIMA","EMERGENCIA MEDICA",AMB-3,-12.050226100841,-77.0335328980912
2016-006706,30-01-2016,"04:57:27 p.m.","COMISARIA             ICA","SERVICIO ESPECIAL",M22-1,,
2016-006705,30-01-2016,"04:55:56 p.m.","  CL. MATIAS MAESTRO 200        LIMA","EMERGENCIA MEDICA",SAMU-10,-12.0526355894183,-77.0175757172928
2016-006704,30-01-2016,"04:52:31 p.m.","PLAZA BOLOGNESI  100        LIMA","EMERGENCIA MEDICA",AMB-14,-12.0610615284208,-77.0419943891036
2016-006703,30-01-2016,"04:50:39 p.m.","  CL. JOSE PAYET URB EL PACIFICO 3228       SAN MARTIN DE PORRES","EMERGENCIA MEDICA",AMB-60,-11.9983156623941,-77.0850442774493
2016-006702,30-01-2016,"04:44:30 p.m.","  CL. 5 (3) 000        SAN MARTIN DE PORRES","EMERGENCIA MEDICA",AMB-65,-11.9993600067563,-77.0960679091677
2016-006701,30-01-2016,"04:38:16 p.m.","AV. TUPAC AMARU KM 11 CRUCE CON JR. PUNO COMAS            COMAS","EMERGENCIA MEDICA",AMB-161,-11.952967997797,-77.0512202348296
2016-006700,30-01-2016,"04:35:35 p.m.","  AV. AREQUIPA 1200       LIMA","EMERGENCIA MEDICA",MED-202,,
2016-006699,30-01-2016,"04:34:26 p.m.","CARRETERAS - PANAMERICANAS PANAMERICANA NORTE 27.7            PUENTE PIEDRA","ACCIDENTE VEHICULAR","AMB-150, AMB-184, CIST124-4, M150-1",-11.8860294014241,-77.0682190623107
2016-006698,30-01-2016,"04:29:07 p.m.","CL,MAR            ","EMERGENCIA MEDICA",MATPEL171,,
2016-006697,30-01-2016,"04:28:44 p.m.","  PJ. SANTIAGO 2300       JESUS MARIA","EMERGENCIA MEDICA",AMB-202,-12.0832516722864,-77.0581048044833
2016-006696,30-01-2016,"04:24:12 p.m.","  JR. ALBERTO SECADA 419        CALLAO","EMERGENCIA MEDICA",AMB-1,-12.0632958523477,-77.1433719971173
2016-006695,30-01-2016,"04:22:27 p.m.","PALMA             ICA","EMERGENCIA MEDICA",AMB-22,,
2016-006694,30-01-2016,"04:17:22 p.m.","  AV. MARGINAL (VERONA) 700        ATE","EMERGENCIA MEDICA",AMB-169,-12.0791111115435,-76.9770918776279
2016-006693,30-01-2016,"04:17:19 p.m.","  CA. CENTRAL (VICTOR RAUL HAYA DE LA TORRE) 3000       ATE","ACCIDENTE VEHICULAR","M138-1, RES-138, SAMU-138",-12.057066051689,-76.9698007661666
2016-006692,30-01-2016,"04:16:04 p.m.","  CL. RIO HUANCABAMBA 323        SAN LUIS","EMERGENCIA MEDICA",SAMU-4,-12.0762898228806,-77.0010458807445
2016-006691,30-01-2016,"04:13:30 p.m.","JR. AYACUCHO CRUCE CON JR. CUZCO LIMA            LIMA","EMERGENCIA MEDICA",SAMU-2,-12.0522507850107,-77.0279135356398
2016-006690,30-01-2016,"04:08:53 p.m.","CARETERA TOPARA            ","ACCIDENTE VEHICULAR",MED-38,,
2016-006689,30-01-2016,"04:06:30 p.m.","  PJ. OSCAR WILDE 165        SURQUILLO","EMERGENCIA MEDICA",AMB-28,-12.1106535399693,-77.0115275648935
2016-006688,30-01-2016,"04:05:07 p.m.","CENTRAL 235        PARAMONGA",RESCATE,M81-1,,
2016-006687,30-01-2016,"03:57:07 p.m.","PLAN VERANO            ","SERVICIO ESPECIAL","AMB-129, AMB-183, M129-1, M13-1, M49-1, RES-16",,
2016-006686,30-01-2016,"03:56:06 p.m.","HOTEL MARRIOT            MIRAFLORES","SERVICIO ESPECIAL","AMB-28, AUX-28, M28-1",,
2016-006685,30-01-2016,"03:55:07 p.m.","ZELA S/N             ","EMERGENCIA MEDICA",MED-34,,
2016-006684,30-01-2016,"03:54:08 p.m.","AV. JAVIER PRADO ESTE CRUCE CON CL. F. UCELLO SAN BORJA            SAN BORJA","EMERGENCIA MEDICA",AMB-28,-12.0886221230939,-77.0053935636032
2016-006683,30-01-2016,"03:53:44 p.m.","  CL. DUNKER LAVALLE 160        RIMAC","EMERGENCIA MEDICA",SAMU-21,-12.0169537197124,-77.0336309477757
2016-006682,30-01-2016,"03:46:22 p.m.","  AV. JUAN BERTOLOTTO NEGRO 366        ","EMERGENCIA MEDICA",AMB-60,-12.0932965691132,-77.0796193461824
2016-006681,30-01-2016,"03:35:07 p.m.","  AV. IQUITOS 1800       LINCE","EMERGENCIA MEDICA",AMB-202,-12.0821090875345,-77.0283634859781
2016-006680,30-01-2016,"03:33:57 p.m.","  AV. BRASIL 1420       JESUS MARIA","EMERGENCIA MEDICA",AMB-36,-12.0736699694754,-77.0524549958969
2016-006679,30-01-2016,"03:29:39 p.m.","UR. PREVI MZ 50 LOTE 21            CALLAO","EMERGENCIA MEDICA",AMB-65,-12.0169764799574,-77.0891899297882
2016-006678,30-01-2016,"03:27:37 p.m.","  AV. JAVIER LUNA PIZARRO 1246       LA VICTORIA","MATERIALES PELIGROSOS (INCIDENTE)","M8-1, MED-202",,
2016-006677,30-01-2016,"03:20:10 p.m.","VIA  EVITAMIENTO ALT PARADERO              ","EMERGENCIA MEDICA",AMB-138,,
2016-006676,30-01-2016,"03:17:45 p.m.","  CL. TAHUANTINSUYO  UR ZARATE  437        ",RESCATE,RES-2,,
2016-006675,30-01-2016,"03:15:34 p.m.","SANTA ROSA URB BOTERIN             ","EMERGENCIA MEDICA",AMB-1,,
2016-006674,30-01-2016,"03:14:26 p.m.","  JR. PARINACOCHAS 1300       LA VICTORIA","EMERGENCIA MEDICA",AMB-8,-12.0716998545603,-77.0166106152078
2016-006673,30-01-2016,"03:11:09 p.m.","CARRETERAS - PANAMERICANAS CARRETERA CENTRAL             LURIGANCHO","ACCIDENTE VEHICULAR","AMB-115, AMB-32, M32-1",-11.9229215109217,-76.6624923731752
2016-006672,30-01-2016,"03:09:28 p.m.","  JR. JOSE BERNARDO ALCEDO 639        LINCE","EMERGENCIA MEDICA","AMB-202, SAMU-10",-12.0839833341937,-77.0297335486803
2016-006671,30-01-2016,"02:45:21 p.m.","  AV. DEL BIERZO (CHILLON) 000        VENTANILLA","EMERGENCIA MEDICA",AMB-75,-11.9425890569836,-77.1171153176891
2016-006670,30-01-2016,"02:42:32 p.m.",,"EMERGENCIA MEDICA",AMB-22,,
2016-006669,30-01-2016,"02:37:36 p.m.","  CL. SIMON BOLIVAR  II ETAPA URB. HUAQUILLAY 341        COMAS","EMERGENCIA MEDICA",AMB-22,,
2016-006668,30-01-2016,"02:29:51 p.m.","  AV. ALFREDO MENDIOLA (PANAMERICANA NORTE) 3571       LOS OLIVOS","EMERGENCIA MEDICA",AMB-161,-11.9935400741845,-77.0640276957355
2016-006667,30-01-2016,"02:26:43 p.m.","  CL. ALFONSO UGARTE 552        ","EMERGENCIA MEDICA",AMB-161,-12.065498800148,-77.1281916077756
2016-006666,30-01-2016,"02:26:02 p.m.","PLAYA ACAPULCO            ","SERVICIO ESPECIAL",MED-152,,
2016-006665,30-01-2016,"02:24:18 p.m.","PANAMERICANA NORTE 92             ","ACCIDENTE VEHICULAR","AMB-80, M44-1, M80-1",,
2016-006664,30-01-2016,"02:19:44 p.m.","AV. GRAU CRUCE CON JR. ANDAHUAYLAS LIMA            LIMA","EMERGENCIA MEDICA",AMB-8,-12.0585085986469,-77.0267230527114
2016-006663,30-01-2016,"02:18:05 p.m.","  CL. ECONOMOS 182        LA MOLINA","EMERGENCIA MEDICA",MED-96,-12.0668317107528,-76.9577809945097
2016-006662,30-01-2016,"02:13:41 p.m.","  AV. DE LA PERUANIDAD 000        JESUS MARIA","MATERIALES PELIGROSOS (INCIDENTE)","M14-1, MED-202",-12.0673287168463,-77.0425457380394
2016-006661,30-01-2016,"02:10:33 p.m.","  CL. JOSE A. MORALES 726        SAN JUAN DE MIRAFLORES","EMERGENCIA MEDICA",SAMU-120,-12.1614861863144,-76.9703663732323
2016-006660,30-01-2016,"02:10:18 p.m.","  CL. LOS MOLLES 121        SANTA ANITA","MATERIALES PELIGROSOS (INCIDENTE)",M169-1,-12.0466922692978,-76.9773307388191
2016-006659,30-01-2016,"01:49:53 p.m.","  CL. EUGENIO DE LA TORRE 200        SAN MIGUEL","MATERIALES PELIGROSOS (INCIDENTE)",M83-1,-12.0786212121997,-77.0932106865987
2016-006658,30-01-2016,"01:46:14 p.m.","DISTRITO DE PUEBLO NUEVO             ICA",INCENDIO,CIST-VI,,
2016-006657,30-01-2016,"01:40:27 p.m.","JR. CONDE DE SUPERUNDA (LIMA) CRUCE CON JR. DE LA UNION LIMA            LIMA","EMERGENCIA MEDICA",SAMU-21,-12.0451877019642,-77.0306741345449
2016-006656,30-01-2016,"01:40:03 p.m.","AV. EDILBERTO RAMOS (MARIANO PASTOR SEVILLA) (FORESTAL) CRUCE CON AV. SIMON BOLIVAR VILLA EL SALVADOR            VILLA EL SALVADOR",INCENDIO,"AMB134-2, M106-1, M6-1, RES-134",-12.2210347161085,-76.9440930021591
2016-006655,30-01-2016,"01:37:08 p.m.","  JR. LANQUI URB TUPAC AMARU  496        SAN LUIS","EMERGENCIA MEDICA",AMB-28,-12.079691006804,-77.0059401924802
2016-006654,30-01-2016,"01:36:31 p.m.","AV. ISABEL LA CATOLICA CRUCE CON JR. AMERICA LA VICTORIA            LA VICTORIA","EMERGENCIA MEDICA",AMB-14,-12.0684733318344,-77.0153195772533
2016-006653,30-01-2016,"01:28:52 p.m.","  AV. AREQUIPA 1700       LINCE","EMERGENCIA MEDICA","AMB-3, RESLIG-4",-12.0819564263789,-77.0349164778083
2016-006652,30-01-2016,"01:21:28 p.m.","AH. KENJI FUJIMORI ETAPA  000        VENTANILLA",INCENDIO,"M150-1, M75-1",-11.8988789561681,-77.1231570415733
2016-006651,30-01-2016,"01:14:41 p.m.","  JR. CORONEL ALFONSO UGARTE (FEDERICO MONASTERIO) 400        MAGDALENA DEL MAR",INCENDIO,"M100-1, M14-1, M202-1, M36-1, M83-1, MED-36",-12.0934828596185,-77.0740280566894
2016-006650,30-01-2016,"01:10:11 p.m.","  AV. BUENOS AIRES 1600       PUENTE PIEDRA","EMERGENCIA MEDICA",AMB-150,,
2016-006649,30-01-2016,"01:09:23 p.m.","  AV. BUENOS AIRES 1600       PUENTE PIEDRA","EMERGENCIA MEDICA",AMB-150,-11.8542944665795,-77.0888506678866
2016-006648,30-01-2016,"01:08:05 p.m.","  JR. JOSE BERNARDO ALCEDO 639        LINCE","EMERGENCIA MEDICA",SAMU-10,-12.0839833341937,-77.0297335486803
2016-006647,30-01-2016,"01:04:04 p.m.",,"EMERGENCIA MEDICA",AMB-14,-12.0575823126843,-77.0519231733596
2016-006646,30-01-2016,"01:03:25 p.m.","  JR. ABTAO BLOCK 5 C3 1300       LA VICTORIA","EMERGENCIA MEDICA",AMB-8,-12.0735127892972,-77.0213960836946
2016-006645,30-01-2016,"12:58:55 p.m.","  CL. GERMAN AMEZAGA 134        SAN JUAN DE MIRAFLORES","EMERGENCIA MEDICA",AMB-120,-12.1686201101979,-76.9769247013815
2016-006644,30-01-2016,"12:42:56 p.m.","  AV. BRASIL 3540       MAGDALENA DEL MAR","EMERGENCIA MEDICA",AMB-14,-12.09188081391,-77.0674150857538
2016-006643,30-01-2016,"12:34:48 p.m.","  JR. ANDAHUAYLAS 1100       LIMA","EMERGENCIA MEDICA",AMB-14,-12.0551136081838,-77.0268476322392
2016-006642,30-01-2016,"12:31:06 p.m.","AS. SAN FRANCISCO DE CAYRAN  LOTE 1 MZ D LT  10            SAN MARTIN DE PORRES","EMERGENCIA MEDICA",AMB-161,-11.9926502555342,-77.0886021923425
2016-006641,30-01-2016,"12:24:55 p.m.","CERRO  AZUL            CERRO AZUL",INCENDIO,M49-1,,
2016-006640,30-01-2016,"12:18:14 p.m.","CARRETERAS - PANAMERICANAS PANAMERICANA NORTE 35.64            PUENTE PIEDRA","EMERGENCIA MEDICA",AMB-207,-11.8320095760242,-77.1150745554196
2016-006639,30-01-2016,"12:15:43 p.m.","  AV. PACHACUTEC 3204       VILLA MARIA DEL TRIUNFO","EMERGENCIA MEDICA",SAMU-106,-12.1764703465129,-76.9455442715531
2016-006638,30-01-2016,"12:12:59 p.m.","  MA. LUIS CISNEROS 200        MIRAFLORES","EMERGENCIA MEDICA","AMB-28, M28-1, RES-16",-12.1252158232444,-77.0370740576862
2016-006637,30-01-2016,"12:08:49 p.m.","JR. RUFINO TORRICO CRUCE CON JR. CONDE DE SUPERUNDA (LIMA) LIMA            LIMA","EMERGENCIA MEDICA",AMB-3,-12.0433392098353,-77.0336414139498
2016-006636,30-01-2016,"12:07:04 p.m.","  AV. GENERAL GARZON 2344       JESUS MARIA","EMERGENCIA MEDICA",AMB-14,-12.0828990282114,-77.0585148546132
2016-006635,30-01-2016,"11:59:47 a.m.","  AV. ABANCAY 260        LIMA","EMERGENCIA MEDICA",SAMU-21,-12.0468984826433,-77.0260624444021
2016-006634,30-01-2016,"11:56:44 a.m.","  AV. LAS CASUARINAS (LAS BALSAS)  MZ B  LT  8   SAN JUAN BAUTISTA 100        CHORRILLOS","EMERGENCIA MEDICA",AMB-16,-12.1976039026153,-77.0049412796956
2016-006633,30-01-2016,"11:46:10 a.m.","AV 7             ICA","ACCIDENTE VEHICULAR",AMB-22,,
2016-006632,30-01-2016,"11:43:16 a.m.","  AV. NICOLAS DE PIEROLA (LA COLMENA) 1171       LIMA",INCENDIO,"ESC-10, M10-1, M10-3, RES-3",-12.0530669941018,-77.0326071664396
2016-006631,30-01-2016,"11:41:04 a.m.","CL. MARTIN DE MURUA 202        SAN MIGUEL",INCENDIO,"ESC-83, M36-1, M83-1",-12.0775656511984,-77.0911717176767
2016-006630,30-01-2016,"11:35:51 a.m.","  JR. PEDRO RUIZ GALLO 257        CALLAO","EMERGENCIA MEDICA",AMB-60,-12.0630220047294,-77.1454101605427
2016-006629,30-01-2016,"11:33:39 a.m.","PSJE LIMONSILLO S/N             BARRANCA",INCENDIO,M73-1,,
2016-006628,30-01-2016,"11:32:24 a.m.","AV. AVIACION CRUCE CON AV. JAVIER PRADO ESTE SAN BORJA            SAN BORJA","EMERGENCIA MEDICA",AMB-8,-12.0874530056802,-77.0037506792796
2016-006627,30-01-2016,"11:29:54 a.m.","URB  SOL DE HUACACHINA            ICA","EMERGENCIA MEDICA",AMB-22,,
2016-006626,30-01-2016,"11:26:42 a.m.","  PR. ALEJANDRO BERTELLO 1200       CALLAO","EMERGENCIA MEDICA",AMB-161,-12.0012899971145,-77.1101564197709
2016-006625,30-01-2016,"11:23:44 a.m.","URB SAN JOSE             ICA",INCENDIO,M193-1,,
2016-006624,30-01-2016,"11:23:10 a.m.","URB PARQUE INDUSTRIAAL             ICA","EMERGENCIA MEDICA",AMB-22,,
2016-006623,30-01-2016,"11:22:39 a.m.","  AV. RAFAEL ESCARDO 859        SAN MIGUEL","EMERGENCIA MEDICA",SAMU-83,-12.071911354784,-77.0919228192875
2016-006622,30-01-2016,"11:22:08 a.m.","PAN SUR KM 240            PISCO",INCENDIO,CIST90-4,,
2016-006621,30-01-2016,"11:13:35 a.m.","CO. MUSA (RECAUDADORES)  MZ  H LT 34            LA MOLINA","EMERGENCIA MEDICA",MED-96,-12.0869911857702,-76.8873354121825
2016-006620,30-01-2016,"10:59:37 a.m.","MERCADO TOLEDO            ICA","EMERGENCIA MEDICA",AMB-22,,
2016-006619,30-01-2016,"10:52:31 a.m.","  AV. MONTE DE LOS OLIVOS (EL BOSQUE) 600        SANTIAGO DE SURCO","EMERGENCIA MEDICA",AMB134-2,-12.138991322063,-76.9874765458299
2016-006618,30-01-2016,"10:50:45 a.m.","  AV. JOSE DE SAN MARTIN 502        SAN MIGUEL","EMERGENCIA MEDICA",AMB-60,-12.090234146539,-77.07635465612
2016-006617,30-01-2016,"10:48:43 a.m.","  CL. EL AMAUTA 200        CHORRILLOS","EMERGENCIA MEDICA",SAMU-120,-12.1963668357857,-77.0095090220975
2016-006616,30-01-2016,"10:40:39 a.m.","FRANCISCO VIDAL 100        BARRANCA","EMERGENCIA MEDICA",AMB-73,,
2016-006615,30-01-2016,"10:26:28 a.m.","  CL. CARLOS DE LA CONDAMINE 374        BELLAVISTA","EMERGENCIA MEDICA",SAMU-14,-12.0565216581677,-77.0939738752598
2016-006614,30-01-2016,"10:21:02 a.m.",,"EMERGENCIA MEDICA",AMB-14,-12.0612723188391,-77.0493536098168
2016-006613,30-01-2016,"10:20:21 a.m.","  AV. BOLIVAR 800        PUEBLO LIBRE","EMERGENCIA MEDICA",MED-36,-12.0716500135092,-77.0609234728708
2016-006612,30-01-2016,"10:18:38 a.m.","PAN SUR KM  292            PISCO","ACCIDENTE VEHICULAR",MED-90,,
2016-006611,30-01-2016,"10:18:35 a.m.","AV. DE LOS INSURGENTES (LOS INSURGENTES) CRUCE CON AV. OSCAR R. BENAVIDES (COLONIAL) BELLAVISTA            BELLAVISTA","ACCIDENTE VEHICULAR","AMB-60, M5-1, M60-1, SAMU-83",-12.0554074042111,-77.1059882019631
2016-006610,30-01-2016,"10:17:46 a.m.","AH. MARQUEZ SECTOR III 8            CALLAO","EMERGENCIA MEDICA",AMB-75,-11.9442955877453,-77.1327382738563
2016-006609,30-01-2016,"10:17:43 a.m.","PAN SUR KM  232            PISCO","ACCIDENTE VEHICULAR",AMB-75,,
2016-006608,30-01-2016,"10:16:34 a.m.","AV. ELMER FAUCETT CRUCE CON AV. TOMAS VALLE CALLAO            CALLAO","EMERGENCIA MEDICA",AMB-161,-12.0216844216677,-77.1058655054087
2016-006607,30-01-2016,"10:14:33 a.m.","ELIAS APARICIO            ","EMERGENCIA MEDICA",MED-96,,
2016-006606,30-01-2016,"10:03:31 a.m.","  AV. PAUL LINDER 449        SAN BORJA","EMERGENCIA MEDICA",AMB-28,-12.1069573266364,-77.0034558690646
2016-006605,30-01-2016,"09:58:46 a.m.","  JR. SOLDADO CABADA (CONDESA) 42         BARRANCO","MATERIALES PELIGROSOS (INCIDENTE)","AMB-16, M16-1",-12.1384458496622,-77.0200440377867
2016-006604,30-01-2016,"09:57:09 a.m.","  AV. LA PAZ 959        SAN MIGUEL","EMERGENCIA MEDICA",SAMU-83,-12.0862884822794,-77.091729274546
2016-006603,30-01-2016,"09:56:06 a.m.",,"EMERGENCIA MEDICA",AMB-14,-12.0644613213297,-77.052764097865
2016-006602,30-01-2016,"09:55:33 a.m.","  JR. HIPOLITO DE LA MELENA (GUATEMALA) 216        CHORRILLOS","EMERGENCIA MEDICA",SAMU-6,-12.1704338778022,-77.0251562688296
2016-006601,30-01-2016,"09:53:40 a.m.","  AV. ALFREDO MENDIOLA (PANAMERICANA NORTE) 7859       LOS OLIVOS","EMERGENCIA MEDICA",SAMU-168,-11.9382719480904,-77.0721134708163
2016-006600,30-01-2016,"09:30:04 a.m.","PSJ. LIMONSILLO             BARRANCA",INCENDIO,M63-1,,
2016-006599,30-01-2016,"09:18:44 a.m.","  JR. MARIANO ANGULO 1887       LIMA","EMERGENCIA MEDICA",AMB-3,-12.0368088721948,-77.0662745031212
2016-006598,30-01-2016,"09:16:57 a.m.","ENTRADA   A   HUANPANI            CHACLACAYO","EMERGENCIA MEDICA",AMB-115,,
2016-006597,30-01-2016,"09:12:11 a.m.","CARRETERA PARACAS   HOTEL ARANGUA            PISCO","EMERGENCIA MEDICA",AMB-37,,
2016-006596,30-01-2016,"09:09:25 a.m.",,"EMERGENCIA MEDICA",AMB-14,,
2016-006595,30-01-2016,"08:45:39 a.m.","CARRETERAS - PANAMERICANAS ANTIGUA PANAMERICANA SUR 34            LURIN","EMERGENCIA MEDICA",SAMU-106,,
2016-006594,30-01-2016,"08:44:41 a.m.","CH. PALOMINO BLOCK O ENTRADA 5 DEPTO 30            LIMA","EMERGENCIA MEDICA",SAMU-14,-12.0592910906859,-77.0714843924023
2016-006593,30-01-2016,"08:43:46 a.m.",,"EMERGENCIA MEDICA",SAMU-168,,
2016-006592,30-01-2016,"08:41:04 a.m.","  CL. TOMAS GUZMAN 957        SAN JUAN DE MIRAFLORES","EMERGENCIA MEDICA",SAMU-120,-12.1598233494838,-76.9637360650079
2016-006591,30-01-2016,"08:27:18 a.m.","  CL. MANUEL GONZALES PRADA (11) 269        LOS OLIVOS","EMERGENCIA MEDICA",SAMU-120,-11.9959154719775,-77.0664377074282
2016-006590,30-01-2016,"08:26:53 a.m.","  AV. SANTIAGO DE SURCO (TOMAS MARSANO) 4600       SANTIAGO DE SURCO","EMERGENCIA MEDICA",AMB134-2,-12.1425035087715,-76.9905833403285
2016-006589,30-01-2016,"08:19:03 a.m.","B-4            ","ACCIDENTE VEHICULAR","M4-1, SAMU-4",,
2016-006588,30-01-2016,"08:15:21 a.m.","  AV. MIGUEL GRAU MZ S LT 7 000        PACHACAMAC","EMERGENCIA MEDICA",AMB-160,-12.2102223244089,-76.8750721029739
2016-006587,30-01-2016,"08:07:40 a.m.","  JR. GALVEZ CHIPOCO 333        LIMA","EMERGENCIA MEDICA",AMB-14,-12.0641417661853,-77.0426886398705
2016-006586,30-01-2016,"07:54:25 a.m.","  AV. MICAELA BASTIDAS  SECTOR  2  ALT  PARADERO POLICLINICO 1700       VILLA EL SALVADOR","EMERGENCIA MEDICA",SAMU-106,-12.2114122325104,-76.9443556620184
2016-006585,30-01-2016,"07:45:21 a.m.","PANAMERICANA SUR KM 58             PUCUSANA","ACCIDENTE VEHICULAR","AMB-133, M125-1",,
2016-006584,30-01-2016,"07:34:44 a.m.","  AV. LA PLAYA 000        VENTANILLA","EMERGENCIA MEDICA",AMB-75,-11.8773916258137,-77.1283756342458
2016-006583,30-01-2016,"07:31:14 a.m.","CARRETERAS - PANAMERICANAS PANAMERICANA SUR 57            PUCUSANA","ACCIDENTE VEHICULAR","AMB-133, M125-1",-12.4585179853571,-76.7532310217622
2016-006582,30-01-2016,"07:20:57 a.m.","  JR. HUASCARAN 648        LA VICTORIA","EMERGENCIA MEDICA",AMB-8,-12.0649623540722,-77.0282770572805
2016-006581,30-01-2016,"07:19:01 a.m.","  CL. 10 DE JUNIO 400        SAN MARTIN DE PORRES","ACCIDENTE VEHICULAR","AMB-3, M65-1",-12.0278735525497,-77.0491336437196
2016-006580,30-01-2016,"07:16:13 a.m.","  AV. ARNALDO MARQUEZ 1800       JESUS MARIA","ACCIDENTE VEHICULAR","M36-1, RESLIG-4, SAMU-4",-12.0787929877569,-77.053745233546
2016-006579,30-01-2016,"07:13:03 a.m.","AS. SAN JUAN DE DIOS (COVITI) MZ  J  LT   15             SAN MARTIN DE PORRES","EMERGENCIA MEDICA",AMB-161,-11.9934774763197,-77.092928461689
2016-006578,30-01-2016,"07:08:02 a.m.","  AV. GENERAL SANTA CRUZ 427        JESUS MARIA","EMERGENCIA MEDICA",AMB-202,-12.0724065008185,-77.0469641568083
2016-006577,30-01-2016,"07:07:38 a.m.","JR. MARTE 739        LIMA","EMERGENCIA MEDICA",SAMU-83,,
2016-006576,30-01-2016,"06:55:55 a.m.","AV. OSCAR R. BENAVIDES (COLONIAL) CRUCE CON AV. SANTA ROSA (JUAN PABLO II) BELLAVISTA            BELLAVISTA","EMERGENCIA MEDICA",AMB-7,-12.0573671837697,-77.1151133511549
2016-006575,30-01-2016,"06:49:37 a.m.","  AV. INDUSTRIAL 3300       INDEPENDENCIA","EMERGENCIA MEDICA",SAMU-168,,
2016-006574,30-01-2016,"06:31:58 a.m.","  AV. QUILCA 500        SAN MARTIN DE PORRES","EMERGENCIA MEDICA",AMB-60,-12.0307311801535,-77.0947154056326
2016-006573,30-01-2016,"06:18:42 a.m.",,"MATERIALES PELIGROSOS (INCIDENTE)","M168-1, SAMU-168",-12.0005399796315,-77.0448969663314
2016-006572,30-01-2016,"06:13:09 a.m.","  JR. LLOQUE YUPANQUI 883        JESUS MARIA","EMERGENCIA MEDICA",AMB-202,-12.0712823640855,-77.0449778356496
2016-006571,30-01-2016,"06:05:10 a.m.","  AV. GENERAL JOSE DE SAN MARTIN (EL LIBERTADOR) 250        BARRANCO","EMERGENCIA MEDICA",SAMU-6,-12.1440403609748,-77.0230305045163
2016-006570,30-01-2016,"05:54:44 a.m.","AV. JOSE CARLOS MARIATEGUI CRUCE CON AV. EDILBERTO RAMOS (MARIANO PASTOR SEVILLA) (FORESTAL) VILLA EL SALVADOR            VILLA EL SALVADOR","EMERGENCIA MEDICA",AMB-106,-12.2259382396479,-76.9413081542687
2016-006569,30-01-2016,"05:19:15 a.m.","AH. LOTIZACION ANGAMOS (ALMIRANTE GRAU) MZ   R16   LOTE  10              VENTANILLA","EMERGENCIA MEDICA",AMB-75,-11.8848898945005,-77.132385665321
2016-006568,30-01-2016,"05:10:48 a.m.","  JR. DE LA UNION 900        LIMA","EMERGENCIA MEDICA",SAMU-10,-12.0509995405957,-77.0350584266756
2016-006567,30-01-2016,"04:46:39 a.m.","  AV. PASEO DE LA REPUBLICA 7712       SANTIAGO DE SURCO","EMERGENCIA MEDICA",AMB134-2,-12.1420769534382,-77.003187071616
2016-006566,30-01-2016,"04:43:41 a.m.","  JR. OCEANO ARTICO (LOS PROCERES) 400        SANTIAGO DE SURCO","EMERGENCIA MEDICA","SAMU-120, SAMU-127",-12.080849210639,-76.9769655976517
2016-006565,30-01-2016,"04:40:44 a.m.","  AV. ANCASH 1600       EL AGUSTINO","ACCIDENTE VEHICULAR","M176-3, SAMU-2",-12.0434386711681,-77.0097137223775
2016-006564,30-01-2016,"04:40:07 a.m.","  AV. MANCO CAPAC 604        LA VICTORIA","EMERGENCIA MEDICA",AMB-8,-12.066548274151,-77.028760058266
2016-006563,30-01-2016,"04:35:06 a.m.","AS. SAN ANTONIO DE CARAPONGO IV ETAPA GA  LOTE  40             LURIGANCHO","EMERGENCIA MEDICA",AMB-169,-12.0003292704167,-76.8801014624834
2016-006562,30-01-2016,"04:20:13 a.m.","  JR. NAZCA 458        JESUS MARIA","EMERGENCIA MEDICA",AMB-202,-12.069695236178,-77.0442603432897
2016-006561,30-01-2016,"04:14:51 a.m.","AV. FERNANDO TERAN CRUCE CON AV. DEFENSORES DEL MORRO (HUAYLAS) CHORRILLOS            CHORRILLOS","ACCIDENTE VEHICULAR","M13-1, M6-1, SAMU-6",-12.1730709818041,-77.0202402851509
2016-006560,30-01-2016,"04:13:34 a.m.","VASILIA AUQUI            AYACUCHO","EMERGENCIA MEDICA",MED-63,,
2016-006559,30-01-2016,"03:40:51 a.m.","PANAMERICANA  SUR  KM  37 PACHACAMAC            LURIN","EMERGENCIA MEDICA",AMB-129,,
2016-006558,30-01-2016,"03:31:00 a.m.","  CL. JACINTOS (SAN JUAN BAUTISTA) 570        SAN MARTIN DE PORRES","EMERGENCIA MEDICA",AMB-65,-12.0179518397176,-77.0583100982144
2016-006557,30-01-2016,"03:23:36 a.m.","  CL. NEPTUNO (2) 129        LOS OLIVOS","EMERGENCIA MEDICA",AMB-161,-12.0024283114728,-77.0625749864782
2016-006556,30-01-2016,"03:05:23 a.m.","  AV. HORACIO URTEAGA 752        JESUS MARIA","EMERGENCIA MEDICA",AMB-202,-12.0686647875365,-77.0444991491737
2016-006555,30-01-2016,"02:54:05 a.m.","  AV. ALMIRANTE MIGUEL GRAU (JOSE MARIA EGUREN) 924        BARRANCO",RESCATE,RES-16,-12.1417121798573,-77.0221379618436
2016-006554,30-01-2016,"02:52:40 a.m.","  CL. MARIANO JURADO DE LOS REYES (SAN CARLOS) 634        SURQUILLO","MATERIALES PELIGROSOS (INCIDENTE)","AMB-28, M28-1",-12.1141768463305,-77.0194935622089
2016-006553,30-01-2016,"02:27:50 a.m.","  CL. LOS NARDOS (J) 110        SAN JUAN DE MIRAFLORES","EMERGENCIA MEDICA",SAMU-6,-12.1531443860414,-76.9787861016885
2016-006552,30-01-2016,"02:23:52 a.m.","  CL. AYACUCHO 127        COMAS","EMERGENCIA MEDICA",AMB-164,-11.9116321006353,-77.0255638051351
2016-006551,30-01-2016,"02:17:21 a.m.","  JR. TIRAVANTI (VICTOR LAYNES) 142        BARRANCO","EMERGENCIA MEDICA",AMB-16,-12.1428712848716,-77.0176290633658
2016-006550,30-01-2016,"02:01:58 a.m.","CARRETERAS - PANAMERICANAS PANAMERICANA SUR 50            SAN BARTOLO","EMERGENCIA MEDICA",AMB-134,-12.3971389228608,-76.7579716011711
2016-006549,30-01-2016,"01:53:39 a.m.","  JR. GARCIA HURTADO DE MENDOZA (LIBERTAD) 358        RIMAC","EMERGENCIA MEDICA",AMB-3,-12.0412275763526,-77.0264391919298
2016-006548,30-01-2016,"01:48:13 a.m.","  CL. LUIS FELIPE VILLARAN 398        SAN ISIDRO","EMERGENCIA MEDICA",AMB-28,-12.0971668550173,-77.0294371096328
2016-006547,30-01-2016,"01:48:11 a.m.","AV. TOMAS VALLE CRUCE CON AV. PANAMERICANA NORTE (ALFREDO MENDIOLA) SAN MARTIN DE PORRES            SAN MARTIN DE PORRES","EMERGENCIA MEDICA",AMB-161,-12.0088847916837,-77.0620098850588
2016-006546,30-01-2016,"01:29:10 a.m.","  AV. LOS ROBLES (1RO DE MAYO) 400        ","EMERGENCIA MEDICA",SAMU-138,-12.0567470195342,-76.9746135863999
2016-006545,30-01-2016,"01:20:15 a.m.","AV. ALFREDO BENAVIDES CRUCE CON AV. JUAN DE LA FUENTE MIRAFLORES            MIRAFLORES","ACCIDENTE VEHICULAR","AMB-11, M28-1, RES-16",-12.1259141070842,-77.0210436935353
2016-006544,30-01-2016,"01:09:53 a.m.","URB SAN MIGUEL            ICA",INCENDIO,"AMB-22, M22-1",,
2016-006543,30-01-2016,"01:02:07 a.m.","AV. GUILLERMO PRESCOTT CRUCE CON AV. 2 DE MAYO SAN ISIDRO            SAN ISIDRO","ACCIDENTE VEHICULAR","AMB-202, M100-1, M4-1",-12.0926344199826,-77.0475291454933
2016-006542,30-01-2016,"01:00:18 a.m.","  CL. MANUEL POZO 193        LOS OLIVOS","EMERGENCIA MEDICA",SAMU-168,-11.9688704165416,-77.0740218411053
2016-006541,30-01-2016,"12:59:39 a.m.","  CL. MANUEL POZO DPTO 402 193        LOS OLIVOS","EMERGENCIA MEDICA",AMB124-2,-11.9688704165416,-77.0740218411053
2016-006540,30-01-2016,"12:54:43 a.m.","  AV. AVIACION 4400       SURQUILLO","EMERGENCIA MEDICA",AMB-11,-12.1203235576214,-76.9980603235492
2016-006539,30-01-2016,"12:50:32 a.m.","  CL. SAN MARTIN 554        SAN JUAN DE LURIGANCHO","MATERIALES PELIGROSOS (INCIDENTE)","M121-1, SAMU-121",-11.9737780431471,-77.0059201201873
2016-006538,30-01-2016,"12:49:16 a.m.","  PR. JAVIER PRADO ESTE 7000       LA MOLINA","EMERGENCIA MEDICA",MED-96,-12.0661418283731,-76.942317074296
2016-006537,30-01-2016,"12:43:38 a.m.","KM 9 CARRETETRA CENTRAL            ATE","EMERGENCIA MEDICA",AMB-169,,
2016-006536,30-01-2016,"12:28:57 a.m.","UR. SAN JUAN MASIAS B1  LT 16            CALLAO","EMERGENCIA MEDICA",AMB-161,-11.999170902704,-77.1166831817216
2016-006535,30-01-2016,"12:14:10 a.m.","  JR. TIAHUANACO 615        SAN JUAN DE LURIGANCHO","EMERGENCIA MEDICA",AMB-2,-12.0258197925296,-77.0033816175779
2016-006534,30-01-2016,"12:03:17 a.m.","AS. EL ROBLE  CALLE   LIMA  MZ.   C    LOTE    13            CARABAYLLO","MATERIALES PELIGROSOS (INCIDENTE)","AMB-164, M164-1",-11.8772240031028,-77.0236596702765
2016-006533,30-01-2016,"12:03:00 a.m.","  CL. COMANDANTE ESPINAR 261        BELLAVISTA","EMERGENCIA MEDICA",AMB-60,-12.0616912160438,-77.1308321027577
2016-006532,30-01-2016,"12:00:05 a.m.","  CL. BERNARDO ALCEDO (5) 445        SANTIAGO DE SURCO","EMERGENCIA MEDICA",AMB134-2,-12.1545771889167,-76.9859667460612
