ID,FECHA,HORA,DIRECCION,TIPO,UNIDADES,"CORDENADAS (lat)","CORDENADAS (lng)"
2016-012640,22-02-2016,"11:49:54 p.m.","AV LIMA NORTE  359        ","EMERGENCIA MEDICA",AMB-32,,
2016-012639,22-02-2016,"11:40:10 p.m.","PROLONGACION GRAU            HUARAL","EMERGENCIA MEDICA",AMB-32,,
2016-012638,22-02-2016,"11:34:58 p.m.","  CL. TUPAC AMARU 112        MIRAFLORES","MATERIALES PELIGROSOS (INCIDENTE)","AMB-28, M28-1",-12.1195967726022,-77.0416510436074
2016-012637,22-02-2016,"11:31:33 p.m.","CARRETERAS - PANAMERICANAS PANAMERICANA SUR 10            ","EMERGENCIA MEDICA",AMB-120,-12.1447309659069,-76.9819780170667
2016-012636,22-02-2016,"11:25:52 p.m.","JR  SAN JOSE             ","EMERGENCIA MEDICA",AMB-32,,
2016-012635,22-02-2016,"11:23:23 p.m.","  JR. COLON 818        CALLAO","EMERGENCIA MEDICA","M5-1, MED-5",-12.0611458989374,-77.1361226663177
2016-012634,22-02-2016,"11:13:50 p.m.","MDO MODELO SANTA ROSA             ",INCENDIO,M163-1,,
2016-012633,22-02-2016,"11:03:51 p.m.","AH. JULIO CESAR TELLO P2 LT1            LURIN","EMERGENCIA MEDICA",AMB-129,-12.2459722020988,-76.8945223555879
2016-012632,22-02-2016,"10:52:57 p.m.","MATEO PUMACAHUA CONDOMINI MANDAMIENTO             HUACHO","EMERGENCIA MEDICA",AMB-20,,
2016-012631,22-02-2016,"10:46:33 p.m.","  CL. COMANDANTE ESPINAR 700        BELLAVISTA","EMERGENCIA MEDICA",MED-5,-12.0655997568184,-77.1322380624135
2016-012630,22-02-2016,"10:42:34 p.m.","AV. ARIOSTO MATELLINI CRUCE CON AV. GUARDIA PERUANA CHORRILLOS            CHORRILLOS","EMERGENCIA MEDICA",AMB-13,-12.1764958019531,-77.0069404917705
2016-012629,22-02-2016,"10:40:26 p.m.","  AV. CORONEL SAMUEL ALCAZAR 800        RIMAC","EMERGENCIA MEDICA",AMB-21,-12.026622866024,-77.0336568065204
2016-012628,22-02-2016,"10:33:20 p.m.","URB. SAN FRANCISCO DE ASIS MZ B LT 14             ATE","EMERGENCIA MEDICA",AMB-21,,
2016-012627,22-02-2016,"10:32:37 p.m.","  AV. SAN JUAN MASIAS   mz  o lote  16  pasaje piura   000        CALLAO","EMERGENCIA MEDICA",AMB-7,-11.9998985173545,-77.1181429728687
2016-012626,22-02-2016,"10:27:48 p.m.","calle bolognesi  1            CHANCAY","EMERGENCIA MEDICA",AMB-80,,
2016-012625,22-02-2016,"10:15:59 p.m.","JR. ROMA CRUCE CON CL. BERLIN (MARISCAL RAMON CASTILLA) MIRAFLORES            MIRAFLORES","ACCIDENTE VEHICULAR","AMB-11, M28-1",-12.1201407977806,-77.038077606648
2016-012624,22-02-2016,"10:11:35 p.m.","AV. UNIVERSITARIA NORTE CRUCE CON AV. TOMAS VALLE LOS OLIVOS            LOS OLIVOS","EMERGENCIA MEDICA","AMB-11, M28-1",-12.0124565311913,-77.0797056815554
2016-012623,22-02-2016,"10:10:31 p.m.","  AV. DEL EJERCITO (AUGUSTO PEREZ ARANIBAR) 100        MIRAFLORES","EMERGENCIA MEDICA",AMB-28,-12.1184323159496,-77.0432280801711
2016-012622,22-02-2016,"10:08:53 p.m.","  AV. CARLOS IZAGUIRRE (2) 1800       SAN MARTIN DE PORRES","EMERGENCIA MEDICA",SAMU-168,-11.9913078466341,-77.0870942530962
2016-012621,22-02-2016,"09:58:02 p.m.","PLAZUELA SINCUENTENARIO            HUACHO","EMERGENCIA MEDICA",AMB-20,,
2016-012620,22-02-2016,"09:46:43 p.m.","DISTRITO CAJAYA             SAN CLEMENTE","EMERGENCIA MEDICA",AMB-157,,
2016-012619,22-02-2016,"09:44:08 p.m.","  JR. HUAURA 239        ","EMERGENCIA MEDICA",AMB-8,-12.051468266368,-77.0086978053849
2016-012618,22-02-2016,"09:41:06 p.m.","  CL. LIBERTADOR SIMON BOLIVAR 193        EL AGUSTINO","EMERGENCIA MEDICA",AMB-8,-12.0568503532905,-77.0075598245658
2016-012617,22-02-2016,"09:17:34 p.m.","  AV. CUSCO URB SAN JUAN MASIAS 100        CALLAO","EMERGENCIA MEDICA",MED-5,-11.9978305326416,-77.1206886726419
2016-012616,22-02-2016,"09:09:47 p.m.","  CL. JUAN GABRIEL CHARIARSE 403        SAN JUAN DE MIRAFLORES","EMERGENCIA MEDICA",AMB134-2,-12.1545331775584,-76.9737839570162
2016-012615,22-02-2016,"09:08:50 p.m.",,"EMERGENCIA MEDICA",MED-18,-12.0578418021422,-77.123005552101
2016-012614,22-02-2016,"09:07:35 p.m.","CLL  8 130        SAN BORJA","EMERGENCIA MEDICA",AMB-11,,
2016-012613,22-02-2016,"09:03:30 p.m.","  AV. VICTOR RAUL HAYA DE LA TORRE (9 DE OCTUBRE) 538        LA PERLA",RESCATE,M60-1,-12.0726507480792,-77.1115896571502
2016-012612,22-02-2016,"08:55:46 p.m.","  CL. MADRID (B) 280        ",INCENDIO,"AMB-7, M5-1, M60-1, M7-5",-12.0722825778246,-77.1083482548064
2016-012611,22-02-2016,"08:53:21 p.m.","  JR. OTUZCO 169        LA PERLA","EMERGENCIA MEDICA","AMB-7, M5-1, M60-1, M7-5",-12.0701923592796,-77.1133039730744
2016-012610,22-02-2016,"08:47:06 p.m.","  AV. REDUCTO 1300       MIRAFLORES","EMERGENCIA MEDICA",AMB-28,-12.1320260129718,-77.0235773698061
2016-012609,22-02-2016,"08:45:53 p.m.","  CL. RICARDO PALMA 330        BELLAVISTA","EMERGENCIA MEDICA","AMB-60, MED-5",-12.0538909725816,-77.0906157336518
2016-012608,22-02-2016,"08:40:53 p.m.","UR. SAN DIEGO DE VIPOL V LOTE 41            SAN MARTIN DE PORRES","EMERGENCIA MEDICA","AMB-60, MED-5",-11.9405854729206,-77.0854283131218
2016-012607,22-02-2016,"08:35:38 p.m.","  JR. ANCASH 813        CALLAO","EMERGENCIA MEDICA",MED-18,-12.0654080086025,-77.1359578541041
2016-012606,22-02-2016,"08:32:35 p.m.","CULTURA WARI CRUCE AV FERROCARRIL            SANTA ANITA","EMERGENCIA MEDICA","AMB-138, M138-4",,
2016-012605,22-02-2016,"08:30:19 p.m.","  AV. DEFENSORES DEL MORRO (HUAYLAS) 1000       CHORRILLOS","EMERGENCIA MEDICA","AMB-13, AMB-6",-12.1736102452134,-77.0198913131463
2016-012604,22-02-2016,"08:28:11 p.m.","  CL. BOULEVARD ROOSEVELT (PINEROLO) 600        SAN ISIDRO","EMERGENCIA MEDICA",AMB-4,-12.1036068443944,-77.0453150055179
2016-012603,22-02-2016,"08:26:02 p.m.","  JR. LOS MANZANOS 616        SAN ISIDRO","EMERGENCIA MEDICA","AMB-202, M202-1, RESLIG-100",-12.1020733570439,-77.0525441131551
2016-012602,22-02-2016,"08:20:33 p.m.",,"EMERGENCIA MEDICA",AMB-8,-12.0615120439406,-76.990656360058
2016-012601,22-02-2016,"08:17:12 p.m.","  AV. JOSE MARIA SEGUIN 250        SAN JUAN DE MIRAFLORES","EMERGENCIA MEDICA",AMB-120,-12.1682398595995,-76.9707030582265
2016-012600,22-02-2016,"08:16:51 p.m.","  AV. JOSE MARIA SEGUIN 250        SAN JUAN DE MIRAFLORES","EMERGENCIA MEDICA","AMB-120, AMB134-2",-12.1677828013373,-76.9708220314538
2016-012599,22-02-2016,"08:15:04 p.m.","CALLE INDEPENDENCIA  CDRA  4             ","EMERGENCIA MEDICA",AMB-37,,
2016-012598,22-02-2016,"08:10:34 p.m.","  AV. OSCAR BENAVIDES (COLONIAL) 351        LIMA","EMERGENCIA MEDICA",AMB-14,-12.0468644383219,-77.0462816244623
2016-012597,22-02-2016,"08:09:21 p.m.","  AV. INDUSTRIAL 3728       INDEPENDENCIA","EMERGENCIA MEDICA",SAMU-168,-11.9901893181438,-77.0596361348839
2016-012596,22-02-2016,"08:05:01 p.m.","AV. VICENTE MORALES DUAREZ CRUCE CON AV. NUEVO AEROPUERTO CALLAO            CALLAO","EMERGENCIA MEDICA",AMB-9,-12.0419430615667,-77.1077988017974
2016-012595,22-02-2016,"08:04:31 p.m.","  CL. LOS PACAES  URB VALDIVIEZO 130        SAN MARTIN DE PORRES","EMERGENCIA MEDICA",AMB-65,-12.0237928773485,-77.067642275528
2016-012594,22-02-2016,"07:52:47 p.m.","  AV. FELIPE SANTIAGO SALAVERRY 2200       SAN ISIDRO","EMERGENCIA MEDICA",SAMU-4,-12.087179387121,-77.0500755618348
2016-012593,22-02-2016,"07:51:54 p.m.","  JR. VILCAHUAURA 210        SAN MIGUEL","EMERGENCIA MEDICA",MED-5,-12.0798090547815,-77.1005530702044
2016-012592,22-02-2016,"07:50:33 p.m.","  CL. JULIO CALERO (IGNACIO SEMINARIO) (SANTA FE) 968        ","EMERGENCIA MEDICA",AMB-6,-12.175415815368,-77.0231505667698
2016-012591,22-02-2016,"07:46:14 p.m.","  CL. RIO URUBAMBA 333        EL AGUSTINO","EMERGENCIA MEDICA",AMB-6,-12.0439137756951,-76.9880285776859
2016-012590,22-02-2016,"07:42:21 p.m.","AV. EDILBERTO RAMOS (MARIANO PASTOR SEVILLA) (FORESTAL) CRUCE CON AV. JOSE CARLOS MARIATEGUI VILLA EL SALVADOR            VILLA EL SALVADOR","ACCIDENTE VEHICULAR","AMB-155, M106-3, M160-1",-12.2259382396479,-76.9413081542687
2016-012589,22-02-2016,"07:37:40 p.m.","AV. BOLIVIA 100        LIMA","EMERGENCIA MEDICA",AMB-202,-12.0557630706086,-77.0373304967029
2016-012588,22-02-2016,"07:32:48 p.m.","  CL. SANTA CRUZ 741        VILLA MARIA DEL TRIUNFO","EMERGENCIA MEDICA",AMB-120,-12.1648271996676,-76.9493713076601
2016-012587,22-02-2016,"07:29:49 p.m.","ESTACIOI            ","EMERGENCIA MEDICA","AMB-16, MED-16",,
2016-012586,22-02-2016,"07:29:21 p.m.","AS. SAN ANTONIO DE CARAPONGO   AV   CARAPONGO ALT DEL MERCADO            LURIGANCHO",RESCATE,"M169-1, MED-96, RES-96",,
2016-012585,22-02-2016,"07:28:59 p.m.","VIRGEN DE FATIMA             SAN JUAN DE LURIGANCHO","EMERGENCIA MEDICA",SAMU-121,,
2016-012584,22-02-2016,"07:28:54 p.m.","  AV. AUGUSTO PEREZ ARANIBAR (DEL EJERCITO) 1600       SAN ISIDRO","ACCIDENTE VEHICULAR","AMB-16, M100-1, M202-1",-12.1075173517154,-77.054188587025
2016-012583,22-02-2016,"07:26:08 p.m.","SAN MIGUEL 328        ICA","EMERGENCIA MEDICA",AMB-22,,
2016-012582,22-02-2016,"07:25:00 p.m.","YANACOTO             LURIGANCHO","EMERGENCIA MEDICA",AMB-32-2,,
2016-012581,22-02-2016,"07:24:41 p.m.","  JR. SANDIA 466        LIMA","EMERGENCIA MEDICA",AMB-14,-12.0588361221211,-77.0329904887018
2016-012580,22-02-2016,"07:15:13 p.m.","  AV. JOSE PARDO 975        MIRAFLORES","EMERGENCIA MEDICA","AMB-11, AMB-28",-12.1189604201528,-77.0385291266871
2016-012579,22-02-2016,"07:14:24 p.m.","AV. EDILBERTO RAMOS (MARIANO PASTOR SEVILLA) (FORESTAL) CRUCE CON AV. SIMON BOLIVAR VILLA EL SALVADOR            VILLA EL SALVADOR","EMERGENCIA MEDICA","AMB-155, SAMU-105",-12.2210347161085,-76.9440930021591
2016-012578,22-02-2016,"07:13:42 p.m.","  AV. GRAU 1700       LIMA","EMERGENCIA MEDICA",AMB-14,-12.0547782027418,-77.0133657534014
2016-012577,22-02-2016,"07:11:28 p.m.","  JR. LOS ZAFIROS  BALCONCILLO 261        LA VICTORIA","EMERGENCIA MEDICA",SAMU-4,-12.0803705474436,-77.0254788868936
2016-012576,22-02-2016,"07:08:17 p.m.","  CL. LAS LILAS 400        ","EMERGENCIA MEDICA",AMB-8,-12.0864007917943,-77.0260641003646
2016-012575,22-02-2016,"07:07:04 p.m.","CARRETERAS - PANAMERICANAS CARRETERA CENTRAL 13.5            ATE","EMERGENCIA MEDICA",MED-96,-12.0087565732438,-76.8630691514878
2016-012574,22-02-2016,"07:04:19 p.m.","  AV. JAVIER LUNA PIZARRO 200        LA VICTORIA","MATERIALES PELIGROSOS (INCIDENTE)",AMB-8,-12.0609818039654,-77.0280370729627
2016-012573,22-02-2016,"07:02:46 p.m.","  MA. 28 DE JULIO (DE LOS FRANCESES) 211        MIRAFLORES","EMERGENCIA MEDICA",AMB-28,-12.1254592877506,-77.0330900160285
2016-012572,22-02-2016,"07:01:41 p.m.","PROLONGACION SALAVERRY             HUACHO","EMERGENCIA MEDICA",AMB-20,,
2016-012571,22-02-2016,"06:48:33 p.m.",,"EMERGENCIA MEDICA",AMB-14,-12.0594998028827,-77.0493810716305
2016-012570,22-02-2016,"06:43:54 p.m.","CARRETERAS - PANAMERICANAS ANTIGUA PANAMERICANA SUR 40            LURIN","EMERGENCIA MEDICA",AMB-129,-12.2991778968522,-76.8479548244506
2016-012569,22-02-2016,"06:42:58 p.m.","ESTAVCION DE TREN MARIA AUXILIADORA            VILLA MARIA DEL TRIUNFO",RESCATE,"AMB-120, M106-3",,
2016-012568,22-02-2016,"06:38:35 p.m.","  AV. ARENALES 1031       LIMA","EMERGENCIA MEDICA",AMB-8,-12.0752768082881,-77.0369496279765
2016-012567,22-02-2016,"06:36:33 p.m.","  PJ. PUNTA BRAVA 132        SAN MIGUEL","EMERGENCIA MEDICA",SAMU-83,-12.0651069125204,-77.1016518797164
2016-012566,22-02-2016,"06:35:27 p.m.","  AV. IQUITOS 1800       LINCE","EMERGENCIA MEDICA",AMB-202,-12.0821090875345,-77.0283634859781
2016-012565,22-02-2016,"06:26:22 p.m.","  CL. ALFONSO UGARTE 651        BELLAVISTA","EMERGENCIA MEDICA",MED-18,-12.06636715558,-77.1285024709996
2016-012564,22-02-2016,"06:25:58 p.m.","AV. PANAMERICANA NORTE (ALFREDO MENDIOLA) CRUCE CON AV. EDUARDO DE HABICH SAN MARTIN DE PORRES            SAN MARTIN DE PORRES","EMERGENCIA MEDICA",AMB-65,-12.0290001690289,-77.0588142501739
2016-012563,22-02-2016,"06:22:25 p.m.","  AV. REDUCTO 1290       MIRAFLORES","EMERGENCIA MEDICA",AMB-28,-12.1311673135787,-77.0234325480736
2016-012562,22-02-2016,"06:21:57 p.m.","  AV. LOS CONQUISTADORES 145        SAN ISIDRO","EMERGENCIA MEDICA",SAMU-4,-12.0973770996656,-77.0359021831525
2016-012561,22-02-2016,"06:21:16 p.m.","  AV. PIURA (LA CHALACA)    MZ  2 - C    LT  30 DULANTE 000        ","EMERGENCIA MEDICA",AMB-60,-12.045170452882,-77.0990619889226
2016-012560,22-02-2016,"06:21:11 p.m.",,"EMERGENCIA MEDICA",SAMU-2,-12.0502855637195,-77.0357480231267
2016-012559,22-02-2016,"06:18:34 p.m.",,"EMERGENCIA MEDICA",AMB-14,-12.0592832951607,-77.0512775734697
2016-012558,22-02-2016,"06:04:56 p.m.","AL. SAN LORENZO  URB  LOS CEDROS DE VILLA  645        CHORRILLOS","EMERGENCIA MEDICA",AMB-13,,
2016-012557,22-02-2016,"06:04:12 p.m.","  AV. ENRIQUE MEIGGS (22 DE DICIEMBRE) 1700       LIMA","EMERGENCIA MEDICA",AMB-65,-12.0385462480871,-77.0644496897602
2016-012556,22-02-2016,"06:01:09 p.m.","  JR. ALBERTO SECADA 231        CALLAO","EMERGENCIA MEDICA",MED-18,-12.0636289134392,-77.1460104259636
2016-012555,22-02-2016,"06:00:35 p.m.","  JR. HUANCAVELICA 124        LIMA",INCENDIO,M3-1,-12.0477381138319,-77.0331897892362
2016-012554,22-02-2016,"05:58:08 p.m.","RESIDENCIAL CALLAO 151        SAN MIGUEL","EMERGENCIA MEDICA",M3-1,-12.089126066045,-77.0755310545982
2016-012553,22-02-2016,"05:43:55 p.m.","ATENA            ",RESCATE,M100-1,,
2016-012552,22-02-2016,"05:40:38 p.m.","AV. FERNANDO WIESE (PROCERES DE LA INDEPENDENCIA) CRUCE CON AV. SAN MARTIN DE PORRAS SAN JUAN DE LURIGANCHO            SAN JUAN DE LURIGANCHO","MATERIALES PELIGROSOS (INCIDENTE)","M121-1, SAMU-121",-11.9720568217618,-76.996727573563
2016-012551,22-02-2016,"05:24:43 p.m.","  AV. GUILLERMO DE LA FUENTE 300        COMAS",INCENDIO,"AMB-65, M150-3, M164-1, M168-1",-11.9415958402491,-77.062026148511
2016-012550,22-02-2016,"05:22:45 p.m.","  AV. JOSE GALVEZ 1083       LIMA","MATERIALES PELIGROSOS (INCIDENTE)","AMB-202, MATPEL-4",-12.0743228063271,-77.0306026181322
2016-012549,22-02-2016,"05:21:44 p.m.","  AV. RINCONADA DEL LAGO 1048       ","MATERIALES PELIGROSOS (INCIDENTE)","MED-96, RES-127, RES-96",-12.0958148498788,-76.9248855665698
2016-012548,22-02-2016,"05:20:09 p.m.","AV. ARIOSTO MATELLINI CRUCE CON AV. PASEO DE LA REPUBLICA CHORRILLOS            CHORRILLOS","EMERGENCIA MEDICA",AMB-6,-12.1791408177755,-77.0100335428079
2016-012547,22-02-2016,"05:18:52 p.m.","MEGA QUINDES            ICA","EMERGENCIA MEDICA",AMB-22,,
2016-012546,22-02-2016,"05:17:13 p.m.","CENTRO POBLADO EL TREBOL            HUARAL","EMERGENCIA MEDICA",AMB-22,,
2016-012545,22-02-2016,"05:12:27 p.m.","HOSPITAL DE POLICIA            JESUS MARIA","EMERGENCIA MEDICA",MED-34,,
2016-012544,22-02-2016,"05:09:34 p.m.","AV. PACASMAYO CRUCE CON AV. EL OLIVAR CALLAO            CALLAO","EMERGENCIA MEDICA",AMB-9,-12.0201397130724,-77.0968825512257
2016-012543,22-02-2016,"05:06:08 p.m.","AS   LOS OLIVOS MZ D LT 20 000        SAN MARTIN DE PORRES","EMERGENCIA MEDICA",SAMU-161,-11.9942456411448,-77.0898585981026
2016-012542,22-02-2016,"04:59:02 p.m.","  JR. SOLDADO CABADA (CONDESA) 429        BARRANCO",INCENDIO,M16-1,-12.1351498470413,-77.0210795933456
2016-012541,22-02-2016,"04:54:52 p.m.","UR. LOS GIRASOLES (LOS GIRASOLES DE HUAMPANI)             LURIGANCHO","EMERGENCIA MEDICA",AMB-115,-11.9731012776477,-76.7799539876746
2016-012540,22-02-2016,"04:49:16 p.m.","  AV. CESAR MORELLI 150        SAN BORJA","EMERGENCIA MEDICA",AMB-11,-12.0886588577549,-77.0042347498767
2016-012539,22-02-2016,"04:38:56 p.m.","PR. TACNA CRUCE CON JR. QUILCA LIMA            LIMA","EMERGENCIA MEDICA","M3-1, SAMU-14",-12.0509826951676,-77.0398656054578
2016-012538,22-02-2016,"04:28:57 p.m.","  AV. GREGORIO ESCOBEDO (ORTIZ DE ZEVALLOS) 800        JESUS MARIA","EMERGENCIA MEDICA",AMB-202,-12.088085811144,-77.0561900336205
2016-012537,22-02-2016,"04:28:06 p.m.","  JR. CANGALLO 127        LIMA","EMERGENCIA MEDICA",SAMU-2,-12.0490224354405,-77.0212440765406
2016-012536,22-02-2016,"04:21:30 p.m.","  AV. JORGE BASADRE ESTE 371        ","EMERGENCIA MEDICA",SAMU-121,-11.9897929956337,-77.0061102044673
2016-012535,22-02-2016,"04:20:29 p.m.","  AV. 2 DE MAYO 1478       SAN ISIDRO",RESCATE,M202-1,-12.0924165407649,-77.0458450074879
2016-012534,22-02-2016,"04:19:22 p.m.","  CL. LOS PORTALES (APURIMAC) (L) 3875       SAN MARTIN DE PORRES","EMERGENCIA MEDICA",M202-1,,
2016-012533,22-02-2016,"04:07:02 p.m.","  AV. CARLOS VILLARAN 790        LA VICTORIA",RESCATE,M202-1,-12.0886658131946,-77.0187472145986
2016-012532,22-02-2016,"04:03:31 p.m.","  AV. TOMAS VALLE 1900       SAN MARTIN DE PORRES","ACCIDENTE VEHICULAR","AMB-60, M161-1, M9-1",-12.0129253411206,-77.0848401068397
2016-012531,22-02-2016,"04:02:53 p.m.","  CL. 11 115        RIMAC","EMERGENCIA MEDICA","AMB-60, M161-1, M9-1",-12.0373529815455,-77.022765757838
2016-012530,22-02-2016,"04:01:43 p.m.",,"EMERGENCIA MEDICA",SAMU-16,-12.1433818858637,-77.0225300467746
2016-012529,22-02-2016,"03:52:23 p.m.","  AV. PASEO DE LA REPUBLICA 5200       MIRAFLORES","ACCIDENTE VEHICULAR","AMB-28, M11-1, M16-1",-12.1170845982345,-77.0263920825628
2016-012528,22-02-2016,"03:47:28 p.m.","  JR. PEDRO SOLARI (INDEPENDENCIA) 228        CHORRILLOS","EMERGENCIA MEDICA",AMB-13,-12.1560961870692,-77.0224768715374
2016-012527,22-02-2016,"03:46:19 p.m.","ISABEL LA CATOLICA            LA VICTORIA","EMERGENCIA MEDICA",AMB-13,,
2016-012526,22-02-2016,"03:44:09 p.m.","PAN  SUR  KM     EL CARMEN CHINCHA            CHINCHA BAJA","ACCIDENTE VEHICULAR","AMB-157, M38-5",,
2016-012525,22-02-2016,"03:38:54 p.m.","  CL. ROBERT KENNEDY 241        PUEBLO LIBRE","EMERGENCIA MEDICA",AMB-36,-12.0714624669727,-77.0753165585621
2016-012524,22-02-2016,"03:37:16 p.m.",,"EMERGENCIA MEDICA",SAMU-14,-12.0532283516468,-77.0551065745352
2016-012523,22-02-2016,"03:34:17 p.m.","  AV. TUPAC AMARU 576        COMAS","EMERGENCIA MEDICA",SAMU-161,-11.9627962802741,-77.0545966342628
2016-012522,22-02-2016,"03:29:47 p.m.","  AV. ARENALES 483        LIMA","MATERIALES PELIGROSOS (INCIDENTE)","AMB-202, M202-1",-12.0691638654764,-77.0378457641009
2016-012521,22-02-2016,"03:24:13 p.m.","CL. CIPRIANO RIVAS CRUCE CON CL. JOAQUIN BERNAL SAN JUAN DE MIRAFLORES            SAN JUAN DE MIRAFLORES","EMERGENCIA MEDICA",SAMU-134,-12.1590618820822,-76.9675415427251
2016-012520,22-02-2016,"03:17:42 p.m.","COMERCIAL HIPERMERCADO TOTTUS            SAN JUAN DE MIRAFLORES","EMERGENCIA MEDICA",AMB-120,-12.1476302563564,-76.9813188036494
2016-012519,22-02-2016,"03:15:56 p.m.","  AV. PACASMAYO 3800       SAN MARTIN DE PORRES","EMERGENCIA MEDICA",AMB-65,-12.0248069754113,-77.0876041210104
2016-012518,22-02-2016,"03:14:45 p.m.",,"EMERGENCIA MEDICA",SAMU-14,-12.0561333443426,-77.0532805859105
2016-012517,22-02-2016,"03:11:29 p.m.","AV. DE LAS ARTES NORTE CRUCE CON AV. SAN LUIS SAN BORJA            SAN BORJA",INCENDIO,"AMB-8, M11-1",,
2016-012516,22-02-2016,"03:11:01 p.m.","PLYA SOMBRILLAS            ","EMERGENCIA MEDICA",AMB-28,,
2016-012515,22-02-2016,"03:04:00 p.m.","  PJ. GABRIEL DELGADO 545        LIMA","EMERGENCIA MEDICA",AMB-28,-12.0500702854221,-77.0405595936231
2016-012514,22-02-2016,"03:03:34 p.m.","  PJ. GABRIEL DELGADO 500        LIMA","EMERGENCIA MEDICA",SAMU-14,-12.0504600136839,-77.0399801171892
2016-012513,22-02-2016,"02:58:28 p.m.","  CL. LAS AGUILAS 320        SURQUILLO","MATERIALES PELIGROSOS (INCIDENTE)","AMB-11, M28-1",-12.1033547397838,-77.0262985976747
2016-012512,22-02-2016,"02:54:33 p.m.","PQ. PEDRO RUIZ GALLO  MZ  F  LT   7  000        CALLAO","EMERGENCIA MEDICA","AMB-11, M28-1",-12.050667243654,-77.1027063925194
2016-012511,22-02-2016,"02:52:57 p.m.","  AV. COSTA VERDE (CIRCUITO DE PLAYAS) 000        MIRAFLORES","EMERGENCIA MEDICA",AMB-28,-12.1112835559603,-77.0531944118652
2016-012510,22-02-2016,"02:50:36 p.m.","  CL. INCA GARCILAZO DE LA VEGA 333        ATE","EMERGENCIA MEDICA",SAMU-176,-12.0758437002598,-76.9864329766637
2016-012509,22-02-2016,"02:46:44 p.m.","CO. MUSA (RECAUDADORES) 9 LOTE 5             LA MOLINA","EMERGENCIA MEDICA",MED-96,-12.0863412586809,-76.8895235095865
2016-012508,22-02-2016,"02:44:31 p.m.","  AV. GREGORIO ESCOBEDO (ORTIZ DE ZEVALLOS) 830        JESUS MARIA","EMERGENCIA MEDICA",AMB-36,-12.0876038026935,-77.0559790847027
2016-012507,22-02-2016,"02:44:31 p.m.","  CL. SANTA ELENA 000        PUENTE PIEDRA","EMERGENCIA MEDICA",MED-163,-11.8354088942956,-77.1065886083811
2016-012506,22-02-2016,"02:43:39 p.m.","  AV. LA MARINA 1464       SAN MIGUEL",INCENDIO,"M36-1, M83-1",-12.0795287373504,-77.077383951276
2016-012505,22-02-2016,"02:36:13 p.m.","  CL. RICARDO PALMA 1014       VILLA MARIA DEL TRIUNFO","EMERGENCIA MEDICA",SAMU-106,-12.1609618406096,-76.9385846375335
2016-012504,22-02-2016,"02:25:06 p.m.","AV. RICARDO RIVERA NAVARRETE (LAS MAGNOLIAS) CRUCE CON JR. JUAN DE ARONA SAN ISIDRO            SAN ISIDRO","EMERGENCIA MEDICA",AMB-11,-12.0962618126252,-77.0262895523447
2016-012503,22-02-2016,"02:18:55 p.m.","  JR. UCAYALI 652        LIMA","EMERGENCIA MEDICA",SAMU-2,-12.0506482814826,-77.0262990309952
2016-012502,22-02-2016,"02:15:34 p.m.","  AV. CANTO GRANDE  CANTO BELLO  3257       SAN JUAN DE LURIGANCHO","EMERGENCIA MEDICA",SAMU-121,-11.9747934540992,-77.0087243936758
2016-012501,22-02-2016,"02:15:29 p.m.","AH DIOS TE AMA            PISCO",INCENDIO,"AUX-37, CIST90-4",,
2016-012500,22-02-2016,"02:12:07 p.m.","  AV. HEROES DEL ALTO CENEPA (TRAPICHE) 200        COMAS","EMERGENCIA MEDICA",AMB-65,-11.9293855746959,-77.0671568873148
2016-012499,22-02-2016,"02:11:10 p.m.","  AV. SAN BORJA NORTE (ENRIQUE GARCIA SAYAN) 1233       SAN BORJA",INCENDIO,M11-1,-12.0945955384756,-76.9922497558101
2016-012498,22-02-2016,"01:57:59 p.m.","  CL. LOS CISNES 594        SAN ISIDRO","EMERGENCIA MEDICA",AMB-11,-12.1020055297319,-77.0234864859513
2016-012497,22-02-2016,"01:55:03 p.m.","AV. LOS ALISOS CRUCE CON AV. TUPAC AMARU (GERARDO UNGER) INDEPENDENCIA            ","ACCIDENTE VEHICULAR","AMB-21, AMB-65, M168-1, M65-2",-11.9830794343959,-77.0588356232395
2016-012496,22-02-2016,"01:45:19 p.m.","  JR. ANCASH 1070       LIMA","EMERGENCIA MEDICA",SAMU-21,-12.0474880835981,-77.0190279529775
2016-012495,22-02-2016,"01:39:17 p.m.","  CL. ECONOMOS 194        LA MOLINA","EMERGENCIA MEDICA",MED-96,-12.0668317107528,-76.9577809945097
2016-012494,22-02-2016,"01:36:34 p.m.","PARADERO 14 DE AV BAYOVAR             SAN JUAN DE LURIGANCHO","EMERGENCIA MEDICA",SAMU-121,,
2016-012493,22-02-2016,"01:36:29 p.m.","PANAMERICANA SUR KM 299            ICA","EMERGENCIA MEDICA",AMB-22,,
2016-012492,22-02-2016,"01:33:54 p.m.",,"EMERGENCIA MEDICA",AMB-36,-12.0819170618444,-77.0321939984952
2016-012491,22-02-2016,"01:30:35 p.m.","  AV. REPUBLICA DE VENEZUELA 709        LA PERLA","EMERGENCIA MEDICA",AMB-60,-12.0645815240301,-77.1143184256307
2016-012490,22-02-2016,"01:30:10 p.m.","  JR. 21 DE SETIEMBRE 748        COMAS","EMERGENCIA MEDICA",AMB-60,-11.9548027458439,-77.0506100269185
2016-012489,22-02-2016,"01:28:39 p.m.","  AV. PASEO DE LA REPUBLICA 400        LA VICTORIA","EMERGENCIA MEDICA",AMB-8,-12.0618242801093,-77.0343705767446
2016-012488,22-02-2016,"01:22:10 p.m.",,"EMERGENCIA MEDICA",SAMU-161,-11.9699759134777,-77.0803088400936
2016-012487,22-02-2016,"01:22:06 p.m.","  AV. ABEL BERGASSE DU PETIT THOUARS 2685       LINCE","EMERGENCIA MEDICA",AMB-202,-12.0900479954877,-77.0325756273303
2016-012486,22-02-2016,"01:17:10 p.m.","  JR. ENRIQUE LEON GARCIA 559        SANTIAGO DE SURCO","EMERGENCIA MEDICA",AMB134-2,-12.1250188265059,-76.9946550249701
2016-012485,22-02-2016,"12:59:18 p.m.","  CL. JOSE SANTOS CHOCANO 402        ","EMERGENCIA MEDICA",AMB134-2,,
2016-012484,22-02-2016,"12:49:42 p.m.","PR. JAVIER PRADO ESTE CRUCE CON CL. MATEO PUMACAHUA (9) LA MOLINA            LA MOLINA","EMERGENCIA MEDICA",MED-96,-12.0677619565138,-76.946272443736
2016-012483,22-02-2016,"12:47:50 p.m.","  AV. AVIACION 2900       SAN BORJA","EMERGENCIA MEDICA",AMB-28,-12.0987848254251,-77.0020870487512
2016-012482,22-02-2016,"12:47:45 p.m.","JR. ROUSSEAU CRUCE CON AV. JAVIER PRADO ESTE SAN BORJA            SAN BORJA","EMERGENCIA MEDICA",AMB-11,-12.0865466910985,-76.9909575536213
2016-012481,22-02-2016,"12:46:30 p.m.","  JR. JOSE GALVEZ (JOSE R. VALENCIA) 636        MAGDALENA DEL MAR","EMERGENCIA MEDICA",AMB-11,-12.090105824663,-77.0739665839201
2016-012480,22-02-2016,"12:43:37 p.m.","ESPERANZA BAJA             HUARAL","EMERGENCIA MEDICA",AMB-44,,
2016-012479,22-02-2016,"12:42:40 p.m.","AV GRAU POLLERIA CHICKEN             PUENTE PIEDRA",INCENDIO,M150-1,,
2016-012478,22-02-2016,"12:37:48 p.m.","  AV. LOS PROCERES DE LA INDEPENDENCIA (CANTO GRANDE) 1200       SAN JUAN DE LURIGANCHO","ACCIDENTE VEHICULAR","M121-1, M2-1, SAMU-121",-12.013910757668,-77.0016703978797
2016-012477,22-02-2016,"12:33:42 p.m.","  JR. LOS ALAMOS 141        SANTIAGO DE SURCO","EMERGENCIA MEDICA",SAMU-138,-12.0932877510071,-76.9712837040731
2016-012476,22-02-2016,"12:27:33 p.m.","  CL. ELIAS AGUIRRE 300        BELLAVISTA","EMERGENCIA MEDICA","MED-34, MED-5",-12.0632066641535,-77.1308241992754
2016-012475,22-02-2016,"12:25:05 p.m.","  CL. CASSINELLI 123        RIMAC","EMERGENCIA MEDICA",AMB-21,-12.0281762639684,-77.0297620108717
2016-012474,22-02-2016,"12:24:55 p.m.","  CL. ENRIQUE VILLAR 520        LIMA","EMERGENCIA MEDICA",AMB-8,-12.076241782276,-77.0325345633604
2016-012473,22-02-2016,"12:24:05 p.m.","  JR. TOMAS RAMSEY 904        MAGDALENA DEL MAR","EMERGENCIA MEDICA",MED-36,-12.092276743309,-77.0581126929113
2016-012472,22-02-2016,"12:19:14 p.m.","  AV. ABEL BERGASSE DU PETIT THOUARS 3600       SAN ISIDRO","ACCIDENTE VEHICULAR","AMB-28, MATPEL-4, RESLIG-4",-12.0983067488653,-77.0313075771788
2016-012471,22-02-2016,"12:17:20 p.m.","AV. 3 DE OCTUBRE (PAITA) CRUCE CON AV. EDILBERTO RAMOS (MARIANO PASTOR SEVILLA) (FORESTAL) VILLA EL SALVADOR            VILLA EL SALVADOR","EMERGENCIA MEDICA","AMB-28, MATPEL-4, RESLIG-4",,
2016-012470,22-02-2016,"12:16:01 p.m.","UR. SALAVERRY             MAGDALENA DEL MAR",RESCATE,"AMB-36, ESC-83, M100-1",-12.1028544632582,-77.0620635004395
2016-012469,22-02-2016,"12:15:51 p.m.",,"EMERGENCIA MEDICA",AMB-21,-12.0481542958608,-77.026096330797
2016-012468,22-02-2016,"12:13:10 p.m.","  CL. MANTARO (5) 345        LA PERLA","EMERGENCIA MEDICA",AMB-7,-12.0702071397537,-77.1118272038077
2016-012467,22-02-2016,"12:10:09 p.m.","  CL. HIPOLITO UNANUE 174        BELLAVISTA","EMERGENCIA MEDICA",MED-5,-12.0542867694036,-77.0961631095918
2016-012466,22-02-2016,"12:09:59 p.m.","  AV. SAN MARTIN 590        VILLA MARIA DEL TRIUNFO","EMERGENCIA MEDICA",SAMU-106,-12.1397377378689,-76.9495865802616
2016-012465,22-02-2016,"12:07:04 p.m.","AV BENAVIDES CDRA 900             SAN VICENTE DE CANETE","EMERGENCIA MEDICA",MED-49,,
2016-012464,22-02-2016,"11:57:39 a.m.","  CL. LUIS GODIN 4517       BELLAVISTA","EMERGENCIA MEDICA",MED-49,-12.0540486031804,-77.0965857169878
2016-012463,22-02-2016,"11:57:21 a.m.","ABUGILLAS / CASCANUECES            SANTA ANITA","EMERGENCIA MEDICA",SAMU-138,,
2016-012462,22-02-2016,"11:57:06 a.m.","  JR. CUSCO 100        CALLAO",INCENDIO,"AMB-60, M1-1, M5-1, RES-15",-12.0595029249913,-77.1384665095854
2016-012461,22-02-2016,"11:53:39 a.m.","  AV. RAMON VARGAS MACHUCA 328        SAN JUAN DE MIRAFLORES","EMERGENCIA MEDICA",AMB-120,-12.1657478177682,-76.9742074443799
2016-012460,22-02-2016,"11:53:19 a.m.","  JR. POMALCA (CORICANCHA) 731        SANTIAGO DE SURCO","EMERGENCIA MEDICA",AMB-11,-12.1043129552198,-76.9722293278865
2016-012459,22-02-2016,"11:49:03 a.m.","  AV. RAMON VARGAS MACHUCA 328        SAN JUAN DE MIRAFLORES","EMERGENCIA MEDICA",SAMU-120,-12.1657478177682,-76.9742074443799
2016-012458,22-02-2016,"11:48:10 a.m.","TUPAC AMARU KM 11  000        COMAS","EMERGENCIA MEDICA",SAMU-168,-11.9529227295663,-77.0513344588959
2016-012457,22-02-2016,"11:41:16 a.m.","  CL. SATURNO MZA1 LTE 20 URB OLIMPO  100        ATE","EMERGENCIA MEDICA",SAMU-127,-12.0726910261116,-76.9753803404262
2016-012456,22-02-2016,"11:41:04 a.m.","SECTOR 4.5 SAN CLEMENTE            SAN CLEMENTE","EMERGENCIA MEDICA",AMB-157,,
2016-012455,22-02-2016,"11:35:33 a.m.","COMERCIAL MERCADO MAYORISTA PESQUERO ZONAL            VILLA MARIA DEL TRIUNFO","EMERGENCIA MEDICA",AMB-157,-12.1728679240244,-76.9476470592425
2016-012454,22-02-2016,"11:32:13 a.m.","  JR. CUSCO 851        CALLAO","EMERGENCIA MEDICA",MED-5,-12.0538749190808,-77.1353051592585
2016-012453,22-02-2016,"11:24:37 a.m.","CL. MARIANO CARRANZA CRUCE CON AV. PETIT THOUARS LIMA            LIMA","MATERIALES PELIGROSOS (INCIDENTE)","AMB-8, M4-1, MATPEL-4, RESLIG-4",-12.0754628251148,-77.0346276373353
2016-012452,22-02-2016,"11:23:05 a.m.","  JR. TUMBES 154        RIMAC","EMERGENCIA MEDICA",SAMU-2,-12.0366816071244,-77.02920215373
2016-012451,22-02-2016,"11:13:41 a.m.","  JR. TUMBES 190        RIMAC","EMERGENCIA MEDICA",SAMU-21,-12.0366816071244,-77.02920215373
2016-012450,22-02-2016,"11:05:08 a.m.","  AV. ANGAMOS ESTE (PRIMAVERA) 500        SAN BORJA","EMERGENCIA MEDICA",AMB134-2,-12.1107108880262,-76.9876059543363
2016-012449,22-02-2016,"11:01:41 a.m.","  CL. GENERAL CANTERAC 339        JESUS MARIA","EMERGENCIA MEDICA",AMB-202,-12.0710058659608,-77.0466541468035
2016-012448,22-02-2016,"10:47:28 a.m.","  AV. GENERAL MANUEL DE MENDIBURU 965        MIRAFLORES","EMERGENCIA MEDICA",AMB-28,-12.1120493405668,-77.0481090247859
2016-012447,22-02-2016,"10:42:18 a.m.","  AV. SAN JUAN 1100       SAN JUAN DE MIRAFLORES","EMERGENCIA MEDICA",SAMU-120,-12.1549303063877,-76.9722175310133
2016-012446,22-02-2016,"10:39:06 a.m.","  AV. TACNA 200        SAN MIGUEL","EMERGENCIA MEDICA",SAMU-83,-12.0912248933104,-77.0774256323073
2016-012445,22-02-2016,"10:38:08 a.m.","  CL. LAS GARZAS 369        BELLAVISTA","EMERGENCIA MEDICA",MED-5,-12.0597549939948,-77.0962828570349
2016-012444,22-02-2016,"10:26:23 a.m.","  AV. ANGAMOS ESTE (PRIMAVERA) 1551       SURQUILLO","EMERGENCIA MEDICA",AMB-28,-12.1127223108491,-77.0155250580955
2016-012443,22-02-2016,"10:18:14 a.m.","  AV. LAS AMERICAS 1500       LA VICTORIA",INCENDIO,"M11-1, M4-1, MATPEL-4, SAMU-2",-12.0777131014939,-77.0132110434725
2016-012442,22-02-2016,"10:18:04 a.m.","  AV. LAS AMERICAS 800        LA VICTORIA",INCENDIO,"M11-1, M4-1, M8-1, MATPEL-4, SAMU-2",-12.0761933275666,-77.0192996150863
2016-012441,22-02-2016,"10:16:58 a.m.","MINISTERIO PUBLICO             ICA","EMERGENCIA MEDICA",AMB-22,,
2016-012440,22-02-2016,"10:11:14 a.m.","  CL. MARIA PARADO DE BELLIDO 100        VILLA MARIA DEL TRIUNFO","EMERGENCIA MEDICA",SAMU-106,-12.1717964445975,-76.9474619429872
2016-012439,22-02-2016,"10:10:27 a.m.","CA. PANAMERICANA SUR CRUCE CON AV. EL SOL VILLA EL SALVADOR            VILLA EL SALVADOR","ACCIDENTE VEHICULAR","AMB-120, M106-3, M13-1",-12.2221937627744,-76.974397461351
2016-012438,22-02-2016,"10:06:20 a.m.","A.A.H.H  VILLA DEL CARMEN MZ A LT 4            ","EMERGENCIA MEDICA","AMB-120, M106-3, M13-1",,
2016-012437,22-02-2016,"10:04:40 a.m.","  AV. PETIT THOUARS 200        LIMA","EMERGENCIA MEDICA",AMB-4,-12.0662505640486,-77.0360263204373
2016-012436,22-02-2016,"10:01:55 a.m.","JR. SEVILLA CRUCE CON AV. MARIANO CORNEJO PUEBLO LIBRE            PUEBLO LIBRE","ACCIDENTE VEHICULAR","AMB-202, AMB-36, M202-1, M36-1",-12.0677687181676,-77.0648365957834
2016-012435,22-02-2016,"09:58:42 a.m.",,"EMERGENCIA MEDICA",AMB-36,-12.0492138327683,-77.0536626095703
2016-012434,22-02-2016,"09:52:42 a.m.",,"EMERGENCIA MEDICA",AMB-14,-12.0515156191223,-77.0766597924281
2016-012433,22-02-2016,"09:39:10 a.m.","  CL. PIURA 183        VILLA MARIA DEL TRIUNFO","EMERGENCIA MEDICA",AMB-155,-12.2043223219229,-76.9068645470949
2016-012432,22-02-2016,"09:38:55 a.m.","  JR. ANDRES SARGENTO MAYOR VIGIL (CESAR MORELLI) 400        BARRANCO","EMERGENCIA MEDICA",SAMU-16,-12.1451143182303,-77.0161360084703
2016-012431,22-02-2016,"09:30:57 a.m.","  AV. LA MOLINA 190        ATE","EMERGENCIA MEDICA",SAMU-127,-12.0562685422354,-76.9637504635734
2016-012430,22-02-2016,"09:24:54 a.m.","  AV. LIBERTAD 1538       SAN MIGUEL","EMERGENCIA MEDICA",SAMU-83,-12.0827983532605,-77.0961966019086
2016-012429,22-02-2016,"09:13:38 a.m.","COLEGIO JUAN PABLO SEGUNDO            CHACLACAYO","SERVICIO ESPECIAL",AMB-115,,
2016-012428,22-02-2016,"09:06:41 a.m.","AH. HUSARES DE JUNIN MZ A  LT 15  400        SAN MARTIN DE PORRES","EMERGENCIA MEDICA",AMB-115,-12.029285495798,-77.0737987472943
2016-012427,22-02-2016,"09:03:00 a.m.","CARRETERAS - PANAMERICANAS CARRETERA CENTRAL 6            ATE","EMERGENCIA MEDICA",AMB-115,-12.0321966102973,-76.9266527541126
2016-012426,22-02-2016,"08:52:45 a.m.","  AV. MAYOR JULIO BAYLETTI 164        SAN BORJA","EMERGENCIA MEDICA",AMB-8,-12.0849259676748,-76.9964675382705
2016-012425,22-02-2016,"08:46:14 a.m.","CALLE LOS FICUS CDRA. 1 - PARAMONGA            PARAMONGA","EMERGENCIA MEDICA",AMB-8,,
2016-012424,22-02-2016,"08:40:54 a.m.","  AV. ANGELICA GAMARRA 1800       LOS OLIVOS",INCENDIO,"M168-1, M65-2, M9-1, MED-5",-12.0063904673317,-77.0809472210957
2016-012423,22-02-2016,"08:35:52 a.m.","  PJ. ISAAC ALBENIZ 127        SAN BORJA","EMERGENCIA MEDICA","M168-1, M65-2, M9-1, MED-5",-12.1032162604861,-77.0027476977528
2016-012422,22-02-2016,"08:27:58 a.m.","  CL. CORONEL MIGUEL BAQUERO 352        LIMA","EMERGENCIA MEDICA",SAMU-21,-12.0494613074163,-77.045814401216
2016-012421,22-02-2016,"08:25:28 a.m.","  JR. CAPITAN MAXIMILIANO VELARDE (D) 171        SANTIAGO DE SURCO","EMERGENCIA MEDICA",AMB134-2,-12.1602503970162,-76.9924863653383
2016-012420,22-02-2016,"08:24:45 a.m.","  AV. EL POLO (WILCA UMU) 700        SANTIAGO DE SURCO","EMERGENCIA MEDICA",SAMU-127,-12.1002574898356,-76.971184766617
2016-012419,22-02-2016,"08:14:33 a.m.","CL. MANUEL ATANASIO FUENTES CRUCE CON CL. ANTEQUERA SAN ISIDRO            SAN ISIDRO","ACCIDENTE VEHICULAR","AMB-28, MATPEL-4, RESLIG-4",-12.0952588648213,-77.0307695868683
2016-012418,22-02-2016,"08:13:42 a.m.","  CL. EMILIO FERNANDEZ UR. SANTA BEATRIZ 611        LIMA","EMERGENCIA MEDICA",AMB-202,-12.0728717526448,-77.0321197294196
2016-012417,22-02-2016,"08:11:14 a.m.","CARRETERAS - PANAMERICANAS PANAMERICANA NORTE KM 24            LOS OLIVOS","EMERGENCIA MEDICA","AMB-163, M184-1",-11.9199599958874,-77.0734536408396
2016-012416,22-02-2016,"08:10:37 a.m.","  JR. HUASCAR 1043       LA PERLA","EMERGENCIA MEDICA",MED-5,-12.0710837686775,-77.1246678541875
2016-012415,22-02-2016,"08:02:53 a.m.","  JR. SALAVERRY 315        SAN MARTIN DE PORRES","EMERGENCIA MEDICA",MED-5,-12.0272280731884,-77.0928049411439
2016-012414,22-02-2016,"07:53:21 a.m.","CL. LOS OLIVOS 500        CHACLACAYO","EMERGENCIA MEDICA",AMB-115,-11.9769731688783,-76.7715828987092
2016-012413,22-02-2016,"07:48:47 a.m.","  CL. RIO CHINCHA 176        SAN LUIS","EMERGENCIA MEDICA",AMB-8,-12.0741465926515,-77.0049468293817
2016-012412,22-02-2016,"07:19:17 a.m.","  AV. MANUEL C. DE LA TORRE 269        SANTA ANITA","EMERGENCIA MEDICA",SAMU-138,-12.0526841557344,-76.9733455259783
2016-012411,22-02-2016,"07:07:13 a.m.","GRIFO CHIPALA            AYACUCHO","ACCIDENTE VEHICULAR",SAMU-138,,
2016-012410,22-02-2016,"06:57:06 a.m.","AV. BUENA VISTA CRUCE CON AV. ANGAMOS ESTE (PRIMAVERA) SAN BORJA            SAN BORJA","EMERGENCIA MEDICA",SAMU-127,-12.1103076014745,-76.9814081684206
2016-012409,22-02-2016,"06:51:03 a.m.","  JR. SAN MARTIN 122        LURIGANCHO","EMERGENCIA MEDICA",AMB-32,-11.9418318772609,-76.7097451174629
2016-012408,22-02-2016,"06:31:16 a.m.","  CL. JOAQUIN CAPELLA 332        SAN MARTIN DE PORRES","EMERGENCIA MEDICA",SAMU-168,-12.0262760849182,-77.0531685785677
2016-012407,22-02-2016,"05:56:35 a.m.","  PL. BUTTERS 200        BARRANCO","EMERGENCIA MEDICA",AMB-13,-12.1433663933085,-77.0156253961306
2016-012406,22-02-2016,"05:53:59 a.m.","  AV. PROGRESO (ALMIRANTE MIGUEL GRAU) 400        CALLAO","EMERGENCIA MEDICA",MED-5,-12.0663582116796,-77.1540901109278
2016-012405,22-02-2016,"05:30:16 a.m.","  AV. GUARDIA REPUBLICANA (LA CAPILLA) BLOCK 17 B PISO  1  101  600        RIMAC","EMERGENCIA MEDICA",AMB-21,-12.0316441340548,-77.0338082402092
2016-012404,22-02-2016,"05:16:45 a.m.","  AV. SANTIAGO DE SURCO (TOMAS MARSANO) 4500       SANTIAGO DE SURCO","EMERGENCIA MEDICA",AMB134-2,-12.1418827131161,-76.9913177025785
2016-012403,22-02-2016,"05:10:51 a.m.","AV. 1 DE MAYO CRUCE CON AV. REVOLUCION VILLA EL SALVADOR            VILLA EL SALVADOR","EMERGENCIA MEDICA",SAMU-105,-12.1929140874856,-76.9490265515419
2016-012402,22-02-2016,"04:32:43 a.m.",,"EMERGENCIA MEDICA",SAMU-105,-11.8184552083511,-77.0449215093928
2016-012401,22-02-2016,"04:32:31 a.m.",,"EMERGENCIA MEDICA",AMB-164,-11.8153977735706,-77.0452455680584
2016-012400,22-02-2016,"04:20:21 a.m.","  PS. DE LA REPUBLICA 100        LIMA","EMERGENCIA MEDICA",AMB-164,,
2016-012399,22-02-2016,"03:59:48 a.m.","CARRETERAS - PANAMERICANAS PANAMERICANA SUR 13            SAN JUAN DE MIRAFLORES","ACCIDENTE VEHICULAR","AMB-120, M106-3, M13-2",-12.1708718385434,-76.9793258050375
2016-012398,22-02-2016,"03:53:14 a.m.","  CL. ELIAS AGUIRRE (ALMIRANTE MIGUEL GRAU) 278        MIRAFLORES","EMERGENCIA MEDICA",AMB-28,-12.1174723473449,-77.0347325344471
2016-012397,22-02-2016,"03:51:45 a.m.","ABTAO            ","EMERGENCIA MEDICA",AMB-8,,
2016-012396,22-02-2016,"03:45:12 a.m.","  AV. PACHACUTEC (LOS HEROES) 100        SAN JUAN DE MIRAFLORES","EMERGENCIA MEDICA",SAMU-120,-12.1515772729253,-76.9784960636518
2016-012395,22-02-2016,"03:31:46 a.m.","  AV. GUARDIA REPUBLICANA (LA CAPILLA) 300        RIMAC","EMERGENCIA MEDICA",AMB-21,-12.0341358955939,-77.0305813275147
2016-012394,22-02-2016,"03:25:19 a.m.","  AV. TUPAC AMARU 2834       COMAS","EMERGENCIA MEDICA",AMB-21,,
2016-012393,22-02-2016,"03:00:39 a.m.","AH. JOSE CARLOS MARIATEGUI             SAN JUAN DE LURIGANCHO","EMERGENCIA MEDICA",AMB-21,-11.9394246311093,-76.9892448074783
2016-012392,22-02-2016,"02:59:25 a.m."," JR. CENTENARIO PARADERO 12 1/2  000        SAN JUAN DE MIRAFLORES",INCENDIO,"M106-3, M11-1, RES-127, SAMU-120",-12.1334111518981,-76.9595062046988
2016-012391,22-02-2016,"02:26:11 a.m.","AV. ANGELICA GAMARRA CRUCE CON AV. UNIVERSITARIA NORTE LOS OLIVOS            LOS OLIVOS","EMERGENCIA MEDICA",AMB-65,-12.0065540708883,-77.0822939597217
2016-012390,22-02-2016,"02:10:16 a.m.","  AV. LA MAR (MANUEL CIPRIANO DULANTO) 1126       PUEBLO LIBRE","EMERGENCIA MEDICA",AMB-36,-12.0784708480149,-77.0670818628451
2016-012389,22-02-2016,"01:55:38 a.m.","AV. GEMINIS CRUCE CON AV. ANGAMOS ESTE (PRIMAVERA) SAN BORJA            SAN BORJA","EMERGENCIA MEDICA",AMB-11,-12.1111825541518,-76.9943031243977
2016-012388,22-02-2016,"01:46:40 a.m.","  AV. MIGUEL GRAU 500        ","EMERGENCIA MEDICA",AMB-65,-12.0303624525968,-77.0483811458903
2016-012387,22-02-2016,"01:39:27 a.m.","  AV. EL SOL 120        CHORRILLOS","EMERGENCIA MEDICA",AMB-13,-12.1700601830145,-77.0070804011606
2016-012386,22-02-2016,"01:30:13 a.m.",,"EMERGENCIA MEDICA",SAMU-120,-12.1579231266426,-76.9798487130046
2016-012385,22-02-2016,"01:20:21 a.m.","AV. SEPARADORA INDUSTRIAL CRUCE CON AV. PROLONGACION UNIVERSITARIA (Y) VILLA EL SALVADOR            VILLA EL SALVADOR","EMERGENCIA MEDICA",SAMU-120,,
2016-012384,22-02-2016,"01:18:10 a.m.","  CL. SAN LUCAS 500        SAN MARTIN DE PORRES","EMERGENCIA MEDICA",AMB-65,-12.0194392898968,-77.0574511463147
2016-012383,22-02-2016,"01:15:29 a.m.","UBR LAS MERCEDES             ","EMERGENCIA MEDICA",AMB-22,,
2016-012382,22-02-2016,"01:12:30 a.m.",,"EMERGENCIA MEDICA",SAMU-10,-12.0599597974918,-77.0496440965525
2016-012381,22-02-2016,"12:56:38 a.m.","  JR. MANUEL GALDOS 270        LA PERLA","EMERGENCIA MEDICA",MED-5,-12.0707076574178,-77.1204622445467
2016-012380,22-02-2016,"12:38:08 a.m.","CARRETERAS - PANAMERICANAS PANAMERICANA SUR 23            VILLA EL SALVADOR","ACCIDENTE VEHICULAR","M11-1, M13-1, SAMU-105",-12.2422295274295,-76.9439858647074
2016-012379,22-02-2016,"12:35:37 a.m.","  JR. DANIEL A. CARRION (MARTIN PEREZ) 270        MAGDALENA DEL MAR","EMERGENCIA MEDICA",AMB-36,-12.0942243402582,-77.0676310890221
2016-012378,22-02-2016,"12:27:34 a.m.","  AV. 26 DE NOVIEMBRE 1795       VILLA MARIA DEL TRIUNFO","EMERGENCIA MEDICA",AMB-106,-12.1671987398107,-76.9244020396406
2016-012377,22-02-2016,"12:19:18 a.m.","  JR. AMERICA 160        PUEBLO LIBRE","EMERGENCIA MEDICA",AMB-36,-12.0702927934038,-77.0670856863509
2016-012376,22-02-2016,"12:16:28 a.m.","  AV. VICENTE MORALES DUAREZ 1947       ","EMERGENCIA MEDICA",AMB-36,-12.0352612634559,-77.0676275421628
2016-012375,22-02-2016,"12:14:39 a.m.",,"EMERGENCIA MEDICA",AMB-36,-12.0574130107889,-77.1401739975606
2016-012374,22-02-2016,"12:11:56 a.m.","JR. LAS AMERICAS DIST. SAN JUAN BAUTISTA            AYACUCHO","EMERGENCIA MEDICA",MED-63,,
2016-012373,22-02-2016,"12:07:31 a.m.","  AV. VICENTE MORALES DUAREZ 1947       LIMA","EMERGENCIA MEDICA",AMB-65,-12.0352612634559,-77.0676275421628
