ID,FECHA,HORA,DIRECCION,TIPO,UNIDADES,"CORDENADAS (lat)","CORDENADAS (lng)"
2016-009562,10-02-2016,"11:48:21 p.m.","28 DE JULIO              ","ACCIDENTE VEHICULAR","MATPEL-4, SAMU-4",,
2016-009561,10-02-2016,"11:42:58 p.m.","UR. CIUDAD DEL PESCADOR SECTOR IV A4 LOTE 24            BELLAVISTA","EMERGENCIA MEDICA",AMB-7,-12.0633109073086,-77.1172040432278
2016-009560,10-02-2016,"11:34:01 p.m.","  CL. EL ROSARIO 338        MIRAFLORES","EMERGENCIA MEDICA",AMB-100,-12.1155368353155,-77.0375315862343
2016-009559,10-02-2016,"11:28:00 p.m.","AV. ABEL BERGASSE DU PETIT THOUARS CRUCE CON AV. ANDRES ARAMBURU SAN ISIDRO            SAN ISIDRO","ACCIDENTE VEHICULAR","AMB-28, M28-1, MATPEL-4",-12.1032728488056,-77.0304746224536
2016-009558,10-02-2016,"11:27:52 p.m.",,"EMERGENCIA MEDICA",AMB-36,-12.0642797960649,-77.0590521074887
2016-009557,10-02-2016,"11:13:30 p.m.","AV. ALFREDO BENAVIDES CRUCE CON AV. MORRO SOLAR SANTIAGO DE SURCO            SANTIAGO DE SURCO","EMERGENCIA MEDICA",AMB134-2,-12.1307542587056,-76.9789523421465
2016-009556,10-02-2016,"11:05:02 p.m.","GALVEZ CDRA  2            LURIGANCHO","ACCIDENTE VEHICULAR","AMB-32, M32-1",,
2016-009555,10-02-2016,"11:04:23 p.m.",,"EMERGENCIA MEDICA",SAMU-10,-12.0584533536626,-77.047742612093
2016-009554,10-02-2016,"11:00:17 p.m.","  CL. PABLO AGUILAR CHAVEZ 277        SAN MARTIN DE PORRES","EMERGENCIA MEDICA",AMB-65,-12.0211389840477,-77.0892874231895
2016-009553,10-02-2016,"10:56:06 p.m.","  AV. JOHN F. KENNEDY 963        VILLA MARIA DEL TRIUNFO","EMERGENCIA MEDICA",SAMU-120,-12.1677648117882,-76.9397990337155
2016-009552,10-02-2016,"10:51:17 p.m.","PARQUE  GHANDI            SAN ISIDRO","EMERGENCIA MEDICA",AMB-100,,
2016-009551,10-02-2016,"10:42:30 p.m.","  AV. LOS PROCERES DE LA INDEPENDENCIA (CANTO GRANDE) 1700       SAN JUAN DE LURIGANCHO","EMERGENCIA MEDICA",SAMU-121,-12.0052108525101,-77.0061481167447
2016-009550,10-02-2016,"10:27:59 p.m.","  AV. REVOLUCION (ANDRES BELAUNDE) 2519       COMAS","EMERGENCIA MEDICA",AMB-164,-11.9133348040923,-77.0165231238259
2016-009549,10-02-2016,"10:24:56 p.m.","  CL. PUQUINA 100        SAN MIGUEL","MATERIALES PELIGROSOS (INCIDENTE)","AMB-7, M7-5",-12.0811388689977,-77.0945945760119
2016-009548,10-02-2016,"10:20:57 p.m.","AS. VIRGEN DEL CARMEN I LT 16             ATE","EMERGENCIA MEDICA",MED-96,-12.0353281549793,-76.9279668498943
2016-009547,10-02-2016,"10:14:07 p.m.","  AV. ALFREDO BENAVIDES 2900       MIRAFLORES","EMERGENCIA MEDICA",AMB-28,-12.1283737917587,-77.0041208545133
2016-009546,10-02-2016,"10:13:14 p.m.","  JR. AYACUCHO 100        LIMA",INCENDIO,"M2-1, M3-1, RES-21, SAMU-10",-12.0457982434664,-77.0245104693647
2016-009545,10-02-2016,"10:10:05 p.m.","  JR. PUNO 137        CALLAO","EMERGENCIA MEDICA","AMB-7, MED-18",-12.0595293433095,-77.1397443512017
2016-009544,10-02-2016,"10:09:52 p.m.","  CL. MANUEL MARCOS SALAZAR 289        SAN ISIDRO","EMERGENCIA MEDICA",AMB-100,-12.1039023177046,-77.0561640724796
2016-009543,10-02-2016,"10:08:01 p.m.","UR. VILLA SAN ROQUE MAZ P LOTE 23             LOS OLIVOS","EMERGENCIA MEDICA",AMB-100,-11.9606535871832,-77.0765633250252
2016-009542,10-02-2016,"10:02:11 p.m.","AV. TALARA CRUCE CON AV. REVOLUCION VILLA EL SALVADOR            VILLA EL SALVADOR","EMERGENCIA MEDICA",SAMU-105,-12.225937280454,-76.9291956953431
2016-009541,10-02-2016,"09:56:22 p.m.","PANAMERICANA NORTE KM. 44 ZAPALLAL            PUENTE PIEDRA","EMERGENCIA MEDICA",AMB-150,,
2016-009540,10-02-2016,"09:55:19 p.m.","  AV. REPUBLICA DE PANAMA 800        CALLAO",INCENDIO,"M1-1, M7-5, MED-18, RES-15",-12.0523902104596,-77.1338071821744
2016-009539,10-02-2016,"09:52:20 p.m.","AV. SANTA BANGORDIAL (ALFA) CRUCE CON CL. TOMAS CATARI (10) LOS OLIVOS            LOS OLIVOS","EMERGENCIA MEDICA",SAMU-168,-12.0097658005217,-77.068996319263
2016-009538,10-02-2016,"09:50:49 p.m.","  CL. PABLO RAMIREZ TABOADA 138        SAN MIGUEL","EMERGENCIA MEDICA","AMB-14, AMB-9",-12.0756964849796,-77.0856583880598
2016-009537,10-02-2016,"09:31:29 p.m.","  PJ. POZUZO 112        ","EMERGENCIA MEDICA",AMB-14,,
2016-009536,10-02-2016,"09:30:10 p.m.",,"EMERGENCIA MEDICA","AMB-16, AMB-28",-12.1467655872192,-77.0201543382415
2016-009535,10-02-2016,"09:25:46 p.m.","  AV. DE LOS CONSTRUCTORES (D) 500        LA MOLINA","EMERGENCIA MEDICA",SAMU-127,-12.0651650951745,-76.9533263358825
2016-009534,10-02-2016,"09:21:12 p.m.","AV. OSCAR R. BENAVIDES (COLONIAL) CRUCE CON AV. ELMER FAUCETT BELLAVISTA            BELLAVISTA","EMERGENCIA MEDICA",AMB-7,-12.060906607765,-77.0971217541496
2016-009533,10-02-2016,"09:20:41 p.m.","  AA.HH   VIRGEN  DEL  CARMEN    MZ.   E   LOTE  15  OQUENDO  6400       CALLAO","MATERIALES PELIGROSOS (INCIDENTE)","AMB-7, M161-1",-11.9869942498811,-77.1251532646479
2016-009532,10-02-2016,"09:19:42 p.m.","  CL. AUSTRIA 1378       LIMA","EMERGENCIA MEDICA",AMB-36,-12.0500202873352,-77.0620370579449
2016-009531,10-02-2016,"09:19:30 p.m.","BALCAZAR  181        SAN MIGUEL",RESCATE,M60-1,,
2016-009530,10-02-2016,"09:17:00 p.m.","CALLE    CHOSICA    SAN ANDRES     300        PISCO",INCENDIO,CIST90-4,,
2016-009529,10-02-2016,"09:16:10 p.m.","KM  10  CARRETERA  LIBERTADORES            AYACUCHO","EMERGENCIA MEDICA",MED-63,,
2016-009528,10-02-2016,"09:07:59 p.m.","FUNDO FALCONI PUEBLO NUEVO             ICA",INCENDIO,CIST-VI,,
2016-009527,10-02-2016,"09:06:11 p.m.","  JR. ENRIQUE CAMPOS 369        SANTIAGO DE SURCO","EMERGENCIA MEDICA",AMB134-2,-12.1274250968493,-76.9852705678632
2016-009526,10-02-2016,"09:04:59 p.m.","  CL. MARIANO E. RIVERO 149        JESUS MARIA",RESCATE,M14-1,-12.0656418120581,-77.0431479159382
2016-009525,10-02-2016,"09:04:23 p.m.",,"EMERGENCIA MEDICA",AMB-14,-12.0559428611317,-77.0557006232005
2016-009524,10-02-2016,"08:56:26 p.m.","  AV. ENRIQUE FERMI 400        SAN MARTIN DE PORRES","ACCIDENTE VEHICULAR",AMB-14,,
2016-009523,10-02-2016,"08:56:13 p.m.","  AV. ENRIQUE FERMI 470        SAN MARTIN DE PORRES","EMERGENCIA MEDICA",AMB-65,-12.0124312994427,-77.0577624107135
2016-009522,10-02-2016,"08:55:43 p.m.","  AV. ANGAMOS ESTE (PRIMAVERA) 2200       SAN BORJA","EMERGENCIA MEDICA",AMB-28,-12.1120811184435,-77.0076028716115
2016-009521,10-02-2016,"08:55:05 p.m.","  AV. GENERAL JOSE DE SAN MARTIN 400        ","EMERGENCIA MEDICA",AMB-155,-12.1982767957979,-76.9252831177425
2016-009520,10-02-2016,"08:46:59 p.m.","  AV. LOS PARACAS 429        ATE","MATERIALES PELIGROSOS (INCIDENTE)","M8-1, SAMU-127",-12.0767840333226,-76.9864970462707
2016-009519,10-02-2016,"08:44:36 p.m.","AV. FERNANDO WIESE (PROCERES DE LA INDEPENDENCIA) CRUCE CON AV. DEL MURO OESTE (PAMPA) SAN JUAN DE LURIGANCHO            SAN JUAN DE LURIGANCHO","EMERGENCIA MEDICA",SAMU-121,-11.9475857321145,-76.9851626273653
2016-009518,10-02-2016,"08:40:25 p.m.","  CL. MARIANO MELGAR 271        ","EMERGENCIA MEDICA",AMB-9,-12.0655612064937,-77.1098444543796
2016-009517,10-02-2016,"08:40:21 p.m.","EL OLIVAR            ",INCENDIO,M73-1,,
2016-009516,10-02-2016,"08:30:54 p.m.","AV. URUGUAY CRUCE CON JR. CAMANA LIMA            LIMA","EMERGENCIA MEDICA",AMB-14,-12.0540965070818,-77.0374310700776
2016-009515,10-02-2016,"08:26:22 p.m.","AV. PACASMAYO CRUCE CON AV. COLECTORA CALLAO            CALLAO","ACCIDENTE VEHICULAR","M161-1, M168-1, SAMU-168",-12.0011483443599,-77.1062192039444
2016-009514,10-02-2016,"08:26:07 p.m.","AV. JAVIER PRADO ESTE CRUCE CON AV. AVIACION SAN BORJA            ","EMERGENCIA MEDICA","M161-1, M168-1, SAMU-168",-12.0874530056802,-77.0037506792796
2016-009513,10-02-2016,"08:25:52 p.m.","  AV. CESAR MORELLI 130        SAN BORJA","EMERGENCIA MEDICA",AMB-11,-12.0886588577549,-77.0042347498767
2016-009512,10-02-2016,"08:22:25 p.m.","ESPALDA DE TECNOLOGICO             PISCO",INCENDIO,CIST90-4,,
2016-009511,10-02-2016,"08:21:59 p.m.","AH. CHARLES CANNOCK (MI PERU)             ",INCENDIO,"AMB-150, M184-1, M75-1",-11.8594027200083,-77.1270293419269
2016-009510,10-02-2016,"08:21:02 p.m.","GRIFO LA HUACA            ","EMERGENCIA MEDICA",AMB-111,,
2016-009509,10-02-2016,"08:16:08 p.m.","  AV. CANADA 4000       SAN LUIS",INCENDIO,"AMB-8, M176-1, M8-1, RES-8",-12.0782421455347,-76.9895082894651
2016-009508,10-02-2016,"08:15:52 p.m.","AV. MARCHAND             MALA","EMERGENCIA MEDICA",M133-1,,
2016-009507,10-02-2016,"08:08:47 p.m.","  CL. ZARAGOZA (L1) 125        ","EMERGENCIA MEDICA",MED-96,-12.1044807166804,-76.9464490213199
2016-009506,10-02-2016,"08:08:03 p.m.","  AV. ELMER FAUCETT 6000       CALLAO","EMERGENCIA MEDICA",AMB-9,-11.998394619774,-77.1219685113983
2016-009505,10-02-2016,"08:05:06 p.m.","  AV. ROSENDO VIDAURRE (REPUBLICA DE PANAMA) 348        BARRANCO","EMERGENCIA MEDICA",AMB-16,-12.1386353603632,-77.0178980582062
2016-009504,10-02-2016,"07:55:50 p.m.","  JR. VICTOR ANDRES BELAUNDE 801        CARMEN DE LA LEGUA REYNOS","EMERGENCIA MEDICA",AMB-7,-12.0452152679877,-77.0884495385063
2016-009503,10-02-2016,"07:47:29 p.m.","CL. INCA GARCILAZO DE LA VEGA CRUCE CON CL. HERNANDO DE SOTO ATE - VITARTE            ATE","EMERGENCIA MEDICA",AMB-169,,
2016-009502,10-02-2016,"07:38:11 p.m.","UR. CIUDAD DEL PESCADOR  MZ  S3 LOTE17            BELLAVISTA","EMERGENCIA MEDICA",AMB-7,-12.0583180071847,-77.1098507362503
2016-009501,10-02-2016,"07:35:52 p.m.","  JR. HIPOLITO UNANUE 1278       LA VICTORIA","EMERGENCIA MEDICA",AMB-8,-12.0657948799174,-77.0179055705679
2016-009500,10-02-2016,"07:32:15 p.m.","AV. MIGUEL GRAU (URUBAMBA) CRUCE CON AV. LOS INGENIEROS (1) ATE - VITARTE            ","EMERGENCIA MEDICA",SAMU-127,-12.0543168571802,-76.9553725017246
2016-009499,10-02-2016,"07:31:40 p.m.","PJ. VILLA EL SALVADOR SECTOR 1 GRUPO 23 MAZ F LOTE 13            VILLA EL SALVADOR","EMERGENCIA MEDICA",AMB-120,-12.1985192259082,-76.9527702837289
2016-009498,10-02-2016,"07:28:04 p.m.","  AV. JOSE ALVAREZ CALDERON 200        SAN BORJA","EMERGENCIA MEDICA",AMB-11,-12.1098603895575,-77.0035019792164
2016-009497,10-02-2016,"07:26:09 p.m.","  JR. CORONEL FRANCISCO BOLOGNESI (ENRIQUE LLOSA) 126        MAGDALENA DEL MAR","EMERGENCIA MEDICA",AMB-14,-12.0929223722519,-77.069239591211
2016-009496,10-02-2016,"07:21:37 p.m.","AV. JOSE CARLOS MARIATEGUI (CALLE REAL) CRUCE CON AV. LAS MAGNOLIAS EL AGUSTINO            EL AGUSTINO","EMERGENCIA MEDICA",SAMU-138,-12.0328115129265,-76.9986621704799
2016-009495,10-02-2016,"07:20:37 p.m.","  JR. BELLAVISTA 500        MIRAFLORES","EMERGENCIA MEDICA",AMB-100,-12.1233603394214,-77.0332145689761
2016-009494,10-02-2016,"07:20:11 p.m.","  CL. SAN LUCAS (SAN ANTONIO) 179        RIMAC","EMERGENCIA MEDICA",SAMU-10,-12.0290628780348,-77.0388186072028
2016-009493,10-02-2016,"07:14:45 p.m.","  JR. JOSE SABOGAL 343        SAN MARTIN DE PORRES",INCENDIO,"AMB-65, M65-1, M65-2",-12.028183973899,-77.0601744661407
2016-009492,10-02-2016,"07:13:13 p.m.","MILAGRO             ","EMERGENCIA MEDICA",AMB-44,,
2016-009491,10-02-2016,"07:11:04 p.m.","  CL. PEDRO TEJADA 1475       VILLA MARIA DEL TRIUNFO","EMERGENCIA MEDICA",SAMU-134,-12.1613606861619,-76.9379195719459
2016-009490,10-02-2016,"07:02:23 p.m.","  AV. BRASIL 1408       PUEBLO LIBRE","EMERGENCIA MEDICA",AMB-36,-12.0735577459128,-77.0526501901028
2016-009489,10-02-2016,"07:01:48 p.m.","AH. MIGUEL GRAU MAZ  3 LOTE 7             SAN JUAN DE MIRAFLORES","EMERGENCIA MEDICA",AMB-120,-12.1349648539805,-76.9662062024502
2016-009488,10-02-2016,"07:01:14 p.m.",,"MATERIALES PELIGROSOS (INCIDENTE)",M83-1,-12.0766205064141,-77.0874891073089
2016-009487,10-02-2016,"06:59:01 p.m.","MUELLE DE ANCON             ANCON","EMERGENCIA MEDICA",AMB-150,-11.7722437847209,-77.1725032835224
2016-009486,10-02-2016,"06:55:28 p.m.","  AV. DEFENSORES DEL MORRO (HUAYLAS) 600        CHORRILLOS","EMERGENCIA MEDICA",SAMU-6,,
2016-009485,10-02-2016,"06:45:33 p.m.","  JR. HIPOLITO UNANUE 833        LA VICTORIA","EMERGENCIA MEDICA",AMB-8,-12.066463851341,-77.0231265804725
2016-009484,10-02-2016,"06:42:12 p.m.","  CL. LOS CEIBOS 3940       LOS OLIVOS","EMERGENCIA MEDICA",SAMU-168,-11.9888403101117,-77.0744124931405
2016-009483,10-02-2016,"06:30:14 p.m.","AV. OSCAR R. BENAVIDES COLONIAL 2500       BELLAVISTA","EMERGENCIA MEDICA",AMB-207,,
2016-009482,10-02-2016,"06:21:54 p.m.","  CL. DANIEL HERNANDEZ (EL BOSQUE) 315        SAN ISIDRO","EMERGENCIA MEDICA",AMB-28,-12.0959348995202,-77.0337721999309
2016-009481,10-02-2016,"06:19:22 p.m.","  JR. GARCIA HURTADO DE MENDOZA (LIBERTAD) 226        RIMAC","EMERGENCIA MEDICA",SAMU-21,-12.0410438615286,-77.0279195719333
2016-009480,10-02-2016,"06:11:10 p.m.","CARRETERAS - PANAMERICANAS CARRETERA CENTRAL 31            LURIGANCHO","EMERGENCIA MEDICA",MED-96,-11.9480569131774,-76.7181507843857
2016-009479,10-02-2016,"06:03:24 p.m.","  CL.MARISCAL  LUZURIAGA 171        COMAS","EMERGENCIA MEDICA",AMB124-2,-11.9535828791876,-77.040389997885
2016-009478,10-02-2016,"06:02:17 p.m.","  AV. RICARDO BENTIN (GALAXIAS) 606        RIMAC","EMERGENCIA MEDICA",AMB-65,-12.0283822892658,-77.0351371019533
2016-009477,10-02-2016,"05:58:18 p.m.","AV. JUAN BERTOLOTTO NEGRO 800        SAN MIGUEL","ACCIDENTE VEHICULAR","M100-1, M36-1, RES-83, SAMU-83",-12.0909821743649,-77.0840763921709
2016-009476,10-02-2016,"05:52:45 p.m.","AV. JUAN BIELOVUCIC CAVALIER (B) CRUCE CON AL. PICAFLORES SAN BORJA            SAN BORJA","EMERGENCIA MEDICA","M11-1, M28-1, SAMU-127",-12.1036218418839,-76.983003159693
2016-009475,10-02-2016,"05:47:28 p.m.","  AV. 28 DE JULIO 3000       LA VICTORIA","ACCIDENTE VEHICULAR","AMB-8, M2-1, M8-1, RES-8",,
2016-009474,10-02-2016,"05:45:57 p.m.","AV. TUPAC AMARU 1200       COMAS","EMERGENCIA MEDICA",SAMU-168,-11.9529540381313,-77.0515218301936
2016-009473,10-02-2016,"05:38:31 p.m.","  JR. YUTAY 153        RIMAC","EMERGENCIA MEDICA",SAMU-14,-12.0387332950861,-77.0284016128163
2016-009472,10-02-2016,"05:38:29 p.m.","MANCHURRIA ALTA 249        HUACHO","EMERGENCIA MEDICA",AMB-20,,
2016-009471,10-02-2016,"05:30:37 p.m.","  JR. TIRAVANTI (VICTOR LAYNES) 295        BARRANCO","EMERGENCIA MEDICA",SAMU-16,-12.1434553391219,-77.0169545970061
2016-009470,10-02-2016,"05:24:43 p.m.","  AV. LAS LOMAS 700        SAN JUAN DE LURIGANCHO","EMERGENCIA MEDICA",SAMU-176,-12.0189330181308,-76.9903259297913
2016-009469,10-02-2016,"05:03:20 p.m.","AV. ABANCAY CRUCE CON JR. HUALLAGA LIMA            LIMA","EMERGENCIA MEDICA",SAMU-10,-12.0487321497033,-77.0272532741133
2016-009468,10-02-2016,"04:53:14 p.m.","  PJ. ENRIQUE CAMINO BRENT 500        SAN BORJA","EMERGENCIA MEDICA",SAMU-10,-12.1069496517601,-77.0031428317007
2016-009467,10-02-2016,"04:46:19 p.m.","URB. SAN VICENTE            ICA","EMERGENCIA MEDICA",AMB-22,,
2016-009466,10-02-2016,"04:36:54 p.m.","  AV. ELMER FAUCETT 100        SAN MIGUEL","EMERGENCIA MEDICA",AMB-7,-12.0722027575142,-77.0990263238975
2016-009465,10-02-2016,"04:26:50 p.m.","  CL. LAS ORTIGAS (2) (31) (49) (69) 2142       SAN JUAN DE LURIGANCHO","EMERGENCIA MEDICA",SAMU-121,-11.996851980681,-77.0121236701547
2016-009464,10-02-2016,"04:12:33 p.m.","CAMINO REAL            ","EMERGENCIA MEDICA",AMB-111,,
2016-009463,10-02-2016,"04:10:11 p.m.","DOS DE MAYO  300        HUACHO","EMERGENCIA MEDICA",RES-20,,
2016-009462,10-02-2016,"04:04:53 p.m.","CARRETERAS - PANAMERICANAS PANAMERICANA SUR 80            MALA","EMERGENCIA MEDICA",AMB-129,-12.0587903058197,-77.0559986158632
2016-009461,10-02-2016,"04:03:51 p.m.","SAN JOAQUIN            ","ACCIDENTE VEHICULAR",MATPEL171,,
2016-009460,10-02-2016,"03:52:06 p.m.","AV. VELASCO ALVARADO CRUCE CON AV. PACHACUTEC (ATOCONGO) VILLA EL SALVADOR            VILLA EL SALVADOR","EMERGENCIA MEDICA",SAMU-106,-12.2026403522606,-76.930694595553
2016-009459,10-02-2016,"03:47:42 p.m.","TORRE BLANCA            ","EMERGENCIA MEDICA",AMB-80,,
2016-009458,10-02-2016,"03:41:42 p.m.","  JR. AREQUIPA NORTE 860        CALLAO","EMERGENCIA MEDICA",MED-18,-12.055790165407,-77.1335734869968
2016-009457,10-02-2016,"03:32:48 p.m.","  CL. MARIA LUISA 198        SANTIAGO DE SURCO","EMERGENCIA MEDICA",SAMU-134,-12.1079027030051,-76.9708476706741
2016-009456,10-02-2016,"03:17:23 p.m.","  AV. PASEO DE LA REPUBLICA 6236       MIRAFLORES",RESCATE,M28-1,-12.1318859274949,-77.0222196675614
2016-009455,10-02-2016,"03:14:37 p.m.","OCUCAJE             ICA",INCENDIO,M22-1,,
2016-009454,10-02-2016,"03:13:47 p.m.","AV. LA CULTURA (B) CRUCE CON AV. METROPOLITANA (HUAYCARA) SANTA ANITA            SANTA ANITA","EMERGENCIA MEDICA",SAMU-138,-12.0357704499448,-76.9491439901995
2016-009453,10-02-2016,"03:08:57 p.m.","  CL. HORTENCIA ZEVALLOS 479        ","EMERGENCIA MEDICA",AMB-36,-12.0554703950868,-77.0790813802198
2016-009452,10-02-2016,"03:04:31 p.m.","  AV. UNIVERSITARIA 5400       COMAS","EMERGENCIA MEDICA",SAMU-168,-11.9591571136585,-77.0610628827497
2016-009451,10-02-2016,"02:43:19 p.m.","CL CALLAO ESQ INDEPENDENCIA            ICA","EMERGENCIA MEDICA",AMB-22,,
2016-009450,10-02-2016,"02:43:14 p.m.","  JR. AYACUCHO 1230       CALLAO","EMERGENCIA MEDICA",MED-18,-12.0589104441921,-77.1354234080743
2016-009449,10-02-2016,"02:26:48 p.m.","  AV. PERU 3259       SAN MARTIN DE PORRES","EMERGENCIA MEDICA",SAMU-14,-12.0315660808107,-77.0815170604016
2016-009448,10-02-2016,"02:18:49 p.m.","  JR. ANTONIO MIROQUESADA 1382       LIMA","EMERGENCIA MEDICA",SAMU-21,-12.0528732913585,-77.0154028660395
2016-009447,10-02-2016,"02:17:34 p.m.","  AV. PACHACUTEC (LOS HEROES) 499        SAN JUAN DE MIRAFLORES","EMERGENCIA MEDICA",SAMU-120,-12.1535433612846,-76.9738030183406
2016-009446,10-02-2016,"02:12:45 p.m.",,"EMERGENCIA MEDICA",AMB-36,-12.0558208521007,-77.0574905535486
2016-009445,10-02-2016,"02:08:22 p.m.","MANUEL TELLERIA            ",RESCATE,M100-1,,
2016-009444,10-02-2016,"02:06:43 p.m.","  AV. RAFAEL ESCARDO 500        SAN MIGUEL","EMERGENCIA MEDICA",MED-36,-12.0753318135456,-77.092471404579
2016-009443,10-02-2016,"02:03:06 p.m.","CL. ANTEQUERA CRUCE CON CL. MANUEL ATANASIO FUENTES SAN ISIDRO            SAN ISIDRO","EMERGENCIA MEDICA",AMB-28,-12.0952588648213,-77.0307695868683
2016-009442,10-02-2016,"01:48:52 p.m.","AV. MARISCAL JOSE LA MAR CRUCE CON CL. RIO NAPO SAN MIGUEL            SAN MIGUEL","EMERGENCIA MEDICA",AMB-36,-12.0748522641047,-77.0815370369039
2016-009441,10-02-2016,"01:45:24 p.m.","  CL. LAS GARDENIAS 151        CALLAO","EMERGENCIA MEDICA",AMB-60,-12.0098471470022,-77.1002123754491
2016-009440,10-02-2016,"01:42:52 p.m.","AV. PARIAHUANCA 200        LOS OLIVOS","EMERGENCIA MEDICA",AMB-65,-11.9806455042107,-77.0684238477355
2016-009439,10-02-2016,"01:42:50 p.m.","  CL. JOSE OLAYA 600        BELLAVISTA","EMERGENCIA MEDICA",MED-18,-12.066034819364,-77.1281066421563
2016-009438,10-02-2016,"01:34:31 p.m.","PJ. VILLA EL SALVADOR SECTOR 1 GRUPO 11             VILLA EL SALVADOR","ACCIDENTE VEHICULAR","M13-1, RES-134, SAMU-106",,
2016-009437,10-02-2016,"01:29:31 p.m.","  JR. BIELICH 133        LA VICTORIA","EMERGENCIA MEDICA",AMB-8,,
2016-009436,10-02-2016,"01:27:34 p.m.","  BA. AGUA DULCE (TENDERIN) 100        CHORRILLOS","EMERGENCIA MEDICA",SAMU-16,,
2016-009435,10-02-2016,"01:15:37 p.m.",,"EMERGENCIA MEDICA",SAMU-14,-12.0585267924624,-77.0557685787829
2016-009434,10-02-2016,"01:14:14 p.m.","DOMICILIO  25.12    10.31   HSOP SABOGAL            ","EMERGENCIA MEDICA",AMB124-2,,
2016-009433,10-02-2016,"01:08:55 p.m.","  CL. JOSE OLAYA (22) 245        LA MOLINA","EMERGENCIA MEDICA",SAMU-138,-12.0655686270501,-76.9454879926285
2016-009432,10-02-2016,"01:08:17 p.m.","AH. CERRO EL PINO  LT 69            LA VICTORIA","EMERGENCIA MEDICA",AMB-8,-12.0633892676507,-77.002134955299
2016-009431,10-02-2016,"12:55:40 p.m.","  AV. CORONEL SAMUEL ALCAZAR 300        RIMAC","EMERGENCIA MEDICA",SAMU-21,-12.0306354920159,-77.0291225208687
2016-009430,10-02-2016,"12:48:58 p.m.",,"EMERGENCIA MEDICA",AMB-65,-11.9899139184616,-77.0417596205594
2016-009429,10-02-2016,"12:34:54 p.m.","AV. JAVIER PRADO OESTE CRUCE CON AV. AREQUIPA SAN ISIDRO            SAN ISIDRO","EMERGENCIA MEDICA",AMB-65,-12.092259956131,-77.0334065092097
2016-009428,10-02-2016,"12:34:49 p.m.","AS. LA FLORIDA I            ATE",INCENDIO,M106-3,-12.0434289059598,-76.915919300632
2016-009427,10-02-2016,"12:33:13 p.m.","  AV. MARGINAL (VERONA) 100        ATE","EMERGENCIA MEDICA",AMB-11,-12.0837665615578,-76.9826332526
2016-009426,10-02-2016,"12:31:16 p.m.",,"MATERIALES PELIGROSOS (INCIDENTE)","AMB-14, M36-1",-12.0663434049635,-77.0524721304696
2016-009425,10-02-2016,"12:29:57 p.m.","  AV. JOSE A. LAVALLE MZ F LT  16- B  000        CHORRILLOS","EMERGENCIA MEDICA",SAMU-6,-12.1981778069455,-77.006998085282
2016-009424,10-02-2016,"12:24:22 p.m.","CARRETERAS - PANAMERICANAS PANAMERICANA SUR 11.5            SAN JUAN DE MIRAFLORES","ACCIDENTE VEHICULAR","M16-1, RES-134, SAMU-120",-12.1579082633859,-76.9829952681839
2016-009423,10-02-2016,"12:10:09 p.m.","  CL. SANTA MARTHA 188        PUEBLO LIBRE","EMERGENCIA MEDICA",MED-36,-12.0813813281036,-77.0682664717745
2016-009422,10-02-2016,"12:07:44 p.m.","LOMAS DE ZAPALLAL MZA LT. 1            PUENTE PIEDRA","EMERGENCIA MEDICA",AMB-150,,
2016-009421,10-02-2016,"12:03:24 p.m.","  CL. SAN TADEO (F) 293        ","MATERIALES PELIGROSOS (INCIDENTE)","M16-1, SAMU-16",-12.1333114406186,-77.0099576733031
2016-009420,10-02-2016,"11:55:51 a.m.","  PR. MARISCAL DOMINGO NIETO UR LOS SAUCES 236        ATE",INCENDIO,"AMB-8, M138-1, M176-1",-12.0705368405661,-76.9832515390042
2016-009419,10-02-2016,"11:52:36 a.m.","  AV. ARIOSTO MATELLINI 100        CHORRILLOS","EMERGENCIA MEDICA",AMB-13,-12.1787407722998,-77.0095134255499
2016-009418,10-02-2016,"11:45:39 a.m.","AH. MARGINAL BOCA NEGRA SECTOR E G62            CALLAO","MATERIALES PELIGROSOS (INCIDENTE)","M5-1, M60-1, MED-18",-12.0213933099621,-77.1036972553757
2016-009417,10-02-2016,"11:34:47 a.m.","AV. LOS CIRUELOS CRUCE CON AV. EL BOSQUE SAN JUAN DE LURIGANCHO            SAN JUAN DE LURIGANCHO","ACCIDENTE VEHICULAR","M121-1, SAMU-121",-11.9828045145926,-77.0004227794585
2016-009416,10-02-2016,"11:26:17 a.m.",,"EMERGENCIA MEDICA","MED-96, SAMU-138",-12.0400461420204,-76.9494756403236
2016-009415,10-02-2016,"11:24:33 a.m.","  CL. JUSTO NAVEDA 200        SAN JUAN DE MIRAFLORES","EMERGENCIA MEDICA",SAMU-120,-12.1692536767638,-76.9716070473124
2016-009414,10-02-2016,"11:06:11 a.m.","  CL. MANUEL VILLAR 218        SAN MARTIN DE PORRES","EMERGENCIA MEDICA",SAMU-168,-12.0240152433704,-77.0530068559978
2016-009413,10-02-2016,"11:02:53 a.m.","HAITI 635        SAN MARTIN DE PORRES","EMERGENCIA MEDICA",AMB-60,,
2016-009412,10-02-2016,"10:53:57 a.m.","  JR. LIBERTAD 1548       PUEBLO LIBRE","EMERGENCIA MEDICA",AMB-36,-12.0849139226992,-77.0667744990931
2016-009411,10-02-2016,"10:52:05 a.m.","COMERCIAL EMPRESA ZETA GAS            CALLAO","EMERGENCIA MEDICA",MED-18,-11.9843306225463,-77.1306727169123
2016-009410,10-02-2016,"10:43:21 a.m.","  AV. ALFREDO BENAVIDES 1900       MIRAFLORES","EMERGENCIA MEDICA",AMB-28,-12.1272948802116,-77.0121450398308
2016-009409,10-02-2016,"10:39:45 a.m.","  AV. BUENOS AIRES (MIGUEL GRAU) 1300       BELLAVISTA","EMERGENCIA MEDICA",MED-18,-12.0611888082605,-77.1333482922901
2016-009408,10-02-2016,"10:35:42 a.m.","  JR. EDGARDO REBAGLIATI 000        JESUS MARIA","EMERGENCIA MEDICA",AMB-8,-12.0800203251396,-77.039115601089
2016-009407,10-02-2016,"10:33:06 a.m.","  CL. 10 DE JUNIO 1010       SAN MARTIN DE PORRES","EMERGENCIA MEDICA","AMB-65, SAMU-10",-12.032923869536,-77.0494828936508
2016-009406,10-02-2016,"10:20:11 a.m.","TOMAS MARSANO  1400       MIRAFLORES","EMERGENCIA MEDICA",AMB-28,,
2016-009405,10-02-2016,"10:14:04 a.m.","CL. JOSE OLYA   CON  2 PUENTES            CHINCHA ALTA","DESASTRES NATURALES","M38-4, MED-38",,
2016-009404,10-02-2016,"10:05:50 a.m.","  JR. BARCELONA (JOSE MARIANO ARCE) 414        PUEBLO LIBRE","EMERGENCIA MEDICA",AMB-36,-12.0708686007425,-77.0654073797683
2016-009403,10-02-2016,"10:04:52 a.m.","  AV. JOSE DE SAN MARTIN (JUAN JOSE LEURO) 200        MIRAFLORES","EMERGENCIA MEDICA",AMB-28,-12.1250862551368,-77.0316877932474
2016-009402,10-02-2016,"09:51:01 a.m.","  AV. JORGE BASADRE (ORRANTIA) 367        SAN ISIDRO","EMERGENCIA MEDICA",SAMU-4,-12.0945452276352,-77.0356654511336
2016-009401,10-02-2016,"09:47:52 a.m.","  CL. LOS EUCALIPTOS 550        SAN ISIDRO","EMERGENCIA MEDICA",AMB-100,-12.0978497668627,-77.0479181176118
2016-009400,10-02-2016,"09:46:25 a.m.","  CL. BERNARDO ALCEDO 250        COMAS","EMERGENCIA MEDICA",SAMU-168,-11.9159283298908,-77.0266366491349
2016-009399,10-02-2016,"09:43:24 a.m.","AV. UNIVERSITARIA (BAQUIJANO Y CARRILLO) CRUCE CON AV. ARGENTINA LIMA            LIMA","EMERGENCIA MEDICA",AMB-36,-12.0466119226255,-77.0768065238411
2016-009398,10-02-2016,"09:43:16 a.m.","  AV. UNIVERSITARIA (BAQUIJANO Y CARRILLO) 1000       LIMA","EMERGENCIA MEDICA",AMB-14,-12.0483283025761,-77.077191107843
2016-009397,10-02-2016,"09:41:26 a.m.","  CL. TACNA 500        VILLA MARIA DEL TRIUNFO",RESCATE,"RES-134, SAMU-120",-12.1993068173685,-76.9236314951249
2016-009396,10-02-2016,"09:32:16 a.m.","PAN SUR  1137.7            ","ACCIDENTE VEHICULAR",M49-1,,
2016-009395,10-02-2016,"09:29:37 a.m.","  AL. DON AUGUSTO 148        CHORRILLOS","EMERGENCIA MEDICA",SAMU-6,-12.2062941175422,-77.0077245554444
2016-009394,10-02-2016,"09:25:24 a.m.","  AV. CESAR VALLEJO (HIPOLITO UNANUE) 500        LINCE","EMERGENCIA MEDICA",AMB-36,-12.0890548143011,-77.0378875534732
2016-009393,10-02-2016,"09:23:57 a.m.","PENAL DE ICA            ICA","SERVICIO ESPECIAL",M22-1,,
2016-009392,10-02-2016,"09:22:14 a.m.","CL CAJUCA            NAZCA","EMERGENCIA MEDICA",AMB-82,,
2016-009391,10-02-2016,"09:17:06 a.m.","CARRETERAS - PANAMERICANAS PANAMERICANA SUR 28            LURIN","EMERGENCIA MEDICA",AMB-155,-12.2664374110484,-76.9053543785826
2016-009390,10-02-2016,"09:10:25 a.m.","  AV. TENIENTE FELIPE ARANCIBIA (TARAPACA)  500        RIMAC","EMERGENCIA MEDICA",AMB-14,-12.0295582190906,-77.0354727229289
2016-009389,10-02-2016,"09:09:24 a.m.","  AV. DOMINGO NIETO (SAN JOSE) 400        PUEBLO LIBRE","EMERGENCIA MEDICA",AMB-36,-12.0829509094294,-77.0653780385961
2016-009388,10-02-2016,"08:45:44 a.m.","AV. GENERAL SIMON BOLIVAR (FRANCISCO BOLOGNESI) CRUCE CON AV. ATAHUALPA VILLA MARIA DEL TRIUNFO            VILLA MARIA DEL TRIUNFO","EMERGENCIA MEDICA",SAMU-120,-12.2027898308944,-76.9261623165553
2016-009387,10-02-2016,"08:39:55 a.m.","  AV. JULIO CESAR TELLO 400        LINCE","EMERGENCIA MEDICA",AMB-36,-12.0862738346418,-77.0382801237251
2016-009386,10-02-2016,"08:39:22 a.m.","AV. CUBA CRUCE CON JR. GENERAL CORDOVA JESUS MARIA            JESUS MARIA","EMERGENCIA MEDICA",SAMU-10,-12.0749538593014,-77.039125638726
2016-009385,10-02-2016,"08:39:15 a.m.","  CL. CUZCO (7) 416        LA MOLINA","EMERGENCIA MEDICA",MED-96,-12.071460302776,-76.9439285626762
2016-009384,10-02-2016,"08:35:13 a.m.","URB. LAS FRESAS MZV LT 10            PUENTE PIEDRA","EMERGENCIA MEDICA",SAMU-150,,
2016-009383,10-02-2016,"08:34:59 a.m.","  CL. SANTIAGO TAVARA 1550       LIMA","EMERGENCIA MEDICA",AMB-14,-12.052777273363,-77.0587779894215
2016-009382,10-02-2016,"08:30:44 a.m.","CARRETERAS - PANAMERICANAS ANTIGUA PANAMERICANA SUR 39            LURIN","EMERGENCIA MEDICA",AMB-155,-12.2929050378294,-76.8547343927309
2016-009381,10-02-2016,"08:25:56 a.m.","  AV. LIMA 3757       SAN MARTIN DE PORRES","EMERGENCIA MEDICA",AMB-65,-12.0284658485924,-77.0881736013218
2016-009380,10-02-2016,"08:21:18 a.m.","  AV. MERCURIO 000        VENTANILLA",INCENDIO,M75-1,-11.8880213108843,-77.128297849368
2016-009379,10-02-2016,"08:05:50 a.m.","JR. ABTAO CRUCE CON JR. HIPOLITO UNANUE LA VICTORIA            LA VICTORIA","EMERGENCIA MEDICA",AMB-8,-12.0663488560453,-77.0223255897549
2016-009378,10-02-2016,"08:02:02 a.m.","  CL. LAS CAMPANILLAS (C) 212        ATE","EMERGENCIA MEDICA",SAMU-127,-12.0754152334692,-76.9762645520645
2016-009377,10-02-2016,"07:53:08 a.m.","  AV. DEL MAESTRO PERUANO 700        COMAS","EMERGENCIA MEDICA",SAMU-127,-11.9650009294823,-77.0622465234698
2016-009376,10-02-2016,"07:50:08 a.m.","  CL. SANTIAGO TAVARA 1550       LIMA","EMERGENCIA MEDICA",SAMU-127,-12.052777273363,-77.0587779894215
2016-009375,10-02-2016,"07:49:37 a.m.","AV. 28 DE JULIO CRUCE CON AV. PASEO DE LA REPUBLICA LA VICTORIA            LA VICTORIA","EMERGENCIA MEDICA",SAMU-10,-12.0636518875936,-77.0336625429888
2016-009374,10-02-2016,"07:43:52 a.m.","  AV. FERNANDO WIESE (PROCERES DE LA INDEPENDENCIA) 3200       ",INCENDIO,"M121-1, SAMU-121",-11.9773135400163,-77.0036774549459
2016-009373,10-02-2016,"07:43:35 a.m.","AV. UNIVERSITARIA (BAQUIJANO Y CARRILLO) CRUCE CON AV. MATERIALES LIMA            LIMA","EMERGENCIA MEDICA",AMB-14,-12.0417266941746,-77.0771669198947
2016-009372,10-02-2016,"07:43:13 a.m.","  JR. TENIENTE CORONEL MELCHOR FRISANCHO (2) 000        SANTIAGO DE SURCO","EMERGENCIA MEDICA",SAMU-134,-12.164937234429,-76.9910662913602
2016-009371,10-02-2016,"07:37:47 a.m.","CARRETERAS - PANAMERICANAS CARRETERA CENTRAL 12            ATE","EMERGENCIA MEDICA",SAMU-134,-12.0117525366435,-76.8764780427637
2016-009370,10-02-2016,"06:56:32 a.m.","AV. CARLOS IZAGUIRRE CRUCE CON AV. UNIVERSITARIA NORTE LOS OLIVOS            LOS OLIVOS","ACCIDENTE VEHICULAR","AMB-9, M168-1, M65-1",-11.991437258354,-77.0830758399233
2016-009369,10-02-2016,"06:47:53 a.m.","  JR. PASEO DEL BOSQUE (2) 800        SAN BORJA","EMERGENCIA MEDICA",SAMU-127,-12.0879852381601,-76.9838583336944
2016-009368,10-02-2016,"06:44:57 a.m.","AV MARSANO ALT WONG            SANTIAGO DE SURCO","EMERGENCIA MEDICA",AMB134-2,,
2016-009367,10-02-2016,"06:44:07 a.m.","UR. CIUDAD DEL PESCADOR             BELLAVISTA","EMERGENCIA MEDICA",AMB134-2,-12.0583180071847,-77.1098507362503
2016-009366,10-02-2016,"06:41:36 a.m.","CARRETERAS - PANAMERICANAS PANAMERICANA NORTE 31.15            PUENTE PIEDRA","ACCIDENTE VEHICULAR","AMB-150, M184-1, RES-150",-11.8602740809127,-77.0798396152032
2016-009365,10-02-2016,"06:32:02 a.m.","COMERCIAL MERCADO MAYORISTA PESQUERO ZONAL            VILLA MARIA DEL TRIUNFO","EMERGENCIA MEDICA",SAMU-105,-12.1728679240244,-76.9476470592425
2016-009364,10-02-2016,"06:29:57 a.m.","CARRETERAS - PANAMERICANAS CARRETERA CENTRAL 28.5            LURIGANCHO","ACCIDENTE VEHICULAR","AMB-115, M32-1, RES-115",-11.9589745984014,-76.7351853447369
2016-009363,10-02-2016,"06:03:47 a.m.","AV. ELMER FAUCETT CRUCE CON AV. CORONEL NESTOR GAMBETA (EL EMISOR) CALLAO            CALLAO","EMERGENCIA MEDICA",AMB-9,-11.9977877754315,-77.126235896086
2016-009362,10-02-2016,"05:57:51 a.m.","JR. EMILIO ALTHAUS CRUCE CON AV. JOSE GALVEZ LINCE            LINCE","EMERGENCIA MEDICA",AMB-202,-12.0800548224722,-77.0297875773869
2016-009361,10-02-2016,"05:47:14 a.m.","  CL. MALECON JOSE GALVEZ 544        RIMAC","EMERGENCIA MEDICA",AMB-2,-12.0237694710236,-77.0257430765491
2016-009360,10-02-2016,"05:34:17 a.m.","AV. REPUBLICA DE PANAMA CRUCE CON CL. EL CARMEN SURQUILLO            SURQUILLO","EMERGENCIA MEDICA",AMB-11,-12.1148158698908,-77.0184295307911
2016-009359,10-02-2016,"05:34:09 a.m.","CL. EL CARMEN CRUCE CON AV. REPUBLICA DE PANAMA SURQUILLO            SURQUILLO","EMERGENCIA MEDICA",AMB-28,-12.1148158698908,-77.0184295307911
2016-009358,10-02-2016,"05:30:30 a.m.","  CL. 12 DE OCTUBRE MZ L LT 2 000        VENTANILLA","MATERIALES PELIGROSOS (INCIDENTE)",M207-5,,
2016-009357,10-02-2016,"05:30:15 a.m.","  JR. BATALLA DE AYACUCHO 100        SANTIAGO DE SURCO","EMERGENCIA MEDICA",AMB134-2,-12.1465663616668,-77.0047965524485
2016-009356,10-02-2016,"05:25:52 a.m.","  AV. ARNALDO MARQUEZ 1124       JESUS MARIA",RESCATE,M202-1,-12.0719224088405,-77.0481337789538
2016-009355,10-02-2016,"04:42:09 a.m.","AREQUIPA  115        BARRANCA","MATERIALES PELIGROSOS (INCIDENTE)",M73-1,,
2016-009354,10-02-2016,"04:39:11 a.m.",,"EMERGENCIA MEDICA","AMB-36, M14-1",-12.0567083687029,-77.053635085807
2016-009353,10-02-2016,"04:31:52 a.m.","AV. INCA GARCILAZO DE LA VEGA (WILSON) 1200       LIMA","ACCIDENTE VEHICULAR","M10-3, M14-1, SAMU-10",-12.0554946422277,-77.038357390924
2016-009352,10-02-2016,"04:25:30 a.m.","  AV. ANCASH 2300       ","EMERGENCIA MEDICA",AMB-2,,
2016-009351,10-02-2016,"04:18:53 a.m.",,"EMERGENCIA MEDICA","AMB-14, M14-1",-12.0557289162788,-77.0565656313374
2016-009350,10-02-2016,"03:45:27 a.m.","  CL. CHIRIMOYA 184        INDEPENDENCIA","EMERGENCIA MEDICA",SAMU-168,-12.0003674745096,-77.0425220907113
2016-009349,10-02-2016,"02:26:24 a.m.","  JR. JOSE DE RIVADENEYRA 850        LA VICTORIA","EMERGENCIA MEDICA",SAMU-4,-12.0840401250788,-77.0184801640386
2016-009348,10-02-2016,"02:10:06 a.m.","LA MODERNA             ICA","EMERGENCIA MEDICA",AMB-22,,
2016-009347,10-02-2016,"01:57:45 a.m.","  CL. 2 DE MAYO 1961       VILLA MARIA DEL TRIUNFO","EMERGENCIA MEDICA",AMB-155,-12.1654897816481,-76.9230541972856
2016-009346,10-02-2016,"01:40:15 a.m.","  JR. ATAHUALPA (TORIBIO ARA) 265        PUEBLO LIBRE","EMERGENCIA MEDICA",AMB-36,-12.0806381964896,-77.0591360139702
2016-009345,10-02-2016,"01:22:27 a.m.","  JR. RAMON ESPINOZA DEP 2 433        RIMAC","MATERIALES PELIGROSOS (INCIDENTE)","AMB-2, M2-1",-12.035441336532,-77.0395315761551
2016-009344,10-02-2016,"01:21:33 a.m.","  AV. MIGUEL GRAU (BUENOS AIRES) 462        CALLAO",INCENDIO,M15-1,-12.0645004899424,-77.1458938670254
2016-009343,10-02-2016,"01:17:26 a.m.",,"EMERGENCIA MEDICA",AMB-1,-12.0582292249155,-77.1429964221459
2016-009342,10-02-2016,"01:11:17 a.m.","AV. CORONEL NESTOR GAMBETA (EL EMISOR) 1500       CALLAO","EMERGENCIA MEDICA",AMB-1,-12.0318180221244,-77.127922515807
2016-009341,10-02-2016,"01:00:43 a.m.",,"EMERGENCIA MEDICA","AMB-120, SAMU-120",,
2016-009340,10-02-2016,"12:30:34 a.m.",,"EMERGENCIA MEDICA",AMB-65,-11.9570175224895,-77.0458299607722
2016-009339,10-02-2016,"12:22:03 a.m.","TARAPACA 200        LA PERLA","EMERGENCIA MEDICA",AMB-7,,
2016-009338,10-02-2016,"12:19:53 a.m.","  CL. LAS MAGNOLIAS 152        INDEPENDENCIA","EMERGENCIA MEDICA",AMB-2,-12.0000413162026,-77.0473495562322
2016-009337,10-02-2016,"12:19:29 a.m.","AV ALFONSO UGARTE  245        MAGDALENA DEL MAR","SERVICIO ESPECIAL",AMB-36,,
2016-009336,10-02-2016,"12:16:15 a.m.","  AV. AVIACION 1500       LA VICTORIA","EMERGENCIA MEDICA",AMB-8,-12.0759089904552,-77.0107734233514
