ID,FECHA,HORA,DIRECCION,TIPO,UNIDADES,"CORDENADAS (lat)","CORDENADAS (lng)"
2016-037225,12-06-2016,"11:36:32 p.m.","  CL. GARCILAZO DE LA VEGA 510        BELLAVISTA","EMERGENCIA MEDICA",AMB-60,-12.057125573161,-77.0897258571956
2016-037224,12-06-2016,"11:36:23 p.m.","KIRIO            ","EMERGENCIA MEDICA",AMB-32-2,,
2016-037223,12-06-2016,"11:19:20 p.m.","  CL. EMETERIO PEREZ GIRALDO 358        SAN MARTIN DE PORRES","EMERGENCIA MEDICA",AMB-65-2,-12.0272167146033,-77.0529218207093
2016-037222,12-06-2016,"11:16:40 p.m.","AS. POBLADORES DEL BOSQUE E            ATE","EMERGENCIA MEDICA",AMB-65-2,-12.0616999589198,-76.9848828616837
2016-037221,12-06-2016,"10:55:45 p.m.","  AV. LA MARINA 900        PUEBLO LIBRE","EMERGENCIA MEDICA",AMB-83,-12.0813818282258,-77.0715370876617
2016-037220,12-06-2016,"10:52:04 p.m.","  AV. ARNALDO MARQUEZ 1660       JESUS MARIA","EMERGENCIA MEDICA","AMB-14, AMB-202",,
2016-037219,12-06-2016,"10:51:43 p.m.","  AV. GENERAL JUAN ANTONIO ALVAREZ DE ARENALES 2100       LINCE","EMERGENCIA MEDICA",AMB-8,-12.0861708160123,-77.0354326125686
2016-037218,12-06-2016,"10:35:05 p.m.","CARRETERAS - PANAMERICANAS CARRETERA CENTRAL 14            ATE","ACCIDENTE VEHICULAR","M138-4, M96-1, MED-96",,
2016-037217,12-06-2016,"10:32:16 p.m.","  JR. AZANGARO 894        LIMA","EMERGENCIA MEDICA",AMB-10,-12.0535587384034,-77.0322493106506
2016-037216,12-06-2016,"10:29:01 p.m.","  CL. CEDROS (1) 117        COMAS","EMERGENCIA MEDICA",AMB124-2,-11.9445227950517,-77.0498230928339
2016-037215,12-06-2016,"10:26:57 p.m.","  AV. CORONEL REYNALDO DE VIVANCO 601        SANTIAGO DE SURCO","MATERIALES PELIGROSOS (INCIDENTE)","AMB-28, M134-1",-12.1212051433404,-76.9836873245809
2016-037214,12-06-2016,"10:26:11 p.m.","AV. COSTANERA (MIRAMAR) 100        SAN MIGUEL","EMERGENCIA MEDICA",AMB-83,-12.0907458492907,-77.0850906590026
2016-037213,12-06-2016,"10:24:24 p.m.","UR. LOS ALAMOS DE MONTERRICO II BK  LT 19            SANTIAGO DE SURCO","EMERGENCIA MEDICA",AMB-6,-12.1068233443142,-76.9590845203934
2016-037212,12-06-2016,"10:22:56 p.m.","CL.LIBERTAD 126        ","EMERGENCIA MEDICA",AMB-7,,
2016-037211,12-06-2016,"10:03:15 p.m.","LAS OLETAS SAN JUAN BAUTISTA            AYACUCHO","EMERGENCIA MEDICA",MED-63,,
2016-037210,12-06-2016,"09:59:26 p.m.","  AV. FRANCISCO BOLOGNESI 200        COMAS","EMERGENCIA MEDICA",MED-63,-11.9209751939307,-77.04031267549
2016-037209,12-06-2016,"09:57:13 p.m.","AH. NUEVA CALEDONIA I E   LT 18            CHORRILLOS",INCENDIO,M120-1,-12.1966054680321,-77.0264846156856
2016-037208,12-06-2016,"09:56:58 p.m.","  AV. PACHACUTEC (LOS HEROES) 900        SAN JUAN DE MIRAFLORES","EMERGENCIA MEDICA",AMB-106,-12.1574918311614,-76.9640720285612
2016-037207,12-06-2016,"09:54:03 p.m.","  JR. SALOOM 700        CALLAO",INCENDIO,AMB-106,-12.0671046040282,-77.1389110167032
2016-037206,12-06-2016,"09:50:34 p.m.","  CL. JUAN GUILLERMO MOORE 372        SANTA ANITA","EMERGENCIA MEDICA",AMB-138,-12.0469509224668,-76.9724219857587
2016-037205,12-06-2016,"09:48:40 p.m.","  JR. PRESBITERO GARCIA VILLON 690        LIMA","EMERGENCIA MEDICA",AMB-21,-12.0479298304246,-77.0492247076588
2016-037204,12-06-2016,"09:45:58 p.m.","  PR. QUITO 2400       JESUS MARIA","EMERGENCIA MEDICA",AMB-36,-12.0848765196887,-77.0578037923819
2016-037203,12-06-2016,"09:43:06 p.m.","AV. AREQUIPA CRUCE CON AV. ANDRES ARAMBURU SAN ISIDRO            SAN ISIDRO","EMERGENCIA MEDICA",AMB-36,,
2016-037202,12-06-2016,"09:39:07 p.m.","  PJ. 3 DE NOVIEMBRE 296        COMAS","EMERGENCIA MEDICA",AMB-36,,
2016-037201,12-06-2016,"09:37:21 p.m.","  CL. MAC CARTHY (24) 281        SAN BORJA","EMERGENCIA MEDICA",AMB-6,-12.0945268967664,-76.9826312911379
2016-037200,12-06-2016,"09:13:26 p.m.","  AV. SAN MARTIN 369        SAN MARTIN DE PORRES","EMERGENCIA MEDICA",AMB-10,-12.0335031032589,-77.0575782282309
2016-037199,12-06-2016,"08:58:51 p.m.","AV. AYACUCHO (HOJA REDONDA) CRUCE CON AV. ALFREDO BENAVIDES SANTIAGO DE SURCO            SANTIAGO DE SURCO",INCENDIO,M134-1,-12.128346210782,-76.9928185619608
2016-037198,12-06-2016,"08:48:04 p.m.","CARRETERAS - PANAMERICANAS PANAMERICANA NORTE 45             SANTA ROSA","ACCIDENTE VEHICULAR","AMB-150, AMB-184, M163-1, M75-1",-11.7824160586679,-77.1571639033775
2016-037197,12-06-2016,"08:35:16 p.m.","AV. PUENTE EJERCITO 3RA. CUADRA            AYACUCHO",INCENDIO,RES-63,,
2016-037196,12-06-2016,"08:33:10 p.m.","  JR. SOLDADO CABADA (CONDESA) 052        BARRANCO","MATERIALES PELIGROSOS (INCIDENTE)","AMB-28, M28-1",-12.1381003323595,-77.02011234973
2016-037195,12-06-2016,"08:26:21 p.m.","  PJ. TUNGASUCA (15) 100        COMAS","EMERGENCIA MEDICA","AMB-28, M28-1",-11.9209545594399,-77.04284059003
2016-037194,12-06-2016,"08:16:40 p.m.","CLINICA GALAY             ","EMERGENCIA MEDICA",MED-38,,
2016-037193,12-06-2016,"08:14:54 p.m.","UR. SAN DIEGO DE VIPOL K2            SAN MARTIN DE PORRES","EMERGENCIA MEDICA",AMB124-2,-11.9461499435699,-77.0892500988295
2016-037192,12-06-2016,"08:12:10 p.m.","AH. MATEO PUMACAHUA MZ F LT 2            CHORRILLOS","MATERIALES PELIGROSOS (INCIDENTE)","AMB-16, M120-1",,
2016-037191,12-06-2016,"08:09:25 p.m.","CA. PANAMERICANA SUR            LURIN","EMERGENCIA MEDICA",AMB-129,-12.2831382661997,-76.8786355021427
2016-037190,12-06-2016,"07:58:32 p.m.","AV. LIZARDO MONTERO CRUCE AV. PEDRO MIOTTA            SAN JUAN DE MIRAFLORES","EMERGENCIA MEDICA",M120-1,,
2016-037189,12-06-2016,"07:53:48 p.m.","  JR. PINAR DEL RIO 2069       SAN MARTIN DE PORRES","EMERGENCIA MEDICA",AMB-65-2,-12.0327524075172,-77.067295364856
2016-037188,12-06-2016,"07:42:45 p.m.","AS. CIPRESES             SAN MARTIN DE PORRES","MATERIALES PELIGROSOS (INCIDENTE)","AMB124-2, M9-5",-11.9998285036029,-77.1007530035349
2016-037187,12-06-2016,"07:39:56 p.m.","  CL. LOS GERANIOS 100        COMAS","EMERGENCIA MEDICA",AMB-164,-11.9131456970473,-77.0406026156323
2016-037186,12-06-2016,"07:35:01 p.m.","  CL. AGUSTIN DE JAUREGUI 716        LA VICTORIA",INCENDIO,"AMB-10, AMB-6, M176-3, M2-1, RES-8",-12.0655692813547,-77.0083220491261
2016-037185,12-06-2016,"07:30:19 p.m.","  JR. CUSCO 3000       SAN MARTIN DE PORRES","EMERGENCIA MEDICA",AMB-9,-12.0348730472221,-77.0805536468026
2016-037184,12-06-2016,"07:29:39 p.m.","  JR. COMANDANTE MANUEL VILLAVICENCIO 989        LINCE","EMERGENCIA MEDICA",MED-202,-12.0894834927319,-77.0412791743208
2016-037183,12-06-2016,"07:29:25 p.m.","HOSPITAL REGIONAL DE HUACHO            ","ACCIDENTE VEHICULAR",AMB-216,,
2016-037182,12-06-2016,"07:28:12 p.m.","  CL. PEDRO CHAMOCHUMBE 200        EL AGUSTINO","EMERGENCIA MEDICA","AMB-10, AMB-138, M176-3",,
2016-037181,12-06-2016,"07:23:51 p.m.","  JR. ALFONSO TEJADA DIAZ 427        EL AGUSTINO","EMERGENCIA MEDICA","AMB-138, M176-3",-12.0490606528113,-76.9982531905899
2016-037180,12-06-2016,"07:21:34 p.m.","AH. FLOR DE AMANCAES G LOTE 16            RIMAC","MATERIALES PELIGROSOS (INCIDENTE)","AMB-65-2, M21-1",-12.0100221890451,-77.0347160832601
2016-037179,12-06-2016,"07:16:59 p.m.","  CL. TIAHUANACO 130        SAN MIGUEL","EMERGENCIA MEDICA",AMB-36,-12.072961348043,-77.0978011123104
2016-037178,12-06-2016,"07:11:53 p.m.","AV. LAS AMERICAS 1500       PISCO","ACCIDENTE VEHICULAR",AMB-37,,
2016-037177,12-06-2016,"06:55:18 p.m.","  CL. SAN FRANCISCO 560        VILLA MARIA DEL TRIUNFO","EMERGENCIA MEDICA",AMB-106,-12.1600285129375,-76.9465386337643
2016-037176,12-06-2016,"06:51:42 p.m.","  JR. JOSE VINATEA 171        LA VICTORIA",INCENDIO,RES-8,-12.0740748291045,-77.0093430856184
2016-037175,12-06-2016,"06:48:16 p.m.",,INCENDIO,"AMB-10, M10-1, M2-1, M202-1, MED-202",-12.0578934197447,-77.0382324910958
2016-037174,12-06-2016,"06:44:37 p.m.","  PJ. REMBRANT 160        LA PERLA","EMERGENCIA MEDICA","AMB-10, M10-1, M2-1, M202-1, MED-202",-12.0640775872547,-77.1096383256013
2016-037173,12-06-2016,"06:40:20 p.m.","AV. ABANCAY CRUCE CON JR. HUALLAGA LIMA            LIMA","EMERGENCIA MEDICA",AMB-10,-12.0487321497033,-77.0272532741133
2016-037172,12-06-2016,"06:38:09 p.m.","SAN PATRICIO            PARAMONGA",INCENDIO,AMB-10,,
2016-037171,12-06-2016,"06:31:42 p.m.","UR. FUNDO LA CHALACA F            CALLAO","EMERGENCIA MEDICA",MED-34,-12.0571303369334,-77.1275135327241
2016-037170,12-06-2016,"06:17:11 p.m.","AV. TOMAS VALLE CRUCE CON AV. UNIVERSITARIA (BELLA UNION) SAN MARTIN DE PORRES            SAN MARTIN DE PORRES","EMERGENCIA MEDICA",AMB-9,-12.012542076361,-77.0803406745526
2016-037169,12-06-2016,"06:14:17 p.m.","  JR. AUGUSTO WIESE (CARABAYA) 976        LIMA","EMERGENCIA MEDICA",AMB-9,-12.0522924273179,-77.0342695301878
2016-037168,12-06-2016,"06:13:54 p.m.","CA. CIENEGUILLA KM 13            PACHACAMAC",INCENDIO,M96-1,-12.0849766896825,-76.8808038788801
2016-037167,12-06-2016,"06:07:28 p.m.","  CL. PARCA MZ LT 5 URB. SAN FERNANDO            PACHACAMAC","EMERGENCIA MEDICA",AMB-129,-12.2115338107714,-76.8537646286906
2016-037166,12-06-2016,"06:03:06 p.m.","CL. MISIONERO ABAD 200        CALLAO","EMERGENCIA MEDICA",AMB-129,,
2016-037165,12-06-2016,"05:31:40 p.m.","MALA CALANGO  KM 22            ","EMERGENCIA MEDICA",AMB-111,,
2016-037164,12-06-2016,"05:28:22 p.m.","  AV. CARABAYLLO (4F) 374        COMAS","EMERGENCIA MEDICA",AMB124-2,-11.9606978019573,-77.0592076504373
2016-037163,12-06-2016,"05:12:48 p.m.","JR. PUNO CRUCE CON AV. TUPAC AMARU COMAS            COMAS",INCENDIO,M124-1,-11.952967997797,-77.0512202348296
2016-037162,12-06-2016,"05:02:14 p.m.","JR. VELASQUEZ CRUCE CON AV. JAVIER PRADO ESTE SAN BORJA            SAN BORJA","EMERGENCIA MEDICA","AMB-6, MED-202",-12.0875416380136,-76.9978409926639
2016-037161,12-06-2016,"04:52:54 p.m.","  JR. APURIMAC 734        CALLAO","EMERGENCIA MEDICA",AMB-7,-12.0632682933565,-77.1363004876439
2016-037160,12-06-2016,"04:35:32 p.m.","AV. PERALVILLO  1200       CHANCAY","EMERGENCIA MEDICA",MED-80,,
2016-037159,12-06-2016,"04:24:22 p.m.","MINA MARCOBRE            MARCONA","EMERGENCIA MEDICA",AMB-82,,
2016-037158,12-06-2016,"04:15:27 p.m.","  AV. PERU 3300       SAN MARTIN DE PORRES","EMERGENCIA MEDICA",AMB-9,-12.0313433348581,-77.0833953169635
2016-037157,12-06-2016,"04:10:24 p.m.","AV. GOZZOLI SUR 400        SAN BORJA",RESCATE,"ESC-11, M11-1",,
2016-037156,12-06-2016,"04:03:51 p.m.","SECTOR HUACACHINA            ICA","SERVICIO ESPECIAL","M193-1, RES-193",,
2016-037155,12-06-2016,"04:03:49 p.m.","  CL. LOS DELEGADOS 500        INDEPENDENCIA","EMERGENCIA MEDICA","AMB-65-2, RESLIG-161",-11.9904544249764,-77.0518284427898
2016-037154,12-06-2016,"04:00:37 p.m.","VIA EXPRESA ALTURA DEL PUENTE CORPAC             ","ACCIDENTE VEHICULAR","M4-1, MED-202, RES-28",,
2016-037153,12-06-2016,"03:59:47 p.m.","  AV. ALFONSO UGARTE 558        LIMA",INCENDIO,"AMB-14, M10-1, M2-1",-12.0472370292896,-77.0424764995349
2016-037152,12-06-2016,"03:55:07 p.m.","  CL. VICTOR HUGO (21) MZ. G  LOTE 16 - URB. LA CALERA  10.31 HOSP. REBAGLIATI 000        SURQUILLO","EMERGENCIA MEDICA",AMB-6,-12.1182547915576,-77.0027085333736
2016-037151,12-06-2016,"03:53:38 p.m.","  AV. JOSE BAQUIJANO Y CARRILLO (JORGE CHAVEZ) 230        MIRAFLORES","EMERGENCIA MEDICA",AMB-28,-12.120690362848,-77.0370535637964
2016-037150,12-06-2016,"03:47:58 p.m.","IPD DE ICA            ICA","SERVICIO ESPECIAL",AMB-22,,
2016-037149,12-06-2016,"03:45:36 p.m.","  CL. LOS EUCALIPTOS 264        BELLAVISTA","EMERGENCIA MEDICA",AMB-83,-12.0608706597195,-77.0978935360352
2016-037148,12-06-2016,"03:33:32 p.m.","BEATITA DE HUMAY   CDRA. 2            PISCO","EMERGENCIA MEDICA",AMB-37,,
2016-037147,12-06-2016,"03:30:35 p.m.","HOSPITAL NAVAL            ","SERVICIO ESPECIAL",MED-34-2,,
2016-037146,12-06-2016,"03:09:03 p.m.","AH. AMPLIACION SANTA CRUZ D1 lt. 12            PUNTA HERMOSA","EMERGENCIA MEDICA",AMB-125,-12.3304561208866,-76.8252917943229
2016-037145,12-06-2016,"02:46:55 p.m.","  JR. SANTA ROSALIA 676        LIMA","EMERGENCIA MEDICA",AMB-125,-12.066969023167,-77.0742430735422
2016-037144,12-06-2016,"02:42:21 p.m.","  AV. ALFREDO BENAVIDES 730        MIRAFLORES","EMERGENCIA MEDICA",AMB-28,-12.1250613324835,-77.0263975502802
2016-037143,12-06-2016,"02:39:04 p.m.","HOSP MARIA AUXILIADORA             SAN JUAN DE MIRAFLORES","EMERGENCIA MEDICA",AMB-28,-12.0579892646311,-77.0067311218603
2016-037142,12-06-2016,"02:33:59 p.m.","  AV. PERU 4200       SAN MARTIN DE PORRES","EMERGENCIA MEDICA",AMB-9,-12.0301613747314,-77.0942513584746
2016-037141,12-06-2016,"02:32:35 p.m.","JR. HUANUCO CRUCE CON AV. GRAU LIMA            LIMA","EMERGENCIA MEDICA",AMB-2,-12.0574669369917,-77.0174430132909
2016-037140,12-06-2016,"02:29:55 p.m.","  CL. LUIS LARCO 598        ","EMERGENCIA MEDICA",MED-34-2,-12.0704713289459,-77.1643361114653
2016-037139,12-06-2016,"02:20:43 p.m.","MORRO DE ARICA             AYACUCHO","SERVICIO ESPECIAL",MED-63,,
2016-037138,12-06-2016,"02:16:47 p.m.","ESTADIO FELIX FRANCO            ","SERVICIO ESPECIAL",MED-63,,
2016-037137,12-06-2016,"01:39:45 p.m.","AV.   CUTERVO  CDRA.  10              ICA",INCENDIO,M22-1,,
2016-037136,12-06-2016,"01:33:47 p.m.","AS. EX TRABAJADORES DE ENATRU PERU ETAPA A  MZ  BD  LT  4            CHORRILLOS","EMERGENCIA MEDICA",AMB-16,-12.2024097593934,-77.0199920609462
2016-037135,12-06-2016,"01:33:35 p.m.","JR. PARINACOCHAS CRUCE CON JR. HIPOLITO UNANUE LA VICTORIA            LA VICTORIA","EMERGENCIA MEDICA",AMB-2,-12.0657268898774,-77.017455569347
2016-037134,12-06-2016,"01:32:17 p.m.","  AV. ALFREDO BENAVIDES 3801       SANTIAGO DE SURCO","EMERGENCIA MEDICA",AMB-6,-12.1284297296695,-76.9955019195336
2016-037133,12-06-2016,"01:30:38 p.m.","NESTOR GAMBETA ALT PARADERO INCA KOLA             VENTANILLA","EMERGENCIA MEDICA",AMB-9,,
2016-037132,12-06-2016,"01:25:57 p.m.",,"EMERGENCIA MEDICA",MED-18,-12.0604957484379,-77.1390105267796
2016-037131,12-06-2016,"01:25:24 p.m.","PUERTA PRINCIPAL DE ESCUELA NAVAL            CALLAO","EMERGENCIA MEDICA",MED-34-2,,
2016-037130,12-06-2016,"01:24:37 p.m.","CALLE  FELIX   PASACHE  MZ. G   DPTO.  110  UR. CONFECCIONES MILITARES             BELLAVISTA","EMERGENCIA MEDICA",MED-34-2,-12.0616671812305,-77.1124725115574
2016-037129,12-06-2016,"01:23:57 p.m.","PANAMERICANA NORTE KM 114            ","ACCIDENTE VEHICULAR","AMB-20, RES-20",,
2016-037128,12-06-2016,"01:22:28 p.m.","PANAMERICANA NORTE KILOMETRO 114             ","ACCIDENTE VEHICULAR","AMB-20, RES-20",,
2016-037127,12-06-2016,"01:20:14 p.m.","  CL. AUTISHA 151        SAN MIGUEL","EMERGENCIA MEDICA",AMB-36,-12.0862678427779,-77.0753721000132
2016-037126,12-06-2016,"01:18:48 p.m.","  PJ. RODADERO 143        LINCE","EMERGENCIA MEDICA",MED-202,-12.0871663392192,-77.03149309644
2016-037125,12-06-2016,"01:09:51 p.m.","CALLE   LAS  OROPENDOLAS  CRUCE  LOS   HALCONES              CARMEN DE LA LEGUA REYNOS","EMERGENCIA MEDICA",AMB-60,,
2016-037124,12-06-2016,"12:44:12 p.m.","  CL. MARISCAL ANTONIO JOSE DE SUCRE 797        SAN MIGUEL","EMERGENCIA MEDICA",AMB-60,,
2016-037123,12-06-2016,"12:31:46 p.m.","CH. ANTONIA MORENO DE CACERES SECTOR 5 (CIUDAD DEL DEPORTE)             VENTANILLA","EMERGENCIA MEDICA",AMB-184,-11.8929651052438,-77.1125090059008
2016-037122,12-06-2016,"12:22:02 p.m.","  AV. SANTA ROSA (JUAN PABLO II) 700        CALLAO",RESCATE,M15-1,-12.0538535845645,-77.1148050233291
2016-037121,12-06-2016,"12:17:17 p.m.","AH. LAURA CALLER IBERICO  MZ.  21  LOTE  12               LOS OLIVOS","EMERGENCIA MEDICA",AMB124-2,-11.9695162384067,-77.0758115951682
2016-037120,12-06-2016,"12:09:13 p.m.","  JR. JUAN CASTRO 215        LA VICTORIA","EMERGENCIA MEDICA",MED-202,-12.0754013395808,-77.0204815512099
2016-037119,12-06-2016,"12:07:39 p.m.","  JR. SUPE 211        CALLAO","EMERGENCIA MEDICA","M7-1, MED-18",-12.0554282787246,-77.1318685870556
2016-037118,12-06-2016,"11:56:59 a.m.","ASAMBLEA            ",INCENDIO,"M63-1, MED-63",,
2016-037117,12-06-2016,"11:52:35 a.m.","  AV. GENERAL CESAR CANEVARO 1561       LINCE",INCENDIO,"M202-1, MED-202",-12.0853282912812,-77.047996570174
2016-037116,12-06-2016,"11:52:29 a.m.","  CL. CHIMU 167        PUEBLO LIBRE","EMERGENCIA MEDICA",AMB-36,-12.0739523575245,-77.072036595302
2016-037115,12-06-2016,"11:49:16 a.m.","  AV. GRAN CHIMU 400        SAN JUAN DE LURIGANCHO","EMERGENCIA MEDICA",AMB-2,-12.0272816990289,-77.0063738214921
2016-037114,12-06-2016,"11:33:27 a.m.","  PJ. SANTA ROSA 190        CALLAO","EMERGENCIA MEDICA",MED-34-2,-12.0648303817534,-77.1546148136755
2016-037113,12-06-2016,"11:27:48 a.m.","  AV. SEPARADORA INDUSTRIAL Y VIVIENDA (SEPARADORA HABITACIONAL) 1089       ATE","EMERGENCIA MEDICA",MED-34-2,-12.0700593341688,-76.9762866154011
2016-037112,12-06-2016,"11:01:41 a.m.","CAPAC YUPANQUI  1300       ","EMERGENCIA MEDICA",AMB-36,,
2016-037111,12-06-2016,"11:00:06 a.m.","CL MANUEL QUIMPER 207        SAN MARTIN DE PORRES","EMERGENCIA MEDICA",AMB-36,,
2016-037110,12-06-2016,"10:54:25 a.m.","AV. LA PLAYA ACCESO A            VENTANILLA","EMERGENCIA MEDICA",AMB-184,-11.8721364929036,-77.1417449274239
2016-037109,12-06-2016,"10:50:14 a.m.","AV MAURTUA CDRA 3             ","EMERGENCIA MEDICA",AMB-22,,
2016-037108,12-06-2016,"10:49:24 a.m.","  AV. UNIVERSITARIA 7300       COMAS","EMERGENCIA MEDICA",AMB124-2,-11.9366163409764,-77.0569631748993
2016-037107,12-06-2016,"10:44:15 a.m.","AV. UNIVERSITARIA CRUCE CON AV. VICTOR ANDRES BELAUNDE OESTE COMAS            COMAS","EMERGENCIA MEDICA",AMB124-2,-11.9351018430645,-77.0566826525402
2016-037106,12-06-2016,"10:37:11 a.m.","  AV. LA MAR (MANUEL CIPRIANO DULANTO) 1000       PUEBLO LIBRE","EMERGENCIA MEDICA",AMB124-2,-12.0787575699038,-77.0659916114098
2016-037105,12-06-2016,"10:32:43 a.m.","PARUQE PEDRO RUIZ GALLO            LINCE","SERVICIO ESPECIAL","AMB-2, AMB-202",,
2016-037104,12-06-2016,"10:24:37 a.m.","  CL. CARLOS AUGUSTO SALAVERRY 982        SURQUILLO","EMERGENCIA MEDICA",AMB-28,-12.1091783257743,-77.0231015713345
2016-037103,12-06-2016,"10:14:41 a.m.","  JR. MONTEVIDEO 276        LA PERLA","EMERGENCIA MEDICA",MED-5,-12.0671758776665,-77.1259224177149
2016-037102,12-06-2016,"10:14:36 a.m.","PERALDILLO   CDRA.  12               CHANCAY","EMERGENCIA MEDICA",MED-80,,
2016-037101,12-06-2016,"10:13:55 a.m.","  JR. GALVEZ CHIPOCO 350        LIMA","EMERGENCIA MEDICA",AMB-14,-12.0641417661853,-77.0426886398705
2016-037100,12-06-2016,"10:00:03 a.m.","  JR. CUZCO 695        LIMA","EMERGENCIA MEDICA",AMB-14,-12.0524040847589,-77.0276653447259
2016-037099,12-06-2016,"09:56:52 a.m.","AV. EL SOL CRUCE CON AV. EDILBERTO RAMOS (MARIANO PASTOR SEVILLA) (FORESTAL) VILLA EL SALVADOR            VILLA EL SALVADOR","EMERGENCIA MEDICA",AMB-106,-12.2054918438711,-76.9532802956547
2016-037098,12-06-2016,"09:55:39 a.m.","  AV. EVITAMIENTO (CIRCUNVALACION) 000        RIMAC","EMERGENCIA MEDICA",AMB-14,-12.0403287641332,-77.0168495449858
2016-037097,12-06-2016,"09:45:14 a.m.",,"EMERGENCIA MEDICA",AMB-115,-11.9746862065163,-76.8402442770144
2016-037096,12-06-2016,"09:44:46 a.m.",,"MATERIALES PELIGROSOS (INCIDENTE)","AMB-14, M14-1",-12.0588108182879,-77.0575770691058
2016-037095,12-06-2016,"09:37:08 a.m.","CARRETERAS - PANAMERICANAS ANTIGUA PANAMERICANA SUR 43            PUNTA HERMOSA","EMERGENCIA MEDICA",AMB-129,-12.319965742719,-76.830013183739
2016-037094,12-06-2016,"09:35:36 a.m.","CARRETERAS - PANAMERICANAS PANAMERICANA SUR 54            SANTA MARIA DEL MAR",INCENDIO,"M125-1, M155-1, RES-125",-12.4324484820277,-76.7540788793482
2016-037093,12-06-2016,"09:26:22 a.m.","PARUQE DE LA EXPOSICION             ","SERVICIO ESPECIAL","AMB-202, AMB-8",,
2016-037092,12-06-2016,"09:20:15 a.m.","  CL. MANUEL BONNEMAISON 500        BELLAVISTA","EMERGENCIA MEDICA",MED-5,-12.0593730698635,-77.1175085418602
2016-037091,12-06-2016,"09:20:00 a.m.","CALLE   5   MZ. L LOTE  15   AH. MARISCAL CASTILLA             RIMAC","EMERGENCIA MEDICA",AMB-65-2,-12.015426151484,-77.0348021582277
2016-037090,12-06-2016,"09:18:28 a.m.","  JR. 28 DE JULIO (1 DE JULIO) 283        MAGDALENA DEL MAR",RESCATE,RES-36,-12.0876918159423,-77.0661036058265
2016-037089,12-06-2016,"09:13:30 a.m.","UR. JORGE CHAVEZ ETAPA I D lote  6            CALLAO","EMERGENCIA MEDICA",AMB-9,-12.0191202318725,-77.0976525784265
2016-037088,12-06-2016,"09:10:03 a.m.","  AV. SAN CESAR PANDO EGUSQUIZA (SANTO TORIBIO) 178        VILLA MARIA DEL TRIUNFO","EMERGENCIA MEDICA",AMB-106,-12.1568103668833,-76.9565753775761
2016-037087,12-06-2016,"09:09:23 a.m.","  JR. DIEGO FERRE 300        MIRAFLORES","EMERGENCIA MEDICA",AMB-6,-12.1291369526228,-77.0333895359529
2016-037086,12-06-2016,"09:07:26 a.m.","  JR. MANUEL ASCENSIO SEGURA 355        LOS OLIVOS",INCENDIO,M161-1,-11.9966710041367,-77.0651739839704
2016-037085,12-06-2016,"09:02:36 a.m.","  PJ. ISAAC ALBENIZ 157        SAN BORJA",RESCATE,M11-1,-12.1032162604861,-77.0027476977528
2016-037084,12-06-2016,"08:53:44 a.m.","CL CAHUAZ            HUARAL",INCENDIO,M44-1,,
2016-037083,12-06-2016,"08:53:18 a.m.","PANAMERICANA NORTE KILOMETRO 27            ","ACCIDENTE VEHICULAR",MED-163,,
2016-037082,12-06-2016,"08:48:46 a.m.","  CL. FELIPE PARDO Y ALIAGA 181        LOS OLIVOS","EMERGENCIA MEDICA",AMB-65-2,-11.9924051186365,-77.0684129815545
2016-037081,12-06-2016,"08:48:40 a.m.","  AV. MIRAFLORES (28 DE JULIO) 610        MIRAFLORES","EMERGENCIA MEDICA",AMB-28,-12.127852392212,-77.0272030751789
2016-037080,12-06-2016,"08:43:11 a.m.","  CL. MARISCAL LUZURIAGA 532        JESUS MARIA","EMERGENCIA MEDICA",AMB-28,,
2016-037079,12-06-2016,"08:41:23 a.m.","AV GRAU 101        LA PUNTA","EMERGENCIA MEDICA",MED-34-2,,
2016-037078,12-06-2016,"08:41:23 a.m.","  CL. LOS ASTEROIDES 100        CHORRILLOS","EMERGENCIA MEDICA",AMB-16,-12.1685651054833,-76.9971812208114
2016-037077,12-06-2016,"08:40:16 a.m.","  JR. TARAPACA (MANUEL GUIRIOR) 223        MAGDALENA DEL MAR",RESCATE,RES-36,-12.0896788746467,-77.0674125935659
2016-037076,12-06-2016,"08:38:22 a.m.","PANAMERICANA NORTE CRUCE PRO             ","EMERGENCIA MEDICA",AMB-150,,
2016-037075,12-06-2016,"08:37:08 a.m.","CALLE   PRINCIPAL    100        SAN MIGUEL",RESCATE,AMB-150,,
2016-037074,12-06-2016,"08:34:41 a.m.","  AV. CORONEL JUAN PASCAL PRINGLES (LA FONTANA) 904        LA MOLINA","MATERIALES PELIGROSOS (INCIDENTE)","AMB-169, M96-1",-12.0732002672365,-76.9482838993866
2016-037073,12-06-2016,"08:21:47 a.m.","AV. AREQUIPA CRUCE CON JR. JUAN DE ARONA SAN ISIDRO            SAN ISIDRO","EMERGENCIA MEDICA",AMB-202,-12.0970977667428,-77.0325205975775
2016-037072,12-06-2016,"07:59:38 a.m.","AV. URUGUAY CRUCE CON AV. ALFONSO UGARTE LIMA            LIMA","EMERGENCIA MEDICA",AMB-14,-12.054493530917,-77.0418171379006
2016-037071,12-06-2016,"07:59:31 a.m.","  PR. PERU 4500       CALLAO","EMERGENCIA MEDICA",AMB-60,-12.0284051479516,-77.0971576390186
2016-037070,12-06-2016,"07:55:19 a.m.","  AV. ALMIRANTE MIGUEL GRAU (JOSE MARIA EGUREN) 1500       BARRANCO","EMERGENCIA MEDICA",AMB-16,-12.1367048106321,-77.0225585349464
2016-037069,12-06-2016,"07:52:17 a.m.","MAZ S 1 LOTE 12 URB 28 DE JULIO  1400       LOS OLIVOS","EMERGENCIA MEDICA",AMB-65-2,-12.0061018244516,-77.0761611340275
2016-037068,12-06-2016,"07:46:38 a.m.","  JR. DOMINGO MARTINEZ LUJAN (SAN FELIPE) 400        SURQUILLO","MATERIALES PELIGROSOS (INCIDENTE)",RES-28,-12.1154198370155,-77.0160970494435
2016-037067,12-06-2016,"07:33:31 a.m.","QUILMANA            ","SERVICIO ESPECIAL","M49-1, RES-49",,
2016-037066,12-06-2016,"07:30:42 a.m.","CARRETERAS - PANAMERICANAS PANAMERICANA SUR 4            SAN BORJA","ACCIDENTE VEHICULAR","AMB-6, M11-1, M127-1",-12.0918573048657,-76.9810896808191
2016-037065,12-06-2016,"07:28:25 a.m.","A B. 221            ASIA","SERVICIO ESPECIAL",M106-1,,
2016-037064,12-06-2016,"07:27:43 a.m.","  JR. MANCO CAPAC 100        CALLAO","EMERGENCIA MEDICA",MED-5,-12.0595234131279,-77.1477749125084
2016-037063,12-06-2016,"07:15:31 a.m.","SAN FERNANDO   MZ.   S  LOTE  5   CALLE  PARCA              PACHACAMAC","EMERGENCIA MEDICA",AMB-160,,
2016-037062,12-06-2016,"07:14:43 a.m.","  AV. EL OLIVAR 3800       SAN MARTIN DE PORRES","EMERGENCIA MEDICA",AMB-160,-12.0136887777914,-77.0878446409412
2016-037061,12-06-2016,"07:09:29 a.m.","AV . LOS OLIVOS MZ D 1 LOTE 8 ANEXO OLOSPALME            CHILCA","EMERGENCIA MEDICA",AMB-133,,
2016-037060,12-06-2016,"07:06:27 a.m.","  JR. LOS ARANDANOS (16) 300        SAN JUAN DE LURIGANCHO","EMERGENCIA MEDICA",AMB-2,-12.0127180279556,-77.0032779268432
2016-037059,12-06-2016,"06:52:07 a.m.","COLEGIO ENCINAS SUPE PUEBLO            BARRANCA",INCENDIO,AMB-2,,
2016-037058,12-06-2016,"06:42:25 a.m.","AV. REPUBLICA DE VENEZUELA CRUCE CON AV. HAYA DE LA TORRE (7 DE ENERO) LA PERLA            LA PERLA","EMERGENCIA MEDICA",AMB-7,-12.0637312472738,-77.1087252143125
2016-037057,12-06-2016,"06:39:19 a.m.","ANEXO  ALTOS             IMPERIAL","EMERGENCIA MEDICA",AMB-183,,
2016-037056,12-06-2016,"06:29:43 a.m.","AV. ANGAMOS ESTE (PRIMAVERA) CRUCE CON CL. SAN FERNANDO SURQUILLO            SURQUILLO","EMERGENCIA MEDICA",AMB-6,-12.1127457708825,-77.0136885481012
2016-037055,12-06-2016,"06:15:04 a.m.","  AV. LA MARINA 3635       SAN MIGUEL","EMERGENCIA MEDICA",AMB-7,-12.0721571727419,-77.1040983472015
2016-037054,12-06-2016,"06:13:59 a.m.","  AV. ALFREDO BENAVIDES 2000       MIRAFLORES","EMERGENCIA MEDICA",AMB-28,-12.1274671867408,-77.0110023432985
2016-037053,12-06-2016,"06:13:47 a.m.","AV. ELMER FAUCETT CRUCE CON AV. VICENTE MORALES DUAREZ CALLAO            CALLAO","ACCIDENTE VEHICULAR","AMB-60, M60-1, M60-5",-12.0406772401574,-77.0998182379843
2016-037052,12-06-2016,"06:11:40 a.m.","  CL. F. UCELLO 260        SAN BORJA","EMERGENCIA MEDICA",AMB-8,-12.0909368069775,-77.0049540428356
2016-037051,12-06-2016,"06:07:52 a.m.","  AV. JOSE CARLOS MARIATEGUI 2300       VILLA MARIA DEL TRIUNFO",INCENDIO,"M106-1, M120-1, RES-134",-12.1424035833713,-76.9493830523542
2016-037050,12-06-2016,"05:59:17 a.m.","CCONDOMINIOS RETABLO            ",INCENDIO,M124-1,,
2016-037049,12-06-2016,"05:59:01 a.m.","  CL. MURCIA (3) 228        SANTIAGO DE SURCO","EMERGENCIA MEDICA",AMB-6,-12.1260698735718,-77.0017771124709
2016-037048,12-06-2016,"05:57:21 a.m.","PLAYA  MIAMI            ANCON","EMERGENCIA MEDICA",MED-163,,
2016-037047,12-06-2016,"04:53:47 a.m.","  AV. ALFONSO UGARTE (LIBERTAD) 968        COMAS","ACCIDENTE VEHICULAR","M164-1, RES-124",-11.9218263166352,-77.0347450920774
2016-037046,12-06-2016,"04:52:22 a.m.",,"EMERGENCIA MEDICA",MED-96,,
2016-037045,12-06-2016,"04:39:21 a.m.","  CL. LAS BEGONIAS 486        CHACLACAYO","EMERGENCIA MEDICA",AMB-115,-11.9681276536383,-76.7419992394072
2016-037044,12-06-2016,"04:13:55 a.m.","AV  HUARAZ            ","EMERGENCIA MEDICA",AMB-44,,
2016-037043,12-06-2016,"04:05:59 a.m.","  AV. ENRIQUE GUZMAN Y VALLE 800        LURIGANCHO","EMERGENCIA MEDICA",AMB-32-2,-11.9431554545695,-76.6984628121611
2016-037042,12-06-2016,"03:44:06 a.m.","AV. REVOLUCION CRUCE CON AV. CESAR VALLEJO VILLA EL SALVADOR            ","EMERGENCIA MEDICA",AMB-106,-12.2131942050992,-76.9368333811531
2016-037041,12-06-2016,"03:40:10 a.m.","  JR. HERMANOS SANTOS GARCIA (JACARANDA) 000        SANTIAGO DE SURCO","EMERGENCIA MEDICA","AMB-28, AMB-6",-12.1301803138895,-76.9729309810923
2016-037040,12-06-2016,"03:21:36 a.m.","  AV. SAN BORJA SUR (JUAN SEBASTIAN BACH) (FEDERICO CHOPIN) (GENER DE LA BARRA) 415        ","EMERGENCIA MEDICA","AMB-28, AMB-6",-12.1009853674861,-77.0046360818236
2016-037039,12-06-2016,"03:16:51 a.m.","  CL. BERLIN (MARISCAL RAMON CASTILLA) 255        MIRAFLORES","EMERGENCIA MEDICA",AMB-28,-12.121732343002,-77.0322140770093
2016-037038,12-06-2016,"03:08:49 a.m.","  AV. EL POLO (WILCA UMU) 900        SANTIAGO DE SURCO","MATERIALES PELIGROSOS (INCIDENTE)","AMB-6, M127-1",-12.0979590496233,-76.9702727773581
2016-037037,12-06-2016,"02:57:17 a.m.","  AV. MARTIR JOSE OLAYA 1000       CHORRILLOS","EMERGENCIA MEDICA",AMB-16,-12.1698927682571,-77.0286365791791
2016-037036,12-06-2016,"02:36:04 a.m.","AV. QUILCA 700        SAN MARTIN DE PORRES","EMERGENCIA MEDICA",AMB-9,-12.0322535330777,-77.0954885356481
2016-037035,12-06-2016,"02:35:16 a.m.","AV. JAVIER PRADO OESTE CRUCE CON CL. LOS NOGALES SAN ISIDRO            SAN ISIDRO","EMERGENCIA MEDICA",AMB-202,-12.0938278128978,-77.0450536093363
2016-037034,12-06-2016,"02:04:47 a.m.","AV. UNIVERSITARIA (BAQUIJANO Y CARRILLO) CRUCE CON JR. PEREZ DE TUDELA LIMA            LIMA","EMERGENCIA MEDICA",AMB-60,-12.0371860746888,-77.0775794066359
2016-037033,12-06-2016,"01:55:06 a.m.","  AV. LOS QUECHUAS 1400       ATE","EMERGENCIA MEDICA",AMB-138,-12.0759879137677,-76.9765904819985
2016-037032,12-06-2016,"01:48:45 a.m.","  CL. PATAPO (NAUPU PACHAS) 165        SANTIAGO DE SURCO","EMERGENCIA MEDICA",AMB-28,-12.1111097496091,-76.9739779266351
2016-037031,12-06-2016,"01:27:19 a.m.","AA.HH ESTERA 2 MZ 21 LT 41            ANCON","EMERGENCIA MEDICA",MED-163,,
2016-037030,12-06-2016,"12:56:03 a.m.","  AV. ALFREDO BENAVIDES 1800       MIRAFLORES","EMERGENCIA MEDICA",AMB-28,-12.1271319550912,-77.0132066866908
2016-037029,12-06-2016,"12:55:22 a.m.","  AV. GERMAN AGUIRRE UGARTE 1300       SAN MARTIN DE PORRES","EMERGENCIA MEDICA",AMB-65-2,-12.0196641925856,-77.0775340245932
2016-037028,12-06-2016,"12:54:30 a.m.","URB. VIRGEN DEL ROSARIO MZ C LT 2            ANCON","EMERGENCIA MEDICA",MED-163,,
2016-037027,12-06-2016,"12:38:52 a.m.",,RESCATE,M14-1,-12.0592908201669,-77.0445335526312
2016-037026,12-06-2016,"12:36:37 a.m.","  AV. SAN FELIPE 900        JESUS MARIA","EMERGENCIA MEDICA",AMB-202,-12.0818487010554,-77.0482399752847
2016-037025,12-06-2016,"12:35:43 a.m.","CA. A CANTA CRUCE CON AV. CENTRAL LOS OLIVOS            LOS OLIVOS","EMERGENCIA MEDICA",AMB-9,-11.9550406532652,-77.0845684182022
2016-037024,12-06-2016,"12:29:58 a.m.","  CL. LOS AMAUTAS 477        SAN JUAN DE LURIGANCHO","EMERGENCIA MEDICA",AMB-2,-12.0278756690029,-77.0062454679264
2016-037023,12-06-2016,"12:27:23 a.m.",,"EMERGENCIA MEDICA",AMB-14,-12.0532283516468,-77.0551065745352
2016-037022,12-06-2016,"12:22:26 a.m.","AV. TOMAS VALLE CRUCE CON AV. TUPAC AMARU (GERARDO UNGER) INDEPENDENCIA            INDEPENDENCIA","EMERGENCIA MEDICA",AMB-168,-12.0073022440821,-77.0539120210487
2016-037021,12-06-2016,"12:12:44 a.m.","  AV. IQUITOS 1359       LA VICTORIA","EMERGENCIA MEDICA",AMB-168,-12.0740388311493,-77.0293160697225
