ID,FECHA,HORA,DIRECCION,TIPO,UNIDADES,"CORDENADAS (lat)","CORDENADAS (lng)"
2016-029116,01-05-2016,"11:52:07 p.m.","  PJ. BENITO PARDO FIGUEROA 235        LA VICTORIA","EMERGENCIA MEDICA",AMB-8,-12.0759427278592,-77.0202955920367
2016-029115,01-05-2016,"11:49:38 p.m.","  JR. CALLAO 872        SAN MARTIN DE PORRES","EMERGENCIA MEDICA",AMB-65-2,-12.0351649347262,-77.0880506255051
2016-029114,01-05-2016,"11:48:01 p.m.","CL. TARAPOTO CRUCE CON CL. JOSE OLAYA VILLA MARIA DEL TRIUNFO            VILLA MARIA DEL TRIUNFO","EMERGENCIA MEDICA","RES-160, SAMU-105",-12.1432608431829,-76.9443355741785
2016-029113,01-05-2016,"11:43:17 p.m.","  CL. 8  MAZ H LOTE 6 400        COMAS","EMERGENCIA MEDICA",AMB124-2,-11.9660893154002,-77.0606015962017
2016-029112,01-05-2016,"11:37:32 p.m.","SAN JORGE             PISCO","EMERGENCIA MEDICA",AMB124-2,,
2016-029111,01-05-2016,"11:17:54 p.m.","  AV. ELMER FAUCETT 2889       CALLAO","EMERGENCIA MEDICA",AMB124-2,-12.026680541922,-77.1033325728955
2016-029110,01-05-2016,"11:14:25 p.m.","AV. ALMIRANTE MIGUEL GRAU (JOSE MARIA EGUREN) CRUCE CON CL. NICOLAS DE PIEROLA (ENRIQUE PATRON) BARRANCO            BARRANCO","EMERGENCIA MEDICA",AMB124-2,-12.1462108064525,-77.0217235461335
2016-029109,01-05-2016,"11:11:02 p.m.","  JR. ZORRITOS 1399       CALLAO","SERVICIO ESPECIAL",ESC-100,-12.0487819737279,-77.0586754804224
2016-029108,01-05-2016,"11:05:29 p.m.","  CL. LAS CASUARINAS 4400       INDEPENDENCIA","EMERGENCIA MEDICA",AMB-65-2,-11.9826844165642,-77.0640922731693
2016-029107,01-05-2016,"11:00:36 p.m.","  AV. JOSE CARLOS MARIATEGUI (CALLE REAL) 2500       EL AGUSTINO","EMERGENCIA MEDICA",AMB-65-2,,
2016-029106,01-05-2016,"10:56:28 p.m.","UR. EL PACIFICO ETAPA II LL  lote  11            SAN MARTIN DE PORRES","EMERGENCIA MEDICA",SAMU-161,-12.0009891709566,-77.0855848749955
2016-029105,01-05-2016,"10:56:11 p.m.","  AV. VIA EXPRESA PASEO DE LA REPUBLICA 5000       MIRAFLORES","EMERGENCIA MEDICA",AMB-28,-12.1159095319513,-77.026409040254
2016-029104,01-05-2016,"10:53:47 p.m.","CARRETERA FUJIMORI KM 6            HUARAL","EMERGENCIA MEDICA",AMB-44,,
2016-029103,01-05-2016,"10:52:50 p.m.","villa vitarte calle  estrella asustral            ATE","EMERGENCIA MEDICA",AMB-4,,
2016-029102,01-05-2016,"10:46:31 p.m.","UR. CIUDAD DEL PESCADOR             ","EMERGENCIA MEDICA",AMB-4,,
2016-029101,01-05-2016,"10:44:24 p.m.","RODRIGO FRANCO            ","EMERGENCIA MEDICA",AMB-4,,
2016-029100,01-05-2016,"10:43:31 p.m.",,"EMERGENCIA MEDICA",AMB-4,-12.0682758276055,-77.0993625707217
2016-029099,01-05-2016,"10:42:43 p.m.","  AV. FELIPE A. BARREDA (IGNACIO MERINO) 740        MIRAFLORES","EMERGENCIA MEDICA",AMB-100,-12.1113246473063,-77.0436483637025
2016-029098,01-05-2016,"10:40:08 p.m.","  AV. DE LOS INSURGENTES (LOS INSURGENTES) 000        BELLAVISTA","EMERGENCIA MEDICA","AMB-7, M60-1",-12.0564702504955,-77.1054922987691
2016-029097,01-05-2016,"10:21:16 p.m.","JR. CORONEL LORENZO IGLESIAS PINO (E) (5) CRUCE CON JR. VITTORE CARPACCIO (V) SANTIAGO DE SURCO            SANTIAGO DE SURCO","MATERIALES PELIGROSOS (INCIDENTE)","M28-1, SAMU-134",-12.1619989240922,-76.9912842605832
2016-029096,01-05-2016,"10:20:19 p.m.","urb 28 de octubre            HUACHO","EMERGENCIA MEDICA","M28-1, SAMU-134",,
2016-029095,01-05-2016,"10:11:57 p.m.","CL. EL COMERCIO            PISCO","EMERGENCIA MEDICA","M28-1, SAMU-134",,
2016-029094,01-05-2016,"10:11:12 p.m.","XXX            PISCO","ACCIDENTE VEHICULAR","M28-1, SAMU-134",,
2016-029093,01-05-2016,"10:09:16 p.m.","  AV. VENEZUELA 3300       LIMA","ACCIDENTE VEHICULAR","AMB-36, M36-1, M60-1",-12.0598808348864,-77.0785132468458
2016-029092,01-05-2016,"10:08:27 p.m.","  PJ. MARTE 111        RIMAC","EMERGENCIA MEDICA",AMB-21,-12.0210789778996,-77.0287023619831
2016-029091,01-05-2016,"10:06:01 p.m.","  AV. NICOLAS DE PIEROLA (SALVADOR ALLENDE) 500        VILLA MARIA DEL TRIUNFO","EMERGENCIA MEDICA",SAMU-120,-12.1642758595059,-76.9523039593952
2016-029090,01-05-2016,"10:05:30 p.m.","  JR. ASTETE Y MENDOZA 461        EL AGUSTINO","EMERGENCIA MEDICA",SAMU-2,-12.0499759927982,-76.9977564292847
2016-029089,01-05-2016,"10:03:14 p.m.","  JR. ALEJANDRO TIRADO 500        LIMA","EMERGENCIA MEDICA",SAMU-2,-12.0741494159515,-77.0328708620651
2016-029088,01-05-2016,"10:03:01 p.m.","CL. NICOLAS ARANIBAR CRUCE CON JR. ALEJANDRO TIRADO LIMA            LIMA","EMERGENCIA MEDICA",SAMU-2,-12.0739965647443,-77.0325929726493
2016-029087,01-05-2016,"09:47:03 p.m.","PJ. VILLA EL SALVADOR SECTOR 6 GRUPO 6 MAZ K LT 8            VILLA EL SALVADOR","MATERIALES PELIGROSOS (INCIDENTE)","M129-1, SAMU-106",-12.2209479811494,-76.9479910934549
2016-029086,01-05-2016,"09:44:23 p.m.","JR. MADRID   175        PUEBLO LIBRE",RESCATE,RES-36,,
2016-029085,01-05-2016,"09:43:11 p.m.","  JR. SAN MARTIN (FRANCISCO GONZALES PAVON) 786        MAGDALENA DEL MAR",RESCATE,M83-1,-12.0891523352154,-77.0735980540889
2016-029084,01-05-2016,"09:42:42 p.m.",,"EMERGENCIA MEDICA",AMB-202,-12.0599657812058,-77.0457885828042
2016-029083,01-05-2016,"09:36:31 p.m.","  AV. NICOLAS AYLLON 1820       ATE","EMERGENCIA MEDICA",SAMU-127,-12.0639693505737,-76.9876505399275
2016-029082,01-05-2016,"09:36:05 p.m.","  CL. TIAHUANACO 177        SAN MIGUEL","EMERGENCIA MEDICA",SAMU-83,-12.0727318724796,-77.0985390500657
2016-029081,01-05-2016,"09:24:44 p.m.","  AV. INCA GARCILAZO DE LA VEGA (WILSON) 1400       LIMA","ACCIDENTE VEHICULAR","M14-1, RES-14, SAMU-10",-12.0589068854498,-77.0380524785836
2016-029080,01-05-2016,"09:24:09 p.m.","CARRETERAS - PANAMERICANAS CARRETERA CENTRAL 17.1            ATE",RESCATE,"AMB-115-2, RES-115",-11.9959735738854,-76.8337883356776
2016-029079,01-05-2016,"09:17:19 p.m.","CL. LOS SAUCES            HUACHO","EMERGENCIA MEDICA",AMB-20,,
2016-029078,01-05-2016,"09:16:09 p.m.",,"EMERGENCIA MEDICA",AMB-20,-12.0595526576681,-77.1399232233983
2016-029077,01-05-2016,"09:15:25 p.m.","CARRETERAS - PANAMERICANAS CARRETERA CENTRAL 6.6            ATE","EMERGENCIA MEDICA","RES-138, SAMU-138",-12.0280781935964,-76.9231489442779
2016-029076,01-05-2016,"09:12:25 p.m.","  AV. HEROES DEL ALTO CENEPA (TRAPICHE) 000        COMAS","EMERGENCIA MEDICA",AMB124-2,-11.9039490672984,-77.0520750672526
2016-029075,01-05-2016,"08:55:36 p.m.","  CL. SAN DIEGO 400        SURQUILLO","EMERGENCIA MEDICA",AMB-28,-12.1187963449472,-77.0219360560411
2016-029074,01-05-2016,"08:40:45 p.m.","  AV. MILITAR 2400       LINCE",INCENDIO,M4-1,-12.0881722900497,-77.0308580540343
2016-029073,01-05-2016,"08:39:43 p.m.","MONITOREO  DE  VENTANILLA             VENTANILLA","EMERGENCIA MEDICA",AMB-75,,
2016-029072,01-05-2016,"08:33:35 p.m.","FRANCISCO MASIAS   DTO  G  203 2401       LINCE","EMERGENCIA MEDICA",AMB-75,,
2016-029071,01-05-2016,"08:28:41 p.m.","  MA. RIMAC 1910       SAN MARTIN DE PORRES","EMERGENCIA MEDICA",SAMU-161,-12.0344348305159,-77.0668516455253
2016-029070,01-05-2016,"08:14:16 p.m.","  AV. PACHACUTEC 44         VILLA MARIA DEL TRIUNFO","ACCIDENTE VEHICULAR","M129-1, SAMU-106",-12.1882859063616,-76.9383380728574
2016-029069,01-05-2016,"08:12:54 p.m.","  JR. ABTAO 576        LA VICTORIA","EMERGENCIA MEDICA","M129-1, SAMU-106",-12.0630302845817,-77.0227581037024
2016-029068,01-05-2016,"08:12:52 p.m.","  CL. CARLOS RICHARDSON (NICOLAS DE PIEROLA) 200        CHORRILLOS","MATERIALES PELIGROSOS (INCIDENTE)","AMB-100, M28-1",-12.1692152629124,-77.0222565241625
2016-029067,01-05-2016,"08:11:31 p.m.","  AV. COSTANERA (COSTA VERDE) 000        MAGDALENA DEL MAR","EMERGENCIA MEDICA",SAMU-83,-12.1038872702284,-77.0638401329936
2016-029066,01-05-2016,"08:02:44 p.m.","PZA  DE ARMAS              PARAMONGA","EMERGENCIA MEDICA",AMB-81,,
2016-029065,01-05-2016,"08:01:56 p.m.","  PR. HUAMANGA 575        LA VICTORIA","EMERGENCIA MEDICA",SAMU-10,-12.0641458430732,-77.0201910719227
2016-029064,01-05-2016,"07:56:32 p.m.","  JR. INCA 395        SURQUILLO","EMERGENCIA MEDICA",SAMU-10,,
2016-029063,01-05-2016,"07:45:47 p.m.","  AV. LOS ANGELES (A) 000        ATE","EMERGENCIA MEDICA",AMB-138,-12.0318639653422,-76.9311380363967
2016-029062,01-05-2016,"07:38:25 p.m.","AV PERALDILLO CDRA 8            ","EMERGENCIA MEDICA",MED-80,,
2016-029061,01-05-2016,"07:30:54 p.m.","SALAVERRY 200        ICA","EMERGENCIA MEDICA",RES-193,,
2016-029060,01-05-2016,"07:28:36 p.m.","  JR. JUAN HERVIAS 2930       SAN MARTIN DE PORRES","EMERGENCIA MEDICA",SAMU-21,-12.0253217804236,-77.0734869187083
2016-029059,01-05-2016,"07:22:06 p.m.","  AV. TANTAMAYO 000        SAN MARTIN DE PORRES","EMERGENCIA MEDICA",AMB124-2,-11.964488716971,-77.0920776575044
2016-029058,01-05-2016,"07:19:59 p.m.","  PJ. CASTILLA 186        PUEBLO LIBRE","EMERGENCIA MEDICA",SAMU-83,-12.0832148808732,-77.0713799359933
2016-029057,01-05-2016,"07:19:55 p.m.","18 DE DICIEMBRE MZ I LT 33  NAVIDAD  DE VILLA  000        CHORRILLOS","EMERGENCIA MEDICA",SAMU-6,-12.1878009509441,-77.0001798403298
2016-029056,01-05-2016,"07:15:52 p.m.","  JR. HIPOLITO UNANUE  INT  7 567        LA VICTORIA","EMERGENCIA MEDICA",SAMU-8,-12.0669603130181,-77.0268520985064
2016-029055,01-05-2016,"07:11:51 p.m.","  AV. JOSE GRANDA 3800       SAN MARTIN DE PORRES","EMERGENCIA MEDICA","SAMU-161, SAMU-21",-12.0203251637954,-77.088470695488
2016-029054,01-05-2016,"07:11:45 p.m.","CARRETERAS - PANAMERICANAS CARRETERA CENTRAL 39            LURIGANCHO","EMERGENCIA MEDICA","SAMU-161, SAMU-21",-11.9229215109217,-76.6624923731752
2016-029053,01-05-2016,"07:09:38 p.m.","PQ  SAN JOSE            ","EMERGENCIA MEDICA",MED-202,,
2016-029052,01-05-2016,"07:08:50 p.m.","  CL. LOS FLAMENCOS 100        SANTA ANITA","EMERGENCIA MEDICA",SAMU-138,-12.0538434452891,-76.9636516455747
2016-029051,01-05-2016,"06:53:58 p.m.","  AV. TOMAS VALLE 592        SAN MARTIN DE PORRES","EMERGENCIA MEDICA",SAMU-161,-12.0093813081203,-77.0650796532655
2016-029050,01-05-2016,"06:52:40 p.m.","  CL. GENERAL DE VIVANCO (FRAY AGUSTIN DE ZARATE) 599        RIMAC","EMERGENCIA MEDICA",AMB-21,-12.0350393431304,-77.0412576132316
2016-029049,01-05-2016,"06:36:32 p.m.","  AV. TUPAC AMARU 0000       CARABAYLLO","EMERGENCIA MEDICA",AMB-21,-11.8720234465731,-77.0150115922243
2016-029048,01-05-2016,"06:35:00 p.m.","  AV. MIROQUESADA (JUAN DE ALIAGA) 476        MAGDALENA DEL MAR","SERVICIO ESPECIAL",AMB-21,-12.0948268210193,-77.0595251085861
2016-029047,01-05-2016,"06:25:57 p.m.","  JR. JOSE MANUEL ITURREGUI (GENERAL MANUEL VELARDE) 517        SURQUILLO","EMERGENCIA MEDICA",AMB-28,-12.1136573157546,-77.0190450438517
2016-029046,01-05-2016,"06:20:25 p.m.","AH. VIRGEN DE LAS MERCEDES E LOT 5            LOS OLIVOS","EMERGENCIA MEDICA",AMB-65-2,-12.0035555091379,-77.0734447488911
2016-029045,01-05-2016,"06:16:22 p.m.","PAN NORTE KM 144            HUACHO","EMERGENCIA MEDICA",AMB-20,,
2016-029044,01-05-2016,"06:13:20 p.m.","CARRETERA HUANTA            AYACUCHO","ACCIDENTE VEHICULAR",AMB-20,,
2016-029043,01-05-2016,"06:04:21 p.m.","  PS. DE LA REPUBLICA 100        LIMA","EMERGENCIA MEDICA",SAMU-10,-12.0569890958173,-77.0363631847095
2016-029042,01-05-2016,"06:00:07 p.m.","  PJ. ENRIQUE CAMINO BRENT 400        SAN BORJA",RESCATE,"AMB-6, M11-1",-12.1078904613041,-77.0030128434065
2016-029041,01-05-2016,"05:50:38 p.m.","MIGUEL GRAU 100        PARAMONGA","SERVICIO ESPECIAL","AMB-6, M11-1",,
2016-029040,01-05-2016,"05:49:28 p.m.","AV  MIGUEL GRAU 100        PARAMONGA","SERVICIO ESPECIAL","AMB-6, M11-1",,
2016-029039,01-05-2016,"05:49:24 p.m.","  AV. BRASIL 3736       MAGDALENA DEL MAR","MATERIALES PELIGROSOS (INCIDENTE)","AMB-36, M36-1",-12.0935418292875,-77.0691500736932
2016-029038,01-05-2016,"05:46:13 p.m.","  AV. AREQUIPA 3415       SAN ISIDRO","ACCIDENTE VEHICULAR","AMB-28, MATPEL-4, RESLIG-4",-12.1000074420195,-77.0322799138576
2016-029037,01-05-2016,"05:41:42 p.m.","PLAZA DE ARMAS DE NAZCA            NAZCA",INCENDIO,CIST82-4,,
2016-029036,01-05-2016,"05:26:38 p.m.","URB LEONCIO PRADO             RIMAC","EMERGENCIA MEDICA",SAMU-2,,
2016-029035,01-05-2016,"05:23:10 p.m.","  PJ. ENRIQUE PALACIOS 284        ATE","EMERGENCIA MEDICA",SAMU-127,-12.066111119387,-76.9745810088129
2016-029034,01-05-2016,"05:17:12 p.m.","  AV. SEBASTIAN UGARTE Y MOSCOSO (LUIS MANNARELLI) 500        SAN ISIDRO",RESCATE,RES-100,-12.0970035958174,-77.056449978477
2016-029033,01-05-2016,"05:16:34 p.m.","PUENTE LOS ANGELES            CHACLACAYO","EMERGENCIA MEDICA",RES-100,,
2016-029032,01-05-2016,"05:09:48 p.m.","CL. CABO NICOLAS GUTARRA CRUCE CON JR. TORRE TAGLE (JOSE WAGNER) PUEBLO LIBRE            PUEBLO LIBRE","EMERGENCIA MEDICA",AMB-36,-12.0831403613434,-77.063186277375
2016-029031,01-05-2016,"05:02:06 p.m.","  AV. CUBA 100        JESUS MARIA","EMERGENCIA MEDICA",AMB-202,-12.0747564726163,-77.0377369807519
2016-029030,01-05-2016,"04:58:42 p.m.","CL MANCO CAPAC  300        ","EMERGENCIA MEDICA",MED-38,,
2016-029029,01-05-2016,"04:56:31 p.m.","CARRETERAS - PANAMERICANAS CARRETERA CENTRAL 15            ATE","EMERGENCIA MEDICA",MED-38,-12.0063346733468,-76.849567094102
2016-029028,01-05-2016,"04:54:59 p.m.","RANCHERIA DE HUAMANI            ICA","EMERGENCIA MEDICA",RES-193,,
2016-029027,01-05-2016,"04:44:46 p.m.","  CL. SANTA BEATRIZ 196        VILLA MARIA DEL TRIUNFO","EMERGENCIA MEDICA",AMB-106,-12.157302305006,-76.9528205192686
2016-029026,01-05-2016,"04:43:52 p.m.","  CL. ANTARES 580        RIMAC","EMERGENCIA MEDICA",SAMU-2,-12.0264335616139,-77.0387446306344
2016-029025,01-05-2016,"04:35:33 p.m.","  JR. BATALLA DE AYACUCHO 000        SANTIAGO DE SURCO","EMERGENCIA MEDICA",SAMU-6,,
2016-029024,01-05-2016,"04:28:56 p.m.","AV. GUARDIA CIVIL (ANTONIO VARGAS) (CONDORES) 3500       CHORRILLOS","EMERGENCIA MEDICA",SAMU-134,-12.1756629624667,-76.9940783415204
2016-029023,01-05-2016,"04:22:50 p.m.",,"MATERIALES PELIGROSOS (INCIDENTE)","AMB-36, M14-1",-12.0498848086801,-77.0497659297912
2016-029022,01-05-2016,"04:18:31 p.m.","JOCKEY PLAZA FERIA DE VEHICULOS MONSTER TRUCK            ","SERVICIO ESPECIAL","AMB-36, M14-1",,
2016-029021,01-05-2016,"04:17:54 p.m.","  JR. TRUJILLO 343        RIMAC","EMERGENCIA MEDICA",SAMU-14,-12.0413429243652,-77.0294157646266
2016-029020,01-05-2016,"04:13:56 p.m.","  AV. GENERAL CASIMIRO ESPEJO PROLONGACION  (ARENALES)   DTO  301  619        MIRAFLORES","EMERGENCIA MEDICA",SAMU-4,-12.1063493209378,-77.0322295607939
2016-029019,01-05-2016,"04:10:53 p.m.","  AV. CUBA 700        JESUS MARIA","EMERGENCIA MEDICA",MED-202,-12.0748348498119,-77.0431960372371
2016-029018,01-05-2016,"04:10:50 p.m.","CLUB 7 DE AGOSTO            LURIGANCHO","ACCIDENTE VEHICULAR","AMB-115-2, M115-1, RES-115",,
2016-029017,01-05-2016,"04:04:31 p.m.","AV. TOMAS MARSANO (ATOCONGO) CRUCE CON AV. ANGAMOS ESTE (PRIMAVERA) SURQUILLO            SURQUILLO","EMERGENCIA MEDICA",AMB-6,-12.1125428472611,-77.0128125729544
2016-029016,01-05-2016,"03:53:45 p.m.",,RESCATE,M129-1,,
2016-029015,01-05-2016,"03:48:31 p.m.","PARQUE EL RELOJ            PARAMONGA","EMERGENCIA MEDICA",M129-1,,
2016-029014,01-05-2016,"03:46:03 p.m.","CL. INCA GARCILAZO DE LA VEGA CRUCE CON CL. HERNANDO DE SOTO ATE - VITARTE            ATE","ACCIDENTE VEHICULAR","AMB-8, M138-4, MED-96, RES-127",-12.0768008293262,-76.9846885678993
2016-029013,01-05-2016,"03:40:31 p.m.",,"EMERGENCIA MEDICA",AMB-1,,
2016-029012,01-05-2016,"03:32:21 p.m.","  AV. PEDRO DE OSMA 000        BARRANCO","EMERGENCIA MEDICA",AMB134-2,-12.1511994928284,-77.0222455028073
2016-029011,01-05-2016,"03:31:46 p.m.","SAN BARTOLOME            LURIGANCHO","EMERGENCIA MEDICA",AMB134-2,,
2016-029010,01-05-2016,"03:30:41 p.m.","PQ  MUNICIPAL DE  BARRANCO            ","EMERGENCIA MEDICA",AMB-28,,
2016-029009,01-05-2016,"03:29:29 p.m.","AV. UNIVERSITARIA CRUCE CON AV. SAN FELIPE DE COLLIQUE COMAS            COMAS","EMERGENCIA MEDICA",AMB124-2,-11.9010877853116,-77.0396936000424
2016-029008,01-05-2016,"03:14:47 p.m.","  AV. HORACIO URTEAGA 506        JESUS MARIA","EMERGENCIA MEDICA",AMB124-2,-12.066548834996,-77.0430273679122
2016-029007,01-05-2016,"03:13:33 p.m.","  JR. JOSE MARIA QUIROGA 2008       LIMA","EMERGENCIA MEDICA",AMB124-2,-12.0366962220421,-77.0682095051458
2016-029006,01-05-2016,"03:10:57 p.m.","COMERCIAL SUPERMERCADO WONG            ","EMERGENCIA MEDICA",SAMU-96,-12.0795432221745,-76.9663470401959
2016-029005,01-05-2016,"03:07:26 p.m.","  CL. CUZCO 149        CALLAO","EMERGENCIA MEDICA",SAMU-96,-12.0300164263778,-77.1155766677629
2016-029004,01-05-2016,"03:02:50 p.m.","UR. FUNDO LA CHALACA G            CALLAO","MATERIALES PELIGROSOS (INCIDENTE)",M15-1,-12.0576041639866,-77.1274064973953
2016-029003,01-05-2016,"02:49:42 p.m.","CERRO SACA CHISPA            HUARAL","EMERGENCIA MEDICA",AMB-44,,
2016-029002,01-05-2016,"02:49:34 p.m.","  AV. AYACUCHO (HOJA REDONDA) 100        SANTIAGO DE SURCO","EMERGENCIA MEDICA",AMB-44,,
2016-029001,01-05-2016,"02:48:56 p.m.","  AV. NICOLAS DE PIEROLA (PEDRO ROSELLO) 500        BARRANCO","EMERGENCIA MEDICA",SAMU-16,-12.1419227875253,-77.0181125179548
2016-029000,01-05-2016,"02:47:04 p.m.","  AV. SANTIAGO DE SURCO (TOMAS MARSANO) 4700       SANTIAGO DE SURCO","ACCIDENTE VEHICULAR",SAMU-134,-12.1450000077334,-76.9886300532848
2016-028999,01-05-2016,"02:40:11 p.m.","  JR. CUSCO 149        CALLAO","EMERGENCIA MEDICA",SAMU-134,-12.0595029249913,-77.1384665095854
2016-028998,01-05-2016,"02:39:18 p.m.","HUACACHINA            ICA","EMERGENCIA MEDICA",AMB-22,,
2016-028997,01-05-2016,"02:37:02 p.m.","VISTA ALEGRE            ","EMERGENCIA MEDICA",AMB-216,,
2016-028996,01-05-2016,"02:33:50 p.m.","AH. LOMAS DE ZAPALLAL ALTO M1  LOTE 26            PUENTE PIEDRA","EMERGENCIA MEDICA",SAMU-150,-11.825554541255,-77.1012823460817
2016-028995,01-05-2016,"02:33:14 p.m.","  AV. ALFONSO UGARTE 825        LIMA",RESCATE,RES-14,-12.0498223208355,-77.0422265362212
2016-028994,01-05-2016,"02:28:39 p.m.","  AV. CANTO GRANDE 3900       SAN JUAN DE LURIGANCHO","EMERGENCIA MEDICA",SAMU-21,-11.9646185821525,-77.0017643535939
2016-028993,01-05-2016,"02:25:57 p.m.","CAMINO ROSARIO DEL YAUCA            ICA","EMERGENCIA MEDICA",AMB-22,,
2016-028992,01-05-2016,"02:25:23 p.m.","  JR. QUILCA 219        LIMA","MATERIALES PELIGROSOS (INCIDENTE)","M10-1, SAMU-14",-12.051216699583,-77.0371833924297
2016-028991,01-05-2016,"02:23:03 p.m.","  JR. MANUEL CANDAMO 742        LINCE","EMERGENCIA MEDICA",SAMU-4,-12.0816640336264,-77.0289416423208
2016-028990,01-05-2016,"02:20:54 p.m.","  JR. NICOLAS DE PIEROLA 989        COMAS","EMERGENCIA MEDICA",AMB124-2,-11.9540330620027,-77.0434417053096
2016-028989,01-05-2016,"02:19:05 p.m.","  JR. JUNIN 1219       LIMA","EMERGENCIA MEDICA",AMB124-2,-12.051273329947,-77.0179040767608
2016-028988,01-05-2016,"02:11:19 p.m.","CARRETERAS - PANAMERICANAS PANAMERICANA SUR 16            SAN JUAN DE MIRAFLORES","EMERGENCIA MEDICA",AMB134-2,-12.1968341057434,-76.9731250526848
2016-028987,01-05-2016,"02:04:13 p.m.","  JR. PUNO 972        CALLAO","EMERGENCIA MEDICA",AMB-1,-12.0535583925382,-77.1364903506331
2016-028986,01-05-2016,"02:03:53 p.m.","PANAMERICANA SUR KM 45            ","EMERGENCIA MEDICA",AMB-133,,
2016-028985,01-05-2016,"02:03:42 p.m.","AV. SAN MARTIN DE PORRAS CRUCE CON AV. SANTA ROSA DE LIMA SUR SAN JUAN DE LURIGANCHO            CALLAO","EMERGENCIA MEDICA",AMB-133,-11.9789752701527,-76.9919009944182
2016-028984,01-05-2016,"02:02:41 p.m.","AV. UNIVERSITARIA NORTE CRUCE CON AV. ANGELICA GAMARRA LOS OLIVOS            LOS OLIVOS","EMERGENCIA MEDICA",AMB-65-2,-12.0065540708883,-77.0822939597217
2016-028983,01-05-2016,"01:58:39 p.m.","  JR. PAUL HARRIS 564        SAN ISIDRO","EMERGENCIA MEDICA",AMB-65-2,-12.1053735681472,-77.0537923237827
2016-028982,01-05-2016,"01:57:32 p.m.","  PL. DE LA INTEGRACION 138        SURQUILLO","EMERGENCIA MEDICA",AMB-28,-12.1068123558001,-77.0250880169494
2016-028981,01-05-2016,"01:46:49 p.m.","MERCADO JESUS NAZARENO            AYACUCHO",INCENDIO,CIST-63,,
2016-028980,01-05-2016,"01:46:07 p.m.","  JR. EMILIO ALTHAUS 453        LINCE",INCENDIO,CIST-63,-12.0804431881294,-77.0326098466184
2016-028979,01-05-2016,"01:45:41 p.m.","  JR. EMILIO ALTHAUS 453        LINCE","MATERIALES PELIGROSOS (INCIDENTE)","AMB-202, MATPEL-4",-12.0804431881294,-77.0326098466184
2016-028978,01-05-2016,"01:43:33 p.m.","PSJE. INDEPENDENCIA              SANTA MARIA","EMERGENCIA MEDICA","AMB-202, MATPEL-4",,
2016-028977,01-05-2016,"01:37:55 p.m.","  JR. MEDRANO SILVA 240        BARRANCO","EMERGENCIA MEDICA",SAMU-16,-12.1354543316806,-77.0214685931063
2016-028976,01-05-2016,"01:34:42 p.m.","PSJE LA RIVERA             LIMA",INCENDIO,M115-1,,
2016-028975,01-05-2016,"01:34:13 p.m.","  AV. TOMAS VALLE 1300       SAN MARTIN DE PORRES","EMERGENCIA MEDICA",AMB-65-2,-12.0123423248931,-77.0762035760504
2016-028974,01-05-2016,"01:33:40 p.m.","HUACA DE LA LUNA 320        LA MOLINA","EMERGENCIA MEDICA",MED-96,,
2016-028973,01-05-2016,"01:33:13 p.m.","  AV. BRASIL 3333       MAGDALENA DEL MAR",INCENDIO,"AMB-202, M36-1, RES-36",-12.0902818186853,-77.0664575640534
2016-028972,01-05-2016,"01:28:27 p.m.","AV. URUGUAY CRUCE CON AV. INCA GARCILAZO DE LA VEGA (WILSON) LIMA            LIMA",INCENDIO,"M14-1, RES-14",-12.0541903743106,-77.0384467918524
2016-028971,01-05-2016,"01:25:51 p.m.","  JR. PIEDRAS DEL SOL (LAS DALIAS) 1860       SAN JUAN DE LURIGANCHO",INCENDIO,"M127-1, M138-4, M21-1, RES-127, SAMU-21",-11.9995674717298,-76.9979678209765
2016-028970,01-05-2016,"01:23:49 p.m.","CASUARINAS            ","SERVICIO ESPECIAL",M49-1,,
2016-028969,01-05-2016,"01:18:12 p.m.","CP PERADILLO            CHANCAY","EMERGENCIA MEDICA",MED-80,,
2016-028968,01-05-2016,"01:12:52 p.m.","  AV. PERU 1300       SAN MARTIN DE PORRES","MATERIALES PELIGROSOS (INCIDENTE)","AMB-65-2, M10-1, M14-1",-12.0327613731472,-77.059599094015
2016-028967,01-05-2016,"01:11:31 p.m.","AV. 12 DE OCTUBRE 000        CHORRILLOS","EMERGENCIA MEDICA","AMB-65-2, M10-1, M14-1",-12.1949540482313,-76.9992362700359
2016-028966,01-05-2016,"01:10:02 p.m.","  JR. MANCO CAPAC 471        MAGDALENA DEL MAR","EMERGENCIA MEDICA",AMB-36,-12.0882288223961,-77.0657401097435
2016-028965,01-05-2016,"12:56:20 p.m.","  CL. ALFA AGUILA (6) (2) 171        SURQUILLO","EMERGENCIA MEDICA",SAMU-134,-12.1166628013332,-77.00513455257
2016-028964,01-05-2016,"12:55:14 p.m.","PLAYA ACAPULCO            MARCONA","SERVICIO ESPECIAL",MED-152,,
2016-028963,01-05-2016,"12:47:22 p.m.","  AV. UNIVERSITARIA (BELLA UNION) 300        SAN MARTIN DE PORRES",INCENDIO,M9-5,-12.0295932942859,-77.076739967181
2016-028962,01-05-2016,"12:47:10 p.m.","  AV. UNIVERSITARIA (BELLA UNION) 300        SAN MARTIN DE PORRES",INCENDIO,M161-1,-12.0246315471839,-77.0746443325943
2016-028961,01-05-2016,"12:44:50 p.m.","  JR. CESAR VALLEJO 110        CALLAO","EMERGENCIA MEDICA",AMB-7,-12.0330640589059,-77.0979130145418
2016-028960,01-05-2016,"12:37:23 p.m.","  AV. LA PAZ 959        SAN MIGUEL","EMERGENCIA MEDICA",AMB-83,-12.0862884822794,-77.091729274546
2016-028959,01-05-2016,"12:36:42 p.m.","  CL. ELVIRA GARCIA Y GARCIA 438        LOS OLIVOS","EMERGENCIA MEDICA",SAMU-161,-11.9807131820623,-77.0720321119522
2016-028958,01-05-2016,"12:25:07 p.m.","CAMPO DEPORTIVO              SAN MARTIN DE PORRES","EMERGENCIA MEDICA",SAMU-161,-12.0276995339618,-77.0512968662196
2016-028957,01-05-2016,"12:23:02 p.m.","AV. EL GOLF              LURIGANCHO","EMERGENCIA MEDICA",AMB-115-2,,
2016-028956,01-05-2016,"12:14:50 p.m.","  CL. HUAYNA CAPAC 155        INDEPENDENCIA","EMERGENCIA MEDICA",AMB-65-2,-11.9798944277512,-77.0560568162192
2016-028955,01-05-2016,"12:13:59 p.m.","  CL. LOS OLIVOS 200        BELLAVISTA","EMERGENCIA MEDICA",AMB-83,-12.0607595275374,-77.0993070875812
2016-028954,01-05-2016,"12:08:46 p.m.","  JR. MOYOBAMBA 355        LA VICTORIA",INCENDIO,"M11-1, M127-1, RES-127, SAMU-10",-12.0781097939881,-77.0134300567224
2016-028953,01-05-2016,"12:01:12 p.m.","  JR. HORTENCIAS (EL AZAFRAN) (LOS MINERALES) 606        SAN JUAN DE LURIGANCHO","EMERGENCIA MEDICA",SAMU-21,-12.0004858504854,-77.0012490809767
2016-028952,01-05-2016,"11:53:11 a.m.","AV. NICOLAS DE PIEROLA (LA COLMENA) CRUCE CON JR. RUFINO TORRICO LIMA            LIMA","ACCIDENTE VEHICULAR",SAMU-21,-12.0495455920503,-77.0380344203998
2016-028951,01-05-2016,"11:53:11 a.m.","  AV. NICOLAS DE PIEROLA (LA COLMENA) 600        LIMA","ACCIDENTE VEHICULAR","M10-1, SAMU-10",-12.0498155640902,-77.0376184958963
2016-028950,01-05-2016,"11:50:22 a.m.","RECREACION CLUB REGATAS LIMA            CHORRILLOS",RESCATE,"M10-1, SAMU-10",-12.1664513947881,-77.0323443074685
2016-028949,01-05-2016,"11:47:55 a.m.","AV FONABI            ICA","EMERGENCIA MEDICA",AMB-22,,
2016-028948,01-05-2016,"11:47:12 a.m.","AHH CAJUCA            NAZCA",INCENDIO,CIST82-4,,
2016-028947,01-05-2016,"11:41:29 a.m.","  CL. FERNANDO CASTRAT (LOS LAURELES) 450        SANTIAGO DE SURCO","EMERGENCIA MEDICA",AMB-28,-12.1296377919032,-76.9976411201336
2016-028946,01-05-2016,"11:40:11 a.m.","  AV. HUSARES DE JUNIN (LANCASTER) 300        ATE","EMERGENCIA MEDICA",AMB-28,-12.038136790751,-76.9209120609402
2016-028945,01-05-2016,"11:35:20 a.m.","GRIFO DE CHUCUITO            CALLAO","EMERGENCIA MEDICA",MED-34,,
2016-028944,01-05-2016,"11:18:16 a.m.","  MA. MIGUEL CHECA EGUIGUREN (CAMPOY) 000        SAN JUAN DE LURIGANCHO","EMERGENCIA MEDICA",SAMU-138,-12.0246257992306,-76.9786275929489
2016-028943,01-05-2016,"11:17:45 a.m.","  AV. REPUBLICA DE POLONIA 700        SAN JUAN DE LURIGANCHO","EMERGENCIA MEDICA",SAMU-121,-11.9723486428639,-76.9999249582435
2016-028942,01-05-2016,"11:14:02 a.m.","  JR. JULIO C. TELLO (ANTONIO POLO) 200        PUEBLO LIBRE","EMERGENCIA MEDICA",SAMU-83,-12.0792588586577,-77.0583328151499
2016-028941,01-05-2016,"11:10:23 a.m.","  CL. SAN JERONIMO (FORTALEZA) 245        SANTA ANITA","EMERGENCIA MEDICA",SAMU-138,-12.0402359947094,-76.9672351956816
2016-028940,01-05-2016,"11:07:02 a.m.","AV. CORONEL JOSE LEAL CRUCE CON JR. MANCO SEGUNDO LINCE            LINCE","EMERGENCIA MEDICA",AMB-28,-12.0862776406014,-77.0460693680268
2016-028939,01-05-2016,"11:04:30 a.m.","AV PERALDILLO            HUACHO","EMERGENCIA MEDICA",AMB-28,,
2016-028938,01-05-2016,"10:59:46 a.m.",,"EMERGENCIA MEDICA",AMB-184,-11.8760681610432,-77.1279821678715
2016-028937,01-05-2016,"10:58:32 a.m.","  AV. SAN MARTIN 1138       PUEBLO LIBRE","EMERGENCIA MEDICA",AMB-184,-12.0781156956045,-77.0631498660152
2016-028936,01-05-2016,"10:52:26 a.m.","  AV. DE LAS ARTES SUR 391        SAN BORJA","EMERGENCIA MEDICA",AMB-184,-12.0996002424062,-77.0062255793852
2016-028935,01-05-2016,"10:51:42 a.m.","  JR. NECOCHEA 418        CALLAO","EMERGENCIA MEDICA",AMB-184,-12.0599528392401,-77.1448922075722
2016-028934,01-05-2016,"10:48:43 a.m.","  AV. LAS AMERICAS 555        LA VICTORIA","EMERGENCIA MEDICA",SAMU-4,-12.0778957910666,-77.0236795544701
2016-028933,01-05-2016,"10:44:43 a.m.","CH. PALOMARES MZ Q LT 5            RIMAC","EMERGENCIA MEDICA",SAMU-21,-12.0308861551661,-77.0279424013873
2016-028932,01-05-2016,"10:44:19 a.m.","JR BARTON STA CATALINA             LA VICTORIA","SERVICIO ESPECIAL","AMB-6, AUX11-2, ESC-11, M11-1",,
2016-028931,01-05-2016,"10:44:14 a.m.","  JR. BATALLA DE TARAPACA (CAPITAN DE NAVIO OCTAVIO CAVERO) 106        BARRANCO","EMERGENCIA MEDICA",AMB134-2,-12.1528563583163,-77.021810541264
2016-028930,01-05-2016,"10:40:08 a.m.","  CL. BUENAVENTURA AGUIRRE 160        SAN JUAN DE MIRAFLORES","EMERGENCIA MEDICA",SAMU-134,-12.1647398165408,-76.9778490552699
2016-028929,01-05-2016,"10:32:02 a.m.","AL. SAN LORENZO (B) CRUCE CON AL. SUR CHORRILLOS            CHORRILLOS","EMERGENCIA MEDICA","SAMU-16, SAMU-6",-12.1991578167182,-77.0125575475644
2016-028928,01-05-2016,"10:28:41 a.m.","AV MERCEDES INDACOCHEA             HUACHO","EMERGENCIA MEDICA",AMB-20,,
2016-028927,01-05-2016,"10:27:49 a.m.","JR. HIPOLITO UNANUE CRUCE CON JR. ANDAHUAYLAS LA VICTORIA            LA VICTORIA","ACCIDENTE VEHICULAR","M11-1, SAMU-8",-12.0667988011028,-77.0257146221382
2016-028926,01-05-2016,"10:26:05 a.m.","  CL. JUAN GABRIEL CHARIARSE 682        SAN JUAN DE MIRAFLORES","EMERGENCIA MEDICA",SAMU-120,-12.1569251562272,-76.9678254248304
2016-028925,01-05-2016,"10:05:42 a.m.","18 DE OCTUBRE 300        HUACHO","EMERGENCIA MEDICA",AMB-20,,
2016-028924,01-05-2016,"09:57:34 a.m.","  CL. ALBERT EINSTEIN (E) (A) 230        SURQUILLO","EMERGENCIA MEDICA",AMB-20,,
2016-028923,01-05-2016,"09:56:31 a.m.","  AV. PROGRESO 800        VILLA MARIA DEL TRIUNFO","EMERGENCIA MEDICA",SAMU-106,-12.1411058759505,-76.941115813918
2016-028922,01-05-2016,"09:54:41 a.m.","  JR. FEDERICO GALLESI TARICCHI (SAN MIGUEL) 700        SAN MIGUEL","MATERIALES PELIGROSOS (INCIDENTE)",M36-1,-12.0907856801397,-77.0824308942921
2016-028921,01-05-2016,"09:44:07 a.m.","  AV. GENERAL TRINIDAD MORAN 1453       LINCE","EMERGENCIA MEDICA",AMB-100,-12.0908393546608,-77.0459995809276
2016-028920,01-05-2016,"09:39:40 a.m.","  MA. CALIFORNIA 200        CHACLACAYO","ACCIDENTE VEHICULAR","AMB-115, M138-4",-11.9655464775937,-76.7407183771902
2016-028919,01-05-2016,"09:35:13 a.m.","  JR. RAMON ESPINOZA 600        RIMAC","EMERGENCIA MEDICA",SAMU-10,-12.0338998416576,-77.041274109278
2016-028918,01-05-2016,"09:34:10 a.m.","  JR. ROSA NOGUERA 425        SAN LUIS","MATERIALES PELIGROSOS (INCIDENTE)","AMB-6, M11-1",-12.0774878265992,-77.0044280413888
2016-028917,01-05-2016,"09:29:48 a.m.","  CL. SANTA CRUZ DE PACHACUTEC 242        LOS OLIVOS","EMERGENCIA MEDICA",SAMU-161,-11.9932636253093,-77.0661697405704
2016-028916,01-05-2016,"09:29:30 a.m.","  CL. MALAGA (GUADALAJARA) (16) 131        ATE","EMERGENCIA MEDICA",SAMU-169,-12.0603546148692,-76.9399637863081
2016-028915,01-05-2016,"09:18:36 a.m.","AH. VILLA MERCEDES             CHACLACAYO","EMERGENCIA MEDICA",AMB-115-2,-11.9963703673638,-76.826173518396
2016-028914,01-05-2016,"09:16:58 a.m.","AV. ELMER FAUCETT 000        CALLAO","EMERGENCIA MEDICA",SAMU-161,-12.0238276053627,-77.1052077860503
2016-028913,01-05-2016,"09:16:57 a.m.","CARRETERA HUARAL LIMA KM 10            HUARAL",INCENDIO,M44-1,,
2016-028912,01-05-2016,"09:13:53 a.m.",,"MATERIALES PELIGROSOS (INCIDENTE)",M14-1,-12.0686398575557,-77.0486027756616
2016-028911,01-05-2016,"08:54:23 a.m.","AV. BRASIL CRUCE CON AV. HUSARES DE JUNIN JESUS MARIA            JESUS MARIA","EMERGENCIA MEDICA",AMB-36,-12.0751494957381,-77.0536930362591
2016-028910,01-05-2016,"08:53:57 a.m.","TURISMO CENTRO DE ATRACCION TURISTICA IGLESIA DE SAN FRANCISCO            LIMA","EMERGENCIA MEDICA",SAMU-10,-12.0456949379239,-77.0279761384509
2016-028909,01-05-2016,"08:53:16 a.m.","  AV. CANADA 326        LA VICTORIA","EMERGENCIA MEDICA",SAMU-8,-12.0817612989078,-77.023748090777
2016-028908,01-05-2016,"08:50:09 a.m.","AV. MANCO CAPAC CRUCE CON JR. LIBERTAD CARMEN DE LA LEGUA REYNOSO            CARMEN DE LA LEGUA REYNOS","EMERGENCIA MEDICA",AMB-1,-12.0412104988155,-77.0951019191658
2016-028907,01-05-2016,"08:44:05 a.m.","  JR. PIURA (JESUS ASIN) 729        RIMAC","EMERGENCIA MEDICA",AMB-1,-12.0319912964584,-77.0364185922917
2016-028906,01-05-2016,"08:41:23 a.m.","  JR. FELIPE JOFRE 2812       LIMA","EMERGENCIA MEDICA",SAMU-14,-12.0568500423595,-77.0739411568296
2016-028905,01-05-2016,"08:08:44 a.m.","CAMPO  MARTE             JESUS MARIA","SERVICIO ESPECIAL","AMB-202, AMB-36, AMB-8, ESC-202, M127-1, M202-1, M21-1, M3-1, M83-1, MED-202",,
2016-028904,01-05-2016,"08:08:20 a.m.","UR. PARAISO DEL NORTE             SAN MARTIN DE PORRES","EMERGENCIA MEDICA","AMB-202, AMB-36, AMB-8, ESC-202, M127-1, M202-1, M21-1, M3-1, M83-1, MED-202",-11.9592438400423,-77.089168077386
2016-028903,01-05-2016,"07:58:45 a.m.","  JR. HUANUCO 4021       SAN MARTIN DE PORRES","EMERGENCIA MEDICA","AMB-202, AMB-36, AMB-8, ESC-202, M127-1, M202-1, M21-1, M3-1, M83-1, MED-202",-12.028734643515,-77.0922864786545
2016-028902,01-05-2016,"07:56:27 a.m.","UR   EL CARMEN   J 7             ICA","EMERGENCIA MEDICA","AMB-202, AMB-36, AMB-8, ESC-202, M127-1, M202-1, M21-1, M3-1, M83-1, MED-202",,
2016-028901,01-05-2016,"07:56:02 a.m.","AV. CAMINOS DEL INCA CRUCE CON AV. SANTIAGO DE SURCO (TOMAS MARSANO) SANTIAGO DE SURCO            SANTIAGO DE SURCO","EMERGENCIA MEDICA",AMB134-2,-12.1476257222652,-76.9860212623231
2016-028900,01-05-2016,"07:55:27 a.m.","  CL. MANUEL SEOANE 258        PUEBLO LIBRE","EMERGENCIA MEDICA",SAMU-83,-12.0753586914941,-77.0714898958835
2016-028899,01-05-2016,"07:42:53 a.m.","INSTITUCIONAL CIVICO MUNICIPALIDAD DE SANTA ANITA            SANTA ANITA","EMERGENCIA MEDICA",SAMU-138,-12.0435277391477,-76.9710013417724
2016-028898,01-05-2016,"07:41:09 a.m.","  CL. SANTA JUSTINA (7) URB PALOMINO 200        LIMA","EMERGENCIA MEDICA",SAMU-14,-12.0609595273954,-77.0698006221112
2016-028897,01-05-2016,"07:27:32 a.m.","  AV. ABANCAY 117        LIMA","EMERGENCIA MEDICA",SAMU-10,-12.0457921176916,-77.0257146297437
2016-028896,01-05-2016,"07:24:35 a.m.","  AV. AREQUIPA 2800       SAN ISIDRO","EMERGENCIA MEDICA",SAMU-10,,
2016-028895,01-05-2016,"07:19:08 a.m.","COMBATE 2 DE MAYO            ","SERVICIO ESPECIAL",AMB-184,,
2016-028894,01-05-2016,"07:17:02 a.m.","  JR. TRUJILLO 900        RIMAC","EMERGENCIA MEDICA",AMB-2,-12.0346730402901,-77.0277957585569
2016-028893,01-05-2016,"07:15:37 a.m.","PJ. NUEVO PROGRESO SECTOR RESIDENCIAL 1 C            VILLA MARIA DEL TRIUNFO","EMERGENCIA MEDICA",SAMU-106,-12.2197424265164,-76.9202269193737
2016-028892,01-05-2016,"07:08:00 a.m.","  AV. PERU 2000       SAN MARTIN DE PORRES","EMERGENCIA MEDICA",AMB-65-2,-12.0317518848327,-77.0673195907577
2016-028891,01-05-2016,"07:07:33 a.m.","  CL. LAS OROPENDOLAS 145        BELLAVISTA","EMERGENCIA MEDICA",AMB-65-2,,
2016-028890,01-05-2016,"06:48:34 a.m.","  AV. AVIACION 3500       SAN BORJA","ACCIDENTE VEHICULAR","AMB-28, AMB-6, M11-1, M28-1",,
2016-028889,01-05-2016,"06:38:52 a.m.","  AV. PETIT THOUARS 100        LIMA","EMERGENCIA MEDICA",SAMU-10,-12.0649732812247,-77.0362250258465
2016-028888,01-05-2016,"06:29:48 a.m.","AV. 2 DE MAYO            CALLAO","SERVICIO ESPECIAL","AMB-1, AMB-164, AMB-184, AMB-75, AUX-1, AUX-15, AUX-2, AUX-207, AUX-34, AUX-4, AUX-60, AUX-75, ESC-11, ESC-28, M120-1, M15-1, M161-1, M18-1, M2-1, M207-5, M60-1, M60-5, M7-1, M9-5, MATPEL-4, MED-34, RES-15, RES-2",,
2016-028887,01-05-2016,"06:21:31 a.m.","  JR. EL SOLITARIO DE SAYAN 747        SAN MIGUEL","EMERGENCIA MEDICA",MED-5,-12.0750190512085,-77.1046380263419
2016-028886,01-05-2016,"06:15:10 a.m.","  JR. CARACAS MZ T LOTE 15  100        ATE","EMERGENCIA MEDICA",SAMU-127,-12.0676392865119,-76.977713147103
2016-028885,01-05-2016,"06:11:47 a.m.","  CL. PAMPA CHIRI (LOS PORTALES) 100        SANTA ANITA","EMERGENCIA MEDICA",AMB-138,-12.0392762311177,-76.9659895413949
2016-028884,01-05-2016,"06:07:13 a.m.","  AV. DEL RIO 120        PUEBLO LIBRE","EMERGENCIA MEDICA",AMB-2,-12.0671860854555,-77.0545226337322
2016-028883,01-05-2016,"05:51:55 a.m.","  JR. ZAVALA LOAYZA (SAN CARLOS) 226        LIMA","EMERGENCIA MEDICA",SAMU-2,-12.0587377359477,-77.0315574936267
2016-028882,01-05-2016,"05:47:25 a.m.","  AV. UNIVERSITARIA NORTE 2200       LOS OLIVOS","EMERGENCIA MEDICA",SAMU-161,-12.0001523554273,-77.083627483111
2016-028881,01-05-2016,"05:37:37 a.m.","  PR. AYACUCHO (ISABEL CHIMPU OCLLO) 447        SAN MIGUEL","EMERGENCIA MEDICA",SAMU-161,,
2016-028880,01-05-2016,"05:36:04 a.m.","PAN SUR  KM  208            ","ACCIDENTE VEHICULAR",MED-38,,
2016-028879,01-05-2016,"05:34:33 a.m.","  CL. CONTRALMIRANTE VILLAR 637        CALLAO","EMERGENCIA MEDICA",AMB-1,-12.0649812006041,-77.1362529146313
2016-028878,01-05-2016,"05:24:57 a.m.","  AV. JOSE GALVEZ 323        LA VICTORIA","EMERGENCIA MEDICA",SAMU-8,-12.0625803018069,-77.0324275844085
2016-028877,01-05-2016,"05:20:29 a.m.","  CL. NAPO (14) 000        INDEPENDENCIA","EMERGENCIA MEDICA",AMB-168,-11.9896288165209,-77.0610652218301
2016-028876,01-05-2016,"05:17:57 a.m.","  AV. MALAMBITO (MANUEL DE LA FUENTE CHAVEZ) 100        BARRANCO","EMERGENCIA MEDICA",SAMU-6,-12.147836025788,-77.0161560203269
2016-028875,01-05-2016,"04:59:03 a.m.","  AV. INCA GARCILAZO DE LA VEGA (WILSON) 1500       LIMA","ACCIDENTE VEHICULAR","AMB-2, M14-1, RES-14",-12.0607090464225,-77.0378836052746
2016-028874,01-05-2016,"04:50:42 a.m.","AV. UNIVERSITARIA (BELLA UNION) CRUCE CON AV. LOS OLIVOS SAN MARTIN DE PORRES            SAN MARTIN DE PORRES","EMERGENCIA MEDICA",SAMU-161,-11.9886146831195,-77.0811044806707
2016-028873,01-05-2016,"04:43:04 a.m.","  AV. NICOLAS DE AYLLON 600        LA VICTORIA","EMERGENCIA MEDICA",SAMU-2,-12.0628303203478,-77.0029690629046
2016-028872,01-05-2016,"04:39:55 a.m.","AAHH ALTO HUAMPANI II SECTOR            LURIGANCHO","EMERGENCIA MEDICA",AMB-32,-11.9701211349146,-76.7562988797019
2016-028871,01-05-2016,"04:27:15 a.m.","  JR. LORENZO ASTRANA 300        SAN LUIS","EMERGENCIA MEDICA",AMB-138,-12.0656368823823,-76.9964173788361
2016-028870,01-05-2016,"04:25:46 a.m.","PJ. BELLA UNION (SANTA CRUZ) P lote 26            CALLAO","EMERGENCIA MEDICA",MED-5,-12.0454154909012,-77.1149237444771
2016-028869,01-05-2016,"04:17:24 a.m.","  AV. UNIVERSITARIA 7200       COMAS","EMERGENCIA MEDICA",MED-5,-11.9376043102073,-77.0575136346457
2016-028868,01-05-2016,"04:12:28 a.m.","AV. CARLOS IZAGUIRRE CRUCE CON AV. ALFREDO MENDIOLA (PANAMERICANA NORTE) LOS OLIVOS            LOS OLIVOS",RESCATE,RESLIG-161,-11.9904165228143,-77.0649500736099
2016-028867,01-05-2016,"04:10:30 a.m.","  JR. CORA 318        BARRANCO","EMERGENCIA MEDICA",AMB-28,-12.1422407846471,-77.0201670634117
2016-028866,01-05-2016,"04:08:16 a.m.","CARRETERAS - PANAMERICANAS PANAMERICANA SUR 11.5            SAN JUAN DE MIRAFLORES","EMERGENCIA MEDICA",SAMU-120,-12.1579082633859,-76.9829952681839
2016-028865,01-05-2016,"04:02:22 a.m.","CH. ANTONIA MORENO DE CACERES (CIUDAD DEL DEPORTE) EDIF M1            VENTANILLA","EMERGENCIA MEDICA",AMB-75,-11.8913795400259,-77.1138822685714
2016-028864,01-05-2016,"03:55:08 a.m.","AV. TOMAS VALLE CRUCE CON AV. LOS DOMINICOS CALLAO            CALLAO","EMERGENCIA MEDICA",SAMU-161,-12.0133589873002,-77.0953341122726
2016-028863,01-05-2016,"03:54:05 a.m.","UR. RESIDENCIAL MONTERRICO SUR MZ  L1  LT 3            SANTIAGO DE SURCO","EMERGENCIA MEDICA",AMB134-2,-12.1423756884055,-76.9836110047857
2016-028862,01-05-2016,"03:42:52 a.m.","  CL. CATAC 356        LOS OLIVOS","EMERGENCIA MEDICA",AMB-168,-11.9758796792416,-77.067919074224
2016-028861,01-05-2016,"03:33:00 a.m.","CARRETERAS - PANAMERICANAS PANAMERICANA SUR 17            VILLA EL SALVADOR","EMERGENCIA MEDICA",SAMU-134,-12.2056967028392,-76.9746941255539
2016-028860,01-05-2016,"03:27:25 a.m.","  AV. GENERAL JOSE DE SAN MARTIN 100        VILLA MARIA DEL TRIUNFO","EMERGENCIA MEDICA",SAMU-106,-12.2001727949799,-76.92844855549
2016-028859,01-05-2016,"03:27:22 a.m.","  JR. ANDAHUAYLAS 1400       LA VICTORIA","EMERGENCIA MEDICA",SAMU-8,-12.0738236537988,-77.0247863973741
2016-028858,01-05-2016,"03:18:51 a.m.","  JR. MADERA 156        RIMAC","EMERGENCIA MEDICA",SAMU-21,-12.0372627424573,-77.0280014795915
2016-028857,01-05-2016,"03:14:48 a.m.","  AV. MIGUEL GRAU 229        ATE","EMERGENCIA MEDICA",SAMU-127,-12.0608066361545,-76.9930910957978
2016-028856,01-05-2016,"02:48:12 a.m.","CARRETERAS - PANAMERICANAS PANAMERICANA SUR 10.7            SAN JUAN DE MIRAFLORES","EMERGENCIA MEDICA",SAMU-120,-12.1508690963727,-76.9834392665225
2016-028855,01-05-2016,"02:19:29 a.m.","  JR. CUMANA 229        LA PERLA","EMERGENCIA MEDICA",MED-5,-12.0682240489688,-77.1074690239385
2016-028854,01-05-2016,"02:19:04 a.m.","CH. MANZANILLA    BLOCK  D10    DPT.  204              LIMA","EMERGENCIA MEDICA",SAMU-2,-12.0588093808874,-77.0096696176478
2016-028853,01-05-2016,"02:17:28 a.m.","CALLE    URSISA  ESPALDA   DE  B -83  110        SAN MIGUEL","EMERGENCIA MEDICA",SAMU-2,,
2016-028852,01-05-2016,"02:13:25 a.m.","  AV. PERU 3500       SAN MARTIN DE PORRES","EMERGENCIA MEDICA",SAMU-161,-12.0310620348557,-77.0857376382616
2016-028851,01-05-2016,"02:06:07 a.m.","BUENA   VISTA               NAZCA","EMERGENCIA MEDICA",AMB-82,,
2016-028850,01-05-2016,"01:56:57 a.m.","  JR. HUMBOLDT 1203       LA VICTORIA","EMERGENCIA MEDICA",SAMU-8,-12.0645067714055,-77.0180830806608
2016-028849,01-05-2016,"01:54:45 a.m.","  AV. REPUBLICA ARGENTINA 5800       CALLAO","ACCIDENTE VEHICULAR","AMB-1, M60-1, MED-5",-12.0474983643603,-77.0868124418428
2016-028848,01-05-2016,"01:40:34 a.m.","  AV. AVIACION 2482       SAN BORJA","EMERGENCIA MEDICA",AMB-6,-12.0885980787599,-77.0033149331911
2016-028847,01-05-2016,"01:39:15 a.m.","  CL. SAN PEDRO DE CARABAYLLO 100        CARABAYLLO","EMERGENCIA MEDICA",AMB-164,-11.9066455928408,-77.0337517032556
2016-028846,01-05-2016,"01:36:53 a.m.","  JR. LUIS FUMAGALLI 740        EL AGUSTINO","EMERGENCIA MEDICA",SAMU-8,-12.053395391483,-77.0025903931224
2016-028845,01-05-2016,"01:35:00 a.m.","AV. EL POLO (WILCA UMU) CRUCE CON AV. RAUL FERRERO SANTIAGO DE SURCO            SANTIAGO DE SURCO","EMERGENCIA MEDICA",SAMU-127,-12.0941156360166,-76.9677008215548
2016-028844,01-05-2016,"01:33:37 a.m.","AV. CAMINOS DEL INCA (DEFENSORES DEL MORRO) (HUAYLAS) 400        CHORRILLOS","EMERGENCIA MEDICA",SAMU-127,-12.1926020183225,-77.0037846651415
2016-028843,01-05-2016,"01:25:03 a.m.","  JR. MOQUEGUA (MALAMBITO) 270        LIMA","EMERGENCIA MEDICA",SAMU-2,-12.0489531343657,-77.0355790844318
2016-028842,01-05-2016,"01:15:26 a.m.","  CL. AMBAR   MZ.  J LOTE  11    COOP.   HUAYTAPALLANA   000        LOS OLIVOS","EMERGENCIA MEDICA",AMB-168,-11.9879583118079,-77.0778904701261
2016-028841,01-05-2016,"01:12:55 a.m.","HOSPITAL GRAU            ","EMERGENCIA MEDICA",AMB-2,,
2016-028840,01-05-2016,"01:07:44 a.m.","AV. CORONEL SAMUEL ALCAZAR CRUCE CON PR. TACNA RIMAC            RIMAC","EMERGENCIA MEDICA",SAMU-21,-12.0319354842655,-77.0278815308142
2016-028839,01-05-2016,"01:06:41 a.m.","LOS INCAS            ","EMERGENCIA MEDICA",AMB-82,,
2016-028838,01-05-2016,"01:06:16 a.m.","AV. MICAELA BASTIDAS (MIGUEL IGLESIAS) CRUCE CON AV. MODELO VILLA EL SALVADOR            ","EMERGENCIA MEDICA",SAMU-106,-12.1933450670353,-76.9553393856401
2016-028837,01-05-2016,"01:04:34 a.m.","UV. MODELO J1             ","EMERGENCIA MEDICA",SAMU-106,,
2016-028836,01-05-2016,"12:43:21 a.m.","CARRETERAS - PANAMERICANAS PANAMERICANA SUR 12            SAN JUAN DE MIRAFLORES","EMERGENCIA MEDICA",SAMU-106,-12.1622674390066,-76.9818015384622
2016-028835,01-05-2016,"12:42:32 a.m.","CARRETERAS - PANAMERICANAS CARRETERA CENTRAL 14            ATE","EMERGENCIA MEDICA",MED-96,-12.0079253817625,-76.8585804497887
2016-028834,01-05-2016,"12:35:30 a.m.","  JR. PINAR DEL RIO 1644       SAN MARTIN DE PORRES","EMERGENCIA MEDICA",AMB-65-2,-12.0335097708441,-77.0631863967114
2016-028833,01-05-2016,"12:28:34 a.m.","PANAMERICANA SUR ANTIGUA            LURIN","ACCIDENTE VEHICULAR","AMB-129, M129-1, RES-160",,
2016-028832,01-05-2016,"12:27:45 a.m.","  AV. GARCILAZO DE LA VEGA   URB. LOS  CONDORES  1100       CHACLACAYO","EMERGENCIA MEDICA",AMB-32,-11.9785455171817,-76.7439642523071
2016-028831,01-05-2016,"12:27:08 a.m.","AV. VELASCO ALVARADO CRUCE CON CL. SOLIDARIDAD (7) VILLA EL SALVADOR            VILLA EL SALVADOR","MATERIALES PELIGROSOS (INCIDENTE)","M105-1, SAMU-106",-12.2039351369351,-76.9327811708741
2016-028830,01-05-2016,"12:21:08 a.m.","JR. SEBASTIAN BARRANCA CRUCE CON JR. ABTAO LA VICTORIA            LA VICTORIA","EMERGENCIA MEDICA",AMB-8,-12.0678538246364,-77.0221185669105
2016-028829,01-05-2016,"12:16:54 a.m.","  AV. LA MARINA 3112       SAN MIGUEL","EMERGENCIA MEDICA",MED-5,-12.075041734177,-77.0979550418715
2016-028828,01-05-2016,"12:11:00 a.m.","  AV. JAVIER LUNA PIZARRO 734        LA VICTORIA","EMERGENCIA MEDICA",SAMU-8,-12.0681552895744,-77.0271725701099
2016-028827,01-05-2016,"12:00:50 a.m.","PSJE SANTA ROSA 125            ","EMERGENCIA MEDICA",AMB-20,,
