ID,FECHA,HORA,DIRECCION,TIPO,UNIDADES,"CORDENADAS (lat)","CORDENADAS (lng)"
2016-042586,11-07-2016,"11:56:06 p.m.","  JR. DOMINGO MARTINEZ LUJAN (SAN FELIPE) 532        SURQUILLO","EMERGENCIA MEDICA",AMB-11,-12.115164967462,-77.0161156605991
2016-042585,11-07-2016,"11:52:03 p.m.","AV. ABANCAY CRUCE CON JR. CUZCO LIMA            LIMA","EMERGENCIA MEDICA",AMB-2,-12.0517603127203,-77.0288669362083
2016-042584,11-07-2016,"11:43:06 p.m.","CERRO  CACHITO  PACHACUTEC    MZ  T LOTE 5            VENTANILLA","EMERGENCIA MEDICA",AMB-75,,
2016-042583,11-07-2016,"11:39:59 p.m.","  AV. RAUL FERRERO REBAGLIATI (LA RINCONADA) 600        LA MOLINA","EMERGENCIA MEDICA","AMB-138, M96-1",-12.0875098499065,-76.9432337967325
2016-042582,11-07-2016,"11:39:01 p.m.",,"MATERIALES PELIGROSOS (INCIDENTE)","AMB-14, M14-1",-12.0540963250177,-77.0438100798872
2016-042581,11-07-2016,"11:38:07 p.m.","  AV. PERU 3100       SAN MARTIN DE PORRES","ACCIDENTE VEHICULAR","AMB-60, M161-1, M9-1, MED-9",-12.0316980546493,-77.0804502131002
2016-042580,11-07-2016,"11:37:24 p.m.","CLINICA TEZZA  10.31             LA MOLINA","EMERGENCIA MEDICA",AMB-138,,
2016-042579,11-07-2016,"11:37:07 p.m.","  AV. DE LOS INGENIEROS (VALLE HERMOSO) 994        SANTIAGO DE SURCO",RESCATE,RES-134,-12.1290722624847,-76.9757156398838
2016-042578,11-07-2016,"11:36:11 p.m.","MANUEL CANDAMO  460        LINCE","EMERGENCIA MEDICA",RES-134,,
2016-042577,11-07-2016,"11:33:47 p.m.","  JR. TORRE TAGLE (JOSE WAGNER) 2264       ","EMERGENCIA MEDICA",RES-134,-12.0797156691606,-77.0603109937723
2016-042576,11-07-2016,"11:07:59 p.m.","  AV. 2 DE MAYO 200        CALLAO","EMERGENCIA MEDICA",RES-134,-12.0598605487047,-77.1427820169446
2016-042575,11-07-2016,"10:54:42 p.m.","AV. GUILLERMO MARCONI CRUCE CON AV. CADIZ SAN ISIDRO            SAN ISIDRO","ACCIDENTE VEHICULAR","AMB-14, M100-1, MED-202, RES-100",-12.0883888156037,-77.0492756190333
2016-042574,11-07-2016,"10:54:00 p.m.","COMERCIAL MERCADO UNICACHI            COMAS","ACCIDENTE VEHICULAR","AMB-168, M124-1, RESLIG-161",-11.9387809926701,-77.0673824650001
2016-042573,11-07-2016,"10:41:28 p.m.","  AV. CAMINO REAL 1065       SAN ISIDRO","EMERGENCIA MEDICA",AMB-4,-12.1043528219113,-77.038868120803
2016-042572,11-07-2016,"10:34:14 p.m.","  JR. DE LA UNION 800        LIMA",INCENDIO,"AMB-21, M10-1, M2-1, M3-1",-12.0502590833583,-77.0342572762856
2016-042571,11-07-2016,"10:15:11 p.m.","  CL. MANUEL GONZALES PRADA (35) 233        SANTA ANITA","EMERGENCIA MEDICA",AMB-138,-12.0430296209791,-76.9817660884192
2016-042570,11-07-2016,"10:14:45 p.m.","AV. 28 DE JULIO CRUCE CON JR. OBREROS LA VICTORIA            LA VICTORIA","EMERGENCIA MEDICA",AMB-8,-12.0626717677097,-77.0249276140693
2016-042569,11-07-2016,"09:51:05 p.m.","  AV. GUARDIA CIVIL (ANTONIO VARGAS) (CONDORES) 445        CHORRILLOS","EMERGENCIA MEDICA",AMB6-2,-12.183215333767,-77.0002104808662
2016-042568,11-07-2016,"09:50:32 p.m.","  CL. ALLENDE MZ D-1  LT  15 VILLA VICTORIA  000        SURQUILLO","EMERGENCIA MEDICA",AMB-11,-12.1104658487308,-77.0126999936676
2016-042567,11-07-2016,"09:48:22 p.m.","  JR. SANTA FLORENCIA 548        LIMA","MATERIALES PELIGROSOS (INCIDENTE)","M60-5, MED-202",,
2016-042566,11-07-2016,"09:43:21 p.m.","AV. COLONIAL (OSCAR R. BENAVIDES) 3008       CALLAO","EMERGENCIA MEDICA",AMB-14,-12.0499384180694,-77.0788544032186
2016-042565,11-07-2016,"09:40:59 p.m.","  CL. ESTE SAN ANTONIO 500        RIMAC","EMERGENCIA MEDICA",AMB-21,-12.0267937883158,-77.0348536132538
2016-042564,11-07-2016,"09:26:08 p.m.","UR. SANTA CRUZ MZ  H LT 2            PUNTA HERMOSA","EMERGENCIA MEDICA",AMB-129,-12.3351990324893,-76.8233194758725
2016-042563,11-07-2016,"09:20:18 p.m.","  JR. INCLAN (ALONSO RIQUELME) 469        MAGDALENA DEL MAR","EMERGENCIA MEDICA",AMB-83,-12.0954303134613,-77.0669245654593
2016-042562,11-07-2016,"09:12:46 p.m.","  AV. ANGELICA GAMARRA 500        LOS OLIVOS","EMERGENCIA MEDICA",MED-9,-12.0054717757297,-77.0672875241909
2016-042561,11-07-2016,"09:06:05 p.m.","BARRIO MARIN            HUACHO",INCENDIO,M20-1,,
2016-042560,11-07-2016,"08:58:33 p.m.","  CL. 28 DE JULIO 000        LOS OLIVOS","EMERGENCIA MEDICA",M20-1,-12.0031394800838,-77.0769887787053
2016-042559,11-07-2016,"08:45:05 p.m.","SUCRE 1097       MAGDALENA DEL MAR","EMERGENCIA MEDICA",AMB-100,,
2016-042558,11-07-2016,"08:28:01 p.m.","  JR. MAMA OCLLO 283        LA PERLA","EMERGENCIA MEDICA",MED-34-2,-12.0692711721724,-77.1167375746622
2016-042557,11-07-2016,"08:26:53 p.m.","SANTA ROSA            HUACHO","EMERGENCIA MEDICA",AMB-20,,
2016-042556,11-07-2016,"08:23:32 p.m.","  AV. JOSE GALVEZ BARRENECHEA (PRINCIPAL) 311        SAN ISIDRO","EMERGENCIA MEDICA",MED-202,-12.0948446086624,-77.0132352690073
2016-042555,11-07-2016,"08:20:00 p.m.","AH. LOS ROSALES DE PRO E LOTE             LOS OLIVOS","EMERGENCIA MEDICA",AMB-9,-11.953806835974,-77.0747185434417
2016-042554,11-07-2016,"08:11:37 p.m.","  PJ. LOS OLIVOS 120        PUEBLO LIBRE","EMERGENCIA MEDICA","AMB-83, MED-202",-12.0742707390222,-77.0596012791659
2016-042553,11-07-2016,"08:08:34 p.m.","AV. JOSE GALVEZ CRUCE CON JR. MANUEL CANDAMO LINCE            LINCE","EMERGENCIA MEDICA",MED-202,-12.0817507540464,-77.0295521263291
2016-042552,11-07-2016,"08:06:44 p.m.","  JR. RUFINO TORRICO 300        LIMA","EMERGENCIA MEDICA","AMB-2, RES-3",-12.0447429076083,-77.0346816872481
2016-042551,11-07-2016,"08:06:35 p.m.",,"EMERGENCIA MEDICA",AMB-1,-12.0582292249155,-77.1429964221459
2016-042550,11-07-2016,"08:01:36 p.m.","JR. CAJAMARCA CRUCE CON JR. HUANCAYO (30) SAN MARTIN DE PORRES            SAN MARTIN DE PORRES","EMERGENCIA MEDICA",AMB-65,-12.0261763242228,-77.0878688789062
2016-042549,11-07-2016,"08:01:11 p.m.","  AV. ALFREDO BENAVIDES 2298       MIRAFLORES","EMERGENCIA MEDICA",MED-28,-12.1276274313064,-77.009086390746
2016-042548,11-07-2016,"07:59:37 p.m.","  CL. ACAPULCO 500        LA MOLINA","EMERGENCIA MEDICA",MED-96,-12.0811634413529,-76.9050412386711
2016-042547,11-07-2016,"07:58:31 p.m.","OVALO HUAROCHIRI            LA MOLINA","SERVICIO ESPECIAL",MED-96,,
2016-042546,11-07-2016,"07:57:35 p.m.","AV. PLAN VIAL CRUCE CON AV. LOS ALISOS (3) SAN MARTIN DE PORRES            SAN MARTIN DE PORRES","EMERGENCIA MEDICA",AMB-9,-11.981484693725,-77.0981513080402
2016-042545,11-07-2016,"07:56:13 p.m.","CALLE MARTE            SANTA ANITA","EMERGENCIA MEDICA",AMB-9,,
2016-042544,11-07-2016,"07:53:13 p.m.","  AV. COLONIAL (OSCAR R. BENAVIDES) 5015       CALLAO","EMERGENCIA MEDICA",AMB-9,-12.0520400107431,-77.0906319500803
2016-042543,11-07-2016,"07:35:29 p.m.","AV. EL SOL CRUCE CON AV. LAS GAVIOTAS CHORRILLOS            CHORRILLOS","EMERGENCIA MEDICA",AMB-9,-12.1740944531136,-77.0029010352873
2016-042542,11-07-2016,"07:33:40 p.m.","  CL. GENERAL EMILIO SOYER (TACNA) 555        MIRAFLORES","EMERGENCIA MEDICA",AMB-100,-12.1093057776386,-77.0283805073789
2016-042541,11-07-2016,"07:31:55 p.m.","  JR. HIPOLITO UNANUE 1375       LA VICTORIA","EMERGENCIA MEDICA",MED-202,-12.0656668880457,-77.0169505772754
2016-042540,11-07-2016,"07:26:59 p.m.","  AV. JOSE CARLOS MARIATEGUI 1900       VILLA MARIA DEL TRIUNFO","ACCIDENTE VEHICULAR","AMB6-2, M120-1, M134-1",-12.1464187626867,-76.9503233791479
2016-042539,11-07-2016,"07:26:52 p.m.","AV. CESAR VALLEJO CRUCE CON AV. REVOLUCION VILLA EL SALVADOR            VILLA EL SALVADOR","ACCIDENTE VEHICULAR","AMB-155, M106-1, M155-1",-12.2131942050992,-76.9368333811531
2016-042538,11-07-2016,"07:26:19 p.m.","  AV. REPUBLICA DE PANAMA (PANAMERICANA NORTE) 6500       BARRANCO","MATERIALES PELIGROSOS (INCIDENTE)",RES-28,,
2016-042537,11-07-2016,"06:58:14 p.m.","EDUCACION I.E.P. CLARETIANO            SAN MIGUEL","EMERGENCIA MEDICA",RES-28,-12.0733739277028,-77.08716314755
2016-042536,11-07-2016,"06:54:49 p.m.","  AV. ALFREDO BENAVIDES APT 601 212        MIRAFLORES","EMERGENCIA MEDICA","AMB-100, RES-28",-12.1243251661835,-77.0311868862446
2016-042535,11-07-2016,"06:53:23 p.m.","HORACIO URTEGA  400        ","EMERGENCIA MEDICA","AMB-100, RES-28",,
2016-042534,11-07-2016,"06:47:12 p.m.",,"EMERGENCIA MEDICA","AMB-21, M10-1, M2-1",-12.0581185026791,-77.0415341881504
2016-042533,11-07-2016,"06:42:18 p.m.","MARISCAL CACERES  200        CHANCAY",INCENDIO,"AMB-21, M10-1, M2-1",,
2016-042532,11-07-2016,"06:38:55 p.m.","CARRETERAS - PANAMERICANAS ANTIGUA PANAMERICANA SUR 43            PUNTA HERMOSA","EMERGENCIA MEDICA",AMB-129,-12.319965742719,-76.830013183739
2016-042531,11-07-2016,"06:37:03 p.m.","  CL. VALLE RIESTRA (GENERAL JOSE RAMON PIZARRO) 1134       PUEBLO LIBRE","EMERGENCIA MEDICA",MED-202,-12.0775143310459,-77.0677141657853
2016-042530,11-07-2016,"06:32:16 p.m.","AV. UNIVERSITARIA NORTE CRUCE CON AV. LOS ALISOS LOS OLIVOS            LOS OLIVOS","EMERGENCIA MEDICA",MED-202,-11.9831348062525,-77.0786636306569
2016-042529,11-07-2016,"06:29:51 p.m.","  AV. ALFREDO BENAVIDES 1475       MIRAFLORES","EMERGENCIA MEDICA",MED-202,-12.1264287174656,-77.017604043368
2016-042528,11-07-2016,"06:28:16 p.m.","  AV. DOLORES BRIGIDA SILVA DE OCHOA (FERIA DEL PACIFICO) 165        SAN MIGUEL","EMERGENCIA MEDICA",AMB-83,-12.0822416417051,-77.0889045791375
2016-042527,11-07-2016,"06:24:24 p.m.","AH. LOS ANGELES 74            SAN JUAN DE MIRAFLORES",INCENDIO,"AMB6-2, M106-1, M120-1, M134-1",-12.1467015298966,-76.9618301438491
2016-042526,11-07-2016,"06:16:36 p.m.","  CL. ZAMORA 100        LIMA","EMERGENCIA MEDICA",AMB-21,-12.0456376839687,-77.0437125898933
2016-042525,11-07-2016,"06:12:42 p.m.","AV 28 DE JULIO  CON JR AREQUIPA             LURIGANCHO",RESCATE,M138-4,,
2016-042524,11-07-2016,"05:54:40 p.m.","CARRETERAS - PANAMERICANAS PANAMERICANA SUR 101            ASIA","EMERGENCIA MEDICA",M138-4,-11.9464869532829,-77.0813113784759
2016-042523,11-07-2016,"05:52:42 p.m.","  CL. GARCIA CALDERON 726        CALLAO","EMERGENCIA MEDICA",AMB-1,-12.0559152820079,-77.134850997085
2016-042522,11-07-2016,"05:39:43 p.m.","JR. TORRE TAGLE (JOSE WAGNER) CRUCE CON JR. JULIO C. TELLO (ANTONIO POLO) PUEBLO LIBRE            PUEBLO LIBRE","EMERGENCIA MEDICA",MED-202,-12.0784701004238,-77.0592779305713
2016-042521,11-07-2016,"05:39:39 p.m.","  JR. MANUEL PEZET (24) 283        SAN MARTIN DE PORRES","EMERGENCIA MEDICA",AMB-9,-12.0067172753285,-77.0918693643278
2016-042520,11-07-2016,"05:28:21 p.m.","hospital almenara            ","EMERGENCIA MEDICA",AMB-9,,
2016-042519,11-07-2016,"05:24:44 p.m.","  AV. URUGUAY 514        LIMA","EMERGENCIA MEDICA",AMB-21,-12.0544460682789,-77.0412097402708
2016-042518,11-07-2016,"05:15:11 p.m.","PANAM SUR ANTIGUA             ","EMERGENCIA MEDICA",AMB-21,,
2016-042517,11-07-2016,"05:00:50 p.m.","  AV. VIRREY CONDE DE LEMOS 318        CALLAO","EMERGENCIA MEDICA",MED-9,-12.0495196781289,-77.0947860886521
2016-042516,11-07-2016,"04:56:53 p.m.","AV. JOSE GALVEZ            LURIGANCHO","EMERGENCIA MEDICA",AMB-32,,
2016-042515,11-07-2016,"04:56:25 p.m.","  JR. HUANACAURE 295        SAN MIGUEL","EMERGENCIA MEDICA",AMB-83,-12.0665234594883,-77.0964353396009
2016-042514,11-07-2016,"04:45:26 p.m.","MILITAR POLICIAL ESCUELA DE OFICIALES DE LA POLICIA NACIONAL DEL PERU            CHORRILLOS","EMERGENCIA MEDICA",AMB-83,,
2016-042513,11-07-2016,"04:32:03 p.m.","PJ. VILLA EL SALVADOR SECTOR 2 GRUPO 2 MZ D LTE 1            VILLA EL SALVADOR","EMERGENCIA MEDICA",AMB-155,-12.2024177985644,-76.9375302277886
2016-042512,11-07-2016,"04:31:45 p.m.","AV. CAQUETA  535        SAN MARTIN DE PORRES","EMERGENCIA MEDICA",AMB-65,,
2016-042511,11-07-2016,"04:28:30 p.m.","  CL. PAZ SOLDAN 500        CALLAO","ACCIDENTE VEHICULAR","M1-1, M60-1, MED-34",-12.0671729349974,-77.1462503005596
2016-042510,11-07-2016,"04:16:42 p.m.","AV. CANADA CRUCE CON AV. AVIACION SAN BORJA            SAN BORJA","EMERGENCIA MEDICA","M1-1, M60-1, MED-34",-12.0842438503122,-77.0042595451065
2016-042509,11-07-2016,"04:16:29 p.m.","MARIA PARADO DE BELLIDO            ",INCENDIO,"AUX-20, M20-1",,
2016-042508,11-07-2016,"04:11:00 p.m.","2 de octubre            ","EMERGENCIA MEDICA",MED-9,,
2016-042507,11-07-2016,"04:09:54 p.m.","AV. LAS CAMELIAS CRUCE CON CL. CHINCHON SAN ISIDRO            SAN ISIDRO","ACCIDENTE VEHICULAR",AMB-4,-12.0957437883486,-77.0288480889366
2016-042506,11-07-2016,"04:03:22 p.m.","URB LA ESTANCIA MZ RF6            LURIN","EMERGENCIA MEDICA",AMB-129,,
2016-042505,11-07-2016,"04:00:57 p.m.","AV. TUPAC AMARU (GERARDO UNGER) CRUCE CON AV. LOS ALISOS INDEPENDENCIA            INDEPENDENCIA",INCENDIO,M161-1,-11.9830794343959,-77.0588356232395
2016-042504,11-07-2016,"03:52:00 p.m.","CONDE DE NIEVAS            ICA","EMERGENCIA MEDICA",AMB-22,,
2016-042503,11-07-2016,"03:50:39 p.m.","  AV. AUGUSTO PEREZ ARANIBAR 15         SAN ISIDRO","EMERGENCIA MEDICA",AMB-83,-12.107987837047,-77.0535390964162
2016-042502,11-07-2016,"03:48:14 p.m.","  JR. FE Y ALEGRIA 370        SAN MARTIN DE PORRES","EMERGENCIA MEDICA",MED-9,-12.0240100561867,-77.0765274447361
2016-042501,11-07-2016,"03:47:10 p.m.","  JR. MANCO SEGUNDO 2468       LINCE","EMERGENCIA MEDICA",MED-202,-12.0866457237625,-77.0460211253744
2016-042500,11-07-2016,"03:44:15 p.m.","INSTITUCIONAL CIVICO CENTRO CIVICO            LIMA","EMERGENCIA MEDICA",MED-202,-12.0567861055944,-77.0373011461244
2016-042499,11-07-2016,"03:43:15 p.m.","MAYOR RUIZ            CHANCAY","EMERGENCIA MEDICA",MED-202,,
2016-042498,11-07-2016,"03:36:15 p.m."," CL. MARISCAL ANTONIO JOSE DE SUCRE 751        SAN MIGUEL","EMERGENCIA MEDICA",MED-202,,
2016-042497,11-07-2016,"03:35:53 p.m.","URB PUENTE BLANCO            ICA","ACCIDENTE VEHICULAR",AMB-22,,
2016-042496,11-07-2016,"03:34:58 p.m.","PROL. GRAU            HUARAL","EMERGENCIA MEDICA",AMB-22,,
2016-042495,11-07-2016,"03:33:59 p.m.","CLINICA INTERNACIONAL             SAN BORJA","EMERGENCIA MEDICA",AMB-138,,
2016-042494,11-07-2016,"03:22:29 p.m.","UR. PEDRO RUIZ GALLO B BLOCK D7            CALLAO","EMERGENCIA MEDICA",MED-9,-12.0499444121143,-77.1023646331966
2016-042493,11-07-2016,"03:22:00 p.m.",,"EMERGENCIA MEDICA",AMB-65,-12.036379301453,-77.0661577261752
2016-042492,11-07-2016,"03:17:03 p.m.","  AV. LA UNION 239        LA PERLA","EMERGENCIA MEDICA",MED-34,-12.0678450214227,-77.1267564001291
2016-042491,11-07-2016,"03:11:05 p.m.","CARRETERAS - PANAMERICANAS ANTIGUA PANAMERICANA SUR 34            LURIN","EMERGENCIA MEDICA","AMB-129, M120-1",-12.2594035767086,-76.8855902232871
2016-042490,11-07-2016,"03:08:00 p.m.","  AV. ALFREDO BENAVIDES 5400       SANTIAGO DE SURCO","EMERGENCIA MEDICA","AMB-129, M120-1",-12.1307946692732,-76.9795919231231
2016-042489,11-07-2016,"02:55:38 p.m.","HOSPITAL 2 DE MAYO            LIMA","EMERGENCIA MEDICA","AMB-10, AMB-14",,
2016-042488,11-07-2016,"02:51:44 p.m.","AV. JOSE CARLOS MARIATEGUI CRUCE CON AV. CENTRAL VILLA EL SALVADOR            VILLA EL SALVADOR","ACCIDENTE VEHICULAR","AMB-129, AMB-155, M105-1, M106-1",-12.2193304605738,-76.9298648871014
2016-042487,11-07-2016,"02:47:47 p.m.","  AV. ABEL BERGASSE DU PETIT THOUARS 4900       MIRAFLORES","EMERGENCIA MEDICA",AMB-100,-12.1120781104322,-77.0289544635948
2016-042486,11-07-2016,"02:41:12 p.m.","AV. ROOSEVELT (REPUBLICA DE PANAMA) CRUCE CON CL. MANUEL AUGUSTO OLAECHEA MIRAFLORES            MIRAFLORES","EMERGENCIA MEDICA",AMB6-2,-12.1286031982207,-77.0179478267601
2016-042485,11-07-2016,"02:37:02 p.m.","BOLOGNESI 100        CHANCAY","EMERGENCIA MEDICA",MED-80,,
2016-042484,11-07-2016,"02:34:26 p.m.","JR. CUZCO CRUCE CON JR. AZANGARO LIMA            LIMA","ACCIDENTE VEHICULAR","AMB-14, M10-1, M2-1",-12.050832598541,-77.0303996231004
2016-042483,11-07-2016,"02:32:51 p.m.","  AV. ALFREDO MENDIOLA (PANAMERICANA NORTE) 3500       LOS OLIVOS","EMERGENCIA MEDICA",AMB-65,-11.9935400741845,-77.0640276957355
2016-042482,11-07-2016,"02:25:15 p.m.","  AV. GENERAL JUAN ANTONIO ALVAREZ DE ARENALES 2259       LINCE","EMERGENCIA MEDICA",AMB-100,-12.0867992995995,-77.0353445599364
2016-042481,11-07-2016,"02:21:26 p.m.","  JR. BOLIVAR 400        LURIN",INCENDIO,"AMB-155, M106-1, M120-1, M129-1, M155-1",-12.2726772834137,-76.867579174535
2016-042480,11-07-2016,"02:20:05 p.m.","AV. 28 DE JULIO CRUCE CON AV. NICOLAS DE AYLLON LA VICTORIA            LA VICTORIA","EMERGENCIA MEDICA",AMB-176,-12.0604548054884,-77.0071385576812
2016-042479,11-07-2016,"02:15:33 p.m.","NESTOR  GAMBETA            CALLAO","EMERGENCIA MEDICA",MED-9,,
2016-042478,11-07-2016,"01:58:04 p.m.","AV. CIRCUNVALACION (PANAMERICANA SUR) CRUCE CON AV. CANADA SAN LUIS            SAN LUIS","EMERGENCIA MEDICA",AMB-176,-12.0777806470562,-76.9893068530655
2016-042477,11-07-2016,"01:51:02 p.m.","  AV. NICOLAS AYLLON (CARRETERA CENTRAL) 2941       EL AGUSTINO","EMERGENCIA MEDICA",AMB-138,-12.0590046617835,-76.9747475616071
2016-042476,11-07-2016,"01:43:33 p.m.","  CL. LOS CONDORES 327        BELLAVISTA","EMERGENCIA MEDICA",AMB-7,-12.0580795218358,-77.0938141283258
2016-042475,11-07-2016,"01:32:36 p.m.","PJ BACARI CDRA 1 HACIA HOSP ALMENARA            ","EMERGENCIA MEDICA",AMB-8,,
2016-042474,11-07-2016,"01:31:32 p.m.","  AV. 28 DEJULIO 400        LIMA","EMERGENCIA MEDICA",AMB-14,-12.064718823294,-77.0417765878956
2016-042473,11-07-2016,"01:30:41 p.m.","B-133            CHILCA","EMERGENCIA MEDICA",AMB-133,,
2016-042472,11-07-2016,"01:23:09 p.m.","  AV. MARISCAL RAMON CASTILLA 241        SANTIAGO DE SURCO","EMERGENCIA MEDICA",AMB6-2,-12.1338374822732,-77.0168317290633
2016-042471,11-07-2016,"01:22:01 p.m.","B44            ","EMERGENCIA MEDICA",AMB-44,,
2016-042470,11-07-2016,"01:19:06 p.m.","AS. SANTA ANITA ETAPA I             SANTA ANITA",INCENDIO,"AMB-138, M138-1, M176-3, M96-1",-12.0429268126423,-76.9586888794255
2016-042469,11-07-2016,"01:07:47 p.m.","  AV. VILLA MARIA 800        VILLA MARIA DEL TRIUNFO","EMERGENCIA MEDICA",AMB-155,-12.1620838285331,-76.9445145749869
2016-042468,11-07-2016,"01:03:16 p.m.","  AV. DOLORES BRIGIDA SILVA DE OCHOA (FERIA DEL PACIFICO) 199        SAN MIGUEL",INCENDIO,M36-1,-12.0833005299478,-77.0894025452065
2016-042467,11-07-2016,"12:55:09 p.m.","SAN CLEMENTE            PISCO",INCENDIO,CIST90-4,,
2016-042466,11-07-2016,"12:49:46 p.m.","CL. REPUBLICA DOMINICANA CRUCE CON AV. HORACIO URTEAGA JESUS MARIA            JESUS MARIA","EMERGENCIA MEDICA",AMB-14,-12.0742348416094,-77.0487315905623
2016-042465,11-07-2016,"12:49:29 p.m.","CL. GENERAL MIGUEL IGLESIAS CRUCE CON AV. ANGAMOS OESTE MIRAFLORES            MIRAFLORES","EMERGENCIA MEDICA",AMB-14,-12.1140069481723,-77.0380247574549
2016-042464,11-07-2016,"12:41:58 p.m.","ZONA ESTE             MARCONA","EMERGENCIA MEDICA",MED-152,,
2016-042463,11-07-2016,"12:40:33 p.m.","1 ERO DE MAYO             ","EMERGENCIA MEDICA",MED-80,,
2016-042462,11-07-2016,"12:38:03 p.m.","  AV. LAS GAVIOTAS 284        CHORRILLOS","EMERGENCIA MEDICA",AMB6-2,-12.1816079834988,-77.0076042010174
2016-042461,11-07-2016,"12:35:03 p.m.","  AV. LOS CONQUISTADORES 500        SAN ISIDRO","EMERGENCIA MEDICA",MED-202,-12.1012920318538,-77.0367809352424
2016-042460,11-07-2016,"12:20:42 p.m.","  AV. COLONIAL (OSCAR R. BENAVIDES) 2800       CALLAO","EMERGENCIA MEDICA",MED-202,-12.0563908404122,-77.1130085091775
2016-042459,11-07-2016,"12:14:59 p.m.","  AV. ANGELICA GAMARRA 1500       LOS OLIVOS","EMERGENCIA MEDICA",MED-9,-12.0062320661821,-77.0781946662403
2016-042458,11-07-2016,"12:10:23 p.m.","  JR. ALMIRANTE GUISSE 964        JESUS MARIA","EMERGENCIA MEDICA",MED-9,-12.0747432760298,-77.0397225732601
2016-042457,11-07-2016,"12:08:53 p.m.","VIDENA            SAN LUIS","SERVICIO ESPECIAL",AMB-4,,
2016-042456,11-07-2016,"12:05:34 p.m.","  JR. LA MAR 200        SAN MIGUEL",INCENDIO,"M100-1, M36-1, RES-36",-12.0899113173739,-77.0835811240178
2016-042455,11-07-2016,"12:04:36 p.m.","AV. UNIVERSITARIA (BELLA UNION) CRUCE CON AV. ANTUNEZ DE MAYOLO SAN MARTIN DE PORRES            SAN MARTIN DE PORRES","EMERGENCIA MEDICA",MED-9,-11.996227491076,-77.0852547974383
2016-042454,11-07-2016,"12:03:42 p.m.","PS. PARODI CRUCE CON AV. JAVIER PRADO ESTE SAN ISIDRO            SAN ISIDRO","EMERGENCIA MEDICA",MED-202,-12.0919972255038,-77.0303117897192
2016-042453,11-07-2016,"12:02:45 p.m.","VIDENA            SAN LUIS","SERVICIO ESPECIAL",AMB-4,,
2016-042452,11-07-2016,"11:57:03 a.m.","  AV. ABEL BERGASSE DU PETIT THOUARS 3800       SAN ISIDRO","EMERGENCIA MEDICA",AMB-11,-12.1000298924727,-77.0310148259159
2016-042451,11-07-2016,"11:48:36 a.m.","JR. CORONEL LEON VELARDE CRUCE CON JR. FRANCISCO DE ZELA LINCE            LINCE",RESCATE,AMB-11,-12.083190426102,-77.0399580643604
2016-042450,11-07-2016,"11:46:03 a.m.","  AV. NICOLAS DE PIEROLA (PEDRO ROSELLO) 100        BARRANCO","EMERGENCIA MEDICA",AMB-16,-12.1414473251677,-77.0207649146324
2016-042449,11-07-2016,"11:45:07 a.m.","PANAMERICANA SUR KM 304            ","EMERGENCIA MEDICA",MATPEL171,,
2016-042448,11-07-2016,"11:36:17 a.m.","  AV. JAVIER PRADO ESTE 200        SAN ISIDRO","EMERGENCIA MEDICA",MED-202,-12.0923187746375,-77.0316599390157
2016-042447,11-07-2016,"11:32:38 a.m.","AV. CHANCAY  400        HUARAL","EMERGENCIA MEDICA",AMB-44,,
2016-042446,11-07-2016,"11:29:46 a.m.",,"EMERGENCIA MEDICA",AMB-1,-12.0604050126436,-77.1383891987485
2016-042445,11-07-2016,"11:29:15 a.m.","HOSPITAL AUGUSTO HERNANDEZ             ","EMERGENCIA MEDICA",AMB-22,,
2016-042444,11-07-2016,"11:24:57 a.m.","  AV. 28 DEJULIO 000        LIMA",RESCATE,M14-1,-12.0646783481889,-77.0376068455811
2016-042443,11-07-2016,"11:15:18 a.m.","  CL. CESAR VALLEJO 1200       INDEPENDENCIA","MATERIALES PELIGROSOS (INCIDENTE)","AMB-65, M124-1",,
2016-042442,11-07-2016,"11:14:25 a.m.","MERCADO PLAZA DE ARMAS DE PARAMONGA            ","EMERGENCIA MEDICA",AMB-81,,
2016-042441,11-07-2016,"11:05:40 a.m.","  AV. COLECTORA CRUCE AV. METROPOLITANA  000        SANTA ANITA","MATERIALES PELIGROSOS (INCIDENTE)","M138-1, M169-1, MAPEL138",,
2016-042440,11-07-2016,"10:49:42 a.m.",,"EMERGENCIA MEDICA",AMB-1,-12.0611169413915,-77.1443165816928
2016-042439,11-07-2016,"10:41:55 a.m.","  PJ. CENTRAL 100        RIMAC",INCENDIO,"AMB-14, M2-1, M202-1, M3-1",-12.0388139515468,-77.0364249407152
2016-042438,11-07-2016,"10:41:50 a.m.","  AV. AVIACION 3900       SURQUILLO","EMERGENCIA MEDICA",AMB-16,-12.1157421985406,-76.9989857514193
2016-042437,11-07-2016,"10:31:09 a.m.","  AV. JAVIER PRADO ESTE 3600       SAN BORJA","EMERGENCIA MEDICA",AMB-11,-12.0860433140291,-76.9867459652403
2016-042436,11-07-2016,"10:24:58 a.m.","CARRETERAS - PANAMERICANAS PANAMERICANA NORTE 30            PUENTE PIEDRA","EMERGENCIA MEDICA",AMB-150,-11.8675103485633,-77.0724761672919
2016-042435,11-07-2016,"10:14:36 a.m.","  CL. HIPOLITO UNANUE (HUANCANI) 200        SAN MIGUEL","MATERIALES PELIGROSOS (INCIDENTE)","M36-1, M60-1, MED-202, RES-36",-12.0710711689533,-77.0893520668984
2016-042434,11-07-2016,"10:09:01 a.m.","  CL. AGUSTIN TOVAR 355        LA PUNTA","EMERGENCIA MEDICA","M36-1, M60-1, MED-202, RES-36",-12.0729961114133,-77.1616842361255
2016-042433,11-07-2016,"10:04:00 a.m.","  CL. ISMAEL PAGADOR (LA PAZ) 117        CHORRILLOS","EMERGENCIA MEDICA",AMB6-2,-12.1717603741326,-77.0229040763197
2016-042432,11-07-2016,"10:03:47 a.m.","MUNICIPALIDAD             PUENTE PIEDRA","EMERGENCIA MEDICA",AMB-150,,
2016-042431,11-07-2016,"09:58:36 a.m.","  MA. PAUL HARRIS (JOSE DIEZ CANSECO) 587        BARRANCO","EMERGENCIA MEDICA",AMB-16,-12.1382468432969,-77.025816075761
2016-042430,11-07-2016,"09:18:14 a.m.","CARRETERAS - PANAMERICANAS ANTIGUA PANAMERICANA SUR 36.15            LURIN","EMERGENCIA MEDICA",AMB-16,-12.2739977413702,-76.8725539056608
2016-042429,11-07-2016,"09:09:34 a.m.","  PJ. LOS LIRIOS 180        SAN MIGUEL","EMERGENCIA MEDICA",MED-202,-12.0893959032286,-77.0861282577878
2016-042428,11-07-2016,"09:00:41 a.m.","  AV. VENEZUELA 3200       LIMA",INCENDIO,"M36-1, M60-1, M83-1",-12.0594887427777,-77.076638155363
2016-042427,11-07-2016,"08:53:15 a.m.","AV. REPUBLICA DE COLOMBIA (CENTRAL) CRUCE CON CL. FEDERICO VILLARREAL SAN ISIDRO            SAN ISIDRO","EMERGENCIA MEDICA","M36-1, M60-1, M83-1",-12.0986958171231,-77.0307685792099
2016-042426,11-07-2016,"08:53:11 a.m.","AV. VENEZUELA CRUCE CON AV. ELMER FAUCETT SAN MIGUEL            SAN MIGUEL","EMERGENCIA MEDICA",AMB-14,-12.063318351691,-77.0973669049202
2016-042425,11-07-2016,"08:48:00 a.m.","  AV. ANGELICA GAMARRA 662        LOS OLIVOS","EMERGENCIA MEDICA",MED-9,-12.005432022863,-77.0693700274117
2016-042424,11-07-2016,"08:45:15 a.m.","  CL. PEDRO PAULET 145        SAN MARTIN DE PORRES","EMERGENCIA MEDICA",AMB-168,-12.023943616974,-77.0520067529084
2016-042423,11-07-2016,"08:34:46 a.m.","  AV. COSTA VERDE (CIRCUITO DE PLAYAS) 000        MIRAFLORES","EMERGENCIA MEDICA",AMB-100,-12.1112835559603,-77.0531944118652
2016-042422,11-07-2016,"08:34:30 a.m.","CL. FEDERICO VILLARREAL CRUCE CON AV. REPUBLICA DE COLOMBIA (CENTRAL) SAN ISIDRO            SAN ISIDRO","EMERGENCIA MEDICA",MED-202,-12.0986958171231,-77.0307685792099
2016-042421,11-07-2016,"08:32:49 a.m.","AV SAN MARTIN  900        ICA","MATERIALES PELIGROSOS (INCIDENTE)",M22-1,,
2016-042420,11-07-2016,"08:32:40 a.m.","PUENTE ENACE            AYACUCHO","ACCIDENTE VEHICULAR",MED-63,,
2016-042419,11-07-2016,"08:28:21 a.m.","MOLICENTRO             LA MOLINA","ACCIDENTE VEHICULAR",MED-63,,
2016-042418,11-07-2016,"08:21:32 a.m.","  AV. LA MOLINA (A CIENEGUILLA) 3600       LA MOLINA","EMERGENCIA MEDICA",MED-96,-12.0862987839831,-76.8939123906131
2016-042417,11-07-2016,"08:15:00 a.m.","PANAMERICANA NORTE  KM 34            PUENTE PIEDRA","EMERGENCIA MEDICA",MED-96,,
2016-042416,11-07-2016,"08:10:51 a.m.","AS. SAN JUDAS TADEO K LTE 3            PUENTE PIEDRA","EMERGENCIA MEDICA",MED-96,-11.8318118479355,-77.1065559202536
2016-042415,11-07-2016,"08:10:36 a.m.",,"EMERGENCIA MEDICA",MED-9,-12.0593730698635,-77.1175085418602
2016-042414,11-07-2016,"08:08:56 a.m.","AV. QUILCA 500        SAN MARTIN DE PORRES","EMERGENCIA MEDICA",MED-9,-12.0302598077649,-77.0944654681775
2016-042413,11-07-2016,"08:05:09 a.m.","AV. EL SOL (3) CRUCE CON AV. REPUBLICA ARGENTINA CALLAO            CALLAO","EMERGENCIA MEDICA",MED-9,-12.049336158879,-77.1092058032122
2016-042412,11-07-2016,"07:57:28 a.m.","  AV. GENERAL JUAN ANTONIO ALVAREZ DE ARENALES 1961       LINCE","EMERGENCIA MEDICA",MED-202,-12.0843033340368,-77.0356800937732
2016-042411,11-07-2016,"07:55:48 a.m.","  JR. PROLONGACION PAZOS 336        BARRANCO","EMERGENCIA MEDICA",MED-202,-12.1497918126077,-77.0176193163217
2016-042410,11-07-2016,"07:55:02 a.m.","  JR. MANUEL IRRIBARREN (SAN MIGUEL) 237        SURQUILLO","EMERGENCIA MEDICA","AMB-16, RES-28",-12.1177613095134,-77.0215790720204
2016-042409,11-07-2016,"07:35:05 a.m.","CP CHANCADILLO             CHANCAY","EMERGENCIA MEDICA",MED-80,,
2016-042408,11-07-2016,"07:22:24 a.m.","ZONA I UCV 138            ATE",INCENDIO,MED-80,,
2016-042407,11-07-2016,"07:14:15 a.m.","CARRETERAS - PANAMERICANAS CARRETERA CENTRAL KM 6.5            ATE","EMERGENCIA MEDICA",MED-96,-12.0280781935964,-76.9231489442779
2016-042406,11-07-2016,"07:11:43 a.m.","  AV. 2 DE MAYO 1100       CALLAO","ACCIDENTE VEHICULAR",M5-1,-12.0536139017785,-77.1403480597478
2016-042405,11-07-2016,"07:10:12 a.m.","  AV. 2 DE MAYO 1100       CALLAO","ACCIDENTE VEHICULAR","AMB-168, M1-1, M60-1",-12.0536139017785,-77.1403480597478
2016-042404,11-07-2016,"06:44:14 a.m.","TUPAC AMARU CON JAZMINES            INDEPENDENCIA","EMERGENCIA MEDICA","AMB-14, AMB-168, AMB-2, M65-1, M9-1, MED-9",,
2016-042403,11-07-2016,"06:20:38 a.m.","CERRO LOS CENTINELAS 100        SANTIAGO DE SURCO","ACCIDENTE VEHICULAR","AMB-11, M120-1, RES-134",-12.1135670226097,-76.9648412816076
2016-042402,11-07-2016,"06:15:18 a.m.","  AV. CORONEL NESTOR GAMBETA (EL EMISOR) 000        CALLAO","EMERGENCIA MEDICA","AMB-11, M120-1, RES-134",-12.0140953516687,-77.1289181176832
2016-042401,11-07-2016,"06:11:27 a.m.","CARRETERAS - PANAMERICANAS PANAMERICANA NORTE 15            INDEPENDENCIA","EMERGENCIA MEDICA","M65-1, MED-9, RESLIG-161",-12.0002167729592,-77.0623889298664
2016-042400,11-07-2016,"06:07:12 a.m.","AV. LA MOLINA CRUCE CON AV. LA UNIVERSIDAD LA MOLINA            LA MOLINA","ACCIDENTE VEHICULAR","M96-1, MED-96",-12.0839653960696,-76.9273754760213
2016-042399,11-07-2016,"06:03:52 a.m.","  CL. LAS PALOMAS 120        SURQUILLO","EMERGENCIA MEDICA",AMB-100,-12.1071022977401,-77.0262695899629
2016-042398,11-07-2016,"05:59:52 a.m.","  JR. ENRIQUE LEON GARCIA 265        LA VICTORIA","EMERGENCIA MEDICA",AMB-11,-12.0837958395414,-77.0220821073253
2016-042397,11-07-2016,"05:48:46 a.m.","  PL. BUTTERS 200        BARRANCO","ACCIDENTE VEHICULAR","AMB-16, M28-1, RES-6",-12.1435705204561,-77.0153839414986
2016-042396,11-07-2016,"05:31:56 a.m.","  JR. CHIMPU OCLLO 100        SAN MARTIN DE PORRES","EMERGENCIA MEDICA",AMB-168,-12.0254996739358,-77.066701110175
2016-042395,11-07-2016,"05:18:20 a.m.","  AV. DIEGO DE AGUERO (YUNGAY) 279        SAN MIGUEL","EMERGENCIA MEDICA",AMB-168,,
2016-042394,11-07-2016,"05:15:10 a.m.","EX HUERTOS DE LURIN MZ N LT 6             LURIN","EMERGENCIA MEDICA",AMB-129,,
2016-042393,11-07-2016,"04:56:06 a.m.","  AV. GENERAL MANUEL DE MENDIBURU 1257       MIRAFLORES","EMERGENCIA MEDICA",AMB-100,-12.1099188289349,-77.0502020541474
2016-042392,11-07-2016,"03:39:32 a.m.","ENTRADA SAN BENITO - IMPERIAL             SAN VICENTE DE CANETE",INCENDIO,"M133-1, M49-1",,
2016-042391,11-07-2016,"03:23:06 a.m.","CARRETERAS - PANAMERICANAS PANAMERICANA NORTE 30            PUENTE PIEDRA","EMERGENCIA MEDICA",AMB-150,-11.8675103485633,-77.0724761672919
2016-042390,11-07-2016,"03:20:19 a.m.","  AV. INCA GARCILAZO DE LA VEGA (WILSON) 1790       LIMA","EMERGENCIA MEDICA",AMB-150,,
2016-042389,11-07-2016,"03:13:08 a.m.","  AV. TRIUNFADORES (PRINCIPAL) URB. SAN GENARO 000        CHORRILLOS","EMERGENCIA MEDICA",AMB6-2,-12.1926388707547,-77.0194115230035
2016-042388,11-07-2016,"02:51:02 a.m.","  PR. LA ALAMEDA DEL CORREGIDOR 3000       LA MOLINA",INCENDIO,M96-1,-12.107503645757,-76.9454601937257
2016-042387,11-07-2016,"02:22:51 a.m.","SUBIDA DE PARCONA            ","ACCIDENTE VEHICULAR",AMB-22,,
2016-042386,11-07-2016,"01:59:43 a.m.","COLEGUIO BOLOGNESI            MARCONA","EMERGENCIA MEDICA",MED-152,,
2016-042385,11-07-2016,"01:18:49 a.m.","  AV. OSCAR R. BENAVIDES (COLONIAL) 2534       BELLAVISTA","EMERGENCIA MEDICA",AMB-60,-12.0576935903585,-77.11720837426
2016-042384,11-07-2016,"01:13:19 a.m.","  CL. ALEJANDRO PERALTA (1) MAZ N LOTE 8 000        SURQUILLO","EMERGENCIA MEDICA",AMB-11,-12.1084360185993,-77.0131968688698
2016-042383,11-07-2016,"12:21:54 a.m.","  JR. HUIRACOCHA 1778       JESUS MARIA","EMERGENCIA MEDICA",AMB-14,-12.0801608068571,-77.0510130684355
2016-042382,11-07-2016,"12:10:15 a.m.","UV. SANTA MARINA NORTE BLOKC U DPTO 203            CALLAO","MATERIALES PELIGROSOS (INCIDENTE)","AMB-60, M5-1",-12.053888942236,-77.1287030100662
2016-042381,11-07-2016,"12:02:56 a.m.","ANDALUCIA 761        ","EMERGENCIA MEDICA",MED-202,,
