ID,FECHA,HORA,DIRECCION,TIPO,UNIDADES,"CORDENADAS (lat)","CORDENADAS (lng)"
2016-007559,02-02-2016,"11:50:05 p.m.","  AV. ANGAMOS ESTE (PRIMAVERA) 1800       SANTIAGO DE SURCO","EMERGENCIA MEDICA",AMB-11,-12.1075353875336,-76.9689139386651
2016-007558,02-02-2016,"11:42:09 p.m.","  CL. PUQUINA CONDOMINIO LOS PRADOS MARANGA  100        SAN MIGUEL","EMERGENCIA MEDICA",AMB-7,-12.0811388689977,-77.0945945760119
2016-007557,02-02-2016,"11:36:58 p.m.","  CL. LAS PALMERAS 547        SANTA ANITA",RESCATE,RES-127,-12.0534505981334,-76.9820609625302
2016-007556,02-02-2016,"11:34:05 p.m.","  CL. LOS PETIRROJOS 153        SANTA ANITA","EMERGENCIA MEDICA",RES-127,-12.0471587892247,-76.9662780354269
2016-007555,02-02-2016,"11:29:35 p.m.","  PJ. PASEO DE LOS FRANCISCANOS CIUDA SATELITE  372        CALLAO","EMERGENCIA MEDICA",AMB-60,,
2016-007554,02-02-2016,"11:27:38 p.m.","IGLESIA SANTA LIBERATA             RIMAC","SERVICIO ESPECIAL",M21-1,,
2016-007553,02-02-2016,"11:27:27 p.m.","  AV. SUCRE (INDEPENDENCIA) 1035       MAGDALENA DEL MAR","EMERGENCIA MEDICA",AMB-100,-12.0889863675326,-77.0694130670215
2016-007552,02-02-2016,"11:26:04 p.m.","  AV. MARANGA 100        BELLAVISTA","EMERGENCIA MEDICA",MED-18,-12.0641992927895,-77.1333484047892
2016-007551,02-02-2016,"11:22:07 p.m.","AV. LOS INCAS (4) CRUCE CON AV. LA ALBORADA COMAS            COMAS","EMERGENCIA MEDICA",MED-18,-11.9134500506701,-77.0506936660324
2016-007550,02-02-2016,"11:22:02 p.m.","AV. TOMAS VALLE CRUCE CON AV. LOS DOMINICOS CALLAO            CALLAO","MATERIALES PELIGROSOS (INCIDENTE)",M9-5,-12.0133589873002,-77.0953341122726
2016-007549,02-02-2016,"11:17:28 p.m.","  JR. MIGUEL ALJOVIN 355        LIMA","EMERGENCIA MEDICA",SAMU-10,-12.057349197849,-77.0326629650262
2016-007548,02-02-2016,"11:13:30 p.m.","  AV. GABRIEL TORRES PAZ 500        SAN JUAN DE MIRAFLORES","EMERGENCIA MEDICA",SAMU-10,-12.1486863382147,-76.9738635978868
2016-007547,02-02-2016,"11:06:04 p.m.","  JR. EL ROSARIO 468        SAN JUAN DE LURIGANCHO","EMERGENCIA MEDICA",SAMU-121,-11.972566657779,-76.9947664647735
2016-007546,02-02-2016,"11:02:21 p.m.","  CL. SANDRO BOTTICELLI (C) MZ E LT 13 000        SANTIAGO DE SURCO","EMERGENCIA MEDICA",AMB134-2,-12.1620821820891,-76.9895737297474
2016-007545,02-02-2016,"10:53:55 p.m.","  JR. HUIRACOCHA 1612       JESUS MARIA","EMERGENCIA MEDICA",AMB-202,-12.0789555347468,-77.0499812182744
2016-007544,02-02-2016,"10:53:47 p.m.","COOP AZUCARERA ANDAHUASI SECTOR LT  16             SAYAN","MATERIALES PELIGROSOS (INCIDENTE)",M80-4,,
2016-007543,02-02-2016,"10:47:31 p.m.","  JR. TRUJILLO 800        RIMAC",INCENDIO,M21-1,-12.0364193293128,-77.0285309453545
2016-007542,02-02-2016,"10:42:58 p.m.","CLL INDEPENCIA 200        BARRANCO","EMERGENCIA MEDICA",AMB-16,,
2016-007541,02-02-2016,"10:39:47 p.m.","  JR. CORTEZ (VILCANOTA) 166        LIMA","EMERGENCIA MEDICA",AMB-14,-12.0627629853741,-77.0412946946045
2016-007540,02-02-2016,"10:38:38 p.m.","AV. AVIACION CRUCE CON AV. 28 DE JULIO LA VICTORIA            LA VICTORIA","ACCIDENTE VEHICULAR","AMB-8, M8-1, RES-8",-12.0611438637611,-77.0130556157774
2016-007539,02-02-2016,"10:36:16 p.m.",,"EMERGENCIA MEDICA",AMB-28,-12.1233972087132,-77.0024494399325
2016-007538,02-02-2016,"10:36:11 p.m.","PR. LA ALAMEDA DEL CORREGIDOR CRUCE CON AV. CASTILLA NUEVA (2) LA MOLINA            LA MOLINA","EMERGENCIA MEDICA",MED-96,-12.1080179958563,-76.9446893443258
2016-007537,02-02-2016,"10:35:11 p.m.","  AV. SANTIAGO ANTUNEZ DE MAYOLO 1100       LOS OLIVOS","EMERGENCIA MEDICA",SAMU-168,-11.9948687905285,-77.0764599161479
2016-007536,02-02-2016,"10:30:45 p.m.","AV FANNY            LA PUNTA","EMERGENCIA MEDICA",MED-34,,
2016-007535,02-02-2016,"10:30:23 p.m.","MDO PRODUCTORES             SANTA ANITA","EMERGENCIA MEDICA","AMB-169, M169-1",,
2016-007534,02-02-2016,"10:21:41 p.m.","AV. MARCO POLO CRUCE CON JR. LORETO CALLAO            CALLAO","EMERGENCIA MEDICA",AMB-1,-12.0652920430879,-77.1422124625511
2016-007533,02-02-2016,"10:18:48 p.m.","  CL. JAVIER HERAUD (9) 251        MIRAFLORES","EMERGENCIA MEDICA",AMB-11,-12.1235141794192,-77.0053607705731
2016-007532,02-02-2016,"10:17:57 p.m.","  JR. DOMINGO PONTE 1171       MAGDALENA DEL MAR","EMERGENCIA MEDICA",AMB-36,-12.0915791050977,-77.0619671835839
2016-007531,02-02-2016,"10:14:04 p.m.","  AV. SAN MARTIN (GUILLERMO DANSEY) 1100       LIMA",INCENDIO,M3-1,-12.0460811141296,-77.0540136958898
2016-007530,02-02-2016,"10:00:02 p.m.","AV. LOS CHANCAS DE ANDAHUAYLAS (B) CRUCE CON AV. CULTURA WARI SANTA ANITA            SANTA ANITA","ACCIDENTE VEHICULAR","AMB-2, M138-1, M169-1",-12.0405027630193,-76.9711765977908
2016-007529,02-02-2016,"09:52:48 p.m.","  PJ. VALLEJO MZ N LT 9 SAN GABRIEL 000        COMAS","MATERIALES PELIGROSOS (INCIDENTE)",CIST124-4,-11.9592831632899,-77.0357655705071
2016-007528,02-02-2016,"09:52:02 p.m.","  JR. TARATA 805        LA PERLA","EMERGENCIA MEDICA",CIST124-4,-12.0716787321848,-77.1243835965637
2016-007527,02-02-2016,"09:45:41 p.m.",,"EMERGENCIA MEDICA",AMB-14,,
2016-007526,02-02-2016,"09:39:57 p.m.","  CA. CENTRAL (LAS ALONDRAS) 200        SANTA ANITA","EMERGENCIA MEDICA",AMB-169,-12.0539728048118,-76.9631450591983
2016-007525,02-02-2016,"09:36:23 p.m.","PLAZA CENTENARIO             HUARAL","EMERGENCIA MEDICA",AMB-44,,
2016-007524,02-02-2016,"09:36:19 p.m.","  AV. REPUBLICA ARGENTINA 5154       CALLAO","EMERGENCIA MEDICA",AMB-60,-12.0480731770816,-77.0933098236184
2016-007523,02-02-2016,"09:32:34 p.m.","  AV. SANTA ANITA 622        CHORRILLOS","EMERGENCIA MEDICA",AMB-16,-12.191630982334,-77.0149788541238
2016-007522,02-02-2016,"09:30:45 p.m.","  AV. CESAR VALLEJO 1370       VILLA EL SALVADOR","MATERIALES PELIGROSOS (INCIDENTE)","AMB-155, M106-1",-12.2171647815082,-76.9436895285063
2016-007521,02-02-2016,"09:27:22 p.m.","PSJE LA MARINA 134-A             HUACHO","EMERGENCIA MEDICA",AMB-20,,
2016-007520,02-02-2016,"09:13:34 p.m.","  AV. GRAN CHIMU 805        SAN JUAN DE LURIGANCHO","EMERGENCIA MEDICA",SAMU-121,,
2016-007519,02-02-2016,"09:02:41 p.m.","CL. LAS PALMERAS CRUCE CON AV. JAVIER PRADO OESTE SAN ISIDRO            SAN ISIDRO","EMERGENCIA MEDICA",AMB-202,-12.0929555854396,-77.0386437254536
2016-007518,02-02-2016,"08:55:58 p.m.","  AV. JOSE CARLOS MARIATEGUI 1700       VILLA MARIA DEL TRIUNFO",INCENDIO,"M106-1, M120-1, RES-134, SAMU-120",-12.1480200018464,-76.9506578836566
2016-007517,02-02-2016,"08:38:03 p.m.","UV. SANTA MARINA NORTE             CALLAO","EMERGENCIA MEDICA",AMB-7,-12.053888942236,-77.1287030100662
2016-007516,02-02-2016,"08:37:55 p.m.","  JR. CUZCO 1160       LIMA","EMERGENCIA MEDICA",AMB-2,-12.0543108048943,-77.0202556215282
2016-007515,02-02-2016,"08:17:17 p.m.","  AV. LIMA 3637       SAN MARTIN DE PORRES","EMERGENCIA MEDICA",AMB-60,-12.0286253528429,-77.0864791253795
2016-007514,02-02-2016,"08:15:12 p.m.","OJO   DE   AJA              NAZCA",INCENDIO,"CIST82-4, M82-3",,
2016-007513,02-02-2016,"08:12:59 p.m.","  AV. GENERAL CESAR CANEVARO 800        LINCE","EMERGENCIA MEDICA",MED-202,-12.0845570618525,-77.0421921168079
2016-007512,02-02-2016,"08:11:44 p.m.","  CL. BURGOS 500        SAN ISIDRO","EMERGENCIA MEDICA",AMB-202,-12.0896692314173,-77.0508140997331
2016-007511,02-02-2016,"08:10:25 p.m.","  JR. LOS CEDROS 166        INDEPENDENCIA","EMERGENCIA MEDICA",AMB-65,-12.0072896933003,-77.0526923533117
2016-007510,02-02-2016,"08:10:23 p.m.","AV. ALFREDO PALACIOS CRUCE CON AV. CENTRAL (9) CALLAO            CALLAO","MATERIALES PELIGROSOS (INCIDENTE)","M5-1, MED-18",-12.055543587183,-77.1218956900448
2016-007509,02-02-2016,"08:07:42 p.m.","  AV. ALFREDO BENAVIDES 1200       MIRAFLORES","EMERGENCIA MEDICA",AMB-28,-12.126138207115,-77.0195689809913
2016-007508,02-02-2016,"07:59:59 p.m.","PANAMERICANA  SUR  ALT.  SAN LUIS              ","ACCIDENTE VEHICULAR",AMB-28,,
2016-007507,02-02-2016,"07:58:41 p.m.","PANAMERICANA SUR  ZONA SAN LUIS             SAN VICENTE DE CANETE","EMERGENCIA MEDICA","AMB-183, RES-49",,
2016-007506,02-02-2016,"07:53:44 p.m.","JR. AUGUSTO WIESE (CARABAYA) CRUCE CON JR. ANTONIO MIROQUESADA LIMA            LIMA","EMERGENCIA MEDICA",SAMU-2,-12.0486512087528,-77.0317179729919
2016-007505,02-02-2016,"07:50:41 p.m.","AV. BOLOGNESI 199        LA PUNTA","EMERGENCIA MEDICA",MED-34,,
2016-007504,02-02-2016,"07:45:59 p.m.","  AV. OSCAR BENAVIDES (COLONIAL) 500        LIMA","EMERGENCIA MEDICA",SAMU-10,-12.0468832942399,-77.0487033335934
2016-007503,02-02-2016,"07:42:26 p.m.","  CL. MAR DEL CARIBE 252        LA PERLA","EMERGENCIA MEDICA",AMB-7,-12.0694408810352,-77.1143582743783
2016-007502,02-02-2016,"07:40:03 p.m.","AV. UNIVERSITARIA NORTE CRUCE CON AV. SANTIAGO ANTUNEZ DE MAYOLO LOS OLIVOS            LOS OLIVOS",INCENDIO,M161-1,-11.996302482394,-77.0847221380775
2016-007501,02-02-2016,"07:39:31 p.m.","  JR. MANUEL RAIGADA (LAZARETO TIRADO) 1240       CALLAO","EMERGENCIA MEDICA",MED-18,-12.0584603786985,-77.1331352309406
2016-007500,02-02-2016,"07:30:53 p.m.","CARRETERAS - PANAMERICANAS PANAMERICANA SUR 26.5            LURIN","EMERGENCIA MEDICA",AMB-129,-12.2566660186003,-76.9207605402587
2016-007499,02-02-2016,"07:27:40 p.m.","  JR. VISTA ALEGRE (A) (10) UR SAGITARIO   000        SANTIAGO DE SURCO","EMERGENCIA MEDICA","AMB-11, AMB-28",-12.1640059152922,-76.9945412739075
2016-007498,02-02-2016,"07:22:10 p.m.","  CL. MANUEL MONCLOA Y COBARRUBIAS 2628       LIMA","EMERGENCIA MEDICA",AMB-14,-12.0575669859598,-77.0774095850649
2016-007497,02-02-2016,"07:15:33 p.m.","JR. PROLONGACION PAZOS CRUCE CON AV. MALAMBITO (MANUEL DE LA FUENTE CHAVEZ) BARRANCO            BARRANCO","ACCIDENTE VEHICULAR",AMB-14,,
2016-007496,02-02-2016,"07:15:27 p.m.","JR. PROLONGACION PAZOS CRUCE CON AV. MALAMBITO (MANUEL DE LA FUENTE CHAVEZ) BARRANCO            ","ACCIDENTE VEHICULAR","AMB-16, M13-1, M6-1",-12.1500912450966,-77.0171713708057
2016-007495,02-02-2016,"07:15:12 p.m.","  CL. HERMILIO VALDIZAN 425        JESUS MARIA","EMERGENCIA MEDICA",AMB-202,-12.0804856834709,-77.0531766808883
2016-007494,02-02-2016,"07:09:05 p.m.",,"EMERGENCIA MEDICA",AMB-11,-12.1428942530833,-76.9934575085093
2016-007493,02-02-2016,"07:09:04 p.m.","AV.   LA  MARISCALA                VILLA MARIA DEL TRIUNFO","EMERGENCIA MEDICA",AMB-106,,
2016-007492,02-02-2016,"07:08:59 p.m.","  AV. MIGUEL GRAU (BUENOS AIRES) 562        CALLAO","EMERGENCIA MEDICA","M7-1, MED-34",-12.0641560645366,-77.1445786469924
2016-007491,02-02-2016,"07:08:55 p.m.","  CL. MONTE ABETO (1) 431        SANTIAGO DE SURCO","EMERGENCIA MEDICA","M7-1, MED-34",-12.1400629277929,-76.9817148069956
2016-007490,02-02-2016,"07:07:22 p.m.","  CL. MONTE ABETO (1) 431        SANTIAGO DE SURCO","EMERGENCIA MEDICA",AMB134-2,-12.1400629277929,-76.9817148069956
2016-007489,02-02-2016,"07:01:34 p.m.","  JR. QUILCA 236        LIMA","EMERGENCIA MEDICA",SAMU-10,-12.051216699583,-77.0371833924297
2016-007488,02-02-2016,"06:57:23 p.m.","  CL. ARGES   SAN ROQUE  133        SANTIAGO DE SURCO","EMERGENCIA MEDICA",AMB134-2,-12.1472469259032,-76.9912424084359
2016-007487,02-02-2016,"06:53:59 p.m.","CL. JOAQUIN TORRICO CRUCE CON CL. JUAN GABRIEL CHARIARSE SAN JUAN DE MIRAFLORES            SAN JUAN DE MIRAFLORES","EMERGENCIA MEDICA",SAMU-120,-12.1540628001189,-76.9749265462061
2016-007486,02-02-2016,"06:48:22 p.m.","  JR. GRANADA 368        PUEBLO LIBRE","EMERGENCIA MEDICA",AMB-36,-12.0690010219203,-77.0644157817624
2016-007485,02-02-2016,"06:46:33 p.m.","  PR. CAMINO REAL 700        SANTIAGO DE SURCO","EMERGENCIA MEDICA",AMB-16,,
2016-007484,02-02-2016,"06:44:07 p.m.","  JR. PRESBITERO GARCIA VILLON 254        LIMA","EMERGENCIA MEDICA",AMB-14,-12.0413504306086,-77.0498647503282
2016-007483,02-02-2016,"06:43:51 p.m.","PANAMERICANA NORTE  KM  57   NORTE A SUR             ANCON","ACCIDENTE VEHICULAR",AMB-163,,
2016-007482,02-02-2016,"06:37:45 p.m.","  CL. PEDRO DURAND 149        RIMAC","EMERGENCIA MEDICA","M14-1, SAMU-2",-12.0215339518507,-77.0307114863296
2016-007481,02-02-2016,"06:37:12 p.m.","  CL. LOS ALGARROBOS   URB.   FIORI   581        SAN MARTIN DE PORRES","EMERGENCIA MEDICA","M14-1, SAMU-2",-12.0141084972572,-77.0582163458502
2016-007480,02-02-2016,"06:26:09 p.m.","  JR. LA PAZ 257        CALLAO","EMERGENCIA MEDICA",AMB-60,-12.0585301540257,-77.1337579031067
2016-007479,02-02-2016,"06:24:30 p.m.","PANAMERICANA NORTE KM. 84             ","EMERGENCIA MEDICA",AMB-80,,
2016-007478,02-02-2016,"06:17:52 p.m.","CL. INDEPENDENCIA (SEBASTIAN SALINAS COSSIO) CRUCE CON CL. JOSE ANTONIO SARRIO (AYACUCHO) MIRAFLORES            MIRAFLORES","ACCIDENTE VEHICULAR","AMB-11, M100-1, M28-1",-12.1116628317189,-77.0323635523315
2016-007477,02-02-2016,"06:08:36 p.m.","  CL. LOS ZORZALES 160        SAN ISIDRO",RESCATE,M11-1,-12.100080245418,-77.0187211722265
2016-007476,02-02-2016,"06:07:39 p.m.","  JR. JORGE LUIS MENDIVIL (ICA) (10)  URB.   CANTO   DE  SOL   178        SAN JUAN DE LURIGANCHO","EMERGENCIA MEDICA",AMB-121,-11.9730679231472,-77.0094965861868
2016-007475,02-02-2016,"06:03:24 p.m.","  CL. MONITOR HUASCAR NORTE 552        RIMAC","EMERGENCIA MEDICA",SAMU-2,-12.0248001623748,-77.0370096287947
2016-007474,02-02-2016,"06:03:22 p.m.","COMISARIA DE PACHACAMAC            PACHACAMAC","EMERGENCIA MEDICA",AMB-160,,
2016-007473,02-02-2016,"05:34:21 p.m.","  PQ. AYACUCHO 176        CALLAO","EMERGENCIA MEDICA",MED-34,-12.0638195105543,-77.1369196030834
2016-007472,02-02-2016,"05:30:10 p.m.",,"EMERGENCIA MEDICA",AMB-14,-12.0621421073511,-77.0545692119501
2016-007471,02-02-2016,"05:24:31 p.m.","  CL. MAESTRO LEONARDO BARBIERI 108        SAN BORJA","EMERGENCIA MEDICA",AMB134-2,-12.1056142677839,-76.9969960652211
2016-007470,02-02-2016,"05:18:39 p.m.","CALLE   1  URB. CORPAC  050        SAN ISIDRO","EMERGENCIA MEDICA",AMB-202,-12.1069689984703,-77.0118042581932
2016-007469,02-02-2016,"05:17:06 p.m.","  CL. LA PAMPILLA 155        SANTIAGO DE SURCO","EMERGENCIA MEDICA",AMB-11,-12.1172084812609,-76.9904208606338
2016-007468,02-02-2016,"05:11:43 p.m.","AH. LAS MALVINAS C  LT  3             SANTA ANITA","EMERGENCIA MEDICA",SAMU-176,-12.047904132038,-76.9866996991984
2016-007467,02-02-2016,"05:04:14 p.m.","  JR. PUQUIO 236        COMAS","EMERGENCIA MEDICA",AMB124-2,-11.9596318311367,-77.0480878679503
2016-007466,02-02-2016,"04:59:53 p.m.","  JR. CUSCO 562        CALLAO","EMERGENCIA MEDICA",MED-34,-12.0558195665743,-77.1371819249543
2016-007465,02-02-2016,"04:57:11 p.m.","AV. FELIPE SANTIAGO SALAVERRY CRUCE CON AV. FAUSTINO SANCHEZ CARRION (PERSHING) SAN ISIDRO            SAN ISIDRO","EMERGENCIA MEDICA",AMB-202,-12.0931009649135,-77.0533919570307
2016-007464,02-02-2016,"04:55:41 p.m.","MICAELA  BASTIDAS  ACOMAYO                ICA",RESCATE,M22-1,,
2016-007463,02-02-2016,"04:45:34 p.m.","PANAMERICANA NORTE  ALT OVALO            HUACHO","EMERGENCIA MEDICA",M22-1,,
2016-007462,02-02-2016,"04:38:36 p.m.","  AV. AREQUIPA 4334       MIRAFLORES",RESCATE,M28-1,,
2016-007461,02-02-2016,"04:24:29 p.m.","AV. GUILLERMO DE LA FUENTE CRUCE CON AV. GUILLERMO DE LA FUENTE COMAS            COMAS","EMERGENCIA MEDICA",AMB124-2,-11.9423637674658,-77.0600686452487
2016-007460,02-02-2016,"04:19:33 p.m.","  CL. HIPOLITO UNANUE 109        CALLAO","EMERGENCIA MEDICA",AMB-60,-12.0519673469609,-77.0930112933012
2016-007459,02-02-2016,"04:15:47 p.m.","UR. CANTO REY   MZ  I  LT  5             SAN JUAN DE LURIGANCHO","EMERGENCIA MEDICA",SAMU-121,-11.9797189834021,-77.0028951783654
2016-007458,02-02-2016,"04:13:54 p.m.","PASAJE MONROI  326        NAZCA","EMERGENCIA MEDICA",AMB-82,,
2016-007457,02-02-2016,"04:01:29 p.m.","  AV. MIGUEL GRAU (BUENOS AIRES) 346        CALLAO","EMERGENCIA MEDICA",MED-34,-12.0647086833903,-77.1472341271157
2016-007456,02-02-2016,"03:59:44 p.m.","URB   PALOMINO  BLOCK  6  DPT  210            LIMA","EMERGENCIA MEDICA",AMB-65,,
2016-007455,02-02-2016,"03:41:36 p.m.","  AV. JOSE GALVEZ  SAN JUDAS  TADEO   236        CALLAO","EMERGENCIA MEDICA",AMB-7,,
2016-007454,02-02-2016,"03:34:46 p.m.","CARRETERAS - PANAMERICANAS ANTIGUA PANAMERICANA SUR 30            LURIN",INCENDIO,"AMB-160, M129-1",-12.2594035767086,-76.8855902232871
2016-007453,02-02-2016,"03:30:03 p.m.","  AV. ELMER FAUCETT 567        SAN MIGUEL","EMERGENCIA MEDICA",AMB-7,-12.0646156869751,-77.0973848691303
2016-007452,02-02-2016,"03:27:54 p.m.","AV. EL SOL CRUCE CON CL. GENERAL MURILLO CHORRILLOS            CHORRILLOS","ACCIDENTE VEHICULAR","M120-1, M6-1, SAMU-120",-12.1799899684377,-76.9942914543638
2016-007451,02-02-2016,"03:23:00 p.m.","PANAMERICANA SUR  KM 197            CHINCHA ALTA","EMERGENCIA MEDICA",MED-38,,
2016-007450,02-02-2016,"03:19:51 p.m.","  AV. ELMER FAUCETT 567        SAN MIGUEL","EMERGENCIA MEDICA",AMB-60,-12.0646156869751,-77.0973848691303
2016-007449,02-02-2016,"03:18:07 p.m.","  CL. PACASMAYO 383        VILLA MARIA DEL TRIUNFO","EMERGENCIA MEDICA",SAMU-106,-12.1599583265835,-76.9423025557677
2016-007448,02-02-2016,"03:07:21 p.m.","CARRETERAS - PANAMERICANAS ANTIGUA PANAMERICANA SUR 38.5            LURIN","EMERGENCIA MEDICA",AMB-160,-12.2893651270335,-76.8582804258034
2016-007447,02-02-2016,"02:52:56 p.m.","  AV. CARLOS IZAGUIRRE 300        INDEPENDENCIA","EMERGENCIA MEDICA",AMB-65,-11.9900697330254,-77.0633785926954
2016-007446,02-02-2016,"02:52:50 p.m.","  AV. TOMAS VALLE 000        INDEPENDENCIA","EMERGENCIA MEDICA",SAMU-168,-12.0082292418046,-77.0599400683865
2016-007445,02-02-2016,"02:52:24 p.m.","  AV. REPUBLICA ARGENTINA 2495       CALLAO","EMERGENCIA MEDICA",MED-34,-12.0502187544626,-77.1177234309234
2016-007444,02-02-2016,"02:47:19 p.m.","  JR. BATALLA DE JUNIN (ANIBAL MAURTUA) 200        BARRANCO",INCENDIO,M16-1,-12.1477448588145,-77.0232365282582
2016-007443,02-02-2016,"02:44:13 p.m.","CALLE  YAHUARHUACA            NAZCA","EMERGENCIA MEDICA",MED-200,,
2016-007442,02-02-2016,"02:40:26 p.m.","COLLASUYO 237        SAN MIGUEL","SERVICIO ESPECIAL",RES-83,,
2016-007441,02-02-2016,"02:39:15 p.m.","AV. PACASMAYO CRUCE CON AV. LIMA SAN MARTIN DE PORRES            SAN MARTIN DE PORRES","EMERGENCIA MEDICA",AMB-60,-12.0291400767758,-77.0787955762539
2016-007440,02-02-2016,"02:22:18 p.m.","UR. CONFECCIONES MILITARES G            BELLAVISTA","EMERGENCIA MEDICA",AMB-7,-12.0616671812305,-77.1124725115574
2016-007439,02-02-2016,"02:11:36 p.m.","  JR. INDEPENDENCIA (PEDRO SOLARI) 116        BARRANCO","EMERGENCIA MEDICA",AMB134-2,-12.1565013007215,-77.023561054456
2016-007438,02-02-2016,"02:05:25 p.m.","  JR. TACNA SUR (ARICA)   MZ.  D   LOTE  15   SAN  JUDAS  TADEO   SECTOR 1  000        CALLAO","EMERGENCIA MEDICA","AMB-7, MED-34",-12.0683530535287,-77.1342639613251
2016-007437,02-02-2016,"02:04:48 p.m.","  JR. LUIS M. SANCHEZ CERRO (MENDIBURO) 2100       JESUS MARIA","EMERGENCIA MEDICA",SAMU-4,-12.0833213482333,-77.0488251266188
2016-007436,02-02-2016,"01:56:52 p.m.","  CL. MARISCAL ANTONIO JOSE DE SUCRE 652        SAN MIGUEL","EMERGENCIA MEDICA",SAMU-83,-12.0870062372953,-77.0768700611665
2016-007435,02-02-2016,"01:48:07 p.m.","AV. JOSE CARLOS MARIATEGUI CRUCE CON AV. ANDRES AVELINO CACERES (A) ATE - VITARTE            ATE","ACCIDENTE VEHICULAR","M169-1, M8-1, MED-96, RES-127",-12.0153538285361,-76.8189796209125
2016-007434,02-02-2016,"01:47:44 p.m.","  AV. PEDRO DE OSMA 000        BARRANCO","ACCIDENTE VEHICULAR","AMB-16, M13-1, M6-1",-12.1557992564297,-77.022794982037
2016-007433,02-02-2016,"01:46:34 p.m.","AV. LOS CEDROS  100        CHACLACAYO","EMERGENCIA MEDICA",AMB-115,,
2016-007432,02-02-2016,"01:43:37 p.m.","TURISMO CENTRO DE ATRACCION TURISTICA PLAZA SAN MARTIN            LIMA","EMERGENCIA MEDICA",SAMU-14,-12.0517014301553,-77.034613306135
2016-007431,02-02-2016,"01:39:49 p.m.","  AV. LA MOLINA 740        ","EMERGENCIA MEDICA",AMB-169,-12.0661699881319,-76.9591380417395
2016-007430,02-02-2016,"01:33:04 p.m.","CARRETERAS - PANAMERICANAS PANAMERICANA NORTE 25.53            PUENTE PIEDRA","EMERGENCIA MEDICA",SAMU-150,-11.9045084239631,-77.0683890084459
2016-007429,02-02-2016,"01:32:57 p.m.","  AV. ALBERTO DEL CAMPO (LIZARDO MONTERO) 1000       SAN ISIDRO","EMERGENCIA MEDICA",SAMU-150,-12.0963567339501,-77.05917684115
2016-007428,02-02-2016,"01:32:44 p.m.","  AV. AURELIO MIROQUESADA (EL GOLF) 1100       SAN ISIDRO","EMERGENCIA MEDICA",AMB-202,-12.0990685049074,-77.0532813994911
2016-007427,02-02-2016,"01:29:02 p.m.","  CL. LOS CLAVELES 163        INDEPENDENCIA","EMERGENCIA MEDICA",SAMU-168,-11.9822094029269,-77.0396699279423
2016-007426,02-02-2016,"01:26:52 p.m.","  PR. MARIA REICHE 000        VILLA EL SALVADOR",INCENDIO,M106-1,-12.247243894062,-76.9263288829442
2016-007425,02-02-2016,"01:26:26 p.m.","  CL. LAS TIPAS 215        BELLAVISTA","EMERGENCIA MEDICA",AMB-60,-12.0591475096335,-77.1012552146737
2016-007424,02-02-2016,"01:22:25 p.m.","  JR. ADOLFO KING 156        CALLAO","EMERGENCIA MEDICA",AMB-60,-12.0613045810812,-77.1473985497818
2016-007423,02-02-2016,"01:22:10 p.m.",,"EMERGENCIA MEDICA",MED-34,-12.0615729602235,-77.1463295285857
2016-007422,02-02-2016,"01:21:24 p.m.","  PJ. FLOR DE AMANCAES MZ 1C LT 1  000        RIMAC","EMERGENCIA MEDICA",SAMU-10,-12.0081602735539,-77.0365232295193
2016-007421,02-02-2016,"01:15:49 p.m.","CL EL CARMEN NT E  1561       PUEBLO LIBRE","EMERGENCIA MEDICA",SAMU-10,-12.0710612192328,-77.068698424515
2016-007420,02-02-2016,"01:11:49 p.m.","  CL. VICTOR PANTOJA TRINIDAD (GENERAL ARTIGAS) (RODRIGO DE TRIANA)  INT  E 1561       PUEBLO LIBRE","EMERGENCIA MEDICA",AMB-36,-12.0735703488697,-77.069597761775
2016-007419,02-02-2016,"01:10:27 p.m.","  CL. TOMAS ALVAREZ 3750       SAN MARTIN DE PORRES","EMERGENCIA MEDICA",AMB-65,-12.0193554765823,-77.0860198445855
2016-007418,02-02-2016,"01:09:50 p.m.","CA. LIMA S/N            NAZCA","EMERGENCIA MEDICA",AMB-82,,
2016-007417,02-02-2016,"01:08:16 p.m.","PJ. SANTA ROSA (TOLOMEO) CRUCE CON AV. GUARDIA CIVIL (ANTONIO VARGAS) (CONDORES) CHORRILLOS            CHORRILLOS","EMERGENCIA MEDICA",AMB-120,-12.1835867979067,-77.0001354967587
2016-007416,02-02-2016,"12:47:53 p.m.","AS. HIJOS DE VENTANILLA C1            VENTANILLA","MATERIALES PELIGROSOS (INCIDENTE)","AMB-207, M75-1",-11.8742301532238,-77.1125852965273
2016-007415,02-02-2016,"12:46:10 p.m.","FUNDO LOS PABEDONES            NAZCA",INCENDIO,CIST82-4,,
2016-007414,02-02-2016,"12:31:16 p.m.","COMERCIAL MEGA MERCADO HUAMANTANGA            PUENTE PIEDRA","EMERGENCIA MEDICA",SAMU-150,-11.8642452176278,-77.0745340148151
2016-007413,02-02-2016,"12:26:58 p.m.","  AV. JULIO CALERO (ARGENTINA) 258        CHORRILLOS","EMERGENCIA MEDICA",AMB-16,-12.1706114721332,-77.0253983179221
2016-007412,02-02-2016,"12:19:36 p.m.","  JR. NICOLAS DE PIEROLA (BELEN) 765        SAN MARTIN DE PORRES","EMERGENCIA MEDICA",AMB-65,-12.0341635117855,-77.0753146958168
2016-007411,02-02-2016,"12:19:19 p.m.","  PJ. MARIANO MELGAR 354        COMAS","EMERGENCIA MEDICA","AMB-202, RESLIG-100",-12.1103525820286,-77.0493193623445
2016-007410,02-02-2016,"12:17:00 p.m.","AV. LOS ANGELES (1) CRUCE CON AV. UNIVERSITARIA COMAS            COMAS","EMERGENCIA MEDICA","AMB-202, RESLIG-100",-11.9401768205236,-77.0595636366775
2016-007409,02-02-2016,"12:10:45 p.m.",,"EMERGENCIA MEDICA",AMB-14,-12.0579783747991,-77.0430775863353
2016-007408,02-02-2016,"12:10:21 p.m.","PRIMER ESTACIONAMIENTO DE COSTA VERDE            SAN MIGUEL","EMERGENCIA MEDICA",SAMU-83,,
2016-007407,02-02-2016,"12:07:21 p.m.","  AV. 28 DE JULIO (INDIO CAICEDO) 206        BARRANCO","MATERIALES PELIGROSOS (INCIDENTE)","AMB-16, M13-1",-12.1509826184031,-77.0216527726896
2016-007406,02-02-2016,"12:01:55 p.m.","AH SAN JOSE            CHILCA",INCENDIO,M133-1,,
2016-007405,02-02-2016,"11:57:16 a.m.","  CL. DANIEL CRUZ (B) (2) 185        SURQUILLO","EMERGENCIA MEDICA",AMB-11,-12.1130782653472,-77.0027020440871
2016-007404,02-02-2016,"11:55:54 a.m.","JR. CUZCO CRUCE CON AV. ABANCAY LIMA            LIMA","EMERGENCIA MEDICA",SAMU-2,-12.0517603127203,-77.0288669362083
2016-007403,02-02-2016,"11:49:32 a.m.","AV. TURQUESA            ","ACCIDENTE VEHICULAR",MED-152,,
2016-007402,02-02-2016,"11:48:11 a.m.","  AV. LOS PROCERES DE LA INDEPENDENCIA (CANTO GRANDE) 2070       SAN JUAN DE LURIGANCHO","EMERGENCIA MEDICA",SAMU-121,-11.9994076492224,-77.0087864576851
2016-007401,02-02-2016,"11:36:24 a.m.","  AV. MANCO CAPAC 192        LA VICTORIA","EMERGENCIA MEDICA",SAMU-10,-12.060223836544,-77.0295941068465
2016-007400,02-02-2016,"11:33:35 a.m.","  AV. LOS EUCALIPTOS SANTA GENOVEVA MZ LTE 1B 000        LURIN","EMERGENCIA MEDICA",AMB-129,,
2016-007399,02-02-2016,"11:32:00 a.m.","  JR. GENERAL PRUDAN 187        LIMA","EMERGENCIA MEDICA",AMB-60,-12.0362521868572,-77.0702504617794
2016-007398,02-02-2016,"11:24:10 a.m.","  CL. ARTURO SUAREZ 294        SAN JUAN DE MIRAFLORES","EMERGENCIA MEDICA",AMB-120,-12.1669950475033,-76.9772884968387
2016-007397,02-02-2016,"11:22:33 a.m.","  PJ. EL CARMEN 100        VILLA MARIA DEL TRIUNFO","EMERGENCIA MEDICA",SAMU-106,-12.1709959785869,-76.9453915732063
2016-007396,02-02-2016,"11:12:18 a.m.","CL. BARCELONA CRUCE CON AV. GUILLERMO PRESCOTT SAN ISIDRO            SAN ISIDRO","EMERGENCIA MEDICA",MED-202,-12.0915639584098,-77.0476932827074
2016-007395,02-02-2016,"11:02:58 a.m.",,"EMERGENCIA MEDICA",AMB-202,-12.0801781875894,-77.0657663884158
2016-007394,02-02-2016,"11:00:40 a.m.","  JR. MILLET DPTO 201  230        SAN BORJA","EMERGENCIA MEDICA",AMB-11,-12.0910368262426,-76.9908250705783
2016-007393,02-02-2016,"10:58:53 a.m.","  JR. EUGENIO PAREDES 2326       LIMA",RESCATE,"AMB-14, M36-1",-12.0511135982344,-77.0721933610717
2016-007392,02-02-2016,"10:45:51 a.m.","JR. JUNIN CRUCE CON JR. ANDAHUAYLAS LIMA            LIMA","EMERGENCIA MEDICA",SAMU-2,-12.0489221149139,-77.0247264749096
2016-007391,02-02-2016,"10:43:18 a.m.","  PJ. 5 191        LURIGANCHO","EMERGENCIA MEDICA",AMB-32,-11.9302881355288,-76.6913761804843
2016-007390,02-02-2016,"10:39:53 a.m.","VIDENA              SAN LUIS","SERVICIO ESPECIAL",AMB-8,,
2016-007389,02-02-2016,"10:39:39 a.m.","AV. JOSE DE LA RIVA AGUERO CRUCE CON AV. VENEZUELA SAN MIGUEL            SAN MIGUEL","EMERGENCIA MEDICA",SAMU-83,-12.0610252966817,-77.0828606152551
2016-007388,02-02-2016,"10:36:12 a.m.","  CL. RIO CHIRA 133        ATE","MATERIALES PELIGROSOS (INCIDENTE)","M127-1, SAMU-127",-12.072670509121,-76.9863829793264
2016-007387,02-02-2016,"10:26:30 a.m.","  CL. LEO DELIBES 146        SAN BORJA","EMERGENCIA MEDICA",AMB-11,-12.1028443027789,-76.9996920775662
2016-007386,02-02-2016,"10:16:15 a.m.","VIA EXPRESA ALT PTE MEJICO 000        LA VICTORIA","ACCIDENTE VEHICULAR","M202-1, MATPEL-4, SAMU-4",-12.0768823395411,-77.0284756088788
2016-007385,02-02-2016,"10:15:25 a.m.","  JR. MOQUEGUA (MALAMBITO) 600        LIMA","EMERGENCIA MEDICA",SAMU-10,-12.0464832879837,-77.0395365879567
2016-007384,02-02-2016,"10:14:51 a.m.","AV. PASEO DE LA REPUBLICA (REPUBLICA DE PANAMA) CRUCE CON AV. MEJICO LA VICTORIA            LA VICTORIA","ACCIDENTE VEHICULAR",SAMU-10,,
2016-007383,02-02-2016,"10:08:19 a.m.","  AV. ANGELICA GAMARRA 700        LOS OLIVOS","EMERGENCIA MEDICA",SAMU-21,-12.0055013453447,-77.0698319723555
2016-007382,02-02-2016,"10:07:46 a.m.","  CL. JOSE DOMINGO CHOQUEHUANCA 239        MIRAFLORES",INCENDIO,"M100-1, M28-1",-12.1106284007012,-77.0502255322841
2016-007381,02-02-2016,"09:59:13 a.m.",,"EMERGENCIA MEDICA",AMB-16,-12.1410942141209,-76.9998094371108
2016-007380,02-02-2016,"09:59:06 a.m.","  CL. ALFA 100        ATE",INCENDIO,"M106-3, M169-1, M176-1",-12.0372013121795,-76.9322105878407
2016-007379,02-02-2016,"09:53:58 a.m.","  AV. JAVIER PRADO ESTE 3800       SAN BORJA","ACCIDENTE VEHICULAR","AMB-202, M11-1, M127-1",-12.0872805698864,-76.9829088165885
2016-007378,02-02-2016,"09:44:11 a.m.","  AV. SUCRE 400        PUEBLO LIBRE","EMERGENCIA MEDICA",SAMU-83,-12.0752625009896,-77.0634296234548
2016-007377,02-02-2016,"09:28:45 a.m.","  CL. LOS ROBLES 475        CHACLACAYO","EMERGENCIA MEDICA",AMB-32,-11.9772527813109,-76.7710470229965
2016-007376,02-02-2016,"09:28:02 a.m.","  PJ. MADRE DE DIOS MZ H LTE 2 URB SAN JUAN MASIAS  200        CALLAO","EMERGENCIA MEDICA",AMB-60,-11.9971494225607,-77.1192035772867
2016-007375,02-02-2016,"09:24:07 a.m.","  JR. AUGUSTO WIESE (CARABAYA) 1159       LIMA",RESCATE,RES-8,-12.0549071545832,-77.0355678137416
2016-007374,02-02-2016,"09:23:05 a.m.","  AV. DE LAS ARTES NORTE 1300       SAN BORJA","ACCIDENTE VEHICULAR","AMB-8, M11-1, M127-1",-12.0894041171009,-76.9904967802443
2016-007373,02-02-2016,"09:22:26 a.m.","MI PERU             SAN VICENTE DE CANETE","EMERGENCIA MEDICA",AMB-183,,
2016-007372,02-02-2016,"09:21:52 a.m.","  CL. MANCO INCA II (4) 263        SANTIAGO DE SURCO","EMERGENCIA MEDICA",SAMU-120,-12.1501349887988,-76.9858936915764
2016-007371,02-02-2016,"09:12:29 a.m.","  AV. DE LOS INGENIEROS (VALLE HERMOSO) DEP  501  470        SANTIAGO DE SURCO",RESCATE,RES-134,-12.1245944821695,-76.9725442341374
2016-007370,02-02-2016,"08:42:23 a.m.","  CL. REMBRANDT 111        SAN BORJA","EMERGENCIA MEDICA",AMB-11,-12.0885440972181,-76.9982429512385
2016-007369,02-02-2016,"08:41:28 a.m.","FUERTE HOYOS RUBIO            RIMAC","SERVICIO ESPECIAL",M21-1,,
2016-007368,02-02-2016,"08:40:00 a.m.","  JR. HUIRACOCHA 1500       JESUS MARIA","EMERGENCIA MEDICA",AMB-202,-12.077997076752,-77.0491522676104
2016-007367,02-02-2016,"08:33:17 a.m.","  JR. CELENDIN 920        LIMA","EMERGENCIA MEDICA",AMB-14,-12.0370934819049,-77.0571869343685
2016-007366,02-02-2016,"08:16:49 a.m.","JR. CAILLOMA CRUCE CON AV. NICOLAS DE PIEROLA (LA COLMENA) LIMA            LIMA","EMERGENCIA MEDICA",SAMU-2,-12.0500855356384,-77.037202570502
2016-007365,02-02-2016,"08:05:55 a.m.","  AV. FERNANDO WIESE (PROCERES DE LA INDEPENDENCIA) 2500       SAN JUAN DE LURIGANCHO","ACCIDENTE VEHICULAR","AMB-8, M121-1, M176-1, SAMU-121, SAMU-21",-11.9895755589816,-77.0102713461598
2016-007364,02-02-2016,"08:02:45 a.m.","  AV. SUCRE (INDEPENDENCIA) 700        MAGDALENA DEL MAR","EMERGENCIA MEDICA",SAMU-83,-12.0919012761101,-77.0705096137571
2016-007363,02-02-2016,"07:46:44 a.m.","  AV. TUPAC AMARU KM 20 3200       CARABAYLLO","EMERGENCIA MEDICA",AMB-164,-11.8755553491596,-77.0163422567612
2016-007362,02-02-2016,"07:42:41 a.m.","  CL. JULIO BELLIDO 574        SAN JUAN DE MIRAFLORES","EMERGENCIA MEDICA",SAMU-106,-12.158126558541,-76.9721466755429
2016-007361,02-02-2016,"07:40:27 a.m.","  PJ. SANTA ROSA 409        PUEBLO LIBRE","MATERIALES PELIGROSOS (INCIDENTE)","M36-1, SAMU-83",-12.0759631579611,-77.0652380911545
2016-007360,02-02-2016,"07:40:23 a.m.","  JR. JOSE GALVEZ 165        ","EMERGENCIA MEDICA",MED-18,-12.0609802829603,-77.1449023714972
2016-007359,02-02-2016,"07:36:19 a.m.","  AV. MANUEL VICENTE VILLARAN 304        MIRAFLORES","EMERGENCIA MEDICA",AMB-28,-12.1238401767694,-77.0081422203345
2016-007358,02-02-2016,"07:26:43 a.m.","CARRETERAS - PANAMERICANAS PANAMERICANA NORTE 38.5            SANTA ROSA","ACCIDENTE VEHICULAR","M150-1, M184-1, M207-5, SAMU-150",-11.8002371999846,-77.138102389307
2016-007357,02-02-2016,"07:19:36 a.m.","  AV. VICENTE MORALES DUAREZ 2403       LIMA","EMERGENCIA MEDICA","AMB-3, SAMU-10",-12.0351256868615,-77.0727111882758
2016-007356,02-02-2016,"06:34:07 a.m.","  CL. CARACAS 2204       JESUS MARIA","EMERGENCIA MEDICA",AMB-202,-12.0834912909914,-77.0554471918518
2016-007355,02-02-2016,"06:18:31 a.m.","RELIGIOSO IGLESIA SAN LORENZO            RIMAC","EMERGENCIA MEDICA",AMB-3,-12.0414788231885,-77.0256317483542
2016-007354,02-02-2016,"06:17:37 a.m.",,"EMERGENCIA MEDICA",AMB-133,,
2016-007353,02-02-2016,"06:08:28 a.m.","SALUD CLINICA MONTEFIORI            LA MOLINA","ACCIDENTE VEHICULAR","M127-1, M138-1, MED-96, SAMU-127",-12.0657150779339,-76.9666746038636
2016-007352,02-02-2016,"05:38:00 a.m.",,"EMERGENCIA MEDICA",AMB-7,-12.0689119054997,-77.1189166524568
2016-007351,02-02-2016,"05:26:40 a.m.","KM 220  / ALT DE PEAJE FORTALEZA            PARAMONGA","ACCIDENTE VEHICULAR","AMB-81, M81-1",,
2016-007350,02-02-2016,"04:47:38 a.m.","  CL. LOS CLAVELES 275        INDEPENDENCIA","EMERGENCIA MEDICA",AMB-3,-11.9986495995598,-77.0531894450266
2016-007349,02-02-2016,"04:33:01 a.m.","  PR. PALLARDELLE 235        COMAS","EMERGENCIA MEDICA",AMB-164,-11.93857729573,-77.0542497200166
2016-007348,02-02-2016,"04:06:54 a.m.","CARRETER PENETRACUION CHANCAY / HUARAL            CHANCAY","EMERGENCIA MEDICA",AMB-80,,
2016-007347,02-02-2016,"03:44:19 a.m.","RES SANTA CRUZ BLOCK O DPTO 101  300        SAN ISIDRO","EMERGENCIA MEDICA","AMB-11, RESLIG-100",-12.1089198685155,-77.0481912679526
2016-007346,02-02-2016,"03:27:53 a.m.","  AV. LIMA (LA VICTORIA) 609        BARRANCO","EMERGENCIA MEDICA",AMB-28,-12.1454233506849,-77.0169555547553
2016-007345,02-02-2016,"03:18:12 a.m.","  JR. FEDERICO BARRETO 389        LA VICTORIA","EMERGENCIA MEDICA",SAMU-4,-12.0797028712782,-77.0183895591799
2016-007344,02-02-2016,"02:49:07 a.m.","UR. LA CRUCETA III BLOCK 32 DPTO 202            SANTIAGO DE SURCO","EMERGENCIA MEDICA",AMB134-2,-12.1553251504182,-76.992122841279
2016-007343,02-02-2016,"02:42:28 a.m.","AH. SANTA ROSA DE VILLA A            CHORRILLOS","EMERGENCIA MEDICA",SAMU-120,-12.2039529477755,-76.9752506730329
2016-007342,02-02-2016,"02:37:35 a.m.","  AV. LA MARINA 1500       PUEBLO LIBRE","EMERGENCIA MEDICA",AMB-7,,
2016-007341,02-02-2016,"02:16:32 a.m.","AV FERMIN TANWIS KM 2             ","EMERGENCIA MEDICA",AMB-37,,
2016-007340,02-02-2016,"02:13:10 a.m.","  PJ. TORRES MATTOS 160        MAGDALENA DEL MAR","EMERGENCIA MEDICA",RESLIG-100,-12.0949354112961,-77.0588898524161
2016-007339,02-02-2016,"02:10:40 a.m.","  AV. SOL DE NARANJAL MAZ G LT 20 000        SAN MARTIN DE PORRES","EMERGENCIA MEDICA",AMB-164,-11.968285882295,-77.0974978741307
2016-007338,02-02-2016,"01:35:26 a.m.",,"EMERGENCIA MEDICA",AMB-14,-12.0578102372234,-77.0491754188528
2016-007337,02-02-2016,"01:23:39 a.m.","CO. EL VALLE MAZ 26 LOCAL BOLOGNESI SANTO DOMINGO             ","EMERGENCIA MEDICA","M121-1, M138-1, SAMU-10, SAMU-121",-12.0211826490894,-76.9589021546496
2016-007336,02-02-2016,"01:12:18 a.m.","  CL. ANDROMEDA 100        CHORRILLOS",RESCATE,M13-1,-12.1717742957677,-77.0081480662415
2016-007335,02-02-2016,"01:10:30 a.m.","  CL. LUIS MIRO QUESADA DE LA GUERRA (6) 163        CALLAO","EMERGENCIA MEDICA",AMB-60,-12.0572361854112,-77.1258374099881
2016-007334,02-02-2016,"01:10:14 a.m.","  JR. COLON 516        CALLAO","EMERGENCIA MEDICA","MED-18, MED-34",-12.061749417378,-77.1403852222002
2016-007333,02-02-2016,"01:01:39 a.m.","  AV. OSCAR R. BENAVIDES (COLONIAL) 3800       BELLAVISTA","EMERGENCIA MEDICA",AMB-7,-12.0547051885246,-77.1031280695081
2016-007332,02-02-2016,"12:57:31 a.m.","BUENOS AIRES  861        ","EMERGENCIA MEDICA",MED-18,,
2016-007331,02-02-2016,"12:44:31 a.m.","  JR. PEREZ ROCA (CARLOS GARCIA) 164        BARRANCO","EMERGENCIA MEDICA",AMB134-2,-12.1422553511257,-77.0226325452628
2016-007330,02-02-2016,"12:36:20 a.m.","  AV. LA ENCALADA (APU KONTIKI) 1217       SANTIAGO DE SURCO","EMERGENCIA MEDICA",AMB-11,-12.1033206610397,-76.9706359554202
2016-007329,02-02-2016,"12:36:12 a.m.","  CL. PARACAS 260        LA MOLINA","EMERGENCIA MEDICA",MED-96,-12.0867784293291,-76.9013959015073
2016-007328,02-02-2016,"12:34:09 a.m.","  AV. PRODUCCION NACIONAL 278        CHORRILLOS","EMERGENCIA MEDICA",AMB-28,-12.1766048531677,-77.0184235621669
2016-007327,02-02-2016,"12:22:56 a.m.","JR. CUZCO CRUCE CON AV. ABANCAY LIMA            LIMA","EMERGENCIA MEDICA",AMB-2,-12.0517603127203,-77.0288669362083
2016-007326,02-02-2016,"12:21:30 a.m.","CO. VIPOL NARANJAL MZ P LOTE 47             SANTIAGO DE SURCO","EMERGENCIA MEDICA",SAMU-168,-11.9638759785621,-77.0910396073215
2016-007325,02-02-2016,"12:20:39 a.m.","  AV. BUENOS AIRES MAZ 10 LT 6 000        CHORRILLOS","EMERGENCIA MEDICA","SAMU-120, SAMU-6",-12.1871100192286,-77.0011580062619
2016-007324,02-02-2016,"12:19:10 a.m.","AH. CRUZ DEL NORTE II MZ E4 LOTE 10             ","EMERGENCIA MEDICA",AMB-150,-11.8255651384025,-77.0502461737075
2016-007323,02-02-2016,"12:08:46 a.m.","  AV. CANADA 3824       SAN LUIS","EMERGENCIA MEDICA",AMB-8,-12.079204503058,-76.9907749826805
