ID,FECHA,HORA,DIRECCION,TIPO,UNIDADES,"CORDENADAS (lat)","CORDENADAS (lng)"
2016-006077,27-01-2016,"11:36:39 p.m.","  AV. ANTARES (JORGE CHAVEZ) 285        SANTIAGO DE SURCO","EMERGENCIA MEDICA",SAMU-120,,
2016-006076,27-01-2016,"11:36:05 p.m.","  CL. INDEPENDENCIA (SEBASTIAN SALINAS COSSIO) 1000       MIRAFLORES","EMERGENCIA MEDICA",AMB-28,-12.1088563164785,-77.0325781193681
2016-006075,27-01-2016,"11:35:02 p.m.","  CL. LOS FRESNOS 157        SANTIAGO DE SURCO","EMERGENCIA MEDICA",AMB134-2,-12.1255334920199,-76.9754205794157
2016-006074,27-01-2016,"11:32:42 p.m.","  AV. CAQUETA 1000       RIMAC","EMERGENCIA MEDICA",SAMU-10,-12.0334393333849,-77.0437339545569
2016-006073,27-01-2016,"11:28:03 p.m.","PANAMERICANA SUR KM 336             ","ACCIDENTE VEHICULAR","AMB-22, M193-1, M22-1, MATPEL171",,
2016-006072,27-01-2016,"11:17:57 p.m.","  CL. LOS FRUTALES MZ J1 LT 7 000        EL AGUSTINO","EMERGENCIA MEDICA",SAMU-138,-12.0274263025537,-76.9610566300452
2016-006071,27-01-2016,"11:01:32 p.m.","AV. ANGELICA GAMARRA CRUCE CON AV. 12 DE OCTUBRE (LOS PROCERES) SAN MARTIN DE PORRES            SAN MARTIN DE PORRES","EMERGENCIA MEDICA",SAMU-168,-12.0094872140505,-77.0877169479669
2016-006070,27-01-2016,"10:52:10 p.m.","CAMINO LOS PATOS             ICA","ACCIDENTE VEHICULAR","AMB-22, M22-1",,
2016-006069,27-01-2016,"10:48:42 p.m.","AV. CUZCO 800        AYACUCHO","EMERGENCIA MEDICA",MED-63,,
2016-006068,27-01-2016,"10:25:24 p.m.","JR. ANDAHUAYLAS CRUCE CON AV. ISABEL LA CATOLICA LA VICTORIA            LA VICTORIA","EMERGENCIA MEDICA",AMB-8,-12.0697890293213,-77.0253266667448
2016-006067,27-01-2016,"10:10:41 p.m.","  AV. JAVIER PRADO ESTE  CAMACHO 5100       LA MOLINA","EMERGENCIA MEDICA",SAMU-127,-12.0770792633741,-76.9645786993825
2016-006066,27-01-2016,"09:59:44 p.m.","  AV. MEJICO 344        LA VICTORIA","EMERGENCIA MEDICA",SAMU-4,-12.0759363280981,-77.0259860927036
2016-006065,27-01-2016,"09:55:53 p.m.","  JR. GENERAL JOSE MARIA CORDOVA 1959       LINCE","EMERGENCIA MEDICA",SAMU-4,-12.0846378142526,-77.03809659219
2016-006064,27-01-2016,"09:42:20 p.m.","  AV. TUPAC AMARU 3900       COMAS","EMERGENCIA MEDICA",SAMU-168,-11.93097624455,-77.0442811038683
2016-006063,27-01-2016,"09:41:29 p.m.","CANTO CHICO MZ  C LT  E            SAN JUAN DE LURIGANCHO",INCENDIO,"M121-1, SAMU-121",,
2016-006062,27-01-2016,"09:38:26 p.m.","CANTO CHICO            ",INCENDIO,"M121-1, SAMU-121",,
2016-006061,27-01-2016,"09:30:24 p.m.","  PJ. DON OSCAR 155        CALLAO",INCENDIO,"AMB-60, M15-1, M5-1, M7-1",-12.0189412800786,-77.1385328835529
2016-006060,27-01-2016,"09:28:45 p.m.","SAN JUAN BAUTISTA            ICA",INCENDIO,CIST-VI,,
2016-006059,27-01-2016,"09:28:01 p.m.","  JR. DOMINGO MARTINEZ LUJAN (SAN FELIPE) 940        SURQUILLO","EMERGENCIA MEDICA",SAMU-4,-12.1112733258796,-77.0163965476867
2016-006058,27-01-2016,"09:23:27 p.m.","  CL. INDEPENDENCIA 448        SAN MIGUEL","EMERGENCIA MEDICA",AMB-100,-12.0877039164165,-77.0832070593712
2016-006057,27-01-2016,"09:23:04 p.m.","  CL. DANIEL TIMORAN 489        SAN JUAN DE MIRAFLORES","EMERGENCIA MEDICA",AMB134-2,-12.1621197629424,-76.9738130350335
2016-006056,27-01-2016,"09:20:44 p.m.","  CL. SANTA CRUZ  HOGAR POLICIAL 1100       VILLA MARIA DEL TRIUNFO","EMERGENCIA MEDICA",AMB-106,-12.1684798478377,-76.9468227975543
2016-006055,27-01-2016,"09:07:56 p.m.","  PL. BUTTERS 200        BARRANCO","EMERGENCIA MEDICA",AMB-11,-12.1433663933085,-77.0156253961306
2016-006054,27-01-2016,"09:04:13 p.m.","  JR. RAMON CASTILLA 500        MAGDALENA DEL MAR","EMERGENCIA MEDICA",AMB-100,-12.0917728501028,-77.0740015457683
2016-006053,27-01-2016,"08:54:47 p.m.","  AV. CORONEL NESTOR GAMBETA (EL EMISOR) 5002       CALLAO","EMERGENCIA MEDICA",AMB-1,-12.0442090567239,-77.1263972128471
2016-006052,27-01-2016,"08:51:52 p.m.","  AV. JOSE MARIA SEGUIN 976        SAN JUAN DE MIRAFLORES","MATERIALES PELIGROSOS (INCIDENTE)","AMB134-2, M120-1",-12.1562117825397,-76.9703095750368
2016-006051,27-01-2016,"08:44:47 p.m.","KM 39  PANAMERICANA NORTE LAS LOMAS             VENTANILLA","EMERGENCIA MEDICA",AMB-75,,
2016-006050,27-01-2016,"08:43:38 p.m.","AV. DEFENSORES DEL MORRO (HUAYLAS) CRUCE CON AV. SANTA CRUZ CHORRILLOS            CHORRILLOS",INCENDIO,"AMB-28, AMB-6, M13-1, M6-1, RES-134",,
2016-006049,27-01-2016,"08:33:34 p.m.","AL FRENTE  DEL  ES  SALUD  HUARAL            HUARAL",RESCATE,M44-1,,
2016-006048,27-01-2016,"08:27:06 p.m.","  CL. LORENZO LOZANO 853        SAN JUAN DE MIRAFLORES","EMERGENCIA MEDICA",AMB-106,-12.157503528541,-76.9714223626087
2016-006047,27-01-2016,"08:23:48 p.m.","HOSPITAL ALEMENARA              LIMA","EMERGENCIA MEDICA",AMB-2,,
2016-006046,27-01-2016,"08:15:58 p.m.","  CL. MANUEL ATANASIO FUENTES 830        SAN ISIDRO","MATERIALES PELIGROSOS (INCIDENTE)","AMB-28, MATPEL-4",-12.1012418005879,-77.0298583809717
2016-006045,27-01-2016,"08:12:54 p.m.","  AV. GUILLERMO MARCONI 270        SAN ISIDRO","EMERGENCIA MEDICA",AMB-100,-12.0911023074548,-77.0488933673966
2016-006044,27-01-2016,"08:06:14 p.m.","PASEO DE LOS DOMINICO   DEP 303 361        CALLAO","EMERGENCIA MEDICA",AMB-60,-12.0124205285011,-77.1040168549045
2016-006043,27-01-2016,"07:59:58 p.m.","  AV. MILITAR 2700       LINCE","ACCIDENTE VEHICULAR","M4-1, RESLIG-4, SAMU-4",-12.0906603393384,-77.0304930706325
2016-006042,27-01-2016,"07:57:43 p.m.","  AV. ALFREDO BENAVIDES 3693       SANTIAGO DE SURCO","EMERGENCIA MEDICA",AMB134-2,-12.1287533815286,-76.9975878329157
2016-006041,27-01-2016,"07:51:41 p.m.","  CL. CURAZAO (19) 249        LA MOLINA","EMERGENCIA MEDICA",MED-96,-12.0688002920546,-76.9421950320722
2016-006040,27-01-2016,"07:49:36 p.m.","  AV. AVIACION 1800       SAN LUIS","EMERGENCIA MEDICA",AMB-11,-12.0810433335583,-77.0053060620586
2016-006039,27-01-2016,"07:45:25 p.m.","  AV. MEJICO 400        LA VICTORIA","EMERGENCIA MEDICA",AMB-8,-12.0753043353443,-77.0250730890028
2016-006038,27-01-2016,"07:44:08 p.m.","  AV. VENEZUELA 3000       LIMA","EMERGENCIA MEDICA",AMB-14,-12.0590380812674,-77.0746845130981
2016-006037,27-01-2016,"07:29:05 p.m.","  AV. ANGELICA GAMARRA 1400       ","EMERGENCIA MEDICA","AMB-161, SAMU-168",-12.0061018244516,-77.0761611340275
2016-006036,27-01-2016,"07:27:29 p.m.","  AV. COLONIAL (OSCAR R. BENAVIDES) 2100       CALLAO","ACCIDENTE VEHICULAR","AMB-1, M5-1, M7-1",-12.0582147629377,-77.1212836291214
2016-006035,27-01-2016,"07:22:17 p.m.","TANTAYO             NAZCA",RESCATE,RES-82,,
2016-006034,27-01-2016,"07:18:27 p.m.","AH. MARISCAL ANDRES AVELINO CACERES SECTOR B B7  LT 9            SAN JUAN DE LURIGANCHO","EMERGENCIA MEDICA","AMB-169, M121-1",-11.9599336382639,-76.9819730538215
2016-006033,27-01-2016,"07:15:44 p.m.","  AV. JUAN PARDO DE ZELA 440        LINCE","EMERGENCIA MEDICA",AMB-8,-12.0832623627637,-77.0320605580961
2016-006032,27-01-2016,"07:10:18 p.m.",,"EMERGENCIA MEDICA",SAMU-168,-11.9910009712673,-77.1098942956952
2016-006031,27-01-2016,"07:09:57 p.m.","CL. JAIME GARZA CRUCE CON JR. IGNACIO COSSIO LA VICTORIA            LA VICTORIA","EMERGENCIA MEDICA",SAMU-10,-12.0751207492163,-77.0122866329089
2016-006030,27-01-2016,"07:05:59 p.m.","AV. ALFREDO BENAVIDES CRUCE CON AV. ROOSEVELT (REPUBLICA DE PANAMA) MIRAFLORES            MIRAFLORES","EMERGENCIA MEDICA",AMB-28,-12.126361043708,-77.0181302318748
2016-006029,27-01-2016,"07:01:37 p.m.","AV. LA CULTURA (B) CRUCE CON AV. METROPOLITANA (HUAYCARA) SANTA ANITA            ","EMERGENCIA MEDICA","M169-1, MED-96",-12.0357704499448,-76.9491439901995
2016-006028,27-01-2016,"06:59:35 p.m.","CL. JAIME GARZA CRUCE CON JR. IGNACIO COSSIO LA VICTORIA            LA VICTORIA","EMERGENCIA MEDICA",AMB-202,-12.0751207492163,-77.0122866329089
2016-006027,27-01-2016,"06:55:39 p.m.","PR. PERU CRUCE CON AV. EL OLIVAR CALLAO            CALLAO","EMERGENCIA MEDICA",AMB-60,,
2016-006026,27-01-2016,"06:52:07 p.m.","CASUARINAS             ICA","ACCIDENTE VEHICULAR",AMB-22,,
2016-006025,27-01-2016,"06:50:00 p.m.","CARRETERAS - PANAMERICANAS ANTIGUA PANAMERICANA SUR 32.5            LURIN","EMERGENCIA MEDICA","AMB-155, M105-2",-12.2594035767086,-76.8855902232871
2016-006024,27-01-2016,"06:47:57 p.m.","  AV. CAMINO REAL 000        CARABAYLLO",INCENDIO,M164-1,-11.8557630369132,-77.0355104323072
2016-006023,27-01-2016,"06:41:46 p.m.","URB NUEVA ALBORADA            PISCO",RESCATE,CIST-37,,
2016-006022,27-01-2016,"06:38:15 p.m.","AV. ALCANFORES CRUCE CON AV. ALFREDO BENAVIDES MIRAFLORES            MIRAFLORES","EMERGENCIA MEDICA",AMB-28,-12.1248341823267,-77.0278953609458
2016-006021,27-01-2016,"06:37:04 p.m.",,RESCATE,"AMB134-2, RES-134",,
2016-006020,27-01-2016,"06:25:56 p.m.","  AV. GARCILAZO DE LA VEGA 240        CALLAO","EMERGENCIA MEDICA",AMB-14,-12.0514753655741,-77.0962715853748
2016-006019,27-01-2016,"06:20:35 p.m.","  AV. RIO SAPI 101        INDEPENDENCIA","EMERGENCIA MEDICA",SAMU-168,-11.9835476556771,-77.0479659864424
2016-006018,27-01-2016,"06:15:03 p.m.","CL SALVADOR ALLENDE  1400       VILLA MARIA DEL TRIUNFO","EMERGENCIA MEDICA",AMB-106,,
2016-006017,27-01-2016,"06:09:57 p.m.","PANAMERICANA NORTE KM 127            HUACHO","EMERGENCIA MEDICA",AMB-20,,
2016-006016,27-01-2016,"06:02:40 p.m.",,INCENDIO,M15-1,-12.0601989138364,-77.1369640990166
2016-006015,27-01-2016,"06:02:03 p.m.","INSURGGENTES 800        SAN MIGUEL","ACCIDENTE VEHICULAR",AMB-60,,
2016-006014,27-01-2016,"05:58:15 p.m.","  JR. CAPITAN ALFREDO NOVOA CAVA 300        SAN MIGUEL","MATERIALES PELIGROSOS (INCIDENTE)",M7-5,-12.0733733455869,-77.0933440739721
2016-006013,27-01-2016,"05:46:05 p.m.","CL. BELL AIR CRUCE CON MA. BELLO HORIZONTE LA MOLINA            LA MOLINA","ACCIDENTE VEHICULAR","AMB-11, AMB134-2, M169-1, MED-96, RES-96, SAMU-127",-12.0786937465282,-76.9284885494406
2016-006012,27-01-2016,"05:41:08 p.m.","PJ. SALAMANCA CRUCE CON AV. VICTOR ANDRES BELAUNDE SAN ISIDRO            SAN ISIDRO","ACCIDENTE VEHICULAR","AMB-202, M100-1, M4-1",-12.0955008174914,-77.0393826069372
2016-006011,27-01-2016,"05:29:31 p.m.","  CL. COLAN (SOR FIORI) (4) 120        SANTIAGO DE SURCO",INCENDIO,"AMB-11, M11-1, M13-1, M28-1",-12.1309889597227,-77.0081158471923
2016-006010,27-01-2016,"05:23:04 p.m.","AV. ELMER FAUCETT CRUCE CON AV. VENEZUELA BELLAVISTA            BELLAVISTA","EMERGENCIA MEDICA",AMB-60,-12.0623760226424,-77.0972910517164
2016-006009,27-01-2016,"05:22:42 p.m.","  CL. RUY DIAZ 323        CALLAO","EMERGENCIA MEDICA",AMB-14,-12.0499912358994,-77.0954931422915
2016-006008,27-01-2016,"05:21:15 p.m.","CARRETERAS - PANAMERICANAS ANTIGUA PANAMERICANA SUR 36.85            LURIN","EMERGENCIA MEDICA",AMB-129,-12.2789426356752,-76.868549723159
2016-006007,27-01-2016,"05:19:02 p.m.","CARRETERAS - PANAMERICANAS PANAMERICANA SUR 13            SAN JUAN DE MIRAFLORES","ACCIDENTE VEHICULAR","AMB-6, AMB134-2, M120-1, RES-134",-12.1708718385434,-76.9793258050375
2016-006006,27-01-2016,"05:09:06 p.m.","CH. ANTONIA MORENO DE CACERES SECTOR 1 (CIUDAD DEL DEPORTE) K LTE 2            VENTANILLA","EMERGENCIA MEDICA",AMB-75,-11.8871866268893,-77.1245915638787
2016-006005,27-01-2016,"05:01:48 p.m.","CL. VARNISH 200        SAN MARTIN DE PORRES","EMERGENCIA MEDICA",AMB-65,-12.0272738479385,-77.047755207309
2016-006004,27-01-2016,"04:53:59 p.m.","  PR. QUITO 2400       JESUS MARIA","EMERGENCIA MEDICA",MED-36,-12.0848765196887,-77.0578037923819
2016-006003,27-01-2016,"04:51:28 p.m.","JR. JUNIN CRUCE CON JR. AUGUSTO WIESE (CARABAYA) LIMA            LIMA","EMERGENCIA MEDICA",SAMU-14,-12.0458138022774,-77.0297095882162
2016-006002,27-01-2016,"04:48:33 p.m.","AV. FELIPE A. BARREDA (IGNACIO MERINO) CRUCE CON AV. OSCAR VALDEZ (MARISCAL JOSE LA MAR) MIRAFLORES            MIRAFLORES",INCENDIO,"AMB-28, M100-1, M4-1, MATPEL-4",-12.1132623957123,-77.0456426409651
2016-006001,27-01-2016,"04:31:13 p.m.","  JR. AURELIO SOUZA (GERMAN NORIEGA DEL VALLE) 429        BARRANCO",INCENDIO,"AMB-6, M11-1, M13-1, M28-1",-12.1402558486399,-77.0140885480451
2016-006000,27-01-2016,"04:24:26 p.m.","  CL. CHIMU CAPAC 100        SANTIAGO DE SURCO",RESCATE,RES-134,-12.1259178188614,-76.9967386789165
2016-005999,27-01-2016,"04:18:11 p.m.","  PR. HUAMANGA 146        LA VICTORIA","EMERGENCIA MEDICA","RES-8, SAMU-4",-12.058780832836,-77.0210190734413
2016-005998,27-01-2016,"04:17:23 p.m.","UR. MARIA AUXILIADORA (ACOVIMISA) J LTE 18            SAN JUAN DE MIRAFLORES",RESCATE,M120-1,-12.1672526527505,-76.9794289844371
2016-005997,27-01-2016,"04:09:10 p.m.","JR. CAMANA CRUCE CON JR. HUANCAVELICA LIMA            LIMA",INCENDIO,"M10-1, M2-1, M21-1, RES-3, SAMU-2",-12.0474348625488,-77.0336844389165
2016-005996,27-01-2016,"04:03:27 p.m.","  JR. ENRIQUE ECHENIQUE 775        MAGDALENA DEL MAR",INCENDIO,M36-1,-12.0894558225258,-77.0742865582295
2016-005995,27-01-2016,"03:52:12 p.m.","  CL. CARLOS AUGUSTO SALAVERRY 936        SURQUILLO","EMERGENCIA MEDICA",AMB-28,-12.1091783257743,-77.0231015713345
2016-005994,27-01-2016,"03:51:00 p.m.","  AV. ANGELICA GAMARRA 1200       SAN MARTIN DE PORRES","ACCIDENTE VEHICULAR",M14-1,-12.0067446143113,-77.0823825208858
2016-005993,27-01-2016,"03:39:25 p.m.","FUNDO ZARATE             ICA",INCENDIO,CIST-VI,,
2016-005992,27-01-2016,"03:31:03 p.m.","AH. DANIEL ALCIDES CARRION C lt. 1            SAN MARTIN DE PORRES",INCENDIO,"M14-1, M65-1, M9-5, SAMU-10",-12.0134433114933,-77.0820751189762
2016-005991,27-01-2016,"03:28:12 p.m.","  AV. JULIO CESAR TELLO 986        LINCE","EMERGENCIA MEDICA",AMB-202,-12.0868617706672,-77.0424842665902
2016-005990,27-01-2016,"03:27:37 p.m.","UR. INCA MANCO CAPAC 2DA ETAPA (LIBERTAD)  197        SAN JUAN DE LURIGANCHO","EMERGENCIA MEDICA",AMB-121,-12.0061970035018,-76.9973229355064
2016-005989,27-01-2016,"03:13:06 p.m.","  CL. MANUEL GONZALES PRADA (11) 700        LOS OLIVOS","EMERGENCIA MEDICA",AMB-65,-11.9936474153911,-77.0689314252949
2016-005988,27-01-2016,"03:08:59 p.m.","  JR. MADERA 398        RIMAC","EMERGENCIA MEDICA",SAMU-21,-12.0388489248362,-77.0248988741872
2016-005987,27-01-2016,"03:07:39 p.m.","HOSPITAL ALMENARA            LIMA","SERVICIO ESPECIAL",AMB-138,,
2016-005986,27-01-2016,"03:04:28 p.m.","  AV. EL PACIFICO 208        LA PERLA","EMERGENCIA MEDICA",AMB-60,-12.0721520137928,-77.1141835393109
2016-005985,27-01-2016,"02:49:58 p.m.","  AV. LOS CONQUISTADORES 1200       SAN ISIDRO","EMERGENCIA MEDICA",AMB-60,-12.1091333180103,-77.0369895983062
2016-005984,27-01-2016,"02:45:01 p.m.","AV. LOS CONQUISTADORES 1200       SAN ISIDRO","EMERGENCIA MEDICA",AMB-28,-12.1098799116591,-77.0371066019713
2016-005983,27-01-2016,"02:43:39 p.m.","  JR. ANDAHUAYLAS 900        LIMA","EMERGENCIA MEDICA","SAMU-2, SAMU-21",,
2016-005982,27-01-2016,"02:40:40 p.m.","HOSPITAL SOLIDARIDAD             PUNTA HERMOSA","EMERGENCIA MEDICA",AMB-134,,
2016-005981,27-01-2016,"02:37:45 p.m.","  AV. JORGE CHAVEZ (CARLOS HUGUET) 700        SANTIAGO DE SURCO","EMERGENCIA MEDICA",AMB-6,-12.1466540757646,-77.0123674517293
2016-005980,27-01-2016,"02:37:23 p.m.","SAN MARTIN 100        ","EMERGENCIA MEDICA",AMB-37,,
2016-005979,27-01-2016,"02:34:32 p.m.","  JR. JUNIN 600        LIMA","EMERGENCIA MEDICA",SAMU-2,-12.0484361007863,-77.0254783445693
2016-005978,27-01-2016,"02:22:28 p.m.","  CL. SEBASTIAN LUNA 351        CHORRILLOS","EMERGENCIA MEDICA","AMB-28, AMB-6",-12.1754422720195,-77.026257583614
2016-005977,27-01-2016,"02:16:19 p.m.","INSTITUCIONAL CIVICO MUNICIPALIDAD DE LOS OLIVOS            LOS OLIVOS","EMERGENCIA MEDICA","AMB-28, AMB-6",-11.9915106442531,-77.0708806468723
2016-005976,27-01-2016,"02:14:57 p.m.","  AV. VILLA MARIA 500        VILLA MARIA DEL TRIUNFO","MATERIALES PELIGROSOS (INCIDENTE)","AMB-155, M120-1",-12.1638642773427,-76.9469525153317
2016-005975,27-01-2016,"01:56:11 p.m.","AV. LA MOLINA CRUCE CON AV. SEPARADORA INDUSTRIAL (SANTA FELICIA) LA MOLINA            ","EMERGENCIA MEDICA","AMB-155, M120-1",-12.0626545055271,-76.9607877995243
2016-005974,27-01-2016,"01:56:06 p.m.","  AV. LA MOLINA 400        ATE","EMERGENCIA MEDICA",MED-96,-12.0591947935703,-76.962422061614
2016-005973,27-01-2016,"01:55:45 p.m.","AH. LOS JAZMINES DEL NARANJAL SECTOR II   MZ  J1  LT 28            SAN MARTIN DE PORRES","EMERGENCIA MEDICA",AMB124-2,-11.9802643229211,-77.0874892623213
2016-005972,27-01-2016,"01:52:28 p.m.","CL 6 000        SANTA ROSA",INCENDIO,M163-1,,
2016-005971,27-01-2016,"01:41:13 p.m.","HOSPITAL CASIMIRO ULLOA            ","EMERGENCIA MEDICA",AMB-6,,
2016-005970,27-01-2016,"01:40:34 p.m.","AS. VICTOR RAUL HAYA DE LA TORRE  MZ. Y   LOTE  2  CALLE  M            INDEPENDENCIA","MATERIALES PELIGROSOS (INCIDENTE)","M168-1, SAMU-168",-11.9765362584398,-77.0523058835687
2016-005969,27-01-2016,"01:37:32 p.m.","CARRETERAS - PANAMERICANAS ANTIGUA PANAMERICANA SUR 40            LURIN","EMERGENCIA MEDICA",AMB-134,-12.2991778968522,-76.8479548244506
2016-005968,27-01-2016,"01:30:45 p.m.","  AV. LOS TAMARINDOS MZ H LOTE 53 000        SANTIAGO DE SURCO","MATERIALES PELIGROSOS (INCIDENTE)","AMB-11, M13-1",-12.1402254161711,-77.0019294234118
2016-005967,27-01-2016,"01:30:21 p.m.","  AV. MARCO POLO 646        CALLAO","EMERGENCIA MEDICA",AMB-1,-12.0657254591089,-77.1421454505686
2016-005966,27-01-2016,"01:27:05 p.m.","  CL. SAN PEDRITO (6) 100        SANTIAGO DE SURCO","EMERGENCIA MEDICA",AMB134-2,-12.1443681765566,-77.0079737689788
2016-005965,27-01-2016,"01:19:44 p.m.","  JR. CARAZ 100        BARRANCO","MATERIALES PELIGROSOS (INCIDENTE)","AMB-28, M28-1",-12.1312676315177,-77.0185515041159
2016-005964,27-01-2016,"01:16:04 p.m.",,INCENDIO,M44-1,,
2016-005963,27-01-2016,"01:15:47 p.m.","  CL. LAS HORMIGAS 000        LA MOLINA","EMERGENCIA MEDICA",SAMU-138,-12.0767830809146,-76.953792890268
2016-005962,27-01-2016,"01:15:07 p.m.","UR. SANTA ANA MZ A2 LOTE 58             LOS OLIVOS","EMERGENCIA MEDICA",AMB124-2,-11.9495409718347,-77.0776811719235
2016-005961,27-01-2016,"01:13:28 p.m.","AV. RAMON CARCAMO CRUCE CON AV. OSCAR BENAVIDES (COLONIAL) LIMA            LIMA",INCENDIO,"M10-1, M10-3, M14-1, M3-1, SAMU-14",-12.0470898895898,-77.050690565879
2016-005960,27-01-2016,"01:01:39 p.m.","  AV. DE LAS ARTES NORTE 1441       SAN BORJA","EMERGENCIA MEDICA",SAMU-127,-12.0898031054657,-76.9891365308008
2016-005959,27-01-2016,"01:00:03 p.m.","  AV. JOSE ALVAREZ CALDERON 492        SAN BORJA","EMERGENCIA MEDICA",AMB-11,-12.1087069903227,-77.0049640701035
2016-005958,27-01-2016,"12:55:10 p.m.","BAJADA  DE  LA  PERLA    KM .  195               CHINCHA ALTA","ACCIDENTE VEHICULAR",MED-38,,
2016-005957,27-01-2016,"12:53:56 p.m.","CO. AMERICA I            SAN JUAN DE MIRAFLORES","EMERGENCIA MEDICA",AMB134-2,-12.1823629784426,-76.9779247400822
2016-005956,27-01-2016,"12:52:32 p.m.","  CL. 10 DE JUNIO 1010       SAN MARTIN DE PORRES","EMERGENCIA MEDICA",AMB-65,-12.0339057599497,-77.0486858777635
2016-005955,27-01-2016,"12:44:57 p.m.","  AV. HORACIO URTEAGA 586        JESUS MARIA","EMERGENCIA MEDICA",SAMU-4,-12.066548834996,-77.0430273679122
2016-005954,27-01-2016,"12:39:42 p.m.","  CL. ANTARES 505        RIMAC","EMERGENCIA MEDICA",SAMU-14,-12.0264335616139,-77.0387446306344
2016-005953,27-01-2016,"12:38:20 p.m.","  AV. CORONEL SAMUEL ALCAZAR CRUCE CON CL 14  600        RIMAC","EMERGENCIA MEDICA",SAMU-21,-12.0285910334254,-77.0316996435417
2016-005952,27-01-2016,"12:35:11 p.m.","  JR. AYACUCHO 710        LIMA","EMERGENCIA MEDICA",SAMU-10,-12.0528178627617,-77.0282171507136
2016-005951,27-01-2016,"12:34:01 p.m.","CRUZ DE CHONTA            ","MATERIALES PELIGROSOS (INCIDENTE)",M20-1,,
2016-005950,27-01-2016,"12:20:13 p.m.","  JR. ZEPITA 336        CALLAO","EMERGENCIA MEDICA",AMB-1,-12.0591680555716,-77.1413542714147
2016-005949,27-01-2016,"12:11:41 p.m.","CL. LAS PALMERAS CRUCE CON AV. JAVIER PRADO OESTE SAN ISIDRO            SAN ISIDRO","ACCIDENTE VEHICULAR","M202-1, MATPEL-4, SAMU-4",-12.0929555854396,-77.0386437254536
2016-005948,27-01-2016,"12:09:38 p.m.","  AV. LAS TORRES  CALLE 8  VIA DEL TREN  000        ATE","ACCIDENTE VEHICULAR","M106-3, RES-96, SAMU-138",,
2016-005947,27-01-2016,"12:09:13 p.m.","  JR. AMAZONAS (OCHO DE OCTUBRE) 305        MAGDALENA DEL MAR","EMERGENCIA MEDICA",AMB-100,-12.0856078041884,-77.0664645764758
2016-005946,27-01-2016,"12:07:37 p.m.","TIERRA PROMETIDA            ","EMERGENCIA MEDICA",MATPEL171,,
2016-005945,27-01-2016,"12:06:36 p.m.","AV. UNIVERSITARIA CRUCE CON AV. LA MARINA SAN MIGUEL            SAN MIGUEL","EMERGENCIA MEDICA",SAMU-83,-12.0782877253793,-77.0824586374011
2016-005944,27-01-2016,"12:05:06 p.m.","EDUCACION UNIVERSIDAD CESAR VALLEJO            LOS OLIVOS","MATERIALES PELIGROSOS (INCIDENTE)","AMB124-2, CIST124-4",-11.9593018446117,-77.0681554952238
2016-005943,27-01-2016,"11:59:53 a.m.","CIRCUITO DE PLAYA             CHORRILLOS","EMERGENCIA MEDICA",AMB-6,,
2016-005942,27-01-2016,"11:45:10 a.m.","PANAMERICANA NORTE PARADERO GRIFO  PALAO ALT DEL BCP KM 12-5            SAN MARTIN DE PORRES","SERVICIO ESPECIAL",M65-1,,
2016-005941,27-01-2016,"11:36:11 a.m.",,"EMERGENCIA MEDICA",AMB-1,-12.0609393591484,-77.1420488695023
2016-005940,27-01-2016,"10:58:20 a.m.","  CL. TARAPACA 190        VILLA MARIA DEL TRIUNFO","MATERIALES PELIGROSOS (INCIDENTE)","M134-1, SAMU-120",-12.1515661532761,-76.9503578802943
2016-005939,27-01-2016,"10:57:10 a.m.","AV. CAMINO REAL CRUCE CON CL. SACSAHUAMAN SAN ISIDRO            SAN ISIDRO","EMERGENCIA MEDICA","M134-1, SAMU-120",-12.0954838197061,-77.035306578319
2016-005938,27-01-2016,"10:54:01 a.m.","AV. EDUARDO DE HABICH CRUCE CON AV. PANAMERICANA NORTE (ALFREDO MENDIOLA) SAN MARTIN DE PORRES            SAN MARTIN DE PORRES","ACCIDENTE VEHICULAR","M161-1, M168-1, SAMU-168",-12.0290001690289,-77.0588142501739
2016-005937,27-01-2016,"10:48:33 a.m.","UR. 10 DE JUNIO   CALLE  6 159            ","EMERGENCIA MEDICA",AMB-1,-12.0549398207005,-77.1085636409771
2016-005936,27-01-2016,"10:37:36 a.m.","  JR. SUECIA 1494       LIMA","EMERGENCIA MEDICA",AMB-65,-12.0512850913726,-77.0620531534643
2016-005935,27-01-2016,"10:37:27 a.m.","  CL. LOS CEDROS 450        SAN ISIDRO","EMERGENCIA MEDICA",AMB-100,-12.0962967631886,-77.0435143376277
2016-005934,27-01-2016,"10:32:58 a.m.","  AV. OSCAR R. BENAVIDES (COLONIAL) 5000       BELLAVISTA","EMERGENCIA MEDICA",AMB-60,-12.0527235080078,-77.0923333629706
2016-005933,27-01-2016,"10:30:39 a.m.","  AV. EL DERBY 515        SANTIAGO DE SURCO","MATERIALES PELIGROSOS (INCIDENTE)","M11-1, SAMU-127",,
2016-005932,27-01-2016,"10:29:12 a.m.","  PJ. JAVIER TOMAS VIDAL 118        RIMAC","EMERGENCIA MEDICA",SAMU-14,-12.0347220239888,-77.0372625822215
2016-005931,27-01-2016,"10:25:46 a.m.",,"EMERGENCIA MEDICA",MATPEL171,,
2016-005930,27-01-2016,"10:19:52 a.m.","  AV. ALFONSO UGARTE 359        ","EMERGENCIA MEDICA",SAMU-83,-12.0897293363521,-77.0813320977907
2016-005929,27-01-2016,"10:12:13 a.m.","  AV. JOSE GALVEZ 1600       LA PERLA","EMERGENCIA MEDICA",AMB-1,-12.065900244173,-77.121784224583
2016-005928,27-01-2016,"09:58:27 a.m.","  AV. HAYA DE LA TORRE (7 DE ENERO) 700        LA PERLA","EMERGENCIA MEDICA",AMB-1,-12.0640994566739,-77.1083761161098
2016-005927,27-01-2016,"09:50:31 a.m.","  JR. PORTA 194        MIRAFLORES","MATERIALES PELIGROSOS (INCIDENTE)","AMB-28, M28-1",-12.1228207962132,-77.0310317841482
2016-005926,27-01-2016,"09:41:44 a.m.","  AV. GRAN CHIMU 220        SAN JUAN DE LURIGANCHO","EMERGENCIA MEDICA",SAMU-2,-12.0281705975431,-77.0103087322919
2016-005925,27-01-2016,"09:36:45 a.m.","  JR. GERMAN LAPEYRE 200        COMAS","MATERIALES PELIGROSOS (INCIDENTE)","AMB124-2, CIST124-4, M164-1",-11.9283629180748,-77.041148465396
2016-005924,27-01-2016,"09:21:15 a.m.","  AV. REPUBLICA ARGENTINA 200        CALLAO","ACCIDENTE VEHICULAR","AMB-60, M15-1, M60-1, MED-34-2",-12.0517024492225,-77.139123186993
2016-005923,27-01-2016,"09:20:36 a.m.","  PJ. CANDELARIA GARCIA 132        SAN MIGUEL","EMERGENCIA MEDICA",AMB-100,-12.0824773708702,-77.0774330875514
2016-005922,27-01-2016,"09:18:58 a.m.","  JR. MIRANAVES 265        CALLAO","EMERGENCIA MEDICA",AMB-1,-12.0581548392307,-77.1356697507
2016-005921,27-01-2016,"09:03:23 a.m.","  JR. AMAZONAS (OCHO DE OCTUBRE) 305        MAGDALENA DEL MAR","EMERGENCIA MEDICA",SAMU-83,-12.0856078041884,-77.0664645764758
2016-005920,27-01-2016,"08:59:53 a.m.","  JR. PASEO DEL BOSQUE (2) 233        SAN BORJA","EMERGENCIA MEDICA",AMB-28,-12.1090218565253,-76.9923525881903
2016-005919,27-01-2016,"08:52:35 a.m.","  AV. RAUL FERRERO REBAGLIATI (LA RINCONADA) 1300       LA MOLINA","EMERGENCIA MEDICA",SAMU-127,-12.0911729265149,-76.9521220566878
2016-005918,27-01-2016,"08:43:16 a.m.","  AV. LAS GAVIOTAS 500        CHORRILLOS","EMERGENCIA MEDICA",AMB-6,-12.1763843015521,-77.0047385572105
2016-005917,27-01-2016,"08:40:48 a.m.","  JR. GENARO DELGADO 146        SAN MARTIN DE PORRES","EMERGENCIA MEDICA",SAMU-168,-12.0193240205071,-77.0721419292585
2016-005916,27-01-2016,"08:36:02 a.m.","  AV. LOS PROCERES 800        SANTIAGO DE SURCO","EMERGENCIA MEDICA",AMB134-2,-12.1551521013303,-76.9928214257157
2016-005915,27-01-2016,"08:32:46 a.m.","AV.,   NESTOR  GAMBETA    ENTRADA  AL  PENAL              CALLAO","ACCIDENTE VEHICULAR","AMB-1, M5-1, M9-1",-12.0234878369277,-77.1340137287724
2016-005914,27-01-2016,"08:32:41 a.m.","SECTOR  SANYA  ROSA     SAN  CLEMENTE  PISCO            PISCO","EMERGENCIA MEDICA",AMB-157,,
2016-005913,27-01-2016,"08:21:18 a.m.","  JR. DOS DE MAYO 303        LA PERLA","EMERGENCIA MEDICA",AMB-60,-12.067705038189,-77.1210753477367
2016-005912,27-01-2016,"08:21:12 a.m.","  JR. PUNO 100        CALLAO","EMERGENCIA MEDICA",AMB-60,-12.0595293433095,-77.1397443512017
2016-005911,27-01-2016,"08:14:28 a.m.","CALLE MANZANILLA CRUCE  SIMON BOLIVAR            ICA","EMERGENCIA MEDICA",AMB-22,,
2016-005910,27-01-2016,"08:09:43 a.m.","  JR. DOMINGO ORUE (CALLEJON BARBONCITO) BOLC  DTO  3012  565        SURQUILLO","EMERGENCIA MEDICA",AMB-28,-12.1070057751804,-77.0222210816802
2016-005909,27-01-2016,"08:07:58 a.m.","AV. SAN BORJA NORTE (B) CRUCE CON AV. CIRCUNVALACION (PANAMERICANA SUR) SAN BORJA            SAN BORJA","EMERGENCIA MEDICA",AMB-11,-12.0963994362432,-76.9806443451985
2016-005908,27-01-2016,"07:59:20 a.m.","AV. INCA GARCILAZO DE LA VEGA (WILSON) CRUCE CON JR. ZEPITA LIMA            ","EMERGENCIA MEDICA",SAMU-10,-12.0505866308797,-77.0388784315218
2016-005907,27-01-2016,"07:41:10 a.m.","  JR. COLON 882        CALLAO","EMERGENCIA MEDICA",AMB-1,-12.0611458989374,-77.1361226663177
2016-005906,27-01-2016,"07:35:17 a.m.","  PJ. SANTA ROSA (TOLOMEO) 118        CHORRILLOS","EMERGENCIA MEDICA",AMB-6,-12.1840232444601,-76.9995889266461
2016-005905,27-01-2016,"07:33:51 a.m.","  AV. CARAPONGO  KM.  9.5    000        LURIGANCHO","ACCIDENTE VEHICULAR","M106-3, RES-127, SAMU-138",-12.0124850187752,-76.9005000145613
2016-005904,27-01-2016,"07:14:00 a.m.","  JR. FLORA TRISTAN 2919       SAN MARTIN DE PORRES","EMERGENCIA MEDICA",AMB-65,-12.0246339895323,-77.073993139323
2016-005903,27-01-2016,"07:05:37 a.m.","  AV. TUPAC AMARU (GERARDO UNGER) 000        INDEPENDENCIA","EMERGENCIA MEDICA",SAMU-168,-11.9850287020308,-77.0576206006849
2016-005902,27-01-2016,"06:53:27 a.m.","  CL. ANDRES VESALIO  D TO 102  358        SAN BORJA","EMERGENCIA MEDICA",SAMU-168,-12.1052342425041,-77.0038470306962
2016-005901,27-01-2016,"06:26:50 a.m.","JR. GARCIA NARANJO CRUCE CON AV. JOSE GALVEZ LA VICTORIA            LA VICTORIA","ACCIDENTE VEHICULAR","M10-1, RES-8, SAMU-10",-12.0622418051922,-77.032470580325
2016-005900,27-01-2016,"06:23:32 a.m.","CA. PANAMERICANA SUR 000        LURIN","ACCIDENTE VEHICULAR","AMB-129, M125-1, M129-1",-12.2829006165276,-76.878808179911
2016-005899,27-01-2016,"05:50:05 a.m.",,"ACCIDENTE VEHICULAR","AMB-1, AMB-60, M1-1, M7-1",-12.0612407086414,-77.1451406012153
2016-005898,27-01-2016,"05:43:40 a.m.","  AV. DIAGONAL (MARISCAL OSCAR BENAVIDES) 100        MIRAFLORES","EMERGENCIA MEDICA",AMB-28,-12.1193706501085,-77.0292630259688
2016-005897,27-01-2016,"05:37:37 a.m.","  AV. TUPAC AMARU 1900       CARABAYLLO","EMERGENCIA MEDICA",AMB-28,-11.888757300996,-77.0250026139827
2016-005896,27-01-2016,"05:35:51 a.m.","INSTITUCIONAL OTROS CEMENTERIO PARQUE ECOLOGICO PNP. CAMPOSANTO SANTA ROSA DE LIMA            SAN JUAN DE MIRAFLORES",INCENDIO,"M120-1, M134-1",-12.1733468186879,-76.9831317396381
2016-005895,27-01-2016,"04:46:21 a.m.","HPSP VENTANILLA             ","EMERGENCIA MEDICA",AMB-75,,
2016-005894,27-01-2016,"04:38:39 a.m.","UR. EL ALAMO MZ K1 LOTE 13            COMAS","EMERGENCIA MEDICA",AMB-75,,
2016-005893,27-01-2016,"03:53:48 a.m.","AV. GUARDIA CIVIL NORTE (CAMINOS DEL INCA) CRUCE CON AV. LOS PROCERES SANTIAGO DE SURCO            SANTIAGO DE SURCO","MATERIALES PELIGROSOS (INCIDENTE)","AMB134-2, M120-1",-12.1584502310453,-76.9888237536037
2016-005892,27-01-2016,"03:16:55 a.m.","CARRETERAS - PANAMERICANAS PANAMERICANA NORTE 39.5            SANTA ROSA",INCENDIO,"AMB-75, M150-1, M163-2, M184-1, M75-1",-11.8002371999846,-77.138102389307
2016-005891,27-01-2016,"02:48:57 a.m.","  CL. CARLOS BONDY (SANTO TORIBIO) 400        PUEBLO LIBRE",INCENDIO,"AMB-100, M202-1, M36-1, M83-1",-12.0846401238566,-77.0660216083515
2016-005890,27-01-2016,"02:06:06 a.m.","MI PERU MZ  S 1 LT 5  JOSE OLAYA             VENTANILLA","EMERGENCIA MEDICA",AMB-75,,
2016-005889,27-01-2016,"02:02:43 a.m.","A.A.H.H. PROYECTO PILOTO PACHACUTEC MZ X LT  3            VENTANILLA","EMERGENCIA MEDICA",AMB-184,,
2016-005888,27-01-2016,"01:42:27 a.m.",,"EMERGENCIA MEDICA",AMB-14,-12.0590543367397,-77.0475971341487
2016-005887,27-01-2016,"12:45:50 a.m.","CALLE  ASOVI            ","EMERGENCIA MEDICA",AMB-80,,
2016-005886,27-01-2016,"12:38:24 a.m.","PANAMERICANA NORTE KM 200            BARRANCA","ACCIDENTE VEHICULAR",RES-73,,
2016-005885,27-01-2016,"12:36:01 a.m.","UR. MARIA AUXILIADORA MZ  C  LT 13            ","EMERGENCIA MEDICA",SAMU-120,-12.1638368114994,-76.9797878711024
2016-005884,27-01-2016,"12:33:45 a.m.","  CL. REMBRANDT 111        SAN BORJA","EMERGENCIA MEDICA",SAMU-127,-12.0885440972181,-76.9982429512385
2016-005883,27-01-2016,"12:33:04 a.m.","QUEPEPAMPA            ","ACCIDENTE VEHICULAR",AMB-44,,
2016-005882,27-01-2016,"12:21:55 a.m.","  CL. JOSE DE LA TORRE UGARTE 100        LA MOLINA","EMERGENCIA MEDICA",AMB-96,-12.0655760385206,-76.9465995535932
2016-005881,27-01-2016,"12:17:38 a.m.","  CL. JAVIER HERAUD (9) 147        MIRAFLORES","EMERGENCIA MEDICA",AMB-28,-12.1238596391636,-77.0058791041168
2016-005880,27-01-2016,"12:14:31 a.m.","  JR. TRUJILLO 300        RIMAC","EMERGENCIA MEDICA",SAMU-10,-12.0413429243652,-77.0294157646266
2016-005879,27-01-2016,"12:07:14 a.m.","UR. EL ALAMO N            CALLAO","MATERIALES PELIGROSOS (INCIDENTE)","AMB-161, M9-5",-11.9984084911614,-77.1102977401618
2016-005878,27-01-2016,"12:06:10 a.m.","  AV. GREGORIO ESCOBEDO (ORTIZ DE ZEVALLOS) 700        JESUS MARIA","EMERGENCIA MEDICA",AMB-202,-12.0869703090784,-77.0549548024959
2016-005877,27-01-2016,"12:04:49 a.m.","  JR. ALFONSO UGARTE 400        SANTIAGO DE SURCO","EMERGENCIA MEDICA",AMB-16,-12.1498064405287,-77.0161958393534
