ID,FECHA,HORA,DIRECCION,TIPO,UNIDADES,"CORDENADAS (lat)","CORDENADAS (lng)"
2016-047125,03-08-2016,"11:56:39 p.m.","  JR. PEDRO DAVALOS LISSON 141        LIMA","EMERGENCIA MEDICA",AMB-2,-12.051572415226,-77.0392894917582
2016-047124,03-08-2016,"11:42:27 p.m.","AH. LAURA CALLER IBERICO MZ 15 LT 15            LOS OLIVOS","EMERGENCIA MEDICA",AMB124-2,-11.9676262054347,-77.0782199755985
2016-047123,03-08-2016,"11:22:38 p.m.","  AV. FLOR DE AMANCAES 100        RIMAC","EMERGENCIA MEDICA",AMB-21,-12.0255929596817,-77.0335568115324
2016-047122,03-08-2016,"11:19:00 p.m.","CALLE   LOS  FLORIPONDIOS      MUSA              LA MOLINA","EMERGENCIA MEDICA",MED-96,,
2016-047121,03-08-2016,"11:18:22 p.m.","  AV. SAN BORJA NORTE (ENRIQUE GARCIA SAYAN) 910        SAN BORJA","EMERGENCIA MEDICA",AMB-11,-12.0932007012575,-76.9963693371971
2016-047120,03-08-2016,"11:08:35 p.m.",,"MATERIALES PELIGROSOS (INCIDENTE)","AMB124-2, M164-1",-11.905529215588,-77.0475760425272
2016-047119,03-08-2016,"11:02:47 p.m.","AV. FELIPE SANTIAGO SALAVERRY CRUCE CON AV. JAVIER PRADO OESTE SAN ISIDRO            SAN ISIDRO","EMERGENCIA MEDICA",AMB-100,-12.0952988393551,-77.0545146180162
2016-047118,03-08-2016,"11:01:17 p.m.",,"EMERGENCIA MEDICA",MED-202,-12.069605818703,-77.0494015717074
2016-047117,03-08-2016,"11:00:45 p.m.","CARRETERAS - PANAMERICANAS ANTIGUA PANAMERICANA SUR 34 Y MEDIO             LURIN","EMERGENCIA MEDICA",AMB-129,-12.2594035767086,-76.8855902232871
2016-047116,03-08-2016,"10:59:23 p.m.","  JR. AMAZONAS (OCHO DE OCTUBRE) 225        MAGDALENA DEL MAR","EMERGENCIA MEDICA",AMB-129,-12.0859573246564,-77.0654610785844
2016-047115,03-08-2016,"10:58:15 p.m.","CARRETERAS - PANAMERICANAS PANAMERICANA SUR 10.7            SAN JUAN DE MIRAFLORES","EMERGENCIA MEDICA",AMB-120,-12.1508690963727,-76.9834392665225
2016-047114,03-08-2016,"10:53:08 p.m.","  AV. CAQUETA 900        RIMAC","EMERGENCIA MEDICA",AMB-65-2,-12.0341388478802,-77.0436696235703
2016-047113,03-08-2016,"10:46:18 p.m.","  AV. BRASIL 3784       MAGDALENA DEL MAR","EMERGENCIA MEDICA",AMB-83,-12.0935418292875,-77.0691500736932
2016-047112,03-08-2016,"10:42:31 p.m.","  CL. PARACAS 333        PUEBLO LIBRE","EMERGENCIA MEDICA",AMB-36,-12.0720127278661,-77.0745639124333
2016-047111,03-08-2016,"10:25:41 p.m.","UR. CIUDAD DEL PESCADOR L            BELLAVISTA","EMERGENCIA MEDICA",AMB-7,-12.0566428479977,-77.1088219705287
2016-047110,03-08-2016,"10:09:21 p.m.","  AV. PEDRO VENTURO 400        SANTIAGO DE SURCO","EMERGENCIA MEDICA","AMB-11, AMB-120",-12.121766977743,-76.9928089470032
2016-047109,03-08-2016,"10:04:07 p.m.",,"EMERGENCIA MEDICA",AMB-32,,
2016-047108,03-08-2016,"09:58:55 p.m.","  PJ. EL ZODIACO 459        SANTIAGO DE SURCO","EMERGENCIA MEDICA",AMB-11,-12.1236609994838,-76.9879738515171
2016-047107,03-08-2016,"09:52:42 p.m.","UV. MODELO             CALLAO","EMERGENCIA MEDICA",AMB-11,,
2016-047106,03-08-2016,"09:48:26 p.m.","  AV. AREQUIPA 1500       LINCE","EMERGENCIA MEDICA",MED-202,-12.0802705516903,-77.0351483732524
2016-047105,03-08-2016,"09:48:12 p.m.","  AV. 15 DE JULIO LOTE 47 ZONA D HUAYCAN  000        ATE","EMERGENCIA MEDICA",AMB-115-2,-12.0218352467561,-76.825776688794
2016-047104,03-08-2016,"09:42:41 p.m.","  PJ. ALMAGRO 180        LA VICTORIA","EMERGENCIA MEDICA",AMB-4,-12.0641403011623,-77.0181330791978
2016-047103,03-08-2016,"09:38:13 p.m.","  CL. VENTURA CALAMAGUI 197        ","EMERGENCIA MEDICA",AMB-83,-12.0795413179954,-77.0869507416437
2016-047102,03-08-2016,"09:35:10 p.m.","JULIAN ARCE            MAGDALENA DEL MAR","EMERGENCIA MEDICA",AMB-36,,
2016-047101,03-08-2016,"09:31:22 p.m.","  CL. QUILLA  COOP.  HUANCAYO   155        EL AGUSTINO","EMERGENCIA MEDICA",AMB-176,-12.0311458805805,-77.0010186919582
2016-047101,03-08-2016,"09:31:22 p.m.","  CL. QUILLA  COOP.  HUANCAYO   155        EL AGUSTINO","EMERGENCIA MEDICA",AMB-176,-12.0311458805805,-77.0010186919582
2016-047100,03-08-2016,"09:22:17 p.m.","  CL. LOS ALHELIES  URB.   SANTA   ISABEL    351        CARABAYLLO","EMERGENCIA MEDICA",AMB-164,-11.8972955215613,-77.0363897217149
2016-047099,03-08-2016,"09:13:46 p.m.","  AV. DEL EJERCITO (AUGUSTO PEREZ ARANIBAR) 900        MIRAFLORES","EMERGENCIA MEDICA",AMB-100,-12.1127073149036,-77.0488851764038
2016-047098,03-08-2016,"09:11:52 p.m.","  AV. PASEO DE LA REPUBLICA 4500       SURQUILLO","EMERGENCIA MEDICA","AMB-11, AMB-28",-12.1108606217494,-77.0258121682078
2016-047097,03-08-2016,"09:11:08 p.m.","  AV. JOSE DE SAN MARTIN (JUAN JOSE LEURO) 430        MIRAFLORES",INCENDIO,M28-1,-12.1257557601594,-77.0299912999069
2016-047096,03-08-2016,"09:09:43 p.m.","  JR. HUARAZ (CHICLAYO) 370        SAN MARTIN DE PORRES","EMERGENCIA MEDICA",M28-1,,
2016-047095,03-08-2016,"09:06:46 p.m.","PARQUE  DE LOS PROCERES            BARRANCA",RESCATE,M28-1,,
2016-047094,03-08-2016,"09:04:50 p.m.","  JR. CARLOS ALAYZA Y ROEL (MIGUEL IGLESIAS) 2619       LINCE","EMERGENCIA MEDICA",M28-1,-12.0905024992319,-77.0355838891666
2016-047093,03-08-2016,"09:04:34 p.m.","UR. SANTA ANA K  LT 48            LOS OLIVOS","EMERGENCIA MEDICA",AMB124-2,-11.9509185607058,-77.0794692521085
2016-047092,03-08-2016,"08:51:40 p.m.","HUAYLAS 761        ","EMERGENCIA MEDICA",AMB124-2,,
2016-047091,03-08-2016,"08:46:21 p.m.","OV ZAPALLAL            ","EMERGENCIA MEDICA",AMB-150,,
2016-047090,03-08-2016,"08:45:18 p.m.","SANTIAGO CARDENAS  159        LA VICTORIA",RESCATE,M202-1,,
2016-047089,03-08-2016,"08:44:35 p.m.","  AV. EL SOL 1207       CHORRILLOS","EMERGENCIA MEDICA",AMB-6,-12.1776955686646,-76.9968422893814
2016-047088,03-08-2016,"08:42:34 p.m.","COMERCIAL SUPERMERCADO WONG            MIRAFLORES","EMERGENCIA MEDICA",AMB-28,-12.1107238288512,-77.0364605320546
2016-047087,03-08-2016,"08:33:34 p.m.","  CL. PAVAYACU 184        LA PERLA","EMERGENCIA MEDICA",AMB-7,-12.0706848394567,-77.116546048916
2016-047086,03-08-2016,"08:32:46 p.m.","UR. BENJAMIN DOIG ETAPA I J7            LA PERLA","EMERGENCIA MEDICA",AMB-7,,
2016-047085,03-08-2016,"08:30:41 p.m.",,"EMERGENCIA MEDICA",AMB-75,-11.8419892164356,-77.1468476313124
2016-047084,03-08-2016,"08:28:30 p.m.","UR. RENOVACION PALOMINO O LOTE 9            CALLAO","EMERGENCIA MEDICA",AMB-60,-12.0545016550276,-77.1159384308058
2016-047083,03-08-2016,"08:05:44 p.m.","  AV. COLONIAL (OSCAR R. BENAVIDES) 1700       CALLAO","EMERGENCIA MEDICA",AMB-60,,
2016-047082,03-08-2016,"08:01:18 p.m.","  AV. JAVIER LUNA PIZARRO 1000       ","EMERGENCIA MEDICA",AMB-4,-12.0709008463376,-77.0266995710677
2016-047081,03-08-2016,"07:58:04 p.m.","AS. VILLA ALEGRE             ","EMERGENCIA MEDICA","AMB-120, AMB-6",-12.1643692937054,-76.9895653917887
2016-047080,03-08-2016,"07:54:22 p.m.","  JR. CUZCO 385        LIMA","EMERGENCIA MEDICA",MED-202,-12.0504580685445,-77.0308427494272
2016-047079,03-08-2016,"07:52:37 p.m.","PANAMERICANA SUR 225            ",INCENDIO,MED-202,,
2016-047078,03-08-2016,"07:39:01 p.m.","  CL. EL TUPAC YAURI 558        SAN JUAN DE LURIGANCHO","EMERGENCIA MEDICA",AMB-176,-12.022819776733,-76.9976605811786
2016-047077,03-08-2016,"07:37:56 p.m.","JR. AMAZONAS 116        LIMA","EMERGENCIA MEDICA",AMB-21,-12.0449981116077,-77.0202572738569
2016-047076,03-08-2016,"07:30:19 p.m.","PLAYA HERMOZA             ANCON","EMERGENCIA MEDICA",AMB-21,,
2016-047075,03-08-2016,"07:18:31 p.m.","CL. MARTIN LUTHER KING CRUCE CON CL. BENITO JUAREZ SURQUILLO            SURQUILLO","EMERGENCIA MEDICA",AMB-11,-12.109093079336,-77.0126076848582
2016-047074,03-08-2016,"07:15:29 p.m.","MA. BALTA CRUCE CON AV. DIAGONAL (MARISCAL OSCAR BENAVIDES) MIRAFLORES            MIRAFLORES",INCENDIO,M28-1,-12.1243738531806,-77.0331025055423
2016-047073,03-08-2016,"07:13:24 p.m.","AV. CANTA CALLAO CRUCE CON AV. ELMER FAUCETT CALLAO            CALLAO","EMERGENCIA MEDICA",AMB-9,-12.00088393489,-77.1167458469473
2016-047072,03-08-2016,"07:12:45 p.m.","  AV. LA MARINA 3400       SAN MIGUEL","EMERGENCIA MEDICA",AMB-9,-12.0729529565559,-77.102234733596
2016-047071,03-08-2016,"07:11:04 p.m.","  AV. LA MARINA 3400       SAN MIGUEL","EMERGENCIA MEDICA",AMB-60,-12.0729529565559,-77.102234733596
2016-047070,03-08-2016,"07:00:41 p.m.","AVIACION  3900       ","SERVICIO ESPECIAL",AMB-60,,
2016-047069,03-08-2016,"06:52:26 p.m.","  CL. PORTUGUES 165        RIMAC","EMERGENCIA MEDICA",AMB-176,-12.0344858738775,-77.026597052617
2016-047068,03-08-2016,"06:51:03 p.m.","AV. SANTIAGO DE SURCO (TOMAS MARSANO) CRUCE CON AV. SURCO SANTIAGO DE SURCO            SANTIAGO DE SURCO",INCENDIO,"AMB-120, M120-1, M134-1",-12.1393058524895,-76.9938760770652
2016-047067,03-08-2016,"06:44:08 p.m.","  JR. ABRAHAM VALDELOMAR 510        COMAS","EMERGENCIA MEDICA",AMB-168,-11.934564284839,-77.0446416173082
2016-047066,03-08-2016,"06:33:48 p.m.","JR. JUNIN CRUCE CON JR. ANDAHUAYLAS LIMA            LIMA","EMERGENCIA MEDICA",AMB-168,-12.0489221149139,-77.0247264749096
2016-047065,03-08-2016,"06:21:49 p.m.","  AV LAS GAVIOTAS MZ A LT 17-B// CL LOS ZUNGAROS CDRA 5 300        CHORRILLOS","EMERGENCIA MEDICA",AMB-168,-12.1810018220773,-77.0118040291868
2016-047064,03-08-2016,"06:21:03 p.m.","  PJ. YAUCA 118        LIMA","EMERGENCIA MEDICA",AMB-168,-12.03894875819,-77.0491285734789
2016-047063,03-08-2016,"06:16:51 p.m.","UR. SANTA BEATRIZ R LOTE  21            CALLAO","EMERGENCIA MEDICA",AMB-9,-11.9911148552594,-77.1266787080287
2016-047062,03-08-2016,"06:16:35 p.m.","MALENCON GRAU            ",RESCATE,AMB-9,,
2016-047061,03-08-2016,"06:13:00 p.m.","AV. ALFREDO MENDIOLA (PANAMERICANA NORTE) 6821       LOS OLIVOS","EMERGENCIA MEDICA",AMB-124,-11.9431128811592,-77.0711911233427
2016-047060,03-08-2016,"06:04:12 p.m.","UR. RENOVACION PALOMINO  MAZ J LOTE 9            ","EMERGENCIA MEDICA",MED-34,,
2016-047059,03-08-2016,"05:57:57 p.m.","FAUSTINO SANCHEZ CARRION            ","EMERGENCIA MEDICA",AMB-168,,
2016-047058,03-08-2016,"05:54:24 p.m.","  AV. VIRREY LA SERNA 529        LA VICTORIA","EMERGENCIA MEDICA",AMB-176,-12.0645047814349,-77.0056160649472
2016-047057,03-08-2016,"05:53:53 p.m.","CARRETERAS - PANAMERICANAS PANAMERICANA NORTE 36.06            PUENTE PIEDRA","ACCIDENTE VEHICULAR","AMB-150, M150-1, M184-1",-11.8290757774332,-77.1190204518724
2016-047056,03-08-2016,"05:53:23 p.m.","  JR. HUANUCO 3059       SAN MARTIN DE PORRES","EMERGENCIA MEDICA",AMB-161,-12.0300820882363,-77.0790318401476
2016-047055,03-08-2016,"05:50:53 p.m.","AV. LAS 200 MILLAS CRUCE CON AV. EDILBERTO RAMOS (MARIANO PASTOR SEVILLA) (FORESTAL) VILLA EL SALVADOR            VILLA EL SALVADOR","EMERGENCIA MEDICA",AMB-155,-12.2353438913838,-76.9351400467019
2016-047054,03-08-2016,"05:47:32 p.m.","  PJ. SAN MARTIN MZ G1 LOTE 5 AA.HH JULIO C. TELLO 000        LURIN","EMERGENCIA MEDICA",AMB-129,-12.2512366824247,-76.8954939362553
2016-047053,03-08-2016,"05:35:54 p.m.","  CL. EL PACIFICO 508            COMAS","EMERGENCIA MEDICA",AMB-124,-11.9055288038237,-77.0350706297547
2016-047052,03-08-2016,"05:34:34 p.m.","AV. FRAY BARTOLOME DE LAS CASAS CRUCE CON AV. TUPAC AMARU (GERARDO UNGER) SAN MARTIN DE PORRES            SAN MARTIN DE PORRES","ACCIDENTE VEHICULAR","AMB-65-2, M65-1",-12.0108449452824,-77.0532642573323
2016-047051,03-08-2016,"05:28:56 p.m.","MERCADO SANTO DOMINGO            ","EMERGENCIA MEDICA",RES-193,,
2016-047050,03-08-2016,"05:28:32 p.m.","HUARAL 10.31 ANCON            HUARAL","EMERGENCIA MEDICA",AMB-44,,
2016-047049,03-08-2016,"05:26:49 p.m.","  JR. ALBERTO SECADA 419        CALLAO","EMERGENCIA MEDICA",AMB-1,-12.0632958523477,-77.1433719971173
2016-047048,03-08-2016,"05:24:57 p.m.","PANAMERICANA NORTE             ","EMERGENCIA MEDICA",AMB-150,,
2016-047047,03-08-2016,"05:20:18 p.m.","AV. GENERAL MIGUEL IGLESIAS CRUCE CON PR. BILLINGHURST SAN JUAN DE MIRAFLORES            SAN JUAN DE MIRAFLORES",INCENDIO,AMB-150,-12.163558510117,-76.9600605246019
2016-047046,03-08-2016,"05:14:46 p.m.","  JR. JASPAMPA MAZ A LOTE 13 100        CALLAO","EMERGENCIA MEDICA",AMB-9,-12.0500195485911,-77.1014117524662
2016-047045,03-08-2016,"05:05:07 p.m.","CARRETERAS - PANAMERICANAS CARRETERA CENTRAL 4            ATE","EMERGENCIA MEDICA",MED-96,-12.0445327759711,-76.9395711809102
2016-047044,03-08-2016,"05:01:21 p.m.","  JR. PEDRO TORRES MALARIN 399        PUEBLO LIBRE","EMERGENCIA MEDICA",AMB-100,-12.0805730999084,-77.0685999294158
2016-047043,03-08-2016,"04:56:40 p.m.","LUNAHUANA            LUNAHUANA",INCENDIO,AMB-100,,
2016-047042,03-08-2016,"04:56:25 p.m.","  AV. 2 DE MAYO 500        CALLAO","EMERGENCIA MEDICA",MED-15,-12.0569270541536,-77.1424030986915
2016-047041,03-08-2016,"04:45:23 p.m.",,"MATERIALES PELIGROSOS (INCIDENTE)","AMB-124, M124-1",-11.9566268414501,-77.0500726230143
2016-047040,03-08-2016,"04:44:21 p.m.","  AL. DE LOS ABANICOS 101        CHORRILLOS","EMERGENCIA MEDICA",AMB-6,-12.213246331893,-77.0111480216664
2016-047039,03-08-2016,"04:38:55 p.m.","  JR. CARLOS AGUIRRE (11) 155        SANTIAGO DE SURCO","EMERGENCIA MEDICA",AMB-120,-12.1419207084523,-76.989760272966
2016-047038,03-08-2016,"04:35:52 p.m.","  PR. LUCANAS (PARINACOCHAS) 931        LA VICTORIA","EMERGENCIA MEDICA",AMB-4,-12.0684500460778,-77.0180219144673
2016-047037,03-08-2016,"04:28:43 p.m.","PANMERICANA NORTE            ","EMERGENCIA MEDICA",MED-80,,
2016-047036,03-08-2016,"04:26:51 p.m.","  AV. AVIACION 3300       SAN BORJA","ACCIDENTE VEHICULAR","M11-1, M28-1, MED-202",-12.1047638136392,-77.0010344447942
2016-047035,03-08-2016,"04:25:40 p.m.","  CL. CESAR VALLEJO (9) (12) 495        SANTA ANITA","ACCIDENTE VEHICULAR","AMB-176, M138-1",-12.0445531883684,-76.9780873373694
2016-047034,03-08-2016,"04:16:26 p.m.","CENTRO POBLADO  VINCHAS            AYACUCHO",INCENDIO,M63-1,,
2016-047033,03-08-2016,"04:16:22 p.m.","CARRETERAS - PANAMERICANAS CARRETERA CENTRAL 13.5            ATE","EMERGENCIA MEDICA",M63-1,-12.0087565732438,-76.8630691514878
2016-047032,03-08-2016,"04:15:04 p.m.","  AV. ALFREDO BENAVIDES 1000       SANTIAGO DE SURCO","EMERGENCIA MEDICA","AMB-120, M120-1",-12.1277620229851,-76.9875264223085
2016-047031,03-08-2016,"04:09:48 p.m.","  PJ. SAN LUIS (AYLLON) 160        LINCE","EMERGENCIA MEDICA",AMB-4,-12.0883503883764,-77.0378390919541
2016-047030,03-08-2016,"04:08:38 p.m.",,INCENDIO,"AUX-32, M121-1",,
2016-047029,03-08-2016,"04:04:48 p.m.","AV. AYACUCHO (HOJA REDONDA) CRUCE CON AV. SANTIAGO DE SURCO (TOMAS MARSANO) SANTIAGO DE SURCO            SANTIAGO DE SURCO","EMERGENCIA MEDICA","AMB-6, AMB6-2",-12.1347390821946,-76.9971274807802
2016-047028,03-08-2016,"04:03:02 p.m.","  CL. PABLO NERUDA (19) 116        LA MOLINA",INCENDIO,"AMB-6, AMB6-2",-12.063826317056,-76.9437133637056
2016-047027,03-08-2016,"04:02:44 p.m.","  CL. PABLO NERUDA (19) 100        LA MOLINA","MATERIALES PELIGROSOS (INCIDENTE)","M11-1, M96-1, MED-96",,
2016-047026,03-08-2016,"04:00:44 p.m.","  JR. LOS MIRABLES (I) 923        SAN JUAN DE LURIGANCHO","EMERGENCIA MEDICA","M11-1, M96-1, MED-96",,
2016-047025,03-08-2016,"03:57:44 p.m.","MANUEL CISNEROS 600        LA VICTORIA",INCENDIO,"M11-1, M96-1, MED-96",,
2016-047024,03-08-2016,"03:42:56 p.m.","  CL. JOSE DIAZ 194        LIMA","EMERGENCIA MEDICA",MED-202,-12.0662614714648,-77.0346188093546
2016-047023,03-08-2016,"03:38:14 p.m.","  JR. CHIMBORAZO 2007       SAN MARTIN DE PORRES","EMERGENCIA MEDICA",AMB-161,-12.0285617975159,-77.0671455660977
2016-047022,03-08-2016,"03:35:15 p.m.","HOSP.  CAYETANO  HEREDIA  TRASLAD. FAM. DE EFECT. DE B-44            SAN MARTIN DE PORRES","EMERGENCIA MEDICA",AMB-163,,
2016-047021,03-08-2016,"03:34:46 p.m.","CARRETERAS - PANAMERICANAS AV TUPAC AMARU 11            COMAS",INCENDIO,AMB-163,-11.9529372424463,-77.0513854616688
2016-047020,03-08-2016,"03:32:39 p.m.","PARQUE  ALTO            LURIGANCHO","EMERGENCIA MEDICA",AMB-32,,
2016-047019,03-08-2016,"03:18:40 p.m.","  JR. TENIENTE CORONEL MELCHOR FRISANCHO URB. VILLA ALEGRE (2) MZC LOTE 6 000        SANTIAGO DE SURCO","EMERGENCIA MEDICA",AMB-120,-12.1644577024484,-76.9917779511202
2016-047018,03-08-2016,"03:15:39 p.m.","AV. FRANCISCO TUDELA Y VARELA (NICOLAS DE PIEROLA) CRUCE CON AV. MARISCAL ANTONIO JOSE DE SUCRE MIRAFLORES            MIRAFLORES","ACCIDENTE VEHICULAR","AMB-4, M28-1, RES-100",-12.1100727955827,-77.0422096154806
2016-047017,03-08-2016,"03:15:04 p.m.","  AV. TUPAC AMARU (GERARDO UNGER) 3200       INDEPENDENCIA","EMERGENCIA MEDICA","AMB-4, M28-1, RES-100",-12.0002593788431,-77.0552108708045
2016-047016,03-08-2016,"03:02:24 p.m.","CARRETERAS - PANAMERICANAS CARRETERA CENTRAL 38            LURIGANCHO",INCENDIO,"AUX-32, M121-1",-11.9229215109217,-76.6624923731752
2016-047015,03-08-2016,"02:56:05 p.m.","  JR. CORONEL DOMINGO CUETO 120        JESUS MARIA","EMERGENCIA MEDICA","AUX-32, M121-1",-12.0798733522135,-77.0365630442844
2016-047014,03-08-2016,"02:55:49 p.m.",,"EMERGENCIA MEDICA",AMB124-2,-11.9588838372405,-77.0434716123426
2016-047013,03-08-2016,"02:45:45 p.m.","CL. LAS AGATAS CRUCE CON CL. ESTIBINA LOS OLIVOS            LOS OLIVOS","EMERGENCIA MEDICA",AMB-65-2,-11.9898602417667,-77.0794466062915
2016-047012,03-08-2016,"02:43:58 p.m.","  CL. TEMPLO DE LA LUNA (CUTIMPU) 400        SAN JUAN DE LURIGANCHO","EMERGENCIA MEDICA",AMB-65-2,-12.0174565146012,-76.9866487979385
2016-047011,03-08-2016,"02:42:26 p.m.","BEATITA DE HUMAY            ","EMERGENCIA MEDICA",AMB-37,,
2016-047010,03-08-2016,"02:41:55 p.m.","  AV. CIRCUNVALACION (VIA DE EVITAMIENTO) 000        EL AGUSTINO","ACCIDENTE VEHICULAR","M2-1, M3-1",-12.0294385227639,-76.9990185288913
2016-047009,03-08-2016,"02:37:38 p.m.","AV. UNIVERSITARIA (BAQUIJANO Y CARRILLO) CRUCE CON AV. REPUBLICA ARGENTINA CALLAO            CALLAO","ACCIDENTE VEHICULAR","AMB-1, AMB-10, M60-1, M60-5",-12.0468928529147,-77.0768794020675
2016-047008,03-08-2016,"02:34:41 p.m.","  AV. JOSE PARDO 651        MIRAFLORES",INCENDIO,M28-1,-12.1190043175195,-77.0352725659605
2016-047007,03-08-2016,"02:21:27 p.m.","GENERAL CANTERAC            ","EMERGENCIA MEDICA",M28-1,,
2016-047006,03-08-2016,"02:03:37 p.m.","VENZUELA FRENTE CIUDAD DEL PESCADOR            ","EMERGENCIA MEDICA",M28-1,,
2016-047005,03-08-2016,"02:00:40 p.m.","colegio rosales            ","EMERGENCIA MEDICA",M28-1,,
2016-047004,03-08-2016,"01:57:21 p.m.","PR. DEFENSORES DEL MORRO (HUAYLAS) CRUCE CON AV. ALAMEDA LOS HORIZONTES CHORRILLOS            CHORRILLOS","EMERGENCIA MEDICA",AMB-6,-12.1974468321198,-76.9993445088282
2016-047003,03-08-2016,"01:07:17 p.m.","  AV. SAN LUIS 265        LA VICTORIA","EMERGENCIA MEDICA",AMB-4,-12.0689667727712,-77.0051345548672
2016-047002,03-08-2016,"01:03:37 p.m.","  AV. JOSE PARDO 486        MIRAFLORES","EMERGENCIA MEDICA",AMB-28,-12.1190303223915,-77.0329845833935
2016-047001,03-08-2016,"12:56:14 p.m.","AV. BUENOS AIRES (MIGUEL GRAU) 1800       BELLAVISTA","ACCIDENTE VEHICULAR","AMB-1, M18-5, M7-1",-12.0597432875616,-77.1273123693096
2016-047000,03-08-2016,"12:50:06 p.m.","  AV. JAVIER PRADO ESTE 4600       SANTIAGO DE SURCO","EMERGENCIA MEDICA",AMB-11,-12.083675499276,-76.970342776819
2016-046999,03-08-2016,"12:49:38 p.m.","AV. DEL MAESTRO PERUANO CRUCE CON AV. METROPOLITANA COMAS            COMAS","ACCIDENTE VEHICULAR","AMB-10, M65-1",-11.9647377140643,-77.0619195402824
2016-046998,03-08-2016,"12:39:38 p.m.","  AV. GABRIEL TORRES PAZ 468        SAN JUAN DE MIRAFLORES",INCENDIO,M120-1,-12.1482093632092,-76.9737280905061
2016-046997,03-08-2016,"12:33:32 p.m.","  AV. EMANCIPACION (AREQUIPA) 549        LIMA","EMERGENCIA MEDICA",MED-202,-12.0460580990559,-77.0379903092397
2016-046996,03-08-2016,"12:28:03 p.m.","  CL. JUSTO PASTOR BRAVO 107        SAN MARTIN DE PORRES","EMERGENCIA MEDICA",AMB-65-2,-12.0343191275881,-77.0448158826077
2016-046995,03-08-2016,"12:15:56 p.m.","PLANTA  ALICOR             HUARAL",INCENDIO,"M44-1, MED-80",,
2016-046994,03-08-2016,"12:07:53 p.m.","  AV. 13 DE ENERO (LIMA) 2650       SAN JUAN DE LURIGANCHO",INCENDIO,"AMB-21, CIS-IV, M121-1, M138-1, M21-1",-11.9874696909169,-77.0037287180643
2016-046993,03-08-2016,"12:05:57 p.m.","  AV. 13 DE ENERO (LIMA) 2600       SAN JUAN DE LURIGANCHO",INCENDIO,"AMB-21, CIS-IV, M121-1, M138-1, M21-1",-11.9874696909169,-77.0037287180643
2016-046992,03-08-2016,"12:01:55 p.m.","JR. PEDRO HERAUD (MONTERO BERNALES) CRUCE CON AV. LIMA (LA VICTORIA) BARRANCO            BARRANCO","EMERGENCIA MEDICA",AMB-6,-12.1419338396991,-77.0137795115566
2016-046991,03-08-2016,"11:58:53 a.m.","  AV. NAZARET  PAMPLONA ALTA  000        SAN JUAN DE MIRAFLORES",RESCATE,"AMB-11, AUX-16, M11-1, M6-1",-12.1330243862241,-76.9551205652217
2016-046990,03-08-2016,"11:54:06 a.m.","AV. EDILBERTO RAMOS (MARIANO PASTOR SEVILLA) (FORESTAL) CRUCE CON AV. EL SOL VILLA EL SALVADOR            VILLA EL SALVADOR","ACCIDENTE VEHICULAR","M120-1, M134-1",-12.2054918438711,-76.9532802956547
2016-046989,03-08-2016,"11:52:31 a.m.","  AV. EDUARDO DE HABICH 200        SAN MARTIN DE PORRES",INCENDIO,"M10-1, M21-1, RES-21",-12.0253031018655,-77.0526599557756
2016-046988,03-08-2016,"11:43:35 a.m.","UR. MARISCAL RAMON CASTILLA R2            CALLAO",INCENDIO,"AMB-1, AMB-65-2, CIST-184, M14-1, M5-1, M60-1, M7-5",-12.0392001356948,-77.1243881689473
2016-046987,03-08-2016,"11:38:56 a.m.","AV VICTOR RAUL CDRA 1             VENTANILLA","EMERGENCIA MEDICA",AMB-184,,
2016-046986,03-08-2016,"11:38:01 a.m.","RANCHERIA HUANDO            HUARAL","EMERGENCIA MEDICA",AMB-44,,
2016-046985,03-08-2016,"11:15:20 a.m.","  CL. ROBERTO THORNDIKE 1423       LIMA","EMERGENCIA MEDICA",AMB-44,-12.0554987942291,-77.0690976464614
2016-046984,03-08-2016,"11:05:21 a.m.","  AV. ARICA 800        SAN MIGUEL","EMERGENCIA MEDICA",AMB-100,-12.0896188357693,-77.082609061469
2016-046983,03-08-2016,"10:56:35 a.m.","  PJ. LAS PALMERAS 150        SAN MIGUEL","MATERIALES PELIGROSOS (INCIDENTE)","AMB-100, AMB-6, M14-1, M36-1, M83-1",-12.0894338064776,-77.0857855848163
2016-046982,03-08-2016,"10:56:01 a.m.","JR. AUGUSTO WIESE (CARABAYA) CRUCE CON JR. PUNO LIMA            LIMA","EMERGENCIA MEDICA",MED-202,-12.0505263069919,-77.0330345861945
2016-046981,03-08-2016,"10:39:47 a.m.","URB PALOMINO  BOCK LL INFRESO 1  DPTO 10            LIMA","EMERGENCIA MEDICA",AMB-14,,
2016-046980,03-08-2016,"10:29:01 a.m.","CENTRO DE  SALUD MALA             MALA","EMERGENCIA MEDICA",AMB-111,,
2016-046979,03-08-2016,"10:26:12 a.m.","JR. LOMA UMBROSA CRUCE CON AV. CAMINOS DEL INCA SANTIAGO DE SURCO            ","EMERGENCIA MEDICA",AMB-11,-12.1402220013148,-76.9846804393965
2016-046978,03-08-2016,"10:23:31 a.m.","ARENALEES    1686       LINCE","EMERGENCIA MEDICA",AMB-28,,
2016-046977,03-08-2016,"10:19:07 a.m.","  AV. LOS ALISOS 1200       LOS OLIVOS","EMERGENCIA MEDICA",AMB-28,-11.9830569232761,-77.0793627423028
2016-046976,03-08-2016,"10:07:46 a.m.","UV. SANTA MARINA SUR BLOCK 7            CALLAO","MATERIALES PELIGROSOS (INCIDENTE)",AMB-28,,
2016-046975,03-08-2016,"10:06:28 a.m.","UV. SANTA MARINA SUR BLOCK 7            CALLAO","MATERIALES PELIGROSOS (INCIDENTE)",AMB-28,,
2016-046974,03-08-2016,"10:06:08 a.m.","  PJ. PIZARRO 103        LA VICTORIA",INCENDIO,"AMB-14, M10-1, M4-1, RESLIG-4",-12.0635618361183,-77.0182020499904
2016-046973,03-08-2016,"09:40:39 a.m.","SAN FERNANDO ALTO              LURIGANCHO",RESCATE,"AMB-14, M10-1, M4-1, RESLIG-4",,
2016-046972,03-08-2016,"09:35:22 a.m.","RECREACION PARQUE ZONAL MAYTA CAPAC            SAN MARTIN DE PORRES","SERVICIO ESPECIAL",AMB-161,-12.0094538217504,-77.0848414398749
2016-046971,03-08-2016,"09:31:53 a.m.","SECTOR 12 NOV. MZI4  PAMPLONA ALTA            SAN JUAN DE MIRAFLORES","EMERGENCIA MEDICA",AMB-161,,
2016-046970,03-08-2016,"09:27:08 a.m.","  AV. MARTIR JOSE OLAYA 616        CHORRILLOS","MATERIALES PELIGROSOS (INCIDENTE)",AMB6-2,-12.1683423305424,-77.0268520331154
2016-046969,03-08-2016,"09:21:04 a.m.","CARRETERAS - PANAMERICANAS PANAMERICANA SUR 56.6            PUCUSANA","ACCIDENTE VEHICULAR","AMB-125, AMB-133, M111-1",-12.4498146297232,-76.7555835512669
2016-046968,03-08-2016,"09:11:46 a.m.","COMPLEJO DEPORTIVO MARCELINO CAICHO            EL AGUSTINO","SERVICIO ESPECIAL","AMB-125, AMB-133, M111-1",,
2016-046967,03-08-2016,"09:05:33 a.m.","  PR. AYACUCHO (ISABEL CHIMPU OCLLO) 529        SAN MIGUEL","EMERGENCIA MEDICA",AMB-83,-12.0841644894706,-77.0774148681312
2016-046966,03-08-2016,"08:49:45 a.m.","  AV. LIMA (LA VICTORIA) 327        BARRANCO","EMERGENCIA MEDICA",AMB-83,,
2016-046965,03-08-2016,"08:46:43 a.m.","AH. BUENOS AIRES DE VILLA MZ 72 LOTE 38            CHORRILLOS","EMERGENCIA MEDICA",AMB6-2,-12.1869642185887,-76.9968815266824
2016-046964,03-08-2016,"08:29:01 a.m.","  AV. AURELIO MIROQUESADA (EL GOLF) 260        SAN ISIDRO",INCENDIO,"AMB-100, M202-1, M4-1",-12.0999198696053,-77.041766171587
2016-046963,03-08-2016,"08:11:16 a.m.","  AV. ANGELICA GAMARRA 1400       LOS OLIVOS","EMERGENCIA MEDICA",AMB-161,-12.0061018244516,-77.0761611340275
2016-046962,03-08-2016,"08:00:42 a.m.","  PR. AYACUCHO (ISABEL CHIMPU OCLLO) 529        SAN MIGUEL","EMERGENCIA MEDICA",AMB-100,-12.0841644894706,-77.0774148681312
2016-046961,03-08-2016,"07:58:42 a.m.","HOYOS RUBOS             RIMAC","SERVICIO ESPECIAL",AMB-100,,
2016-046960,03-08-2016,"07:39:22 a.m.","  JR. SANTA ROSA 760        COMAS","EMERGENCIA MEDICA",AMB124-2,-11.9549961817966,-77.050063445444
2016-046959,03-08-2016,"07:37:35 a.m.","DOMICILIO  3.03 PALOMARES            ","EMERGENCIA MEDICA",AMB-7,,
2016-046958,03-08-2016,"07:30:18 a.m.","AV. REPUBLICA DE PANAMA CRUCE CON CL. PORTOCARRERO (CASTROVIRREYNA) SURQUILLO            SURQUILLO","EMERGENCIA MEDICA",AMB-16,-12.1078428146825,-77.0186275890635
2016-046957,03-08-2016,"07:21:10 a.m.","  CL. LAS BEGONIAS 2713       LINCE","EMERGENCIA MEDICA",AMB-16,-12.0897993920422,-77.0248736193964
2016-046956,03-08-2016,"06:59:25 a.m.","  AV. SUCRE (INDEPENDENCIA) 385        MAGDALENA DEL MAR","EMERGENCIA MEDICA",AMB-16,-12.0958917965623,-77.0719980420769
2016-046955,03-08-2016,"06:39:22 a.m.",,"EMERGENCIA MEDICA",AMB-11,-12.1058552258882,-77.0055292665833
2016-046954,03-08-2016,"06:33:27 a.m.","  JR. SANDIA 466        LIMA","EMERGENCIA MEDICA",AMB-14,-12.0588361221211,-77.0329904887018
2016-046953,03-08-2016,"06:20:11 a.m.","JR. ANCASH CRUCE CON JR. HUANTA LIMA            LIMA","ACCIDENTE VEHICULAR","AMB-10, M21-1, RES-21",-12.0476571744709,-77.0217182634009
2016-046952,03-08-2016,"06:11:15 a.m.","  CL. LAS CALENDULAS (AMAPOLAS) 1180       SAN JUAN DE LURIGANCHO","EMERGENCIA MEDICA",AMB-2,-12.010127891702,-77.0117329581696
2016-046951,03-08-2016,"05:52:36 a.m.","EXPANSION URBANA ANA JARA             ",INCENDIO,M22-1,,
2016-046950,03-08-2016,"05:31:56 a.m.","CARRETERAS - PANAMERICANAS PANAMERICANA SUR 8.1            SANTIAGO DE SURCO","ACCIDENTE VEHICULAR","AMB-11, AMB-120, M134-1, RES-134",-12.128356439474,-76.9771144822164
2016-046949,03-08-2016,"04:51:47 a.m.","  CL. CAMILO BLAS (36) 408        SURQUILLO","EMERGENCIA MEDICA",AMB-11,-12.113392885348,-76.9983119990324
2016-046948,03-08-2016,"04:42:21 a.m.",,"EMERGENCIA MEDICA",AMB-16,-12.1494689716624,-77.012139398664
2016-046947,03-08-2016,"03:55:41 a.m.","UR. AMPLIACION LAS CASUARINAS MZ A LT 3            SAN MARTIN DE PORRES",INCENDIO,"AMB124-2, M124-1, M161-1",-11.9693931584293,-77.0910304376509
2016-046946,03-08-2016,"03:33:39 a.m.","  PR. FLOR DE AMANCAES            RIMAC",INCENDIO,"AMB-10, M2-1, M21-1, RES-21",-12.0065136975867,-77.0370792543338
2016-046945,03-08-2016,"03:31:14 a.m.","CO. ALBINO HERRERA             CALLAO","EMERGENCIA MEDICA",AMB-9,-12.0082331343976,-77.101270484536
2016-046944,03-08-2016,"03:29:07 a.m.","  JR. AGUA SANTA 300        CALLAO","EMERGENCIA MEDICA",AMB-60,-12.0513253506981,-77.0991370123589
2016-046943,03-08-2016,"03:05:21 a.m.","  AV. ALFREDO BENAVIDES 2000       MIRAFLORES","ACCIDENTE VEHICULAR","AMB-28, M28-1, RES-28",-12.1274671867408,-77.0110023432985
2016-046942,03-08-2016,"03:00:37 a.m.","  AV. SALAVERRY 2400       JESUS MARIA","EMERGENCIA MEDICA",MED-202,-12.0908682182495,-77.0522366767096
2016-046941,03-08-2016,"02:49:56 a.m.","MALECON  MZ. A-1   LOTE 1            LURIN","EMERGENCIA MEDICA",MED-202,,
2016-046940,03-08-2016,"02:25:41 a.m.","  CL. PEDRO UNANUE 312        SAN MARTIN DE PORRES","EMERGENCIA MEDICA",AMB-161,-12.008309740669,-77.0845786121084
2016-046939,03-08-2016,"02:12:18 a.m.","  AV. JACARANDA URB LA ESTACION MZT104 000        LURIN",INCENDIO,M129-1,,
2016-046938,03-08-2016,"01:44:39 a.m.","  CL. JOSE CARLOS MARIATEGUI (MAYTA CAPAC) 1200       VILLA MARIA DEL TRIUNFO","EMERGENCIA MEDICA",AMB-120,-12.1720958391551,-76.9498675624205
2016-046937,03-08-2016,"01:25:15 a.m.","  JR. GARCILAZO DE LA VEGA 1638       LINCE","EMERGENCIA MEDICA",MED-202,-12.0820838483881,-77.0409185667885
2016-046936,03-08-2016,"01:18:46 a.m."," PANAMERICANA SUR ANTIGUA ALT. PUNTA ROCAS                                PUNTA NEGRA",INCENDIO,"AMB-125, M125-1",,
2016-046935,03-08-2016,"01:03:24 a.m.","  CL. FRANCISCO BOLOGNESI 152        VILLA MARIA DEL TRIUNFO","EMERGENCIA MEDICA",AMB-106,-12.1595022306188,-76.9545520633596
2016-046934,03-08-2016,"12:43:34 a.m.","CARRETERAS - PANAMERICANAS CARRETERA CENTRAL 34            LURIGANCHO","MATERIALES PELIGROSOS (INCIDENTE)",AUX-32,,
2016-046933,03-08-2016,"12:40:26 a.m.","PANAMERICANA  SUR KM 303             ICA","ACCIDENTE VEHICULAR",M22-1,,
2016-046932,03-08-2016,"12:31:39 a.m.","  CL. EL PACIFICO 508        COMAS","EMERGENCIA MEDICA",AMB-164,-11.9032983367407,-77.0365443728084
2016-046931,03-08-2016,"12:31:38 a.m.","UR. PEDRO RUIZ GALLO K LTE 16            CALLAO","EMERGENCIA MEDICA",AMB-60,-12.0511200894082,-77.1039258051341
2016-046930,03-08-2016,"12:30:31 a.m.","PROCESADORA RETEX            HUARAL","EMERGENCIA MEDICA",AMB-44,,
2016-046929,03-08-2016,"12:26:44 a.m.","TERRAZAS DE LURIN             LURIN","EMERGENCIA MEDICA",AMB-44,,
2016-046928,03-08-2016,"12:14:56 a.m.","  CL. BARRENECHEA 210        SAN MARTIN DE PORRES","MATERIALES PELIGROSOS (INCIDENTE)","AMB-161, M9-5",-12.025639579594,-77.0818424696578
2016-046927,03-08-2016,"12:03:52 a.m.","  JR. VICENTE ANGULO 328        COMAS","EMERGENCIA MEDICA",AMB124-2,-11.9475892891749,-77.0632121265457
2016-046926,03-08-2016,"12:02:57 a.m.","  CL. LA ENSENADA (O) 174        LA MOLINA",INCENDIO,M127-1,-12.1009868186347,-76.950285840553
