ID,FECHA,HORA,DIRECCION,TIPO,UNIDADES,"CORDENADAS (lat)","CORDENADAS (lng)"
2016-040903,02-07-2016,"11:58:37 p.m.","PANAMERICANA SUR             SAN VICENTE DE CANETE","ACCIDENTE VEHICULAR",RES-49,,
2016-040902,02-07-2016,"11:49:06 p.m.","PARQUE DEL AMOR             ICA","EMERGENCIA MEDICA",AMB-22,,
2016-040901,02-07-2016,"11:45:57 p.m.","  JR. TITICACA 112        CALLAO","EMERGENCIA MEDICA",AMB-1,-12.0636987049684,-77.1531677637062
2016-040900,02-07-2016,"11:36:21 p.m.","JR. INCLAN (ALONSO RIQUELME) CRUCE CON JR. VICTOR LARCO HERRERA MAGDALENA DEL MAR            MAGDALENA DEL MAR",INCENDIO,"AMB-36, M36-1, M83-1, RES-36",-12.0945088847657,-77.068104651694
2016-040899,02-07-2016,"11:27:33 p.m.","  CL. JORGE CHAVEZ (20) 000        SAN JUAN DE MIRAFLORES","EMERGENCIA MEDICA",AMB134,-12.1782122945274,-76.964690439462
2016-040898,02-07-2016,"11:25:54 p.m.","AV. CORONEL NESTOR GAMBETA (EL EMISOR) KM 3.5 000        CALLAO","EMERGENCIA MEDICA",AMB134,,
2016-040897,02-07-2016,"11:19:43 p.m.","AS. EL PARAISO D  LT 12            PUENTE PIEDRA","EMERGENCIA MEDICA",AMB-207,-11.8498449548237,-77.0946708528357
2016-040896,02-07-2016,"11:19:17 p.m.","ALAMEDA DE ATE MZ  A  LT 6              ATE","EMERGENCIA MEDICA",AMB-138,,
2016-040895,02-07-2016,"11:07:32 p.m.","CL. LA BEGONIA (16) CRUCE CON AV. EL LAUREL Y LA ROSA (9) SURQUILLO            SURQUILLO","MATERIALES PELIGROSOS (INCIDENTE)","AMB-6, M28-1, RES-28",-12.1223228088642,-77.0007175819975
2016-040894,02-07-2016,"11:07:04 p.m.","  JR. CAMANA 170        LIMA","EMERGENCIA MEDICA",AMB-14,-12.0438755346145,-77.0311526797198
2016-040893,02-07-2016,"10:44:11 p.m.","CL. EMILIO FERNANDEZ CRUCE CON AV. PETIT THOUARS LIMA            LIMA","EMERGENCIA MEDICA",AMB-14,-12.0733198707173,-77.0349865954842
2016-040892,02-07-2016,"10:42:06 p.m.","LECAROS 200        PUENTE PIEDRA","EMERGENCIA MEDICA",AMB-150,,
2016-040891,02-07-2016,"10:41:04 p.m.","MODULO LA CANTUTA            ","EMERGENCIA MEDICA",MED32,,
2016-040890,02-07-2016,"10:37:02 p.m.","  JR. BOGOTA 300        ATE","EMERGENCIA MEDICA",AMB-138,-12.0694758093916,-76.978281917261
2016-040889,02-07-2016,"10:35:57 p.m.","  AV. SAN LORENZO (LECAROS) 000        PUENTE PIEDRA","EMERGENCIA MEDICA",AMB-138,-11.8581239274379,-77.0688452210495
2016-040888,02-07-2016,"10:30:52 p.m.","  AV. PERU (JUAN PABLO FERNANDINI) 1530       PUEBLO LIBRE","EMERGENCIA MEDICA",AMB-83,-12.0734847921808,-77.0541725906744
2016-040887,02-07-2016,"10:30:36 p.m.","  AV. COLONIAL (OSCAR R. BENAVIDES) 5202       CALLAO","EMERGENCIA MEDICA",AMB-60,-12.05175466262,-77.0889680380581
2016-040886,02-07-2016,"10:29:48 p.m.","CHACRASANA            LURIGANCHO","EMERGENCIA MEDICA",MED32,,
2016-040885,02-07-2016,"10:28:56 p.m.","AV. OSCAR R. BENAVIDES (COLONIAL) 000        BELLAVISTA","EMERGENCIA MEDICA",MED-5,-12.0543885226248,-77.1022858339696
2016-040884,02-07-2016,"10:27:16 p.m.","CP. CONTIGO PERU            HUARAL","EMERGENCIA MEDICA",AMB-44,,
2016-040883,02-07-2016,"10:25:26 p.m.","SANTA ROSA BAJA             ASIA","ACCIDENTE VEHICULAR",AMB-44,,
2016-040882,02-07-2016,"10:24:54 p.m.","  AV. PETIT THOUARS 400        LIMA","EMERGENCIA MEDICA",AMB-14,-12.0689701409385,-77.0355597302866
2016-040881,02-07-2016,"10:14:31 p.m.","  AV. ALEJANDRO BERTELLO 700        LIMA","EMERGENCIA MEDICA",AMB-36,-12.0634850958067,-77.0704349640062
2016-040880,02-07-2016,"10:09:02 p.m.","  PJ. MARACAIBO 169        JESUS MARIA","EMERGENCIA MEDICA",AMB-100,-12.0877730914213,-77.0583781415899
2016-040879,02-07-2016,"10:01:57 p.m.","AV. GERMAN AGUIRRE UGARTE CRUCE CON AV. UNIVERSITARIA (BELLA UNION) SAN MARTIN DE PORRES            SAN MARTIN DE PORRES","EMERGENCIA MEDICA",AMB-9,-12.0192787821674,-77.076397875902
2016-040878,02-07-2016,"10:00:24 p.m.","SALAVERRY  2500       JESUS MARIA","EMERGENCIA MEDICA",AMB-9,,
2016-040877,02-07-2016,"09:42:38 p.m.","  AV. CENTRAL (9) 000        CALLAO","EMERGENCIA MEDICA",MED-5,-12.0538817189585,-77.1179352452763
2016-040876,02-07-2016,"09:41:20 p.m.","BUENOS AIRES  300        PUENTE PIEDRA","EMERGENCIA MEDICA",AMB-150,,
2016-040875,02-07-2016,"09:40:28 p.m.","PANAMERICANA  SUR ANTIGUA  KM 53            ","EMERGENCIA MEDICA",AMB-150,,
2016-040874,02-07-2016,"09:37:01 p.m.","  AV. FAUSTINO SANCHEZ CARRION (PERSHING) 1028       JESUS MARIA","EMERGENCIA MEDICA",AMB-100,-12.0920058556649,-77.0546226001676
2016-040873,02-07-2016,"09:35:20 p.m.","PANMERICANA SUR MERCADO SAN ANTONIO            ","ACCIDENTE VEHICULAR",AMB-100,,
2016-040872,02-07-2016,"09:14:41 p.m.","PJ. VILLA EL SALVADOR SECTOR 3 GRUPO 18 MZ F LT 18             VILLA EL SALVADOR","EMERGENCIA MEDICA",AMB-129,-12.2283784561661,-76.9282417990866
2016-040871,02-07-2016,"09:08:22 p.m.","CL. SANTA ROSA CRUCE CON AV. CARLOS IZAGUIRRE (2) SAN MARTIN DE PORRES            SAN MARTIN DE PORRES","EMERGENCIA MEDICA",MED-9,-11.9899124955757,-77.0972541606529
2016-040870,02-07-2016,"09:07:11 p.m.","MARINO MOLINA DE COMAS /NEGREIR            ","EMERGENCIA MEDICA",AMB-163,,
2016-040869,02-07-2016,"08:53:59 p.m.","JR. RECUAY 360 - URB. COVIDA  10.31 HOSPITAL LOAYZA            LOS OLIVOS","EMERGENCIA MEDICA",AMB-65,,
2016-040868,02-07-2016,"08:52:15 p.m.","CARRETERA CENTRAL KM 52.5             ","ACCIDENTE VEHICULAR","AMB-32-2, M138-4, RES-115",,
2016-040867,02-07-2016,"08:48:50 p.m.","  JR. COLON 628        CALLAO","EMERGENCIA MEDICA",MED-5,-12.061545096724,-77.1389065978093
2016-040866,02-07-2016,"08:45:12 p.m.","  CL. EL SENDERO (EL PRADO) (I) 158        LA MOLINA","EMERGENCIA MEDICA",MED-96,-12.0993206497033,-76.9472132083803
2016-040865,02-07-2016,"08:36:59 p.m.","  CL. ENRIQUE OPPENHEIMER 100        SAN JUAN DE MIRAFLORES","EMERGENCIA MEDICA",AMB134,-12.169528388193,-76.9767010882993
2016-040864,02-07-2016,"08:13:20 p.m.","  CL. LA FLORESTA 511        CHACLACAYO","EMERGENCIA MEDICA",AMB-32-2,-11.9762802149083,-76.7589285468977
2016-040863,02-07-2016,"08:08:31 p.m.","  AV. ANGAMOS ESTE (PRIMAVERA) 2400       SAN BORJA","EMERGENCIA MEDICA",AMB134,-12.1118761957832,-77.0055698948822
2016-040862,02-07-2016,"08:05:46 p.m.","AS. SAN ANTONIO DE CARAPONGO I ETAPA Q LTE 56            LURIGANCHO","EMERGENCIA MEDICA",AMB-115-2,-12.001778623008,-76.8781146250472
2016-040861,02-07-2016,"08:03:06 p.m.","  PJ. RECUAY 360        LOS OLIVOS","EMERGENCIA MEDICA",MED-9,-11.994269356117,-77.0775411383488
2016-040860,02-07-2016,"07:55:15 p.m.","  MA. LUIS CISNEROS 737        MIRAFLORES","EMERGENCIA MEDICA",AMB-6,-12.1231035275285,-77.0398372852982
2016-040859,02-07-2016,"07:48:44 p.m.","JR LIMA 118        COMAS","EMERGENCIA MEDICA",AMB-6,,
2016-040858,02-07-2016,"07:46:20 p.m.",,"EMERGENCIA MEDICA",AMB-150,-11.8626625986002,-77.0799388285395
2016-040857,02-07-2016,"07:41:16 p.m.","  AV. BRASIL 2800       PUEBLO LIBRE","ACCIDENTE VEHICULAR","AMB-100, M83-1, RES-36",-12.0860767288734,-77.0630106034979
2016-040856,02-07-2016,"07:40:50 p.m.","  JR. HUAYNA CAPAC 1047       COMAS","MATERIALES PELIGROSOS (INCIDENTE)","AMB-124, M164-1",-11.9412603010663,-77.0382035072218
2016-040855,02-07-2016,"07:37:16 p.m.","PLAYA CHORRILLOS            HUACHO","EMERGENCIA MEDICA",AMB-20,,
2016-040854,02-07-2016,"07:30:39 p.m.",,"EMERGENCIA MEDICA",AMB-83,-12.0602782827348,-77.0578761649768
2016-040853,02-07-2016,"07:27:45 p.m.","  CL. EDGAR ALAN POE (5) 113        SAN BORJA","EMERGENCIA MEDICA",AMB-6,-12.0904891534949,-76.9838789500967
2016-040852,02-07-2016,"07:25:28 p.m.","JR. SAN MARTIN DE PORRAS 500        EL AGUSTINO","EMERGENCIA MEDICA",AMB-176,-12.0542011864424,-77.0022881317324
2016-040851,02-07-2016,"07:23:59 p.m.","ACCESO A PACHACUTEC ENTRADA AH. CERRO CACHITO            VENTANILLA",INCENDIO,"M184-1, M75-1",,
2016-040850,02-07-2016,"07:13:42 p.m.","  JR. HUIRACOCHA 1389       JESUS MARIA","EMERGENCIA MEDICA",AMB-36,-12.0758219992995,-77.0478289237613
2016-040849,02-07-2016,"07:13:01 p.m.","AV. GERARDO UNGER 923        INDEPENDENCIA","EMERGENCIA MEDICA",AMB-168,,
2016-040848,02-07-2016,"07:02:54 p.m.","CARRETERAS - PANAMERICANAS CARRETERA CENTRAL 20            CHACLACAYO","ACCIDENTE VEHICULAR","AMB-115-2, M138-4, RES-115",-11.985566640918,-76.8094436403276
2016-040847,02-07-2016,"07:01:00 p.m.","CARRETERAS - PANAMERICANAS CARRETERA CENTRAL 8.5             ATE","ACCIDENTE VEHICULAR","AMB-138, M169-1, RES-138",-12.0232123191993,-76.9113899884852
2016-040846,02-07-2016,"06:54:08 p.m.","  CL. EL PUEBLO 229        INDEPENDENCIA","MATERIALES PELIGROSOS (INCIDENTE)","AMB-138, M169-1, RES-138",-11.9957498372691,-77.0532075792123
2016-040845,02-07-2016,"06:49:22 p.m.","ALT. DEL COLEGIO ALFONSO UGARTE             ",INCENDIO,M49-1,,
2016-040844,02-07-2016,"06:48:33 p.m.","  AV. GENERAL GARZON 643        JESUS MARIA",INCENDIO,M202-1,-12.0665941009857,-77.0450400669754
2016-040843,02-07-2016,"06:46:39 p.m.","  AV. DE LOS PRECURSORES 324        SAN MIGUEL","EMERGENCIA MEDICA",AMB-83,-12.0710107824338,-77.0910396191841
2016-040842,02-07-2016,"06:37:14 p.m.","EL BOLICHE             LURIN",INCENDIO,M129-1,,
2016-040841,02-07-2016,"06:36:31 p.m.","  AV. MILITAR 2779       LINCE","EMERGENCIA MEDICA",AMB-8,-12.090660569664,-77.0303811818937
2016-040840,02-07-2016,"06:36:18 p.m.","  AV. GUARDIA CHALACA 1700       CALLAO","EMERGENCIA MEDICA","AMB-7, MED-15",-12.0572557601895,-77.1310303134508
2016-040839,02-07-2016,"06:33:02 p.m.","  AV. TUPAC AMARU 4282       COMAS","EMERGENCIA MEDICA",AMB-164,-11.9285378393232,-77.0430876172561
2016-040838,02-07-2016,"06:32:39 p.m.","  AV. ALEJANDRO VELASCO ASTETE 3100       ","EMERGENCIA MEDICA",AMB-6,-12.1375070796687,-76.9910546959927
2016-040837,02-07-2016,"06:31:31 p.m.","JR. LA LIBERTAD CRUCE CON JR. CALLAO SAN MARTIN DE PORRES            SAN MARTIN DE PORRES","ACCIDENTE VEHICULAR","AMB-9, M9-1, M9-5",-12.0270147838952,-77.0846630811283
2016-040836,02-07-2016,"06:30:06 p.m.","JR. JOSE DE SAN MARTIN 473        SAN BARTOLO",INCENDIO,M125-1,-12.3913002375258,-76.7781114756902
2016-040835,02-07-2016,"06:29:59 p.m.","URB VIRGEN DEL ROSARIO             ANCON","EMERGENCIA MEDICA",AMB-163,,
2016-040834,02-07-2016,"06:28:59 p.m.","  CL. CERRO SAN FRANCISCO (LAS CASUARINAS) 516        SANTIAGO DE SURCO","EMERGENCIA MEDICA",AMB134,-12.1219964497188,-76.967557587008
2016-040833,02-07-2016,"06:24:42 p.m.","  AV. JUAN LECAROS 100        PUENTE PIEDRA","EMERGENCIA MEDICA",AMB-150,-11.8649225837021,-77.0750308432694
2016-040832,02-07-2016,"06:24:40 p.m.","PUENTE SANTA ANITA  PARTE ALTA DE NORTE A SUR              SANTA ANITA","EMERGENCIA MEDICA",AMB-138,,
2016-040831,02-07-2016,"06:24:29 p.m.","CL. LOS PINOS CRUCE CON AV. 2 DE MAYO SAN ISIDRO            SAN ISIDRO","EMERGENCIA MEDICA",AMB-100,-12.0912089759107,-77.037152631247
2016-040830,02-07-2016,"06:18:45 p.m.","  AV. MAQUINARIAS 6015       CARMEN DE LA LEGUA REYNOS","EMERGENCIA MEDICA",AMB-60,-12.0454158271646,-77.0864031289066
2016-040829,02-07-2016,"06:04:19 p.m.","  AV. 1 DE MAYO 880        VILLA EL SALVADOR","EMERGENCIA MEDICA",AMB-120,-12.1931428156827,-76.9494211246637
2016-040828,02-07-2016,"05:50:57 p.m.","JR. PISAC (N) CRUCE CON JR. QUIROGA SANTIAGO DE SURCO            SANTIAGO DE SURCO","ACCIDENTE VEHICULAR","M28-1, RES-28",-12.1170444515721,-76.9944726097904
2016-040827,02-07-2016,"05:45:07 p.m.","  PR. MARIATEGUI 900        SANTIAGO DE SURCO","EMERGENCIA MEDICA",AMB-6,-12.1488005392689,-77.0161061552807
2016-040826,02-07-2016,"05:33:35 p.m.","CARRETERA CENTRAL KM 37             ","EMERGENCIA MEDICA",AMB-6,,
2016-040825,02-07-2016,"05:11:38 p.m.","MUNICIPALIDAD DE CARABAYLLO             ","EMERGENCIA MEDICA",AMB-164,,
2016-040824,02-07-2016,"05:05:48 p.m.",,"SERVICIO ESPECIAL",M14-1,-12.0819170618444,-77.0321939984952
2016-040823,02-07-2016,"05:05:25 p.m.","  CL. ANTONIO CARDENAS 200        SAN JUAN DE MIRAFLORES","MATERIALES PELIGROSOS (INCIDENTE)",M134-1,-12.1498659573588,-76.97959862418
2016-040822,02-07-2016,"05:05:22 p.m.","  JR. HUACA DE LA LUNA (14)  MZ F  LT 8  000        LA MOLINA","EMERGENCIA MEDICA",MED-96,-12.1125599462628,-76.9350988743557
2016-040821,02-07-2016,"05:05:03 p.m.","  AV. JUAN VELASCO ALVARADO 652        SAN JUAN DE MIRAFLORES","EMERGENCIA MEDICA",AMB-106,-12.1724728867697,-76.9669775241733
2016-040820,02-07-2016,"04:49:25 p.m.","  JR. VICTORINO LAINES 1442       LIMA","EMERGENCIA MEDICA",AMB-60,-12.0544208580493,-77.0731189688875
2016-040819,02-07-2016,"04:47:01 p.m.","AV. CINCUENTENARIO            HUACHO","ACCIDENTE VEHICULAR","AMB-20, RES-20",,
2016-040818,02-07-2016,"04:39:23 p.m.","CALLAO  300        ICA","EMERGENCIA MEDICA",AMB-22,,
2016-040817,02-07-2016,"04:29:04 p.m.","  AV. BRASIL 3650       MAGDALENA DEL MAR",RESCATE,M83-1,-12.0927638032851,-77.068139588511
2016-040816,02-07-2016,"04:23:08 p.m.","  CL. LOS NARANJOS 357        SAN ISIDRO","EMERGENCIA MEDICA",AMB-100,-12.0942745613328,-77.0401755956096
2016-040815,02-07-2016,"04:21:51 p.m.","CASTRO VIRREYNA  100        ICA","EMERGENCIA MEDICA",AMB-22,,
2016-040814,02-07-2016,"04:21:32 p.m.","AV. SANTA CATALINA CRUCE CON PJ. CORONEL PASCUAL SACO Y OLIVEROS LA VICTORIA            LA VICTORIA","EMERGENCIA MEDICA",AMB-22,-12.086884805876,-77.0189325313822
2016-040813,02-07-2016,"04:06:11 p.m.",,"ACCIDENTE VEHICULAR","AMB-60, AMB-83, M14-1, RES-36",-12.0579800021278,-77.0778364846367
2016-040812,02-07-2016,"03:45:28 p.m.","AV. UNIVERSITARIA CRUCE CON AV. LA MARINA SAN MIGUEL            SAN MIGUEL","EMERGENCIA MEDICA",AMB-83,-12.0782877253793,-77.0824586374011
2016-040811,02-07-2016,"03:42:37 p.m.","AV. PANAMERICANA NORTE (PUENTE PIEDRA) 1000       PUENTE PIEDRA","EMERGENCIA MEDICA",AMB-184,-11.8567783996252,-77.084228819056
2016-040810,02-07-2016,"03:31:24 p.m.","RE. SAN FELIPE  edif. casuarinas  dpto. 802            JESUS MARIA","EMERGENCIA MEDICA",AMB-100,-12.0896448342787,-77.0566648177663
2016-040809,02-07-2016,"03:28:16 p.m.","  AV. JOSE DE LA RIVA AGUERO  1500       EL AGUSTINO","MATERIALES PELIGROSOS (INCIDENTE)",M176-3,-12.0467140289372,-76.9995499617115
2016-040808,02-07-2016,"03:09:29 p.m.","AV. LA MERCED CRUCE CON AV. ALFREDO BENAVIDES MIRAFLORES            MIRAFLORES","EMERGENCIA MEDICA",M176-3,,
2016-040807,02-07-2016,"03:08:26 p.m.","CL. LAS ACACIAS (CARLOS PORRAS OSORES) CRUCE CON AV. 2 DE MAYO SAN ISIDRO            SAN ISIDRO","EMERGENCIA MEDICA",AMB-100,-12.0929467494403,-77.0497783396789
2016-040806,02-07-2016,"03:01:52 p.m.","  JR. FRANCIA 1100       LA VICTORIA",INCENDIO,"AMB-176, M176-3, M202-1, M4-1, M8-1, RESLIG-4",-12.070687359128,-77.0186630874405
2016-040805,02-07-2016,"02:59:18 p.m.","AV. SIMON BOLIVAR CRUCE CON AV. EDILBERTO RAMOS (MARIANO PASTOR SEVILLA) (FORESTAL) VILLA EL SALVADOR            VILLA EL SALVADOR","ACCIDENTE VEHICULAR","AMB-6, M105-1, M120-1",-12.2210347161085,-76.9440930021591
2016-040804,02-07-2016,"02:46:34 p.m.","  JR. LORD COCHRANE 366        COMAS","MATERIALES PELIGROSOS (INCIDENTE)",M124-1,-11.9359256749062,-77.0436432378194
2016-040803,02-07-2016,"02:35:37 p.m.","  CL. OLAVEGOYA 2017       JESUS MARIA",RESCATE,M202-1,-12.0814358476151,-77.0475631149449
2016-040802,02-07-2016,"02:33:42 p.m.","  AV. JOSE CARLOS MARIATEGUI 000        VILLA EL SALVADOR","EMERGENCIA MEDICA",AMB-155,-12.2191615042945,-76.9295771747497
2016-040801,02-07-2016,"02:19:24 p.m.","FERMIN TANWISH            PISCO",INCENDIO,AMB-155,,
2016-040800,02-07-2016,"02:16:13 p.m.",,"EMERGENCIA MEDICA",AMB-14,-12.0525519521968,-77.0354660636126
2016-040799,02-07-2016,"02:11:28 p.m.","JR GRAU  373        BELLAVISTA",RESCATE,AMB-14,,
2016-040798,02-07-2016,"02:11:00 p.m.","AV. SEPARADORA INDUSTRIAL (SANTA FELICIA) CRUCE CON AV. HUAROCHIRI (A HUAROCHIRI) LA MOLINA            LA MOLINA","ACCIDENTE VEHICULAR","M169-1, M96-1, MED-96",-12.057224656235,-76.9444018370211
2016-040797,02-07-2016,"02:00:21 p.m.","VIVERO DE CHOSICA             ",INCENDIO,"AUX-32, M138-4, RES-115",,
2016-040796,02-07-2016,"01:52:26 p.m.","  AV. COLONIAL (OSCAR R. BENAVIDES) 2009       CALLAO","EMERGENCIA MEDICA",MED-15,-12.0583142101976,-77.122172186561
2016-040795,02-07-2016,"01:51:16 p.m.","  AV. INCA GARCILAZO DE LA VEGA (WILSON) 1200       LIMA","EMERGENCIA MEDICA",MED-15,-12.0550636768199,-77.0383797124984
2016-040794,02-07-2016,"01:50:51 p.m.","AV. SOL DE NARANJAL            SAN MARTIN DE PORRES","EMERGENCIA MEDICA",MED-15,-11.9679099189734,-77.0993439153135
2016-040793,02-07-2016,"01:46:54 p.m.","  PR. GABRIEL TORRES PAZ (EDILBERTO RAMOS) PAMPLONA  ALTA   1000       SAN JUAN DE MIRAFLORES","ACCIDENTE VEHICULAR","AMB-106, M105-1, M120-1",-12.1356868098746,-76.9630888861115
2016-040792,02-07-2016,"01:44:17 p.m.","  AV. PERU 3000       SAN MARTIN DE PORRES","EMERGENCIA MEDICA",AMB-9,-12.0317328628489,-77.0781490969058
2016-040791,02-07-2016,"01:41:16 p.m.","  PS. LA CASTELLANA 310        SANTIAGO DE SURCO","EMERGENCIA MEDICA",AMB134,-12.1320030349303,-77.0024524437809
2016-040790,02-07-2016,"01:40:16 p.m.","  CL. VALLE RIESTRA (GENERAL JOSE RAMON PIZARRO) 919        PUEBLO LIBRE","EMERGENCIA MEDICA",AMB-36,-12.0765291989998,-77.0696643100081
2016-040789,02-07-2016,"01:25:33 p.m.",,"EMERGENCIA MEDICA",AMB-36,,
2016-040788,02-07-2016,"01:23:24 p.m.","  CL. VULCANO (ANDRES RAZURI) (18) 369        ATE","EMERGENCIA MEDICA",AMB-138,-12.0567312764744,-76.9571610832061
2016-040787,02-07-2016,"01:21:46 p.m.","QAA.HH  FUJIMORI            HUACHO","EMERGENCIA MEDICA",AMB-20,,
2016-040786,02-07-2016,"01:11:33 p.m.","  JR. RODOLFO BELTRAN 107        LA VICTORIA","EMERGENCIA MEDICA",AMB-20,,
2016-040785,02-07-2016,"01:06:54 p.m.","HOSPITAL VOTO BERNALES            ATE","EMERGENCIA MEDICA",AMB-169,,
2016-040784,02-07-2016,"01:00:53 p.m.",,"ACCIDENTE VEHICULAR",AMB-169,,
2016-040783,02-07-2016,"12:46:05 p.m.","  CL. MANUEL SURICHAQUI (17) 1969       LOS OLIVOS","EMERGENCIA MEDICA",AMB-9,-12.0070629206154,-77.0652611265326
2016-040782,02-07-2016,"12:37:31 p.m.",,"EMERGENCIA MEDICA","AMB-168, RESLIG-161",-11.9373758637641,-77.0454826066722
2016-040781,02-07-2016,"12:31:30 p.m.","  CL. GOLONDRINAS 273        SAN ISIDRO","EMERGENCIA MEDICA",AMB-100,-12.1005181135179,-77.0213409339771
2016-040780,02-07-2016,"12:28:07 p.m.","  AV. EL LINDERO (EL SOL) 300        LA MOLINA","ACCIDENTE VEHICULAR",AMB-100,-12.0813335034559,-76.9147559311889
2016-040779,02-07-2016,"12:26:36 p.m.","  AV. ALFREDO BENAVIDES 2100       MIRAFLORES","ACCIDENTE VEHICULAR","AMB-6, M16-1, RES-28",-12.1276212909666,-77.0100450355566
2016-040778,02-07-2016,"12:18:22 p.m.","AV. EL POLO (WILCA UMU) CRUCE CON AV. RAUL FERRERO SANTIAGO DE SURCO            SANTIAGO DE SURCO","EMERGENCIA MEDICA",AMB-138,-12.0941156360166,-76.9677008215548
2016-040777,02-07-2016,"12:07:53 p.m.","  AV. ABEL BERGASSE DU PETIT THOUARS 4900       MIRAFLORES","ACCIDENTE VEHICULAR","AMB-16, AMB-6, M100-1, RES-28",-12.1120781104322,-77.0289544635948
2016-040776,02-07-2016,"12:04:02 p.m.","PLAYA LAS POSITAS             PUNTA NEGRA","EMERGENCIA MEDICA",AMB-125,,
2016-040775,02-07-2016,"12:03:31 p.m.","BALNEARIO HUACACHINA             ","EMERGENCIA MEDICA",AMB-125,,
2016-040774,02-07-2016,"11:59:44 a.m.","  CL. GRANATE MAZ F LOTE 5  1200       LOS OLIVOS","EMERGENCIA MEDICA",AMB-168,-11.9894845390512,-77.0780078675501
2016-040773,02-07-2016,"11:44:40 a.m.","  CL. GENERAL EMILIO SOYER (TACNA) 600        MIRAFLORES","EMERGENCIA MEDICA",AMB-100,-12.1079807579267,-77.0287864002678
2016-040772,02-07-2016,"11:44:09 a.m.","  AV. TINGO MARIA 1024       LIMA","EMERGENCIA MEDICA",AMB-14,-12.0563278565527,-77.0578655921848
2016-040771,02-07-2016,"11:42:02 a.m.","  AV. TOMAS VALLE 300        SAN MARTIN DE PORRES","MATERIALES PELIGROSOS (INCIDENTE)","AMB-168, M65-2",-12.0089254217695,-77.0627126402507
2016-040770,02-07-2016,"11:37:31 a.m.","AV NESTOR GAMBETA ALT NEPTUNIA            CALLAO","EMERGENCIA MEDICA","AMB-168, M65-2",-11.9514981439472,-77.1305695608822
2016-040769,02-07-2016,"11:33:34 a.m.","AV. 3 DE OCTUBRE ALTURA REST, EL FOGON            HUARAL","EMERGENCIA MEDICA",AMB-44,,
2016-040768,02-07-2016,"11:32:53 a.m.","  CL. FERNANDO CASTRAT (LOS LAURELES)    URB.   CHAMA    330        SANTIAGO DE SURCO","EMERGENCIA MEDICA",AMB-16,-12.1312024352044,-76.9984660573834
2016-040767,02-07-2016,"11:26:34 a.m.","  JR. RIO BRANCO 2500       SAN MARTIN DE PORRES","EMERGENCIA MEDICA",AMB-9,-12.0313698637287,-77.0735470570563
2016-040766,02-07-2016,"11:23:41 a.m.",,"EMERGENCIA MEDICA",AMB-32-2,,
2016-040765,02-07-2016,"11:15:21 a.m.","CARRETERA CIENEGUILLA KILOMETRO 14             ","EMERGENCIA MEDICA","AUX-96, M169-1, M96-1, MED-96",,
2016-040764,02-07-2016,"11:09:58 a.m.","  JR. CAMANA 669        ",RESCATE,RES-3,-12.0488289864617,-77.0347112954632
2016-040763,02-07-2016,"11:07:54 a.m.","  AV. EVITAMIENTO (CIRCUNVALACION) ALT.  PTE   HUASCAR   000        RIMAC","ACCIDENTE VEHICULAR","AMB-14, M2-1, M21-1",-12.0403287641332,-77.0168495449858
2016-040762,02-07-2016,"11:03:52 a.m.","  AV. RENAN OLIVERA 278        EL AGUSTINO","EMERGENCIA MEDICA","AMB-169, AMB-176",-12.0472899539244,-76.9984323503119
2016-040761,02-07-2016,"11:02:39 a.m.","  AV. BOLOGNESI 381        MIRAFLORES","EMERGENCIA MEDICA",AMB-100,-12.1217648985864,-77.0358246132202
2016-040760,02-07-2016,"10:51:01 a.m.","AV. SANTIAGO ANTUNEZ DE MAYOLO CRUCE CON AV. UNIVERSITARIA NORTE LOS OLIVOS            LOS OLIVOS","MATERIALES PELIGROSOS (INCIDENTE)","AMB-9, M161-1, RESLIG-161",-11.996302482394,-77.0847221380775
2016-040759,02-07-2016,"10:45:09 a.m.","  JR. PAMPA DE NAZCA MZ D LOTE  13  000        SANTIAGO DE SURCO","EMERGENCIA MEDICA",AMB-106,-12.1348548883236,-76.9758970111236
2016-040758,02-07-2016,"10:35:58 a.m.","CARRETERA  LIBERTADORES   KM.  15             PISCO","ACCIDENTE VEHICULAR","AMB-157, AMB-37, AUX-37, MED-90",,
2016-040757,02-07-2016,"10:30:26 a.m.","BANCO DE LA NACION            HUARAL","EMERGENCIA MEDICA",AMB-44,,
2016-040756,02-07-2016,"10:26:22 a.m.","CARRETERAS - PANAMERICANAS CARRETERA CENTRAL 1            SANTA ANITA","EMERGENCIA MEDICA",AMB-169,-12.0548562410229,-76.9650722189863
2016-040755,02-07-2016,"10:23:06 a.m.","  AV. 28 DE JULIO 1761       LA VICTORIA","EMERGENCIA MEDICA",AMB-14,-12.0623913152932,-77.0239160601063
2016-040754,02-07-2016,"10:12:30 a.m.","AH. SANTA ROSA   MZ.   C  LOTE  5   VALDIVIEZO             SAN MARTIN DE PORRES","EMERGENCIA MEDICA",AMB-14,-12.0224908891297,-77.0668858547501
2016-040753,02-07-2016,"09:24:49 a.m.","  JR. NICOLAS DE PIEROLA 954        CALLAO","EMERGENCIA MEDICA",MED-34-2,-12.0583687891565,-77.1375388232546
2016-040752,02-07-2016,"09:22:28 a.m.","  JR. JOSE PEZET Y MONET (TUPAC AMARU) 2168       LINCE",INCENDIO,M202-1,-12.0873087663295,-77.0420082236636
2016-040751,02-07-2016,"09:18:05 a.m.","  AV. SERGIO BERNALES (JUAN B. LASTRES) 524        SURQUILLO","EMERGENCIA MEDICA",AMB-100,-12.1174987335731,-77.0136972664938
2016-040750,02-07-2016,"09:00:14 a.m.","  CL. JUAN GABRIEL CHARIARSE 682        SAN JUAN DE MIRAFLORES","EMERGENCIA MEDICA",AMB-100,-12.1565871864487,-76.9686634331847
2016-040749,02-07-2016,"08:56:25 a.m.","COOP. VIRGEN DEL CARMEN             ANCON","EMERGENCIA MEDICA",AMB-100,,
2016-040748,02-07-2016,"08:46:02 a.m.","JR. MOORE CRUCE CON JR. SAN PEDRO LURIN            LURIN","EMERGENCIA MEDICA",AMB-160,-12.2739795127088,-76.8678241307824
2016-040747,02-07-2016,"08:44:26 a.m.","CALLE 2 MAZ V 1 LOTE 2 UR. CIUDAD DEL PESCADOR             BELLAVISTA","EMERGENCIA MEDICA",AMB-9,-12.0583180071847,-77.1098507362503
2016-040746,02-07-2016,"08:44:15 a.m.","CARRETERAS - PANAMERICANAS PANAMERICANA SUR 20            VILLA EL SALVADOR","ACCIDENTE VEHICULAR","M105-1, M6-1",-12.2293651142788,-76.9680084463977
2016-040745,02-07-2016,"08:40:32 a.m.","  AV. SUCRE (INDEPENDENCIA) 200        MAGDALENA DEL MAR","EMERGENCIA MEDICA","M105-1, M6-1",,
2016-040744,02-07-2016,"08:22:40 a.m.","CARRETERAS - PANAMERICANAS PANAMERICANA SUR 12            SAN JUAN DE MIRAFLORES","EMERGENCIA MEDICA","M105-1, M6-1",-12.1622674390066,-76.9818015384622
2016-040743,02-07-2016,"08:16:37 a.m.","CENTRO  POBLADO   EL   TREBOL               HUARAL","EMERGENCIA MEDICA","M105-1, M6-1",,
2016-040742,02-07-2016,"08:14:19 a.m.","B-28            MIRAFLORES",INCENDIO,RES-28,,
2016-040741,02-07-2016,"08:10:28 a.m.","  CL. SURINAM (38) 271        LA MOLINA","EMERGENCIA MEDICA",RES-28,-12.0647383282364,-76.9366230764889
2016-040740,02-07-2016,"07:59:26 a.m.","  AV. REPUBLICA DE PANAMA 4854       SURQUILLO","MATERIALES PELIGROSOS (INCIDENTE)",RES-28,-12.1136132986071,-77.0184505594881
2016-040739,02-07-2016,"07:59:20 a.m.","  AV. REPUBLICA DE PANAMA 4844       SURQUILLO","MATERIALES PELIGROSOS (INCIDENTE)","AMB-6, AMB-8, M28-1",-12.1136132986071,-77.0184505594881
2016-040738,02-07-2016,"07:44:57 a.m.","  CL. JOSE OLAYA BALANDRA 106        SAN MIGUEL","EMERGENCIA MEDICA",MED-5,-12.079961630294,-77.1041617243842
2016-040737,02-07-2016,"07:40:17 a.m.","  AV. FELIPE SANTIAGO SALAVERRY 2300       SAN ISIDRO","ACCIDENTE VEHICULAR","AMB-100, M202-1, M4-1",-12.0888007456187,-77.0508840803809
2016-040736,02-07-2016,"07:31:24 a.m.","ASIA            ","SERVICIO ESPECIAL",M155-1,,
2016-040735,02-07-2016,"07:29:32 a.m.","  CL. BRETON 151        SAN BORJA","EMERGENCIA MEDICA",AMB-6,-12.092262329825,-76.9947775609965
2016-040734,02-07-2016,"07:21:23 a.m.","  CL. LOS ROBLES (2)   URB. EL OLIVAR   203        CALLAO",INCENDIO,M9-5,-12.0203189598845,-77.0939648300725
2016-040733,02-07-2016,"07:18:36 a.m.",,"EMERGENCIA MEDICA",AMB-125,-12.3671181844801,-76.7933608666477
2016-040732,02-07-2016,"07:10:14 a.m.","  AV. ESTEBAN SALMON 198        RIMAC","MATERIALES PELIGROSOS (INCIDENTE)","AMB-10, M21-1",-12.0382952643306,-77.0376764954139
2016-040731,02-07-2016,"07:07:05 a.m.","  AV. LA PAZ 1538       MIRAFLORES","EMERGENCIA MEDICA",AMB-100,-12.1332138581987,-77.0255205927247
2016-040730,02-07-2016,"06:55:33 a.m.","  AV. ARGENTINA 2500       LIMA","EMERGENCIA MEDICA",AMB-60,-12.0464035061765,-77.0738993132398
2016-040729,02-07-2016,"06:44:59 a.m.","PANAMERICANA NORTE KM 220            ","ACCIDENTE VEHICULAR",AMB-60,,
2016-040728,02-07-2016,"06:35:26 a.m.","PANAMERICANA NORTE  220            PARAMONGA","ACCIDENTE VEHICULAR","AMB-73, AMB-91, M73-1",,
2016-040727,02-07-2016,"06:31:25 a.m.","PANAMERICANA NORTE KM 90            CHANCAY","ACCIDENTE VEHICULAR","M80-1, MED-80, RES-20, RES-44",,
2016-040726,02-07-2016,"06:31:06 a.m.","PROCERES DE LA INDEPENDENCIA CRUCE LOS JARDINES            SAN JUAN DE LURIGANCHO","ACCIDENTE VEHICULAR",M121-1,,
2016-040725,02-07-2016,"06:06:29 a.m.","UR. LOS SAUCES             SURQUILLO","EMERGENCIA MEDICA",AMB-6,-12.1196984203066,-77.0014183615399
2016-040724,02-07-2016,"05:35:11 a.m.","UR. CIUDAD DEL PESCADOR SECTOR I Q1 LT 8 A            BELLAVISTA","EMERGENCIA MEDICA",AMB-7,-12.0582708105233,-77.1043801089905
2016-040723,02-07-2016,"05:03:42 a.m.","  JR. CORONEL MARIN 172        CHORRILLOS","EMERGENCIA MEDICA",AMB-16,-12.1714623055895,-77.0192015955567
2016-040722,02-07-2016,"04:47:04 a.m.","  JR. ATAHUALPA 1767       LA PERLA","EMERGENCIA MEDICA",AMB-7,-12.0729545629967,-77.1185388234278
2016-040721,02-07-2016,"04:29:39 a.m.","  AV. ABRAHAM VALDELOMAR 637        PUEBLO LIBRE","EMERGENCIA MEDICA",AMB-36,-12.0731716870022,-77.0674209573338
2016-040720,02-07-2016,"04:29:25 a.m.","CARRETERAS - PANAMERICANAS PANAMERICANA NORTE 20            LOS OLIVOS","ACCIDENTE VEHICULAR","AMB-168, AMB-65, M124-1, RESLIG-161",-11.9557665923299,-77.0693257463343
2016-040719,02-07-2016,"04:00:43 a.m.","AV LIMA LT 30  MZ  41             ","EMERGENCIA MEDICA",AMB-133,,
2016-040718,02-07-2016,"03:13:17 a.m.","AV. PACHACUTEC (LOS HEROES) CRUCE CON CL. MANUEL ZELAYA SAN JUAN DE MIRAFLORES            SAN JUAN DE MIRAFLORES","EMERGENCIA MEDICA",AMB-120,-12.1510288035413,-76.9784895861638
2016-040717,02-07-2016,"03:02:57 a.m.","  PR. DEFENSORES DEL MORRO (HUAYLAS) 000        CHORRILLOS",INCENDIO,"AMB-16, CIST-XXIV, ELEC-11, M16-1, M6-1",-12.2038861528491,-76.9930540420864
2016-040716,02-07-2016,"02:20:36 a.m.","CH. SAN GABINO FAP 1            SANTIAGO DE SURCO","EMERGENCIA MEDICA","AMB-16, CIST-XXIV, ELEC-11, M16-1, M6-1",-12.153062661348,-76.9925618618657
2016-040715,02-07-2016,"02:10:19 a.m.","  JR. AUGUSTO AGUIRRE 3220       SAN MARTIN DE PORRES","EMERGENCIA MEDICA",AMB-9,-12.0251451240086,-77.0793506030577
2016-040714,02-07-2016,"01:54:11 a.m.","AH. LAURA CALLER IBERICO MZ 8A LOTE 4             LOS OLIVOS","EMERGENCIA MEDICA",AMB-168,-11.970480146377,-77.0759819700257
2016-040713,02-07-2016,"01:49:32 a.m.","  PJ. FAUSTINO SANCHEZ CARRION (JOSE FIANSON) 100        BARRANCO","EMERGENCIA MEDICA",AMB-168,,
2016-040712,02-07-2016,"01:31:11 a.m.","AV. EL PARQUE (LIMA) CRUCE CON AV. PACHACUTEC (ATOCONGO) VILLA EL SALVADOR            VILLA EL SALVADOR","EMERGENCIA MEDICA",AMB-155,-12.2302228526433,-76.9098486838205
2016-040711,02-07-2016,"01:29:16 a.m.","  CL. MAYNAS 569        LIMA","EMERGENCIA MEDICA",AMB-10,-12.0485075133768,-77.0171467913357
2016-040710,02-07-2016,"01:19:03 a.m.","  CL. ARICOTA 174        SANTIAGO DE SURCO",RESCATE,RES-134,-12.1151010455643,-76.992773380829
2016-040709,02-07-2016,"01:10:57 a.m.","  PQ. DE LA PUENTE Y CORTEZ 107        PUEBLO LIBRE","EMERGENCIA MEDICA",AMB-36,-12.0808958050365,-77.0649677090848
2016-040708,02-07-2016,"01:10:56 a.m.",,"EMERGENCIA MEDICA",AMB-125,-12.3671181844801,-76.7933608666477
2016-040707,02-07-2016,"01:07:11 a.m.","  JR. CONSTANTINO CARVALLO 321        LA VICTORIA","EMERGENCIA MEDICA",AMB-8,-12.0847098248925,-77.0233850608838
2016-040706,02-07-2016,"01:04:41 a.m.","RAMIRO PRIALE KM 1.5            ATE","EMERGENCIA MEDICA",M138-1,,
2016-040705,02-07-2016,"12:43:18 a.m.","  AV. MIRAFLORES (28 DE JULIO) 1000       MIRAFLORES","EMERGENCIA MEDICA",AMB-28,-12.1299969610801,-77.02197479131
2016-040704,02-07-2016,"12:30:28 a.m.","  AV. PASEO DE LA REPUBLICA 3018       SAN ISIDRO",INCENDIO,"AMB-6, M28-1, M4-1, RES-28",-12.0938433422289,-77.0239217880056
2016-040703,02-07-2016,"12:19:31 a.m.","  JR. ALBERTO BARTON 400        LA VICTORIA","EMERGENCIA MEDICA",AMB-8,-12.085912822322,-77.0239631270814
2016-040702,02-07-2016,"12:08:41 a.m.","  JR. TIRAVANTI (VICTOR LAYNES) 478        BARRANCO","EMERGENCIA MEDICA",AMB-8,,
2016-040701,02-07-2016,"12:07:46 a.m.","CARRETERAS - PANAMERICANAS AUTOPISTA RAMIRO PRIALE 9.5            LURIGANCHO","ACCIDENTE VEHICULAR","AMB-115-2, AMB-169, M138-1, M169-1",-12.0176475046601,-76.9068496442288
