ID,FECHA,HORA,DIRECCION,TIPO,UNIDADES,"CORDENADAS (lat)","CORDENADAS (lng)"
2016-012898,23-02-2016,"11:46:00 p.m.","AV. DEL MAESTRO PERUANO CRUCE CON AV. TUPAC AMARU COMAS            COMAS","EMERGENCIA MEDICA","AMB-164, AMB124-2, M150-3, RES-124",-11.9661718019783,-77.056052589276
2016-012897,23-02-2016,"11:26:23 p.m.","  JR. ATAHUALPA 1061       LA PERLA","EMERGENCIA MEDICA",AMB-36,-12.0702428819631,-77.1243622463947
2016-012896,23-02-2016,"11:25:15 p.m.",,INCENDIO,"M161-1, M168-1, M21-1, M65-2, SAMU-168",-12.0021822515909,-77.0484960507118
2016-012895,23-02-2016,"11:23:14 p.m.","AV. JOSE PARDO CRUCE CON AV. AREQUIPA MIRAFLORES            MIRAFLORES","EMERGENCIA MEDICA",AMB-28,-12.1190415856001,-77.0291654875526
2016-012894,23-02-2016,"11:17:15 p.m.","UR. SAN MARTIN             CALLAO","MATERIALES PELIGROSOS (INCIDENTE)","AMB-9, M15-1",-12.0563595612145,-77.125507333774
2016-012893,23-02-2016,"11:12:39 p.m.","  CL. REPUBLICA DEL CANADA (LUIS BRAVO AREVALOS) (3) 400        CALLAO","MATERIALES PELIGROSOS (INCIDENTE)",M5-1,-12.0563750909038,-77.1238881941382
2016-012892,23-02-2016,"11:07:27 p.m.","  AV. 25 DE ENERO (2 DE OCTUBRE) 232        COMAS","EMERGENCIA MEDICA",AMB124-2,-11.9450779205696,-77.0679125873858
2016-012891,23-02-2016,"10:57:05 p.m.","EVITAMIENTO CRUCE TUPAC AMARU            SANTA ANITA","EMERGENCIA MEDICA",SAMU-138,,
2016-012890,23-02-2016,"10:51:07 p.m.","  JR. JOSE OLAYA 1368       LA PERLA","EMERGENCIA MEDICA",MED-5,-12.0690460803335,-77.1205902389895
2016-012889,23-02-2016,"10:48:29 p.m.","INDUSTRIAL FABRICA MOLITALIA            LIMA","EMERGENCIA MEDICA",AMB-60,-12.0582718915575,-77.0723023068878
2016-012888,23-02-2016,"10:43:59 p.m.","  JR. TORRE TAGLE (JOSE WAGNER) 1948       PUEBLO LIBRE","EMERGENCIA MEDICA",AMB-36,-12.0770234991405,-77.0580946940393
2016-012887,23-02-2016,"10:34:41 p.m.","  JR. COLON 216        CALLAO","EMERGENCIA MEDICA",MED-5,-12.0624029161331,-77.1448600768024
2016-012886,23-02-2016,"10:14:51 p.m.","CH. PALOMARES   CALLE  PALOMARES   292        RIMAC","EMERGENCIA MEDICA",AMB-14,-12.0318632004618,-77.0275423835267
2016-012885,23-02-2016,"10:08:14 p.m.","  AV. MARISCAL RAMON CASTILLA 200        MIRAFLORES","EMERGENCIA MEDICA",AMB-28,-12.1223417849739,-77.0165528404822
2016-012884,23-02-2016,"10:04:49 p.m.","PJ            LURIGANCHO","EMERGENCIA MEDICA",AMB-32,,
2016-012883,23-02-2016,"10:04:17 p.m.","  CL. PORTUGUES 180        RIMAC","EMERGENCIA MEDICA",SAMU-2,-12.0344858738775,-77.026597052617
2016-012882,23-02-2016,"10:02:07 p.m.","B-18            CALLAO","EMERGENCIA MEDICA",AUX-18,,
2016-012881,23-02-2016,"09:47:48 p.m.","  JR. LOS LANCEROS (10) 100        SANTIAGO DE SURCO","ACCIDENTE VEHICULAR",AUX-18,-12.0824769217016,-76.9789540236215
2016-012880,23-02-2016,"09:43:51 p.m.","  CL. JACINTO BENAVENTE  CIUDAD Y CAMPO 119        RIMAC","EMERGENCIA MEDICA",AMB-2,-12.025711597629,-77.0270115989819
2016-012879,23-02-2016,"09:30:27 p.m.","  AV. COSTANERA 2600       LA PERLA","EMERGENCIA MEDICA",AMB-2,-12.0780259249193,-77.1124620437617
2016-012878,23-02-2016,"09:28:47 p.m.","AV. LOS QUECHUAS CRUCE CON AV. VIA DE EVITAMIENTO ATE - VITARTE            ATE","ACCIDENTE VEHICULAR","AMB-138, M127-1, RES-127, SAMU-127",-12.0763856567064,-76.9755412368418
2016-012877,23-02-2016,"09:17:49 p.m.","PLAZA DE ARMAS DE CHANCAY             CHANCAY","EMERGENCIA MEDICA",AMB-80,,
2016-012876,23-02-2016,"09:17:06 p.m.","  AV. ESTADOS UNIDOS 245        CALLAO","EMERGENCIA MEDICA",MED-34,-12.0645349819168,-77.1517091308305
2016-012875,23-02-2016,"09:13:48 p.m.","  CL. 2 301        COMAS","EMERGENCIA MEDICA",AMB124-2,-11.9682298397818,-77.0592005974772
2016-012874,23-02-2016,"09:12:09 p.m.","AV. AURELIO MIROQUESADA (EL GOLF) CRUCE CON JR. LOS MANZANOS SAN ISIDRO            SAN ISIDRO","ACCIDENTE VEHICULAR","AMB-202, M100-1, M202-1",-12.0990477568299,-77.052229601559
2016-012873,23-02-2016,"08:52:19 p.m.","  CL. AGUSTIN DE JAUREGUI 359        LA VICTORIA",INCENDIO,"M4-1, M8-1, RES-8",,
2016-012872,23-02-2016,"08:46:59 p.m.","AV. EL SOL CRUCE CON AV. PACHACUTEC (ATOCONGO) VILLA EL SALVADOR            VILLA EL SALVADOR","EMERGENCIA MEDICA",AMB-155,-12.195087942471,-76.9350983504174
2016-012871,23-02-2016,"08:42:31 p.m.","PJ. SAN JUAN CRUCE CON AV. BELISARIO SUAREZ SAN JUAN DE MIRAFLORES            SAN JUAN DE MIRAFLORES","EMERGENCIA MEDICA",AMB134-2,-12.1604460155034,-76.9751414512664
2016-012870,23-02-2016,"08:41:54 p.m.",,INCENDIO,M150-3,-11.9719873268827,-77.072574574177
2016-012869,23-02-2016,"08:35:00 p.m.","JR. COMBATE DE IQUIQUE (TACNA) CRUCE CON AV. AVIACION (LA CASTELLANA) SANTIAGO DE SURCO            SANTIAGO DE SURCO","EMERGENCIA MEDICA",AMB-13,-12.1387513288569,-77.0071115533165
2016-012868,23-02-2016,"08:34:36 p.m.","VIA EXPRESA ALT PTE ANGAMOS DE NORTE A SUR             ","ACCIDENTE VEHICULAR","AMB-28, M28-1",,
2016-012867,23-02-2016,"08:33:49 p.m.","AV. ANGELICA GAMARRA CRUCE CON AV. TOMAS VALLE SAN MARTIN DE PORRES            SAN MARTIN DE PORRES","ACCIDENTE VEHICULAR","AMB-9, M161-1, M65-2, M9-1",-12.0113093748234,-77.0899962265073
2016-012866,23-02-2016,"08:28:29 p.m.","CALLE LA PALMA CON SAN MARTIN             HUACHO","EMERGENCIA MEDICA",AMB-20,,
2016-012865,23-02-2016,"08:27:23 p.m.","  AV. ANGAMOS ESTE (PRIMAVERA) 1146       SURQUILLO","EMERGENCIA MEDICA",AMB-20,-12.1132057827769,-77.0196515547514
2016-012864,23-02-2016,"08:26:27 p.m.","  CL. EL EUCALIPTO (18) 122        SURQUILLO","EMERGENCIA MEDICA",AMB-11,-12.1212933481903,-76.999582600099
2016-012863,23-02-2016,"08:23:43 p.m.","AV. ELMER FAUCETT 000        CALLAO","EMERGENCIA MEDICA",AMB-9,-12.0427523879,-77.0988769937594
2016-012862,23-02-2016,"08:22:19 p.m.","UR. SAN ANTONIO DE PADUA             SAN JUAN DE MIRAFLORES","MATERIALES PELIGROSOS (INCIDENTE)","AMB-120, M106-3",,
2016-012861,23-02-2016,"08:17:16 p.m.","  AV. LAS BEGONIAS 545        LA VICTORIA","EMERGENCIA MEDICA",AMB-202,-12.093543313813,-77.0247371190657
2016-012860,23-02-2016,"08:13:45 p.m.","ASUNCION 8            ","EMERGENCIA MEDICA",AMB-183,,
2016-012859,23-02-2016,"08:12:29 p.m.","AV. FERNANDO WIESE (PROCERES DE LA INDEPENDENCIA) CRUCE CON AV. EL SOL SAN JUAN DE LURIGANCHO            ","ACCIDENTE VEHICULAR","AMB-121, M121-1, M176-1",-11.984883842926,-77.0069375619665
2016-012858,23-02-2016,"08:11:36 p.m.","  JR. NICOLAS DE PIEROLA 952        CALLAO","EMERGENCIA MEDICA",MED-18,-12.0583687891565,-77.1375388232546
2016-012857,23-02-2016,"08:10:08 p.m.","  JR. MADRE DE DIOS (16) 3807       SAN MARTIN DE PORRES","EMERGENCIA MEDICA",AMB-9,-12.0367398882516,-77.0929256457683
2016-012856,23-02-2016,"08:05:45 p.m.",,"EMERGENCIA MEDICA",AMB-28,-12.1236009746221,-77.0281153024762
2016-012855,23-02-2016,"07:51:45 p.m.","  JR. GRAU 624        PUNTA HERMOSA","EMERGENCIA MEDICA",AMB-129,-12.3389726410785,-76.8243571985203
2016-012854,23-02-2016,"07:50:27 p.m.","  JR. ALMIRANTE MARTIN GUISSE 2251       LINCE","EMERGENCIA MEDICA",AMB-129,-12.0880133588714,-77.038452099311
2016-012853,23-02-2016,"07:46:53 p.m.","  CL. RIO CAUCA (3) 168        LA MOLINA","EMERGENCIA MEDICA",MED-96,-12.1169590755878,-76.9413822572237
2016-012852,23-02-2016,"07:46:14 p.m.","  CL. ARIES 900        LOS OLIVOS","EMERGENCIA MEDICA",SAMU-168,-11.9964233403898,-77.0732299314148
2016-012851,23-02-2016,"07:43:54 p.m.","  JR. MADRE DE DIOS (16) 3807       SAN MARTIN DE PORRES","EMERGENCIA MEDICA",AMB-9,-12.0367398882516,-77.0929256457683
2016-012850,23-02-2016,"07:42:10 p.m.","  AV. GENERAL VARGAS MACHUCA 233        MIRAFLORES","EMERGENCIA MEDICA",AMB-4,-12.1202086671539,-77.0216047756604
2016-012849,23-02-2016,"07:42:06 p.m.","  PJ. MARTIRES DE SAN JUAN  MAZ D LT 4 000        SAN JUAN DE MIRAFLORES","EMERGENCIA MEDICA",AMB-4,-12.1436267255153,-76.9766000466901
2016-012848,23-02-2016,"07:41:13 p.m.","AV. NICOLAS AYLLON (CARRETERA CENTRAL) 2600       EL AGUSTINO",INCENDIO,M127-1,-12.059473852644,-76.9758110339808
2016-012847,23-02-2016,"07:39:08 p.m.","  CL. PACHACUTEC 148        COMAS","EMERGENCIA MEDICA",AMB124-2,-11.9294882380405,-77.0505087910509
2016-012846,23-02-2016,"07:36:18 p.m.","PROL. LA MAR  531        ICA","EMERGENCIA MEDICA",AMB124-2,,
2016-012845,23-02-2016,"07:31:39 p.m.","AH. MARTIRES DE SAN JUAN A LT. 9            SAN JUAN DE MIRAFLORES","EMERGENCIA MEDICA",AMB134-2,-12.1678672395136,-76.9599568132346
2016-012844,23-02-2016,"07:26:21 p.m.","AH. VILLA SOLIDARIDAD ETAPA III MZ N4 LT 8            SAN JUAN DE MIRAFLORES","EMERGENCIA MEDICA",AMB134-2,,
2016-012843,23-02-2016,"07:23:13 p.m.","  PR. JAVIER PRADO ESTE 7100       LA MOLINA","ACCIDENTE VEHICULAR","MED-96, RES-127",-12.0655866181047,-76.9412667275822
2016-012842,23-02-2016,"07:21:37 p.m.","AV. TALARA CRUCE CON AV. MICAELA BASTIDAS VILLA EL SALVADOR            VILLA EL SALVADOR","EMERGENCIA MEDICA",SAMU-105,-12.22877406984,-76.9340587662583
2016-012841,23-02-2016,"07:20:21 p.m.","  JR. MADRE DE DIOS (16) 3807       ","EMERGENCIA MEDICA",SAMU-105,,
2016-012840,23-02-2016,"07:19:38 p.m.","JR. HUARAZ (CHICLAYO) CRUCE CON JR. LAMBAYEQUE SAN MARTIN DE PORRES            SAN MARTIN DE PORRES","EMERGENCIA MEDICA",AMB-60,-12.0254758114741,-77.0893965750572
2016-012839,23-02-2016,"07:19:09 p.m.","AH. VILLA SOLIDARIDAD ETAPA III N4 LTE 8            SAN JUAN DE MIRAFLORES","EMERGENCIA MEDICA",AMB-120,-12.1716045696795,-76.9593341552661
2016-012838,23-02-2016,"07:18:58 p.m.","AEROPUERTO JORGE CHAVEZ            CALLAO","EMERGENCIA MEDICA",AMB-21,,
2016-012837,23-02-2016,"07:15:44 p.m.","ALIANZA FRANCESA             MIRAFLORES","SERVICIO ESPECIAL",AMB-21,,
2016-012836,23-02-2016,"07:15:22 p.m.","  CL. HEBEAS 1206       SAN JUAN DE LURIGANCHO","MATERIALES PELIGROSOS (INCIDENTE)","M176-1, SAMU-121",-12.0146643089585,-77.0044820603605
2016-012835,23-02-2016,"07:12:16 p.m.","AV. AVIACION CRUCE CON AV. ANGAMOS ESTE (PRIMAVERA) SAN BORJA            ","EMERGENCIA MEDICA",AMB-11,-12.1110426097379,-77.0003732955998
2016-012834,23-02-2016,"07:10:27 p.m.","AV. PACASMAYO CRUCE CON AV. EL OLIVAR CALLAO            CALLAO","EMERGENCIA MEDICA",AMB-9,-12.0201397130724,-77.0968825512257
2016-012833,23-02-2016,"07:09:55 p.m.","SALUD HOSPITAL CAYETANO HEREDIA            SAN MARTIN DE PORRES",RESCATE,AMB-9,-12.023034928391,-77.0554917776822
2016-012832,23-02-2016,"07:06:34 p.m.","TORRE TAGLE 1957       PUEBLO LIBRE","EMERGENCIA MEDICA",MED-36,,
2016-012831,23-02-2016,"07:04:04 p.m.","  AV. COSTA VERDE 000        BARRANCO","ACCIDENTE VEHICULAR","AMB-13, AMB-16, M28-1, RES-16",-12.1426103737227,-77.0261509387542
2016-012830,23-02-2016,"07:02:22 p.m.","  CL. COSTANERA 000        CHORRILLOS","EMERGENCIA MEDICA",AMB-13,-12.2108493246272,-77.0186010722767
2016-012829,23-02-2016,"06:59:32 p.m.","AH HORACIO ZEVALLOS MZG PRIMA GRUPO B MZQ LTE 9            ATE","EMERGENCIA MEDICA",AMB-115,,
2016-012827,23-02-2016,"06:56:26 p.m.","  CL. CARLOS BONDY (SANTO TORIBIO) 551        ","EMERGENCIA MEDICA",AMB-36,-12.0844193571057,-77.0666557119816
2016-012826,23-02-2016,"06:55:29 p.m.","CARRETERAS - PANAMERICANAS PANAMERICANA NORTE 23            COMAS","ACCIDENTE VEHICULAR","AMB124-2, M164-1, RES-124",-11.9288702409844,-77.0726476516746
2016-012825,23-02-2016,"06:54:37 p.m.",,"MATERIALES PELIGROSOS (INCIDENTE)","AMB-7, M7-5",-12.0720956346557,-77.1207485977213
2016-012824,23-02-2016,"06:45:47 p.m.",,"EMERGENCIA MEDICA",SAMU-127,-12.0609856711534,-76.9962420311713
2016-012823,23-02-2016,"06:43:36 p.m.","AH ALTO DEL MOLINO             ",INCENDIO,CIST90-4,,
2016-012822,23-02-2016,"06:38:23 p.m.","  CL. FERREYROS 146        BELLAVISTA","EMERGENCIA MEDICA",AMB-60,-12.0548302317131,-77.0994938615233
2016-012821,23-02-2016,"06:37:06 p.m.","CAMINO LA VICTORIA SAN JOAQUIN            ICA",INCENDIO,"CIST-VI, M193-1",,
2016-012820,23-02-2016,"06:34:49 p.m.",,"EMERGENCIA MEDICA",AMB-44,,
2016-012819,23-02-2016,"06:31:50 p.m.","  AV. 9 DE DICIEMBRE (PASEO COLON) 000        LIMA","EMERGENCIA MEDICA",AMB-14,-12.0597528705026,-77.036948574896
2016-012818,23-02-2016,"06:25:14 p.m.","  AV. FLORA TRISTAN SUR (COLECTORA) 624        LA MOLINA","EMERGENCIA MEDICA",MED-96,-12.0736207473705,-76.9395080821503
2016-012817,23-02-2016,"06:23:30 p.m.","AV CALLAO  100        ICA","EMERGENCIA MEDICA",AMB-22,,
2016-012816,23-02-2016,"06:21:40 p.m.","UR. CORPAC  CANAVAL Y MOREYRA CALLE 54 DPTO 301 COST MINISTERIO DEL INTERIOR  000        SAN ISIDRO","EMERGENCIA MEDICA",AMB-11,-12.1069689984703,-77.0118042581932
2016-012815,23-02-2016,"06:17:27 p.m.","LOS SAUCES 395        ",RESCATE,ESC-134,,
2016-012814,23-02-2016,"06:14:11 p.m.","  CL. PUERTO BELEN 184        SAN LUIS","EMERGENCIA MEDICA",AMB-8,-12.0751187906049,-77.0063965650518
2016-012813,23-02-2016,"06:11:35 p.m.","AV. ZARUMILLA CRUCE CON AV. RIOBAMBA SAN MARTIN DE PORRES            SAN MARTIN DE PORRES","EMERGENCIA MEDICA",AMB-65,-12.0317778437398,-77.0574596342988
2016-012812,23-02-2016,"05:55:19 p.m.","UR. ESTIBADORES             CALLAO","EMERGENCIA MEDICA",AMB-65,,
2016-012811,23-02-2016,"05:55:02 p.m.","  CL. LEONARDO DA VINCI 100        SAN BORJA","EMERGENCIA MEDICA",AMB-65,,
2016-012810,23-02-2016,"05:54:08 p.m.","  JR. ATAHUALPA 1574       LA PERLA","EMERGENCIA MEDICA",AMB-7,-12.0721937432724,-77.1205200883228
2016-012809,23-02-2016,"05:53:01 p.m.","JR. JUAN DE ARONA CRUCE CON CL. AUGUSTO TAMAYO SAN ISIDRO            SAN ISIDRO","EMERGENCIA MEDICA",AMB-4,-12.0963138913585,-77.0270160569119
2016-012808,23-02-2016,"05:46:06 p.m.","  AV. PACHACUTEC 2201       VILLA MARIA DEL TRIUNFO","EMERGENCIA MEDICA",SAMU-106,-12.1673393500644,-76.951168002284
2016-012807,23-02-2016,"05:41:53 p.m.","  AV. SINCHI ROCA 400        COMAS","EMERGENCIA MEDICA","AMB-164, AMB124-2",-11.92196565111,-77.046135355403
2016-012806,23-02-2016,"05:41:12 p.m.","AV. ALFONSO UGARTE CRUCE CON AV. URUGUAY LIMA            LIMA","EMERGENCIA MEDICA",SAMU-14,-12.054493530917,-77.0418171379006
2016-012805,23-02-2016,"05:39:30 p.m.","CL. BERLIN CRUCE CON PR. JAVIER PRADO ATE - VITARTE            ATE","ACCIDENTE VEHICULAR","M127-1, MED-96, RES-127",-12.0384734444323,-76.9244610378654
2016-012804,23-02-2016,"05:37:52 p.m.","  CL. JOSE SANTOS CHOCANO 240        BELLAVISTA","EMERGENCIA MEDICA",AMB-60,-12.0543642641792,-77.088147359502
2016-012803,23-02-2016,"05:31:51 p.m.","JR. CHOTA CRUCE CON JR. PEDRO DAVALOS LISSON LIMA            LIMA","EMERGENCIA MEDICA",AMB-14,-12.0517260334444,-77.0408507124367
2016-012802,23-02-2016,"05:29:41 p.m.","JR. TORTUGAS (3) CRUCE CON AV. ALAMEDA LOS CEDROS CHORRILLOS            CHORRILLOS","EMERGENCIA MEDICA",SAMU-6,-12.2051027753031,-77.0128205559262
2016-012801,23-02-2016,"05:28:58 p.m.",,"EMERGENCIA MEDICA",AMB-36,-12.0856104684217,-77.0759509545052
2016-012800,23-02-2016,"05:28:00 p.m.","AV. PANAMERICANA NORTE CRUCE CON AV. TOMAS VALLE INDEPENDENCIA            INDEPENDENCIA","EMERGENCIA MEDICA",SAMU-161,-12.0077371993847,-77.0612868007185
2016-012799,23-02-2016,"05:26:33 p.m.",,"EMERGENCIA MEDICA",SAMU-161,,
2016-012798,23-02-2016,"05:23:44 p.m.","ESSALUD DE VENTANILLA             VENTANILLA","EMERGENCIA MEDICA",AMB-75,,
2016-012797,23-02-2016,"05:23:34 p.m.","  AV. RICARDO PALMA 1680       MIRAFLORES","EMERGENCIA MEDICA",AMB-16,-12.1232610591995,-77.0133201822387
2016-012796,23-02-2016,"05:22:02 p.m.","  PR. TACNA 300        RIMAC","MATERIALES PELIGROSOS (INCIDENTE)","AMB-21, M21-1, SAMU-21",-12.0377304769227,-77.0314585271215
2016-012795,23-02-2016,"05:17:09 p.m.","JR. ITALIA CRUCE CON JR. LUIS GIRIBALDI LA VICTORIA            LA VICTORIA","EMERGENCIA MEDICA",AMB-8,-12.0696868067521,-77.0158835567687
2016-012794,23-02-2016,"05:09:09 p.m.","CL. ARGENTINA 100        LURIGANCHO",RESCATE,AMB-8,,
2016-012793,23-02-2016,"05:05:52 p.m.","  CL. LLOQUE YUPANQUI 140        VILLA MARIA DEL TRIUNFO","MATERIALES PELIGROSOS (INCIDENTE)","M106-3, SAMU-105",-12.1717459475437,-76.9501800784174
2016-012792,23-02-2016,"05:03:43 p.m.","AV. HEROES DEL ALTO CENEPA (TRAPICHE) CRUCE CON AV. LOS INCAS (4) COMAS            COMAS",INCENDIO,"AMB-164, M150-3",-11.9108035604194,-77.0559071087861
2016-012791,23-02-2016,"04:47:30 p.m.","  CL. MANUEL PEREZ DE TUDELA 128        COMAS","EMERGENCIA MEDICA",AMB-164,-11.9424098321429,-77.0649785985058
2016-012790,23-02-2016,"04:37:54 p.m.","PAJONAL             NAZCA","EMERGENCIA MEDICA",MED-200,,
2016-012789,23-02-2016,"04:32:47 p.m.","  CL. MALLORCA 136        CHORRILLOS","EMERGENCIA MEDICA",SAMU-16,-12.2031683447241,-77.0101705545544
2016-012788,23-02-2016,"04:32:41 p.m.","  CL. COSTANERA 000        CHORRILLOS","EMERGENCIA MEDICA",AMB-13,-12.2108493246272,-77.0186010722767
2016-012787,23-02-2016,"04:31:20 p.m.","OVLO DEL ESTADIO            ICA","ACCIDENTE VEHICULAR","AMB-22, M22-1",,
2016-012786,23-02-2016,"04:28:41 p.m.","  AV. ABEL BERGASSE DU PETIT THOUARS 4000       SAN ISIDRO","EMERGENCIA MEDICA",AMB-202,-12.1027407994595,-77.0305726157795
2016-012785,23-02-2016,"04:11:04 p.m.","  AV. 2 DE MAYO 229        CALLAO","EMERGENCIA MEDICA",AMB-60,-12.0385191826318,-77.0963466575346
2016-012784,23-02-2016,"04:08:51 p.m.","  CL. MANUEL JARAMILLO 1196       SAN JUAN DE MIRAFLORES","EMERGENCIA MEDICA",AMB-16,-12.1548132143718,-76.9741706814895
2016-012783,23-02-2016,"04:05:30 p.m.","28 DE JULIO  400        ","EMERGENCIA MEDICA",AMB-20,,
2016-012782,23-02-2016,"04:03:07 p.m.","  CL. LOS QUIPUS 494        SAN JUAN DE LURIGANCHO","EMERGENCIA MEDICA",SAMU-2,-12.0266131458116,-77.0067325785182
2016-012781,23-02-2016,"03:57:19 p.m.","  CL. LA MARISCALA 300        VILLA MARIA DEL TRIUNFO",INCENDIO,"M106-3, SAMU-105",-12.1949602827022,-76.9292871394627
2016-012780,23-02-2016,"03:56:37 p.m.","CL. JOSE DIAZ 200        LIMA","EMERGENCIA MEDICA",SAMU-10,-12.0661494493642,-77.0345871363115
2016-012779,23-02-2016,"03:49:46 p.m.","JR. CORONEL LEON VELARDE CRUCE CON JR. MANCO SEGUNDO LINCE            LINCE","EMERGENCIA MEDICA",AMB-202,-12.0840917918552,-77.0463875441595
2016-012778,23-02-2016,"03:45:01 p.m.","  AV. COSTA VERDE 000        BARRANCO","EMERGENCIA MEDICA",AMB-16,-12.1397697111652,-77.0278276125835
2016-012777,23-02-2016,"03:44:19 p.m.","  CL. ISLAS ALEUTIANAS 297        LA MOLINA","EMERGENCIA MEDICA",SAMU-127,-12.0787953155581,-76.9220210451686
2016-012776,23-02-2016,"03:42:52 p.m.","  PJ. JERONIIMO LOPEZ HINOSTROZA 473        VILLA MARIA DEL TRIUNFO","EMERGENCIA MEDICA",SAMU-106,-12.1653600519357,-76.9446924720094
2016-012775,23-02-2016,"03:37:00 p.m.","  AV. NICOLAS DE PIEROLA (LA COLMENA) 982        LIMA","EMERGENCIA MEDICA",SAMU-2,-12.0521677166613,-77.0349206788669
2016-012774,23-02-2016,"03:33:48 p.m.","JR JULIO RAMON RIVEYRA  617        SANTIAGO DE SURCO","EMERGENCIA MEDICA","AMB134-2, SAMU-134",-12.1536217734782,-76.9863788820618
2016-012773,23-02-2016,"03:25:06 p.m.","ESSALUD ULDERICO ROCA            VILLA EL SALVADOR","EMERGENCIA MEDICA",AMB-10,,
2016-012772,23-02-2016,"03:24:05 p.m.","AV. LOS NATURALES            HUARAL","EMERGENCIA MEDICA",AMB-44,,
2016-012771,23-02-2016,"03:19:12 p.m.","PJ. VILLA EL SALVADOR SECTOR 3 GRUPO 13 P LTE 3            ","EMERGENCIA MEDICA",AMB-44,-12.2145139355573,-76.9373289962302
2016-012770,23-02-2016,"03:15:47 p.m.","CARRETERAS - PANAMERICANAS PANAMERICANA SUR 57            PUCUSANA","ACCIDENTE VEHICULAR","AMB-134, M125-1",-12.4585179853571,-76.7532310217622
2016-012769,23-02-2016,"03:08:22 p.m.","PJ. NUEVA ESPERANZA PARADERO 4.5             VILLA MARIA DEL TRIUNFO","EMERGENCIA MEDICA",AMB-106,-12.1787936571757,-76.9396510599405
2016-012768,23-02-2016,"03:07:48 p.m.","  AV. AREQUIPA 2250       LINCE","EMERGENCIA MEDICA",SAMU-14,-12.0866832862488,-77.0342321050498
2016-012767,23-02-2016,"03:07:25 p.m.","  AV. SAN GENARO (SAN BERNARDO) 200        LOS OLIVOS","ACCIDENTE VEHICULAR","AMB-164, M150-3, RES-124",-11.9563209897655,-77.0676106940524
2016-012766,23-02-2016,"03:04:22 p.m.","  CL. ADOLFO VIERA (TACNA) 249        CHORRILLOS","EMERGENCIA MEDICA",AMB-13,-12.167992126412,-77.0271234850442
2016-012765,23-02-2016,"03:00:53 p.m.","AV.CESAR VALLEJO 1337       INDEPENDENCIA","EMERGENCIA MEDICA",AMB-13,,
2016-012764,23-02-2016,"02:59:40 p.m.","AV. TUPAC AMARU KM 18 1800       CARABAYLLO","EMERGENCIA MEDICA",AMB-164,-11.8893112103612,-77.0256741817771
2016-012763,23-02-2016,"02:55:10 p.m.","AV. EL POLO (WILCA UMU) CRUCE CON AV. RAUL FERRERO SANTIAGO DE SURCO            SANTIAGO DE SURCO","MATERIALES PELIGROSOS (INCIDENTE)","M11-1, MED-96",-12.0941156360166,-76.9677008215548
2016-012762,23-02-2016,"02:54:38 p.m.","SECTOR BUENA FE             NAZCA","EMERGENCIA MEDICA",AMB-82,,
2016-012761,23-02-2016,"02:49:55 p.m.","SD. HUERTOS DE LURIN P            LURIN","EMERGENCIA MEDICA",AMB-129,-12.2521019830663,-76.8817235234867
2016-012760,23-02-2016,"02:45:57 p.m.","  AV. JOSE GALVEZ 765        LA VICTORIA","EMERGENCIA MEDICA",SAMU-10,-12.0682408332514,-77.031669058451
2016-012759,23-02-2016,"02:45:53 p.m.","CL. ALFREDO GALEON FRANCOL (LAS CASUARINAS) CRUCE CON CL. MAYORAZGO SAN BORJA            SAN BORJA","EMERGENCIA MEDICA",AMB134-2,-12.1087087364,-76.9835124606154
2016-012758,23-02-2016,"02:42:13 p.m.","PORTADA III MANCHAY MAZ D LT 3            PACHACAMAC","EMERGENCIA MEDICA",MED-96,-12.1231500553055,-76.8747765429228
2016-012757,23-02-2016,"02:40:43 p.m.","B127            ",RESCATE,RES-127,,
2016-012756,23-02-2016,"02:32:07 p.m.","  JR. COLON 627        MIRAFLORES","EMERGENCIA MEDICA",SAMU-16,-12.1293573636718,-77.0316336092809
2016-012755,23-02-2016,"02:25:07 p.m.","JR. HUANUCO CRUCE CON JR. HUMBOLDT LA VICTORIA            LA VICTORIA","EMERGENCIA MEDICA",SAMU-2,-12.0641148047505,-77.0152345260329
2016-012754,23-02-2016,"02:17:51 p.m.","  AV. AVIACION 2960       SAN BORJA","EMERGENCIA MEDICA",SAMU-127,-12.0987572861261,-77.0019085680038
2016-012753,23-02-2016,"02:16:36 p.m.","DONOSO             HUARAL","ACCIDENTE VEHICULAR",SAMU-127,,
2016-012752,23-02-2016,"02:15:33 p.m.","  JR. LOMA UMBROSA 637        SANTIAGO DE SURCO","MATERIALES PELIGROSOS (INCIDENTE)","AMB134-2, M11-1",-12.1401835861259,-76.9849086791356
2016-012751,23-02-2016,"02:11:57 p.m.","  PJ. PISAGUA 140        CALLAO","EMERGENCIA MEDICA",AMB-60,-12.0525220742037,-77.0984226631817
2016-012750,23-02-2016,"02:08:21 p.m.","AV. LAS AMERICAS  200        ",INCENDIO,"AMB-157, AMB-37, AUX-37, CIST-37, CIST90-4, M38-4, MED-90",,
2016-012749,23-02-2016,"02:07:29 p.m.","CARRETERAS - PANAMERICANAS PANAMERICANA SUR19 900            VILLA EL SALVADOR","EMERGENCIA MEDICA",AMB-120,-12.2293651142788,-76.9680084463977
2016-012748,23-02-2016,"02:07:17 p.m.","TEBEPAMPA            HUARAL","ACCIDENTE VEHICULAR","AMB-44, AMB-80, M44-1",,
2016-012747,23-02-2016,"02:06:09 p.m.","PANASUR ANTIGUA KM 90            MALA",INCENDIO,M111-1,,
2016-012746,23-02-2016,"01:59:23 p.m.","  AV. SANTA JOSEFINA 200        PUENTE PIEDRA","EMERGENCIA MEDICA",SAMU-150,-11.8652413526193,-77.0712221278708
2016-012745,23-02-2016,"01:59:02 p.m.","  PQ. CORONEL MIGUEL LUNA PERALTA 151        LA VICTORIA","EMERGENCIA MEDICA",AMB-202,-12.0803756824735,-77.0235989303623
2016-012744,23-02-2016,"01:58:07 p.m.",,"EMERGENCIA MEDICA",SAMU-176,-12.0502118244552,-76.9973237380513
2016-012743,23-02-2016,"01:54:43 p.m.","  AV. TACNA 300        LIMA","EMERGENCIA MEDICA",SAMU-10,-12.0449171554695,-77.0366148303931
2016-012742,23-02-2016,"01:52:57 p.m.","UR, ENCALADA Y SALINAS             ","EMERGENCIA MEDICA",AMB-138,,
2016-012741,23-02-2016,"01:46:20 p.m.","  AV. MATERIALES 2920       LIMA","EMERGENCIA MEDICA",AMB-138,,
2016-012740,23-02-2016,"01:39:28 p.m.","  AV. NICOLAS ARRIOLA 400        LA VICTORIA","EMERGENCIA MEDICA",AMB-11,-12.0859565753415,-77.0150439506862
2016-012739,23-02-2016,"01:30:23 p.m.","  AV. REDUCTO 900        MIRAFLORES","ACCIDENTE VEHICULAR","AUX-28, M28-1, RES-16, SAMU-16",-12.1281148500593,-77.0239157296107
2016-012738,23-02-2016,"01:29:31 p.m.","CALLE EL MILAGROS  200        HUARAL","EMERGENCIA MEDICA",AMB-44,,
2016-012737,23-02-2016,"01:26:27 p.m.","PJ. VILLA EL SALVADOR SECTOR 2 GRUPO 25 G LOTE 18            VILLA EL SALVADOR","EMERGENCIA MEDICA",AMB-44,-12.2161883436749,-76.9429302890353
2016-012736,23-02-2016,"01:22:44 p.m.","  AV. PACHACUTEC 000        VILLA MARIA DEL TRIUNFO","EMERGENCIA MEDICA",SAMU-106,-12.2141346311649,-76.9223557966033
2016-012735,23-02-2016,"01:18:46 p.m.","  AV. CIRCUNVALACION DEL CLUB GOLF LOS INCAS 843        SANTIAGO DE SURCO","MATERIALES PELIGROSOS (INCIDENTE)",SAMU-106,-12.0853211381705,-76.9636805346653
2016-012734,23-02-2016,"01:18:32 p.m.","  AV. CIRCUNVALACION DEL CLUB GOLF LOS INCAS 843        SANTIAGO DE SURCO","MATERIALES PELIGROSOS (INCIDENTE)","RES-127, SAMU-127",-12.0853211381705,-76.9636805346653
2016-012733,23-02-2016,"01:01:31 p.m.","  AV. GENERAL MANUEL DE MENDIBURU 1100       MIRAFLORES","EMERGENCIA MEDICA",AMB-36,-12.1108853898661,-77.0492715732732
2016-012732,23-02-2016,"12:41:44 p.m.","  AV. JOSE ALVAREZ CALDERON   TORRES  DE  LIMATAMBO   492        SAN BORJA","EMERGENCIA MEDICA",AMB-36,-12.1087069903227,-77.0049640701035
2016-012731,23-02-2016,"12:41:11 p.m.","  JR. CENTENARIO  DTO  301   1186       ","EMERGENCIA MEDICA",AMB-36,-12.0600308160767,-77.0561235798421
2016-012730,23-02-2016,"12:31:12 p.m.","  AV. MORRO SOLAR 1700       SANTIAGO DE SURCO","EMERGENCIA MEDICA",AMB134-2,-12.1361397531699,-76.9803986707948
2016-012729,23-02-2016,"12:27:45 p.m.","  AV. BOLIVAR 800        PUEBLO LIBRE","EMERGENCIA MEDICA",AMB-36,-12.071510160034,-77.0608797346801
2016-012728,23-02-2016,"12:26:34 p.m.","  JR. COMANDANTE MANUEL VILLAVICENCIO 949        LINCE","EMERGENCIA MEDICA","AMB-202, MATPEL-4",-12.0894834927319,-77.0412791743208
2016-012727,23-02-2016,"12:24:23 p.m.","  JR. CUZCO 653        LIMA","EMERGENCIA MEDICA",AMB-14,-12.0529449829855,-77.0267420754386
2016-012726,23-02-2016,"12:20:40 p.m.","  AV. VICTOR ANDRES BELAUNDE 171        SAN ISIDRO",INCENDIO,MATPEL-4,-12.0962732959371,-77.0362955401926
2016-012725,23-02-2016,"12:03:49 p.m.","  PJ. SAN JUDAS TADEO MZ F LOTE  000        PUENTE PIEDRA",INCENDIO,"AMB-75, M150-1, M184-1, RES-124",-11.839313600279,-77.0966198475446
2016-012724,23-02-2016,"12:01:53 p.m.","  AV. VICENTE MORALES DUAREZ 800        LIMA",INCENDIO,"M10-1, M3-1, RES-3, SAMU-14",-12.0369640235433,-77.0553499377944
2016-012723,23-02-2016,"12:01:31 p.m.","  JR. HIPOLITO UNANUE 1600       LA VICTORIA","EMERGENCIA MEDICA",AMB-14,-12.0651512939508,-77.0129900767548
2016-012722,23-02-2016,"12:00:47 p.m.","  CL. SECHURA            VILLA MARIA DEL TRIUNFO","EMERGENCIA MEDICA",AMB-14,-12.2166922723077,-76.9099345155551
2016-012721,23-02-2016,"11:59:39 a.m.","  AV. ANCASH 2500       ","EMERGENCIA MEDICA",SAMU-21,-12.0408146495076,-76.9996406972276
2016-012720,23-02-2016,"11:49:33 a.m.","  JR. MONTEZUMA 700        CALLAO","EMERGENCIA MEDICA",MED-18,-12.0585179732287,-77.1410203923807
2016-012719,23-02-2016,"11:49:03 a.m.","  AV. CAMINOS DEL INCA 200        SANTIAGO DE SURCO","EMERGENCIA MEDICA",AMB134-2,-12.1135062870015,-76.9921326212029
2016-012718,23-02-2016,"11:47:53 a.m.","  AV. 1    PLAZA  VEA     000        VENTANILLA","EMERGENCIA MEDICA","AMB-75, M184-1",-11.8288195506792,-77.119318366303
2016-012717,23-02-2016,"11:47:28 a.m.","PJ. MACARI  143        LA VICTORIA","EMERGENCIA MEDICA",AMB-8,,
2016-012716,23-02-2016,"11:34:29 a.m.","  JR. TOMAS RAMSEY 900        MAGDALENA DEL MAR","EMERGENCIA MEDICA",AMB-36,-12.092276743309,-77.0581126929113
2016-012715,23-02-2016,"11:23:42 a.m.","  PJ. NAPOLES 118        SAN MARTIN DE PORRES","EMERGENCIA MEDICA",SAMU-161,-12.0078574995016,-77.0544558567484
2016-012714,23-02-2016,"11:23:42 a.m.","  JR. NICOLAS DE PIEROLA 609        ","EMERGENCIA MEDICA",MED-34,-12.0567069792549,-77.1396048755121
2016-012713,23-02-2016,"11:19:58 a.m.","JULIO RAMON RIVEIRO 617        SANTIAGO DE SURCO","EMERGENCIA MEDICA",SAMU-134,,
2016-012712,23-02-2016,"11:18:16 a.m.","  JR. AGUSTIN GAMARRA 669        ","EMERGENCIA MEDICA",SAMU-134,-12.0645593067475,-77.0135106074707
2016-012711,23-02-2016,"10:59:25 a.m.","AV. AVIACION CRUCE CON AV. JAVIER PRADO ESTE SAN BORJA            SAN BORJA","EMERGENCIA MEDICA",SAMU-127,-12.0874530056802,-77.0037506792796
2016-012710,23-02-2016,"10:54:12 a.m.","  CL. MONTE ROSA 255        SANTIAGO DE SURCO",RESCATE,M11-1,-12.1121111374378,-76.9900822123877
2016-012709,23-02-2016,"10:52:16 a.m.","JR. CESAR LOPEZ  173        SAN MIGUEL","EMERGENCIA MEDICA",M11-1,,
2016-012708,23-02-2016,"10:45:58 a.m.","  JR. AYACUCHO 700        LIMA","EMERGENCIA MEDICA",SAMU-21,-12.0528178627617,-77.0282171507136
2016-012707,23-02-2016,"10:45:37 a.m.","JR. CUZCO CRUCE CON JR. AYACUCHO LIMA            LIMA","EMERGENCIA MEDICA",AMB-21,-12.0522507850107,-77.0279135356398
2016-012706,23-02-2016,"10:38:03 a.m.","  JR. VICTOR NAVARRO 580        CARMEN DE LA LEGUA REYNOS","EMERGENCIA MEDICA",AMB-7,-12.0436122879588,-77.0831696893683
2016-012705,23-02-2016,"10:34:28 a.m.","CL. PEDRO PAULET CRUCE CON CL. JOSE CARLOS MARIATEGUI COMAS            COMAS","EMERGENCIA MEDICA",AMB124-2,-11.9345668312684,-77.0459006225258
2016-012704,23-02-2016,"10:28:36 a.m.","AV. DEL PARQUE SUR CRUCE CON CL. LUIS BERNALES GARCIA (RICARDO ANGULO RAMIREZ) (LOS CENCERILLOS) SAN ISIDRO            SAN ISIDRO","EMERGENCIA MEDICA",SAMU-16,-12.1028307629024,-77.015650570181
2016-012703,23-02-2016,"10:28:02 a.m.","RECREACION CONCHA ACUSTICA DEL CAMPO DE MARTE            JESUS MARIA","EMERGENCIA MEDICA",AMB-14,-12.0663487037058,-77.0424703912214
2016-012702,23-02-2016,"10:25:08 a.m.","AH. ENRIQUE MILLA OCHOA 133 lote  13            LOS OLIVOS","EMERGENCIA MEDICA",AMB-14,-11.9588499751113,-77.0820126950836
2016-012701,23-02-2016,"10:24:48 a.m.","  AV. LIMA (ATOCONGO)  PARADERO  10   JOSE  GALVEZ              VILLA MARIA DEL TRIUNFO","ACCIDENTE VEHICULAR","M129-1, M13-1, SAMU-106",-12.21177606472,-76.9061350869486
2016-012700,23-02-2016,"10:23:55 a.m.","  AV. JAVIER PRADO ESTE 5906       LA MOLINA","EMERGENCIA MEDICA",SAMU-127,-12.0722614206453,-76.9569255595098
2016-012699,23-02-2016,"10:16:11 a.m.","AS. LOS ANGELES DE VITARTE SECTOR D  MAZ R LOTE 12             ATE","MATERIALES PELIGROSOS (INCIDENTE)","MED-96, RES-127",-12.0326222552714,-76.92938029359
2016-012698,23-02-2016,"10:08:00 a.m.",,"EMERGENCIA MEDICA","AMB-36, SAMU-14",-12.0652993517076,-77.0527435958859
2016-012697,23-02-2016,"10:02:09 a.m.","INSTITUCIONAL CIVICO CENTRO CIVICO            LIMA","EMERGENCIA MEDICA",AMB-14,-12.0567861055944,-77.0373011461244
2016-012696,23-02-2016,"09:59:07 a.m.","  JR. CORONEL LEON VELARDE 1275       LINCE","EMERGENCIA MEDICA","AMB-202, SAMU-83",-12.0841533014625,-77.0469250679947
2016-012695,23-02-2016,"09:53:30 a.m.","  AV. JAVIER LUNA PIZARRO 669        LA VICTORIA","EMERGENCIA MEDICA",SAMU-2,-12.0659653457241,-77.0273704763018
2016-012694,23-02-2016,"09:48:55 a.m.","  AV. JAVIER PRADO ESTE 3552       SAN BORJA","EMERGENCIA MEDICA",SAMU-2,-12.085406269071,-76.9870748951767
2016-012693,23-02-2016,"09:48:15 a.m.","  AV. HEROES DEL CENEPA ESTE (BAYOVAR) 300        SAN JUAN DE LURIGANCHO","EMERGENCIA MEDICA",SAMU-121,-11.9615197333248,-76.9830983629042
2016-012692,23-02-2016,"09:46:18 a.m.","AV. ELMER FAUCETT CRUCE CON AV. LA MARINA SAN MIGUEL            SAN MIGUEL","EMERGENCIA MEDICA",AMB-83,-12.0734255827676,-77.0998952900454
2016-012691,23-02-2016,"09:44:21 a.m.","SANTA  MARIA   MZ   A.  LOTE   14               ICA","EMERGENCIA MEDICA",AMB-83,,
2016-012690,23-02-2016,"09:24:36 a.m.","  AV. UNIVERSITARIA NORTE 2384       LOS OLIVOS","EMERGENCIA MEDICA",AMB-60,-11.9969498515731,-77.0843136772881
2016-012689,23-02-2016,"09:23:15 a.m.","  AV. GENERAL VARGAS MACHUCA 233        MIRAFLORES","EMERGENCIA MEDICA","AMB-11, M28-1",-12.1202086671539,-77.0216047756604
2016-012688,23-02-2016,"09:19:25 a.m.","CALLE   DANIEL  OLAECHEA    CDRA.  2             ICA",RESCATE,M193-1,,
2016-012687,23-02-2016,"09:11:36 a.m.","  AV. TUPAC AMARU  km 12 de  la   tupac 2000       COMAS","ACCIDENTE VEHICULAR","AMB-21, AMB-9, M168-1, M65-2, SAMU-168",-11.9485227874441,-77.0493271521674
2016-012686,23-02-2016,"09:11:20 a.m.","CARRETERAS - PANAMERICANAS PANAMERICANA SUR 22            VILLA EL SALVADOR","EMERGENCIA MEDICA","AMB-21, AMB-9, M168-1, M65-2, SAMU-168",,
2016-012685,23-02-2016,"09:11:13 a.m.","  CL. LOS CEDROS 200        CHACLACAYO","EMERGENCIA MEDICA",AMB-32,-11.980126039201,-76.777424220215
2016-012684,23-02-2016,"09:04:23 a.m.","  CL. LOS TUCANES    URB.   SANTA  ANITA   274        SANTA ANITA","MATERIALES PELIGROSOS (INCIDENTE)",RES-127,-12.0513150338128,-76.9623696164823
2016-012683,23-02-2016,"08:54:43 a.m.","  JR. SANTA MERCEDES 100        SAN MARTIN DE PORRES","EMERGENCIA MEDICA",SAMU-161,-12.0189755526094,-77.0607855512055
2016-012682,23-02-2016,"08:52:31 a.m.","  CL. WAIKIKI 100        CHORRILLOS","EMERGENCIA MEDICA",SAMU-6,-12.2026643888181,-77.0138200413934
2016-012681,23-02-2016,"08:46:31 a.m.","AV. TUPAC AMARU (GERARDO UNGER) CRUCE CON AV. EDUARDO DE HABICH SAN MARTIN DE PORRES            SAN MARTIN DE PORRES","EMERGENCIA MEDICA",SAMU-168,-12.0232753980702,-77.0501784060099
2016-012680,23-02-2016,"08:43:41 a.m.","SANTA  MARIA              ICA","EMERGENCIA MEDICA",AMB-22,,
2016-012679,23-02-2016,"08:42:41 a.m.","  CL. OYON 710        EL AGUSTINO","EMERGENCIA MEDICA",SAMU-176,-12.0492393143286,-77.0099025654321
2016-012678,23-02-2016,"08:42:11 a.m.","  CL. JOSE BERNARDO ALCEDO 249        VILLA MARIA DEL TRIUNFO","EMERGENCIA MEDICA",AMB-120,-12.1820358195042,-76.943572539802
2016-012677,23-02-2016,"08:28:42 a.m.","  JR. TOMASAL (ATACAPU) 473        SANTIAGO DE SURCO","EMERGENCIA MEDICA",SAMU-134,-12.1108371577443,-76.9672868096781
2016-012676,23-02-2016,"08:26:26 a.m.","AV. LOS  FICUS    040        PARAMONGA","EMERGENCIA MEDICA",SAMU-134,,
2016-012675,23-02-2016,"08:21:11 a.m.","  CL. RAUL PORRAS BARRENECHEA 101        RIMAC","EMERGENCIA MEDICA",SAMU-134,-12.0279889966351,-77.0393769498784
2016-012674,23-02-2016,"08:20:05 a.m.","PROLO LOS FICUS MAZ J LOTE 4             PARAMONGA","EMERGENCIA MEDICA",AMB-81,,
2016-012673,23-02-2016,"08:15:30 a.m.","  AV. DE LAS ARTES NORTE 900        SAN BORJA","EMERGENCIA MEDICA",AMB-11,-12.0898973122057,-76.9965510631485
2016-012672,23-02-2016,"08:15:23 a.m.","AV. CANTA CALLAO (PLAN VIAL) CRUCE CON PR. ALEJANDRO BERTELLO CALLAO            CALLAO","EMERGENCIA MEDICA",AMB-9,-11.9970661191126,-77.1124976869998
2016-012671,23-02-2016,"08:14:02 a.m.","  AV. BRASIL 3059       MAGDALENA DEL MAR","EMERGENCIA MEDICA",SAMU-83,-12.0880922853261,-77.0643115629729
2016-012670,23-02-2016,"08:06:26 a.m.","  PR. LA MAR 326        LA VICTORIA","EMERGENCIA MEDICA",AMB-8,-12.061266336889,-77.0199585822037
2016-012669,23-02-2016,"07:55:53 a.m.","CL. LOS OLIVOS CRUCE CON AV. 2 DE MAYO SAN ISIDRO            SAN ISIDRO","EMERGENCIA MEDICA",AMB-8,-12.0909798242492,-77.0355365720579
2016-012668,23-02-2016,"07:42:59 a.m.","  AV. CESAR VALLEJO (HIPOLITO UNANUE) 1200       LINCE","EMERGENCIA MEDICA",AMB-202,-12.0876586648984,-77.04405252903
2016-012667,23-02-2016,"07:05:17 a.m.","AV.- HUAYLAS  500        CHORRILLOS","EMERGENCIA MEDICA",AMB-202,,
2016-012666,23-02-2016,"06:56:23 a.m.","FAMILIAR  DEL  ALCALDE  DE LA  PUNTA            ","EMERGENCIA MEDICA",MED-34,,
2016-012665,23-02-2016,"06:55:19 a.m.","  PJ. POTASIO (G)  MZ.  Q  LOTE  22   SAN   HILARION   000        SAN JUAN DE LURIGANCHO","EMERGENCIA MEDICA",MED-34,-11.9965431489324,-77.0173716340221
2016-012664,23-02-2016,"06:51:05 a.m.","  CL. CRISTOBAL DE MENA DPTO 502 146        SAN MIGUEL","EMERGENCIA MEDICA",MED-34,-12.0806944221087,-77.0874112590105
2016-012663,23-02-2016,"06:39:36 a.m.","  AV. VICTOR ANDRES BELAUNDE OESTE 1187       COMAS",INCENDIO,"M161-1, M164-1, M168-1",-11.933327077202,-77.0594312924265
2016-012662,23-02-2016,"06:04:46 a.m.","PARQUE  PORCINO            VENTANILLA",INCENDIO,"AMB-184, AMB-75, CIST-V, CIST25CD1, M150-1, M163-1, M184-1, M75-5",,
2016-012661,23-02-2016,"05:36:27 a.m.","CARRETERAS - PANAMERICANAS CARRETERA CENTRAL 31            LURIGANCHO","EMERGENCIA MEDICA","AMB-184, AMB-75, CIST-V, CIST25CD1, M150-1, M163-1, M184-1, M75-5",-11.9480569131774,-76.7181507843857
2016-012660,23-02-2016,"05:31:32 a.m.","ESTERAS UNO MZ H             ANCON","EMERGENCIA MEDICA",MED-163,,
2016-012659,23-02-2016,"05:15:02 a.m.","CARRETERAS - PANAMERICANAS CARRETERA CENTRAL 32            LURIGANCHO","ACCIDENTE VEHICULAR","AMB-32, RES-32",-11.9450990095807,-76.7098516109063
2016-012658,23-02-2016,"05:09:19 a.m.","  PJ. EL LENGUAJE  CUETO FERNANDINI 000        LOS OLIVOS",INCENDIO,"M161-1, M168-1, RES-124",-11.9835591053765,-77.0732172601821
2016-012657,23-02-2016,"05:06:51 a.m.","FIGUEROLA            PISCO","EMERGENCIA MEDICA",AMB-37,,
2016-012656,23-02-2016,"04:02:46 a.m.","  CL. 1 158        CALLAO","EMERGENCIA MEDICA",AMB-37,-12.0553243851279,-77.1098487798684
2016-012655,23-02-2016,"03:56:40 a.m.","  CL. FELIPE PINGLO ALVA (FELIPE PINEDO AYALA) 012        LA PERLA","EMERGENCIA MEDICA",MED-5,-12.0691243498103,-77.1104544737541
2016-012654,23-02-2016,"03:18:48 a.m.","  CL. GENERAL EMILIO SOYER (TACNA) 246        MIRAFLORES","EMERGENCIA MEDICA",AMB-28,-12.1120046679531,-77.027919624141
2016-012653,23-02-2016,"03:01:24 a.m.","  AV. LOS ROSALES 100        ATE","EMERGENCIA MEDICA",AMB-8,-12.0630589801138,-76.993974429957
2016-012652,23-02-2016,"02:53:36 a.m.","26 de noviembre   mz 12 lote villa mar            ANCON","EMERGENCIA MEDICA",AMB-163,,
2016-012651,23-02-2016,"02:38:07 a.m.","  AV. PACHACUTEC (LOS HEROES) 800        SAN JUAN DE MIRAFLORES",INCENDIO,M106-3,-12.1569533211141,-76.9654035301408
2016-012650,23-02-2016,"02:00:49 a.m.","  CL. GRAN PAJATEN 222        SAN JUAN DE LURIGANCHO","EMERGENCIA MEDICA",AMB-138,-12.0241844842741,-76.9861599246207
2016-012649,23-02-2016,"01:47:59 a.m.","AV. NARANJAL CRUCE CON AV. UNIVERSITARIA NORTE LOS OLIVOS            LOS OLIVOS","ACCIDENTE VEHICULAR","M168-1, RES-124, SAMU-168",-11.9779986641284,-77.0778391322062
2016-012648,23-02-2016,"01:45:29 a.m.","CARRETERAS - PANAMERICANAS ANTIGUA PANAMERICANA SUR 40            LURIN",INCENDIO,"AMB-134, M125-1, M129-1, RES-160",-12.2991778968522,-76.8479548244506
2016-012647,23-02-2016,"01:18:40 a.m.","DISCOTECA            ICA","EMERGENCIA MEDICA",AMB-22,,
2016-012646,23-02-2016,"01:14:13 a.m.","  AV. GABRIEL CONDORCANQUI (A) (6) (8) 261        CARABAYLLO","EMERGENCIA MEDICA",AMB-150,-11.8942447315808,-77.0414718640764
2016-012645,23-02-2016,"01:09:00 a.m.","AH. BOCANEGRA ETAPA III SECTOR D D22  LOT 4            CALLAO","EMERGENCIA MEDICA",AMB-9,-12.0272379829607,-77.0951750217476
2016-012644,23-02-2016,"12:53:55 a.m.","  AV. JOSE CARLOS MARIATEGUI 3200       VILLA MARIA DEL TRIUNFO","MATERIALES PELIGROSOS (INCIDENTE)","AMB-106, M106-3",-12.1355102993458,-76.9420128324577
2016-012643,23-02-2016,"12:44:56 a.m.","  AV. LOS FRESNOS (PORTADA DEL SOL) (PRINCIPAL) 1900       LA MOLINA","EMERGENCIA MEDICA",MED-96,-12.1076936073692,-76.9398051070996
2016-012642,23-02-2016,"12:17:14 a.m.","AH. BOCANEGRA SECTOR G G22            CALLAO","EMERGENCIA MEDICA",AMB-9,-12.0245641089131,-77.0999663434091
2016-012641,23-02-2016,"12:04:28 a.m.","  JR. MANUEL CANDAMO 440        LINCE","EMERGENCIA MEDICA",SAMU-4,-12.0821386384423,-77.0322195320714
