ID,FECHA,HORA,DIRECCION,TIPO,UNIDADES,"CORDENADAS (lat)","CORDENADAS (lng)"
2016-007790,03-02-2016,"11:57:38 p.m.","UR. SANTA ANA  MZ   I  LT 2            LOS OLIVOS","EMERGENCIA MEDICA",AMB124-2,-11.9510231368134,-77.079940998905
2016-007789,03-02-2016,"11:47:43 p.m.","  JR. TRUJILLO 813        RIMAC","EMERGENCIA MEDICA",SAMU-2,-12.0364193293128,-77.0285309453545
2016-007788,03-02-2016,"11:47:40 p.m.","  CL. SAN MARCOS 314        BARRANCO","EMERGENCIA MEDICA",AMB-16,-12.1442268270318,-77.0206435181245
2016-007787,03-02-2016,"11:32:57 p.m.","  AV. RICARDO ELIAS APARICIO (LA ALAMEDA) 400        LA MOLINA","EMERGENCIA MEDICA","M138-1, MED-96, RES-96",-12.0798472837565,-76.9226170578538
2016-007786,03-02-2016,"11:28:10 p.m.","AV. IRIS CRUCE CON CL. 17 VENTANILLA            VENTANILLA","EMERGENCIA MEDICA","M138-1, MED-96, RES-96",-11.8721665021276,-77.1171595221843
2016-007785,03-02-2016,"11:19:34 p.m.","  AV. HUAYLAS) COND ALAMEDA HUAYLAS  BLOQUE E DPT  E   202   1661       CHORRILLOS","EMERGENCIA MEDICA",SAMU-6,,
2016-007784,03-02-2016,"11:06:50 p.m.","COMERCIAL EMPRESA PETROPERU            SAN ISIDRO","ACCIDENTE VEHICULAR","AMB-28, M28-1, MATPEL-4, RESLIG-4",-12.0976759038374,-77.0248894750701
2016-007783,03-02-2016,"11:00:39 p.m.","AV. TOMAS VALLE CRUCE CON AV. UNIVERSITARIA (BELLA UNION) SAN MARTIN DE PORRES            SAN MARTIN DE PORRES","EMERGENCIA MEDICA",AMB-65,-12.012542076361,-77.0803406745526
2016-007782,03-02-2016,"10:58:49 p.m.","  AV. IQUITOS 400        LA VICTORIA",INCENDIO,M10-1,-12.0641003558743,-77.0308650801749
2016-007781,03-02-2016,"10:52:25 p.m.","PANAMERICANA KM CARRTERA PAEACAS KM 1  CISTERNA 37            PISCO",INCENDIO,CIST-37,,
2016-007780,03-02-2016,"10:51:55 p.m.","AV. GILBERT GERMARDUS MERCATOR (32) CRUCE CON AV. JOSE GALVEZ BARRENECHEA (PRINCIPAL) SAN BORJA            SAN BORJA","EMERGENCIA MEDICA",AMB-11,-12.1073038537952,-77.0103925872515
2016-007779,03-02-2016,"10:50:56 p.m.","  AV. HEROES DEL ALTO CENEPA (TRAPICHE) 000        COMAS",INCENDIO,"AMB-164, AMB124-2, CIST124-4, M150-1, M164-1",-11.8971053757794,-77.0482059365531
2016-007778,03-02-2016,"10:47:36 p.m.","  CL. MARISCAL ANTONIO JOSE DE SUCRE 580        SAN MIGUEL","EMERGENCIA MEDICA",AMB-202,-12.089549722716,-77.0781903800777
2016-007777,03-02-2016,"10:46:40 p.m.","  AV. NACIONES UNIDAS 1615       LIMA","EMERGENCIA MEDICA",AMB-14,-12.0525577258258,-77.0608519614787
2016-007776,03-02-2016,"10:39:04 p.m.","MZ M LOTE 5 TA ETAPA JUAN PABLO II            SAN JUAN DE LURIGANCHO","EMERGENCIA MEDICA",AMB-121,,
2016-007775,03-02-2016,"10:35:39 p.m.","PJ. VILLA EL SALVADOR SECTOR 1 GRUPO 5   K  LT 2            VILLA EL SALVADOR","EMERGENCIA MEDICA",AMB-155,-12.1978660896318,-76.9418815894227
2016-007774,03-02-2016,"10:31:05 p.m.",,"EMERGENCIA MEDICA",AMB-106,-12.1729496718384,-76.945088589499
2016-007773,03-02-2016,"10:29:46 p.m.","AV. ELMER FAUCETT CRUCE CON AV. CANTA CALLAO CALLAO            CALLAO",INCENDIO,"M60-1, M9-1, MED-18",,
2016-007772,03-02-2016,"10:28:41 p.m.","  CL. ALFONSO UGARTE 446        SAN MARTIN DE PORRES","MATERIALES PELIGROSOS (INCIDENTE)","AMB-65, M65-1",-12.0249811943178,-77.0558766134014
2016-007771,03-02-2016,"10:13:38 p.m.","  AV. LAS CAMELIAS 636        SAN ISIDRO","EMERGENCIA MEDICA",MED-202,-12.096151791779,-77.0287903165891
2016-007770,03-02-2016,"10:12:02 p.m.","  CL. RIO DE JANEIRO 366        JESUS MARIA","EMERGENCIA MEDICA",AMB-202,-12.0836541319371,-77.0560179683612
2016-007769,03-02-2016,"10:05:16 p.m.","  JR. LORETO 831        CALLAO","EMERGENCIA MEDICA",MED-18,-12.0650192323122,-77.1401243923792
2016-007768,03-02-2016,"10:01:47 p.m.","LA RIVERA DE CHILLON MZ F LT 5            PUENTE PIEDRA","EMERGENCIA MEDICA",AMB-150,,
2016-007767,03-02-2016,"09:54:04 p.m.","CERRO ALEGRE             IMPERIAL","MATERIALES PELIGROSOS (INCIDENTE)",M49-1,,
2016-007766,03-02-2016,"09:48:11 p.m.","  CL. 33   MZ  11  LT   45  000        CHORRILLOS",INCENDIO,M6-1,-12.2110443258594,-77.015382567336
2016-007765,03-02-2016,"09:46:07 p.m.","AV. ARIOSTO MATELLINI (COLECTORA RESIDENCIAL) CRUCE CON AV. PASEO DE LA REPUBLICA CHORRILLOS            CHORRILLOS","EMERGENCIA MEDICA",SAMU-6,-12.1791408177755,-77.0100335428079
2016-007764,03-02-2016,"09:46:06 p.m.","ENRIQUE            SAN JUAN DE MIRAFLORES","EMERGENCIA MEDICA",SAMU-120,,
2016-007763,03-02-2016,"09:43:00 p.m.","CARRETERAS - PANAMERICANAS PANAMERICANA SUR 19.8            VILLA EL SALVADOR","EMERGENCIA MEDICA",AMB-155,-12.2253608333352,-76.9717452131
2016-007762,03-02-2016,"09:37:55 p.m.","CALLE LIMA  200        LA MOLINA","EMERGENCIA MEDICA",MED-96,,
2016-007761,03-02-2016,"09:34:14 p.m.","  JR. CONTRALMIRANTE MIGUEL GRAU (BENITO LAZO) 762        MAGDALENA DEL MAR","EMERGENCIA MEDICA",AMB-100,-12.0917467857416,-77.0756765990017
2016-007760,03-02-2016,"09:33:50 p.m.","  AV. ZARUMILLA 100        SAN MARTIN DE PORRES",INCENDIO,M3-1,-12.0351637048458,-77.0441656861968
2016-007759,03-02-2016,"09:19:42 p.m.","VIRGEN DEL ROSARIO             LURIGANCHO","EMERGENCIA MEDICA",AMB-32,,
2016-007758,03-02-2016,"08:57:26 p.m.","AV. LOS DOMINICOS 000        SAN MARTIN DE PORRES",RESCATE,"AMB-1, AMB-7, AMB164-2, M60-1, M9-5",-12.0009774272053,-77.1014880200559
2016-007757,03-02-2016,"08:54:57 p.m.","  JR. ANCASH 200        CALLAO","MATERIALES PELIGROSOS (INCIDENTE)","M1-1, MED-34",-12.0664776289519,-77.144546001333
2016-007756,03-02-2016,"08:54:04 p.m.","AV. JOSE MARIA ARGUEDAS (LOS ALAMOS) CRUCE CON AV. SIMON BOLIVAR VILLA EL SALVADOR            VILLA EL SALVADOR","EMERGENCIA MEDICA",AMB-155,-12.2172959084665,-76.9376607666393
2016-007755,03-02-2016,"08:47:07 p.m.","AV. CAQUETA ESQ AV ZARUMILLA 000        SAN MARTIN DE PORRES","ACCIDENTE VEHICULAR","AMB-14, AMB-65, M21-1, M3-1",-12.034881998676,-77.0438839120004
2016-007754,03-02-2016,"08:44:09 p.m.","CARRETERAS - PANAMERICANAS AV TUPAC AMARU 12            COMAS","EMERGENCIA MEDICA",AMB124-2,-11.9485308724863,-77.0494575493639
2016-007753,03-02-2016,"08:38:09 p.m.","JR CONSTITUCION CDRA 300            CALLAO","EMERGENCIA MEDICA",AMB-1,,
2016-007752,03-02-2016,"08:35:22 p.m.","  AV. LOS CHANCAS 700        SANTA ANITA","EMERGENCIA MEDICA",AMB-169,-12.0367611009007,-76.9623325048262
2016-007751,03-02-2016,"08:28:52 p.m.","  AV. JUAN PARDO DE ZELA 332        LINCE","EMERGENCIA MEDICA",SAMU-4,-12.0833988507768,-77.0330190482935
2016-007750,03-02-2016,"08:25:32 p.m.","AV. 9 DE DICIEMBRE (PASEO COLON) CRUCE CON AV. INCA GARCILAZO DE LA VEGA (WILSON) LIMA            LIMA","EMERGENCIA MEDICA",AMB-14,-12.0598235902352,-77.0379506685315
2016-007749,03-02-2016,"08:10:29 p.m.","  JR. ANDRES SANTIAGO VIGIL 136        CALLAO","EMERGENCIA MEDICA",MED-18,-12.0603330944516,-77.1341833788266
2016-007748,03-02-2016,"08:06:37 p.m.","AH. NUEVO PROGRESO F1 LOTE 15            VENTANILLA","EMERGENCIA MEDICA",AMB-184,-11.8372402187988,-77.1272400794554
2016-007747,03-02-2016,"07:59:18 p.m.","  JR. BELLO HORIZONTE 1950       SAN MARTIN DE PORRES","EMERGENCIA MEDICA",AMB-65,-12.0335958102221,-77.0667624030598
2016-007746,03-02-2016,"07:58:13 p.m.","  JR. ESTEBAN CAMERE 538        SANTIAGO DE SURCO","EMERGENCIA MEDICA",AMB134-2,-12.1484643712343,-76.9910311284059
2016-007745,03-02-2016,"07:54:35 p.m.",,"EMERGENCIA MEDICA",AMB-14,,
2016-007744,03-02-2016,"07:46:33 p.m.","UR. HUERTOS DE VILLA I1 LOTE            CHORRILLOS",INCENDIO,M6-1,-12.2040686544972,-77.0073824840631
2016-007743,03-02-2016,"07:45:32 p.m.","PANAMERICANA SUR KM 60.5            CHILCA",INCENDIO,"AMB-133, AUX-133, ELEC-125, ESC-134, M129-1, M133-1",,
2016-007742,03-02-2016,"07:43:36 p.m.","AV. HUSARES DE JUNIN CRUCE CON AV. GENERAL GARZON JESUS MARIA            JESUS MARIA",INCENDIO,"M202-1, MED-202",-12.0758913641206,-77.0527382779467
2016-007741,03-02-2016,"07:39:00 p.m.","  PS. PASEO DE LOS DOMINICOS DEP 403  372        CALLAO","EMERGENCIA MEDICA",AMB-60,-12.013026429634,-77.1038750850306
2016-007740,03-02-2016,"07:35:24 p.m.","AV. JAVIER PRADO ESTE 13         SAN ISIDRO","EMERGENCIA MEDICA",AMB-11,-12.0895229132657,-77.0131583479387
2016-007739,03-02-2016,"07:29:46 p.m.","CARRETERAS - PANAMERICANAS CARRETERA VENTANILLA 9            CALLAO","EMERGENCIA MEDICA",AMB-1,-11.9688536672884,-77.1255474909907
2016-007738,03-02-2016,"07:29:22 p.m.","  AV. SAN FELIPE DE COLLIQUE 500        COMAS","SERVICIO ESPECIAL",M164-1,-11.9039831610298,-77.0373254285397
2016-007737,03-02-2016,"07:21:43 p.m.","AH. ANGAMOS PARADERO 8            VENTANILLA","EMERGENCIA MEDICA",AMB-184,-11.9014272053835,-77.1085395956331
2016-007736,03-02-2016,"07:21:40 p.m.","CENTRO DE SALUD DE PACHACAMAC 10.31 HOSP. MARIA AUXILIADORA            PACHACAMAC","EMERGENCIA MEDICA",AMB-160,,
2016-007735,03-02-2016,"07:14:20 p.m.","  CL. LA CHIRA (PIURA) 111        RIMAC","EMERGENCIA MEDICA",SAMU-2,-12.0369933384209,-77.0298386408699
2016-007734,03-02-2016,"07:07:50 p.m.","  AV. DEL PARQUE SUR (13) 699        SAN BORJA","EMERGENCIA MEDICA",AMB-11,-12.0991624199701,-77.0105748867051
2016-007733,03-02-2016,"07:07:08 p.m.","AH. 21 DE MARZO  MZ  E  LT 17             ANCON","EMERGENCIA MEDICA",AMB-150,-11.7813445546672,-77.1629066158017
2016-007732,03-02-2016,"07:03:38 p.m.","CARRETERA CENTRAL  KM  25.5             ","EMERGENCIA MEDICA",AMB-115,,
2016-007731,03-02-2016,"07:00:56 p.m.","  AV. ESTADOS UNIDOS 227        COMAS","EMERGENCIA MEDICA",AMB-115,-11.9592562824384,-77.0542526410632
2016-007730,03-02-2016,"06:58:57 p.m.","PJ. UPACA            BARRANCA",RESCATE,RES-73,,
2016-007729,03-02-2016,"06:51:04 p.m.","AV. JAVIER LUNA PIZARRO CRUCE CON JR. SEBASTIAN BARRANCA LA VICTORIA            LA VICTORIA","ACCIDENTE VEHICULAR","MATPEL-4, RESLIG-4, SAMU-4",-12.0683408136603,-77.027146553223
2016-007728,03-02-2016,"06:46:44 p.m.","CARRETERA PENETRACION KM 210 HACIA CAJATAMBO             PATIVILCA","ACCIDENTE VEHICULAR","AMB-81, RES-73",,
2016-007727,03-02-2016,"06:43:58 p.m.","JR. TRUJILLO            ","EMERGENCIA MEDICA",AMB-32,,
2016-007726,03-02-2016,"06:43:54 p.m.","  AV. BUENOS AIRES (MIGUEL GRAU) 2177       BELLAVISTA","EMERGENCIA MEDICA",AMB-7,-12.0590713531892,-77.1241888344821
2016-007725,03-02-2016,"06:35:20 p.m.",,"EMERGENCIA MEDICA",AMB-28,-12.1197845209943,-77.0119864376192
2016-007724,03-02-2016,"06:22:08 p.m.","AS. BAYER             SANTIAGO DE SURCO","EMERGENCIA MEDICA",AMB134-2,-12.1600714140873,-76.9956348263582
2016-007723,03-02-2016,"06:21:41 p.m.","AV. DE LOS PATRIOTAS CRUCE CON CL. LOS NAZCAS SAN MIGUEL            SAN MIGUEL","EMERGENCIA MEDICA",SAMU-83,-12.0779459412553,-77.0963195934653
2016-007722,03-02-2016,"06:19:08 p.m.","  JR. SUPE  INT  102  187        CALLAO","EMERGENCIA MEDICA",AMB-60,-12.055629026847,-77.1327869329049
2016-007721,03-02-2016,"06:15:38 p.m.","CL. ALEJANDRO GRANDA CRUCE CON AV. GUARDIA CHALACA BELLAVISTA            BELLAVISTA",INCENDIO,"M5-1, M7-1, M7-5",-12.0640806409157,-77.1208259297526
2016-007720,03-02-2016,"06:15:24 p.m.","  CL. LUIS LARCO 100        LA PUNTA","EMERGENCIA MEDICA",MED-34,-12.0731136037514,-77.162168756811
2016-007719,03-02-2016,"06:04:59 p.m.","PJ. CRUZ DE MOTUPE GRUPO 1 E1            SAN JUAN DE LURIGANCHO","EMERGENCIA MEDICA","AMB-121, SAMU-176",-11.9410203117111,-76.9775701583097
2016-007718,03-02-2016,"05:53:16 p.m.","UR. MARISCAL RAMON CASTILLA B LOTE 22            CALLAO","EMERGENCIA MEDICA","MED-18, RES-15",-12.0408557190909,-77.1256439102796
2016-007717,03-02-2016,"05:44:08 p.m.","AV. ABANCAY            SAN CLEMENTE","EMERGENCIA MEDICA",AMB-157,,
2016-007716,03-02-2016,"05:42:41 p.m.","AH. NUEVO PROGRESO MZ H LT 10            VENTANILLA","EMERGENCIA MEDICA",SAMU-150,-11.8359209561242,-77.1251038035012
2016-007715,03-02-2016,"05:38:50 p.m.",,"EMERGENCIA MEDICA",SAMU-168,-12.0077489939021,-77.0725419102113
2016-007714,03-02-2016,"05:19:59 p.m.","HOSPITAL AUGUSTO HERNANDEZ             ICA","EMERGENCIA MEDICA",MATPEL171,,
2016-007713,03-02-2016,"05:14:34 p.m.","VILELA CDRA. 1             BARRANCA","EMERGENCIA MEDICA",AMB-73,,
2016-007712,03-02-2016,"05:13:48 p.m.","PP. JJ SAN ALBERTO            CHACLACAYO","EMERGENCIA MEDICA",AMB-115,,
2016-007711,03-02-2016,"05:03:21 p.m.","AV. METROPOLITANA (SEPARADORA INDUSTRIAL) CRUCE CON CL. LA MINKA ATE - VITARTE            ATE","EMERGENCIA MEDICA",MED-96,-12.0329138089623,-76.9383546223378
2016-007710,03-02-2016,"05:01:58 p.m.","AH. CIUDADELA CHALACA D  LOTE 10            CALLAO","EMERGENCIA MEDICA",MED-34,-12.0510369690477,-77.1323897237027
2016-007709,03-02-2016,"04:58:44 p.m.","CALLE SAN ISIDRO CEMENTERIO DE PISCO             PISCO","EMERGENCIA MEDICA",AMB-37,,
2016-007708,03-02-2016,"04:58:15 p.m.","PANAMERICANA SUR  KM  64             CHILCA","EMERGENCIA MEDICA",AMB-133,,
2016-007707,03-02-2016,"04:54:47 p.m.","JR. AZANGARO CRUCE CON JR. CUZCO LIMA            LIMA","EMERGENCIA MEDICA",SAMU-10,-12.050832598541,-77.0303996231004
2016-007706,03-02-2016,"04:47:46 p.m.","AV. LA REPUBLICA CRUCE CON CL. JOSE CHOQUEHUANCA (CRISTOBAL COLON) SAN ISIDRO            SAN ISIDRO","EMERGENCIA MEDICA",SAMU-4,-12.0991608019334,-77.035411577295
2016-007705,03-02-2016,"04:46:10 p.m.","  AV. JOSE CARLOS MARIATEGUI 2900       VILLA MARIA DEL TRIUNFO","EMERGENCIA MEDICA",AMB134-2,-12.1374713449666,-76.9446850226473
2016-007704,03-02-2016,"04:39:08 p.m.",,"MATERIALES PELIGROSOS (INCIDENTE)",M75-1,,
2016-007703,03-02-2016,"04:32:56 p.m.","AV. SANTA ANITA CRUCE CON CL. SAN MARCOS CHORRILLOS            CHORRILLOS","ACCIDENTE VEHICULAR","M13-1, RES-16, SAMU-120",-12.1943138169859,-77.0144745297092
2016-007702,03-02-2016,"04:15:25 p.m.","  AV. LIMA 3090       SAN MARTIN DE PORRES","EMERGENCIA MEDICA",AMB-60,-12.0295549654975,-77.0788322287451
2016-007701,03-02-2016,"04:06:53 p.m.","AV. TUPAC CRUCE CUTERVO            ICA","EMERGENCIA MEDICA",AMB-22,,
2016-007700,03-02-2016,"03:51:39 p.m.","  AV. CORONEL SAMUEL ALCAZAR 700        RIMAC","EMERGENCIA MEDICA",SAMU-10,-12.0280099711054,-77.0324360070092
2016-007699,03-02-2016,"03:49:13 p.m.","AH. VILLA SANTA ISABEL MZ A LT 8            SANTIAGO DE SURCO","EMERGENCIA MEDICA",AMB-28,-12.1482456035199,-77.0145912290727
2016-007698,03-02-2016,"03:48:01 p.m.","CL. ARRIETA ESQ CANTOLAO            LA PUNTA","EMERGENCIA MEDICA",MED-34,,
2016-007697,03-02-2016,"03:46:26 p.m.","PUERTO CHANCAY            CHANCAY","EMERGENCIA MEDICA",AMB-80,,
2016-007696,03-02-2016,"03:38:27 p.m.","CARRETERAS - PANAMERICANAS PANAMERICANA NORTE 37.97            SANTA ROSA","ACCIDENTE VEHICULAR","CIST124-4, M164-1, SAMU-168",-11.8125879423173,-77.1295791009701
2016-007695,03-02-2016,"03:37:49 p.m.","CARRETERAS - PANAMERICANAS PANAMERICANA NORTE 37.37            SANTA ROSA","ACCIDENTE VEHICULAR","M150-1, M75-1, SAMU-150",-11.8170100308102,-77.1265407161149
2016-007694,03-02-2016,"03:35:49 p.m.","PUERTO DE CHANCAY              CHANCAY","EMERGENCIA MEDICA",AMB-80,,
2016-007693,03-02-2016,"03:35:42 p.m.","AV. PACHACUTEC (LOS HEROES) CRUCE CON AV. SAN JUAN SAN JUAN DE MIRAFLORES            SAN JUAN DE MIRAFLORES","EMERGENCIA MEDICA",SAMU-120,-12.1542828095827,-76.971955588022
2016-007692,03-02-2016,"03:34:09 p.m.","  AV. LOS FRESNOS (C) 1500       LA MOLINA",RESCATE,RES-96,-12.0973562813925,-76.94498494638
2016-007691,03-02-2016,"03:33:21 p.m.","MERCADO MAYORISTA DE LIMA              SANTA ANITA","MATERIALES PELIGROSOS (INCIDENTE)",M169-1,,
2016-007690,03-02-2016,"03:12:10 p.m.","HOSPITAL REGIONAL             ICA","EMERGENCIA MEDICA",MATPEL171,,
2016-007689,03-02-2016,"03:11:29 p.m.","  CL. ALEJANDRO SCARLATTI 162        SAN BORJA","EMERGENCIA MEDICA",AMB-11,-12.1091130418938,-76.9939678885403
2016-007688,03-02-2016,"03:08:50 p.m.","AV. LOS DOMINICOS CRUCE CON AV. EL OLIVAR CALLAO            CALLAO","EMERGENCIA MEDICA",AMB-7,-12.0169061337202,-77.0929611442957
2016-007687,03-02-2016,"03:03:36 p.m.","LAS DUNAS             LA TINGUINA","ACCIDENTE VEHICULAR","AMB-22, M193-1",,
2016-007686,03-02-2016,"03:01:27 p.m.","PANAMA 3505       ","EMERGENCIA MEDICA",AMB-100,,
2016-007685,03-02-2016,"02:58:17 p.m.","AH. SAN ALBERTO L2 LOTE 3            LOS OLIVOS","EMERGENCIA MEDICA",AMB-60,-12.0095540650414,-77.0781512496215
2016-007684,03-02-2016,"02:55:17 p.m.","  JR. GENERAL PRUDAN 192        ","EMERGENCIA MEDICA",AMB-14,-12.0357581242259,-77.0702340721212
2016-007683,03-02-2016,"02:51:08 p.m.","  JR. CORONEL JOAQUIN BERNAL DEP 410 232        LINCE","EMERGENCIA MEDICA",SAMU-4,-12.0872063201028,-77.0356800475186
2016-007682,03-02-2016,"02:46:00 p.m.","  AV. FRANCISCO PIZARRO  INT 32  534        RIMAC","EMERGENCIA MEDICA",SAMU-2,-12.0373910404306,-77.033980752183
2016-007681,03-02-2016,"02:45:01 p.m.","  AV. FELIPE SANTIAGO SALAVERRY 2448       SAN ISIDRO","EMERGENCIA MEDICA",AMB-202,-12.0905462609855,-77.0517715949755
2016-007680,03-02-2016,"02:30:25 p.m.","  CL. LOS KIPUS 100        INDEPENDENCIA","EMERGENCIA MEDICA",SAMU-168,-11.9812283020317,-77.0387491062609
2016-007679,03-02-2016,"02:24:59 p.m.","AV. JOSE CARLOS MARIATEGUI CRUCE CON AV. SEPARADORA INDUSTRIAL VILLA EL SALVADOR            VILLA EL SALVADOR","EMERGENCIA MEDICA",AMB-120,-12.2178841671419,-76.9273852864461
2016-007678,03-02-2016,"02:14:38 p.m.","  JR. GENERAL VIDAL (ANTONIO DAZA) 521        RIMAC","EMERGENCIA MEDICA",AMB-14,-12.0357307852373,-77.0404870713328
2016-007677,03-02-2016,"02:14:26 p.m.",,"EMERGENCIA MEDICA",SAMU-14,-12.0633918247137,-77.0547391258469
2016-007676,03-02-2016,"02:02:27 p.m.","  AV. OSCAR BENAVIDES (COLONIAL) 800        LIMA","EMERGENCIA MEDICA",SAMU-14,-12.0476387569313,-77.0525202412874
2016-007675,03-02-2016,"01:59:09 p.m.","  JR. LAMPA 250        LIMA","EMERGENCIA MEDICA",AMB-14,-12.0459122938107,-77.0283256903902
2016-007674,03-02-2016,"01:42:11 p.m.","JR LAS ORQUIDEAS            ","EMERGENCIA MEDICA",SAMU-121,,
2016-007673,03-02-2016,"01:41:24 p.m.","JR. CHINCHA CRUCE CON AV. INCA GARCILAZO DE LA VEGA (WILSON) LIMA            ",INCENDIO,M10-3,-12.0627020978724,-77.0377765237825
2016-007672,03-02-2016,"01:32:29 p.m.","ASOCIACION MUNICIPAL MAZ C LOTE 15            ","EMERGENCIA MEDICA",MED-63,,
2016-007671,03-02-2016,"01:25:07 p.m.","  AV. GUARDIA REPUBLICANA (LA CAPILLA) 542        RIMAC","MATERIALES PELIGROSOS (INCIDENTE)","AMB-65, M10-1, M14-1, M21-1",-12.0326151633761,-77.0325010112216
2016-007670,03-02-2016,"01:23:24 p.m.","JR. HUMBOLDT CRUCE CON PR. LA MAR LA VICTORIA            LA VICTORIA","EMERGENCIA MEDICA",AMB-14,-12.0646827387725,-77.019524531091
2016-007669,03-02-2016,"01:18:28 p.m.","  PR. PEDRO MIOTTA 1000       SAN JUAN DE MIRAFLORES","EMERGENCIA MEDICA",AMB-16,-12.1568467131902,-76.9816455967884
2016-007668,03-02-2016,"01:16:56 p.m.","JR. BOCCIONI CRUCE CON JR. MIGUEL ANGEL SAN BORJA            SAN BORJA","EMERGENCIA MEDICA",AMB134-2,-12.0929568285522,-76.9992835947926
2016-007667,03-02-2016,"01:13:39 p.m.","SUNAT ICA CENTRO            ","EMERGENCIA MEDICA",MATPEL171,,
2016-007666,03-02-2016,"01:10:32 p.m.","OVALO DE HUACHO            HUACHO","EMERGENCIA MEDICA",AMB-20,,
2016-007665,03-02-2016,"12:59:02 p.m.","  JR. MANCO SEGUNDO 2625       LINCE","EMERGENCIA MEDICA",AMB-202,-12.0893732189086,-77.045645458793
2016-007664,03-02-2016,"12:48:23 p.m.","BOLIVAR CON SEBASTIAN BARRANCA            PARCONA","ACCIDENTE VEHICULAR","AMB-22, M193-1, MATPEL171",,
2016-007663,03-02-2016,"12:40:06 p.m.","AV. CIRCUNVALACION (PANAMERICANA SUR) CRUCE CON AV. DEL AIRE (ELEUTERIO VENTURO HUAMAN) SAN LUIS            SAN LUIS","ACCIDENTE VEHICULAR","AMB-11, AMB-202, M127-1, RESLIG-4, SAMU-4",-12.0748762453017,-76.9922087666308
2016-007662,03-02-2016,"12:37:10 p.m.","  CL. FRENTE ESCOLAR 290        LIMA","EMERGENCIA MEDICA","AMB-11, AMB-202, M127-1, RESLIG-4, SAMU-4",-12.047851348786,-77.0159933885254
2016-007661,03-02-2016,"12:35:27 p.m.","AV. AMAZONAS  100        ICA","EMERGENCIA MEDICA",AMB-22,,
2016-007660,03-02-2016,"12:34:41 p.m.","  CL. JUNIN 240        LA MOLINA","EMERGENCIA MEDICA",MED-96,-12.0880218021308,-76.926356598355
2016-007659,03-02-2016,"12:25:11 p.m.","  AV. PACHACUTEC 2100       VILLA MARIA DEL TRIUNFO","EMERGENCIA MEDICA",SAMU-120,-12.1668073275527,-76.9521770702657
2016-007658,03-02-2016,"12:14:52 p.m.","  JR. NICOLAS ALCAZAR 535        PUEBLO LIBRE",INCENDIO,M83-1,-12.0820104279387,-77.0625121415946
2016-007657,03-02-2016,"12:13:59 p.m.","  AV. UNIVERSITARIA 7800       COMAS","EMERGENCIA MEDICA",AMB164-2,-11.9315566861778,-77.0541684898483
2016-007656,03-02-2016,"12:12:55 p.m.","  CL. MONTERO ROSAS 1004       LIMA","MATERIALES PELIGROSOS (INCIDENTE)","MATPEL-4, SAMU-4",-12.074836817558,-77.0339075741874
2016-007655,03-02-2016,"12:10:14 p.m.","  JR. LAMPA 600        LIMA",RESCATE,"M2-1, M21-1",-12.0497038265177,-77.0310201628774
2016-007654,03-02-2016,"12:07:18 p.m.","CARRETERAS - PANAMERICANAS PANAMERICANA SUR 33            LURIN","ACCIDENTE VEHICULAR","AMB-106, M120-1, RES-134",-12.2906268792454,-76.8666568026647
2016-007653,03-02-2016,"12:02:48 p.m.","  AV. ALBERTO DEL CAMPO (LIZARDO MONTERO) 143        SAN ISIDRO","EMERGENCIA MEDICA",AMB-100,-12.0988119062912,-77.0541512733669
2016-007652,03-02-2016,"11:59:39 a.m.",,"EMERGENCIA MEDICA",AMB-16,-12.2084632996039,-77.0159925217601
2016-007651,03-02-2016,"11:52:31 a.m.","JR. MAXIMO ABRIL CRUCE CON JR. PABLO BERMUDEZ JESUS MARIA            JESUS MARIA","EMERGENCIA MEDICA",AMB-202,,
2016-007650,03-02-2016,"11:40:31 a.m.","  AV. AVIACION 4970       SANTIAGO DE SURCO","EMERGENCIA MEDICA",AMB134-2,-12.1253291592674,-76.9994429769686
2016-007649,03-02-2016,"11:38:37 a.m.","  AV. CAMINO REAL 111        SAN ISIDRO",RESCATE,RESLIG-4,-12.0950203287329,-77.0352170790373
2016-007648,03-02-2016,"11:37:36 a.m.","  CL. RODOLFO BELTRAN (VIGIL) 716        LIMA","EMERGENCIA MEDICA",AMB-36,-12.0434994991002,-77.0523355975495
2016-007647,03-02-2016,"11:34:29 a.m.","  CL. MIGUEL AREVALO 100        SAN BORJA",RESCATE,M127-1,-12.0850693411265,-76.9889030601838
2016-007646,03-02-2016,"11:10:16 a.m.","  CL. FELIPE PINGLO ALVA (FELIPE PINEDO AYALA) 100        LA PERLA","EMERGENCIA MEDICA",AMB-7,-12.0670379823214,-77.1109053677322
2016-007645,03-02-2016,"11:04:39 a.m.","  AV. LA PAZ 500        LA PERLA","EMERGENCIA MEDICA",AMB-7,-12.0703593496444,-77.1294873384254
2016-007644,03-02-2016,"11:04:19 a.m.","AV. LA PAZ CRUCE CON JR. ZARUMILLA (VENEZUELA) LA PERLA            LA PERLA","EMERGENCIA MEDICA",MED-18,-12.0705112104835,-77.1290544001128
2016-007643,03-02-2016,"11:03:14 a.m.","  AV. SUCRE (INDEPENDENCIA) 1400       MAGDALENA DEL MAR","MATERIALES PELIGROSOS (INCIDENTE)","M83-1, SAMU-83",-12.0855468351992,-77.0681620870642
2016-007642,03-02-2016,"11:01:07 a.m.","  CL. JOSE GRANDA 520        SAN ISIDRO","EMERGENCIA MEDICA",AMB-36,-12.0977477965605,-77.0529655893513
2016-007641,03-02-2016,"10:53:12 a.m.","  AV. JOSE PARDO 255        MIRAFLORES","ACCIDENTE VEHICULAR","AMB-100, AMB-28, M100-1, M28-1",-12.1190363070602,-77.0308303878863
2016-007640,03-02-2016,"10:52:35 a.m.","  AV. CORONEL SAMUEL ALCAZAR 500        RIMAC","EMERGENCIA MEDICA",SAMU-14,-12.0293945353752,-77.0307752496524
2016-007639,03-02-2016,"10:51:42 a.m.","CARETERA SAYAN K5            ","ACCIDENTE VEHICULAR",AMB-20,,
2016-007638,03-02-2016,"10:36:32 a.m.","  JR. VIRU 300        RIMAC","EMERGENCIA MEDICA",AMB-20,,
2016-007637,03-02-2016,"10:36:28 a.m.","  JR. VIRU 496        RIMAC","EMERGENCIA MEDICA",SAMU-10,-12.0395165304029,-77.0334016646905
2016-007636,03-02-2016,"10:35:45 a.m.","PLAZUELA BARRANCA             ICA","EMERGENCIA MEDICA",AMB-22,,
2016-007635,03-02-2016,"10:33:31 a.m.","CARRETERAS - PANAMERICANAS ANTIGUA PANAMERICANA SUR 40            LURIN","EMERGENCIA MEDICA",AMB-129,-12.2991778968522,-76.8479548244506
2016-007634,03-02-2016,"10:32:35 a.m.","  JR. JOSE OLAYA 1221       LA PERLA","EMERGENCIA MEDICA",MED-18,-12.0682286958902,-77.122031221022
2016-007633,03-02-2016,"10:30:50 a.m.","  CL. LAS HORMIGAS 000        LA MOLINA","EMERGENCIA MEDICA",MED-96,-12.0758324669032,-76.9518365506956
2016-007632,03-02-2016,"10:19:16 a.m.","SANTA ROSA             ","EMERGENCIA MEDICA",AMB-37,,
2016-007631,03-02-2016,"10:09:55 a.m.","  AV. LA PAZ 1200       MIRAFLORES","EMERGENCIA MEDICA","AMB-100, M13-1, M6-1",-12.1306136964417,-77.0262705563491
2016-007630,03-02-2016,"10:09:16 a.m.","BOLOGNESI   CDRA.  6               LA PUNTA","EMERGENCIA MEDICA",MED-34,,
2016-007629,03-02-2016,"10:03:52 a.m.","  JR. ILO 251        CALLAO","EMERGENCIA MEDICA","M7-1, MED-18",-12.043260658856,-77.1233379447296
2016-007628,03-02-2016,"10:02:35 a.m.","AV. JOSE LARCO CRUCE CON CL. SIMON BOLIVAR (AUGUSTO WEBERBAUER) MIRAFLORES            MIRAFLORES","EMERGENCIA MEDICA",AMB-28,,
2016-007627,03-02-2016,"10:02:12 a.m.","  JR. ANTONIO MIROQUESADA 1307       CALLAO","EMERGENCIA MEDICA",AMB-7,-12.059157147212,-77.1336808990021
2016-007626,03-02-2016,"09:59:41 a.m.","CO. UMAMARCA             SAN JUAN DE MIRAFLORES","EMERGENCIA MEDICA",AMB-120,-12.1780984749612,-76.9783669477751
2016-007625,03-02-2016,"09:57:33 a.m.","panamericana sur km- 455             NAZCA","EMERGENCIA MEDICA",AMB-82,,
2016-007624,03-02-2016,"09:54:07 a.m.","UR. SAGITARIO A20 LT.35            SANTIAGO DE SURCO","EMERGENCIA MEDICA",AMB-16,-12.1658917790052,-76.9948102679807
2016-007623,03-02-2016,"09:52:25 a.m.","LEONCIO PRADO CON MOORE            ","ACCIDENTE VEHICULAR",AMB-20,,
2016-007622,03-02-2016,"09:46:56 a.m.",,"EMERGENCIA MEDICA",MED-18,-12.0593730698635,-77.1175085418602
2016-007621,03-02-2016,"09:46:30 a.m.","  JR. CAMANA 851        LIMA","EMERGENCIA MEDICA",MED-202,-12.0504834950015,-77.0358914110739
2016-007620,03-02-2016,"09:45:22 a.m.","  CL. PEDRO DURAND ur el bosque  149        RIMAC","EMERGENCIA MEDICA",AMB-65,-12.0215339518507,-77.0307114863296
2016-007619,03-02-2016,"09:45:01 a.m.","LA VIDENA            ","SERVICIO ESPECIAL",AMB-8,,
2016-007618,03-02-2016,"09:44:49 a.m.","  AV. AVIACION 2366       SAN BORJA","MATERIALES PELIGROSOS (INCIDENTE)","AMB-28, M11-1",-12.0864652042412,-77.0039116727176
2016-007617,03-02-2016,"09:40:22 a.m.",,"EMERGENCIA MEDICA",SAMU-10,-12.0647873274137,-77.0506945772473
2016-007616,03-02-2016,"09:35:23 a.m.","  CL. BALTAZAR GRADOS 317        SAN JUAN DE MIRAFLORES","EMERGENCIA MEDICA",AMB-120,-12.1669524145575,-76.963510093945
2016-007615,03-02-2016,"09:22:54 a.m.","CARRETERAS - PANAMERICANAS CARRETERA CENTRAL 6.6            ATE","EMERGENCIA MEDICA",AMB-169,-12.0280781935964,-76.9231489442779
2016-007614,03-02-2016,"09:22:11 a.m.","  CL. MAR DEL CARIBE 252        ","EMERGENCIA MEDICA",AMB-60,-12.0691422546047,-77.1141906734929
2016-007613,03-02-2016,"09:19:53 a.m.","CL. LOPEZ DE AYALA CRUCE CON JR. ROUSSEAU SAN BORJA            SAN BORJA","EMERGENCIA MEDICA",AMB134-2,-12.0945758414542,-76.9930406049797
2016-007612,03-02-2016,"09:14:35 a.m.","  JR. TACNA (PASCUAL DE VIVERO) 900        MAGDALENA DEL MAR","EMERGENCIA MEDICA",AMB-36,-12.0895818530146,-77.0708431040659
2016-007611,03-02-2016,"08:59:18 a.m.","UR. MARISCAL RAMON CASTILLA   block  M  CASA   57              CALLAO","EMERGENCIA MEDICA",AMB-7,-12.0431402382019,-77.1221530606334
2016-007610,03-02-2016,"08:50:21 a.m.","  CL. SAN PEDRO 2DA ZONA HOGAR POLICIAL C 556        VILLA MARIA DEL TRIUNFO","EMERGENCIA MEDICA",SAMU-120,-12.1713652342922,-76.9407046366073
2016-007609,03-02-2016,"08:47:12 a.m.",,"EMERGENCIA MEDICA",AMB-14,-12.054344836729,-77.0536575727458
2016-007608,03-02-2016,"08:35:47 a.m.","  AV. ALEJANDRO VELASCO ASTETE OESTE 976        SAN BORJA","EMERGENCIA MEDICA",AMB-28,-12.108623633554,-76.9846847277462
2016-007607,03-02-2016,"08:35:40 a.m.",,"EMERGENCIA MEDICA",MED-18,-12.0609393591484,-77.1420488695023
2016-007606,03-02-2016,"08:30:13 a.m.","  JR. MAMA OCLLO 1836       LINCE","EMERGENCIA MEDICA",AMB-202,-12.0843074001738,-77.0442008951722
2016-007605,03-02-2016,"08:18:46 a.m.","COMERCIAL SUPERMERCADO WONG            SANTIAGO DE SURCO","EMERGENCIA MEDICA",AMB-120,-12.1299371357218,-76.9823576926816
2016-007604,03-02-2016,"08:12:42 a.m.","  JR. PIURA 4134       SAN MARTIN DE PORRES","EMERGENCIA MEDICA",SAMU-168,-12.0247146751744,-77.0912722038449
2016-007603,03-02-2016,"08:07:21 a.m.","AV. CESAR VALLEJO (HIPOLITO UNANUE) CRUCE CON AV. GUILLERMO PRESCOTT LINCE            LINCE","EMERGENCIA MEDICA","MATPEL-4, MED-202, RESLIG-4",-12.0881808461605,-77.0481175915726
2016-007602,03-02-2016,"07:55:30 a.m.","  JR. JUAN DE ARONA 151        SAN ISIDRO","EMERGENCIA MEDICA",SAMU-4,-12.0970222938424,-77.0320170955443
2016-007601,03-02-2016,"07:52:59 a.m.","CARRETERAS - PANAMERICANAS PANAMERICANA NORTE 43            ANCON","ACCIDENTE VEHICULAR","AMB-207, M184-1, M207-5",-11.7824160586679,-77.1571639033775
2016-007600,03-02-2016,"07:45:23 a.m.","AV. MORRO SOLAR CRUCE CON AV. ANGAMOS ESTE (PRIMAVERA) SANTIAGO DE SURCO            SANTIAGO DE SURCO","ACCIDENTE VEHICULAR","AMB-16, M11-1, M127-1",-12.1103568306805,-76.9789295742778
2016-007599,03-02-2016,"07:43:01 a.m.",,"EMERGENCIA MEDICA","AMB-16, M11-1, M127-1",-12.0665448779552,-77.0547425920592
2016-007598,03-02-2016,"07:41:58 a.m.",,"EMERGENCIA MEDICA",AMB-202,-12.0666483562922,-77.0556095996868
2016-007597,03-02-2016,"07:36:24 a.m.","AV. HEROES DEL ALTO CENEPA (TRAPICHE) CRUCE CON AV. ALFREDO MENDIOLA (PANAMERICANA NORTE) (INFANTAS) COMAS            COMAS","EMERGENCIA MEDICA",SAMU-168,-11.9304698577101,-77.0723480662819
2016-007596,03-02-2016,"07:30:48 a.m.","  CL. MIGUEL CORTEZ 118        SAN MIGUEL","EMERGENCIA MEDICA",SAMU-83,-12.0723411881456,-77.0913408644021
2016-007595,03-02-2016,"07:21:37 a.m.","  CL. LOS TACONES 248        VILLA MARIA DEL TRIUNFO","EMERGENCIA MEDICA",AMB-155,-12.1698060305306,-76.9518717062795
2016-007594,03-02-2016,"07:16:57 a.m.","  AV. LIMA 3637       SAN MARTIN DE PORRES","EMERGENCIA MEDICA",AMB-65,-12.0291301328078,-77.0858342818628
2016-007593,03-02-2016,"07:14:26 a.m.","  JR. CUZCO (JOSE BARRENECHEA) 200        MAGDALENA DEL MAR",INCENDIO,M83-1,-12.089979865546,-77.0680866114448
2016-007592,03-02-2016,"07:10:36 a.m.","  AV. PACHACUTEC (LOS HEROES) 200        SAN JUAN DE MIRAFLORES","EMERGENCIA MEDICA",AMB-16,-12.152146275821,-76.9771035672273
2016-007591,03-02-2016,"07:00:05 a.m.","  JR. JOSE NICOLAS RODRIGO (A) 300        SANTIAGO DE SURCO","EMERGENCIA MEDICA",SAMU-120,-12.1028230012844,-76.9627085487458
2016-007590,03-02-2016,"06:52:33 a.m.","  PJ. LOS HUERTOS 211        CALLAO","EMERGENCIA MEDICA",AMB-60,-12.0140601652496,-77.0977150893317
2016-007589,03-02-2016,"06:50:20 a.m.",,"EMERGENCIA MEDICA",AMB-14,-12.061535336435,-77.0511964319478
2016-007588,03-02-2016,"06:25:37 a.m.","  AV. PRINCIPAL (C) 268        SURQUILLO","EMERGENCIA MEDICA",AMB-28,-12.1146308318882,-77.0070585592708
2016-007587,03-02-2016,"06:14:18 a.m.","  AV. LA PAZ 1300       SAN MIGUEL","EMERGENCIA MEDICA","AMB-36, AMB-7",-12.084967857687,-77.0946415529857
2016-007586,03-02-2016,"05:56:46 a.m.","  CL. LAS GARDENIAS 165        CHACLACAYO","EMERGENCIA MEDICA",AMB-32,-11.9754416814131,-76.7740081848736
2016-007585,03-02-2016,"05:49:21 a.m.","  AV. MONTE DE LOS OLIVOS (EL BOSQUE) 210        SANTIAGO DE SURCO","EMERGENCIA MEDICA",AMB-32,-12.1343223478212,-76.9866913050166
2016-007584,03-02-2016,"05:25:45 a.m.","  JR. AZANGARO 377        LIMA","EMERGENCIA MEDICA",SAMU-2,-12.0484815172507,-77.028720318505
2016-007583,03-02-2016,"05:25:40 a.m.","  AV. 2 DE MAYO 1100       CALLAO","EMERGENCIA MEDICA",AMB-1,-12.0532646845904,-77.1400640123682
2016-007582,03-02-2016,"05:23:18 a.m.","  CL. NUEVA 100        SAN MIGUEL",INCENDIO,"AMB-36, M36-1, M83-1",-12.0858865932023,-77.0899896118768
2016-007581,03-02-2016,"04:52:10 a.m.","VILLA LOS EDUCADORES  B LT29            ICA","EMERGENCIA MEDICA",MATPEL171,,
2016-007580,03-02-2016,"04:34:41 a.m.","  CL. LOS PETIRROJOS 153        SANTA ANITA","EMERGENCIA MEDICA",AMB-8,-12.0472785627992,-76.9665864824243
2016-007579,03-02-2016,"04:11:47 a.m.","  CL. JOSE GABRIEL AGUILAR 625        SAN MIGUEL","EMERGENCIA MEDICA",AMB-7,-12.075275351334,-77.1030196145424
2016-007578,03-02-2016,"03:56:58 a.m.","  AV. AREQUIPA 1760       LINCE","EMERGENCIA MEDICA",AMB-202,-12.0819564263789,-77.0349164778083
2016-007577,03-02-2016,"03:31:44 a.m.","  JR. CONTUMAZA 177        SAN LUIS","EMERGENCIA MEDICA",AMB-8,-12.0795479105605,-76.9908288266794
2016-007576,03-02-2016,"03:29:40 a.m.","  AV. ALFREDO BENAVIDES 1647       MIRAFLORES","EMERGENCIA MEDICA",AMB-28,-12.126710744175,-77.0158159273322
2016-007575,03-02-2016,"03:22:42 a.m.","CARRETERAS - PANAMERICANAS ANTIGUA PANAMERICANA SUR 38.5            LURIN","EMERGENCIA MEDICA",AMB-129,-12.2893651270335,-76.8582804258034
2016-007574,03-02-2016,"02:13:01 a.m.","  AV. CANTO GRANDE PARADERO  12 CANTO CHICO 000        SAN JUAN DE LURIGANCHO","EMERGENCIA MEDICA",SAMU-121,,
2016-007573,03-02-2016,"02:11:21 a.m.","AV. CHINCHAYSUYO CRUCE CON AV. TUPAC AMARU (GERARDO UNGER) INDEPENDENCIA            INDEPENDENCIA","EMERGENCIA MEDICA",SAMU-168,-11.9800125661114,-77.058870586956
2016-007572,03-02-2016,"01:58:28 a.m.","  AV. LAS PALMAS MZ  F LT 4 000        LURIN","EMERGENCIA MEDICA",AMB-155,-12.2290176029974,-76.89158775738
2016-007571,03-02-2016,"01:52:51 a.m.","  CL. RAMON CASTILLA 231        PUENTE PIEDRA","EMERGENCIA MEDICA",AMB-150,-11.8670646932928,-77.0798587045388
2016-007570,03-02-2016,"01:41:04 a.m.","  CL. LOS ALBARICOQUES 200        LA MOLINA","MATERIALES PELIGROSOS (INCIDENTE)",RES-127,-12.072557972215,-76.9635197780367
2016-007569,03-02-2016,"01:40:15 a.m.","  CL. IGNACIO MERINO 159        LA PERLA","EMERGENCIA MEDICA",AMB-7,-12.0653589974377,-77.1109510949124
2016-007568,03-02-2016,"01:25:43 a.m.","  AV. JORGE CHAVEZ (CARLOS HUGUET) 400        BARRANCO","EMERGENCIA MEDICA",AMB-16,-12.1444822075283,-77.0146315283405
2016-007567,03-02-2016,"01:02:19 a.m.","  JR. TACNA SUR (ARICA) 593        CALLAO","EMERGENCIA MEDICA",MED-18,-12.063238435051,-77.1350748057299
2016-007566,03-02-2016,"12:40:55 a.m.","  AV. COLONIAL (OSCAR R. BENAVIDES) 4207       CALLAO","EMERGENCIA MEDICA",AMB-60,-12.0536406311895,-77.0993285951972
2016-007565,03-02-2016,"12:29:49 a.m.","  AV. GENERAL GARZON 972        JESUS MARIA","EMERGENCIA MEDICA",AMB-14,-12.0695647314227,-77.0474889160357
2016-007564,03-02-2016,"12:22:36 a.m.","  JR. CAHUIDE 1057       LA PERLA","EMERGENCIA MEDICA",MED-18,,
2016-007563,03-02-2016,"12:21:53 a.m.","  JR. APOLO  MZ A -17 LT 13 URB SAGITARIO 000        SANTIAGO DE SURCO","EMERGENCIA MEDICA",AMB134-2,-12.1646846287586,-76.9932470742682
2016-007562,03-02-2016,"12:21:51 a.m.","PJ. LAS DUNAS DE SURCO A  LOT 5            SANTIAGO DE SURCO","EMERGENCIA MEDICA",SAMU-120,-12.1655211924614,-76.9843530700756
2016-007561,03-02-2016,"12:13:40 a.m.","  PR. JAVIER PRADO 72         ATE","EMERGENCIA MEDICA",MED-96,-12.0586970449773,-76.9378873547619
2016-007560,03-02-2016,"12:01:50 a.m.","AV. SANTIAGO ANTUNEZ DE MAYOLO CRUCE CON AV. UNIVERSITARIA NORTE LOS OLIVOS            LOS OLIVOS","ACCIDENTE VEHICULAR","M161-1, M9-5, SAMU-168",-11.996302482394,-77.0847221380775
