ID,FECHA,HORA,DIRECCION,TIPO,UNIDADES,"CORDENADAS (lat)","CORDENADAS (lng)"
2016-024329,10-04-2016,"11:59:05 p.m.","  CL. 15  M C-3.   LOTE  3  VENTANILLA  ALTA   000        VENTANILLA","MATERIALES PELIGROSOS (INCIDENTE)","AMB-75, M75-5",-11.8709451998998,-77.1086439899606
2016-024328,10-04-2016,"11:58:52 p.m.","CL. CHAVIN DE HUANTAR 400        SAN JUAN DE LURIGANCHO","EMERGENCIA MEDICA","AMB-2, RES-2, SAMU-2",-12.0284145928019,-77.0061701112644
2016-024327,10-04-2016,"11:57:12 p.m.","  AV. ALFREDO BENAVIDES 100        MIRAFLORES","EMERGENCIA MEDICA",AMB-28,-12.1240604618569,-77.0320203208593
2016-024326,10-04-2016,"11:53:15 p.m.","  JR. NICOLAS DE PIEROLA 688        CALLAO","EMERGENCIA MEDICA",AMB-1,-12.0567069792549,-77.1396048755121
2016-024325,10-04-2016,"11:49:54 p.m.",,"EMERGENCIA MEDICA",AMB-14,-12.0583203253812,-77.061073942561
2016-024324,10-04-2016,"11:45:36 p.m.","  PR. GABRIEL TORRES PAZ (EDILBERTO RAMOS) 000        SAN JUAN DE MIRAFLORES","EMERGENCIA MEDICA",AMB134-2,-12.1355935227533,-76.9630930506335
2016-024323,10-04-2016,"11:35:53 p.m.","  AV. LOS LIRIOS (VIA SUR LIBRE) 189        SAN JUAN DE MIRAFLORES","EMERGENCIA MEDICA",AMB-120,-12.1521153961529,-76.982168001733
2016-024322,10-04-2016,"11:27:13 p.m.","AV. CAMINOS DEL INCA CRUCE CON AV. SANTIAGO DE SURCO (TOMAS MARSANO) SANTIAGO DE SURCO            SANTIAGO DE SURCO","EMERGENCIA MEDICA",AMB134-2,-12.1476257222652,-76.9860212623231
2016-024321,10-04-2016,"11:15:02 p.m.","  JR. MAMA OCLLO 614        LA PERLA","EMERGENCIA MEDICA",AMB134-2,,
2016-024320,10-04-2016,"11:12:19 p.m.","CALLE PACHACUTEC.            ICA","EMERGENCIA MEDICA",MED-171,,
2016-024319,10-04-2016,"11:05:39 p.m.","AS. VILLA LIBERTAD MAZ F LOTE 46             SANTIAGO DE SURCO","EMERGENCIA MEDICA",SAMU-127,-12.09596127394,-76.9634072671218
2016-024318,10-04-2016,"10:49:36 p.m.","  CL. 58 MZ Q4 LT 1B CIUDAD DEL PESCADOR  000        BELLAVISTA","EMERGENCIA MEDICA",AMB-1,-12.0630911735357,-77.1149935807323
2016-024317,10-04-2016,"10:45:18 p.m.","  CL. MACARA 175        SAN MARTIN DE PORRES","EMERGENCIA MEDICA",AMB-65,-12.0333530613547,-77.0520243376057
2016-024316,10-04-2016,"10:42:17 p.m.",,"EMERGENCIA MEDICA",RES-193,,
2016-024315,10-04-2016,"10:41:53 p.m."," JR. LA PERLA             LURIGANCHO","EMERGENCIA MEDICA",AMB-32,,
2016-024314,10-04-2016,"10:38:52 p.m.","  AV. FELIPE SANTIAGO SALAVERRY 2500       SAN ISIDRO","EMERGENCIA MEDICA",MED-100,-12.0923558319346,-77.0526966049344
2016-024313,10-04-2016,"10:33:53 p.m.","  AV. FRANCISCO JAVIER MARIATEGUI 916        JESUS MARIA","EMERGENCIA MEDICA",SAMU-4,-12.076873352445,-77.0447975971711
2016-024312,10-04-2016,"10:31:16 p.m.","AV. DE LOS PATRIOTAS CRUCE CON AV. DE LOS INSURGENTES SAN MIGUEL            SAN MIGUEL","EMERGENCIA MEDICA",SAMU-83,-12.0734684227492,-77.1056203269676
2016-024311,10-04-2016,"10:29:53 p.m.","  AV. EL DERBY 300        SANTIAGO DE SURCO","EMERGENCIA MEDICA",SAMU-83,-12.098403462184,-76.9754311483262
2016-024310,10-04-2016,"10:18:08 p.m.","  JR. VISTA BELLA (A)  MZ.  A   LOTE  4  COOP.  SAN JUAN  BAUTISTA   426        SANTIAGO DE SURCO","EMERGENCIA MEDICA",AMB134-2,-12.1611182293624,-76.9910151881256
2016-024309,10-04-2016,"10:15:52 p.m.","  CL. A. DERAIN 122        SAN BORJA",RESCATE,RES-4,-12.0923197325395,-77.00509104054
2016-024308,10-04-2016,"10:14:43 p.m.","AV. AVIACION CRUCE CON AV. SAN BORJA NORTE (ENRIQUE GARCIA SAYAN) SAN BORJA            SAN BORJA","EMERGENCIA MEDICA",AMB-6,-12.0940938255281,-77.002753594686
2016-024307,10-04-2016,"10:00:50 p.m.",,"EMERGENCIA MEDICA",AMB-6,,
2016-024306,10-04-2016,"09:59:37 p.m.","  CL. TIZIANO 293        SAN BORJA","EMERGENCIA MEDICA",AMB-6,-12.088481969471,-77.0002026934015
2016-024305,10-04-2016,"09:56:27 p.m.",,"EMERGENCIA MEDICA",AMB-6,-12.0548823075628,-77.0477096087657
2016-024304,10-04-2016,"09:54:40 p.m.","UR. VIRGEN DEL ROSARIO R            SAN MARTIN DE PORRES","EMERGENCIA MEDICA",SAMU-168,-11.979792061308,-77.0911141413515
2016-024303,10-04-2016,"09:53:36 p.m.","CL. GENERAL BUENDIA 527        LIMA","EMERGENCIA MEDICA",MED-10,-12.0366610014576,-77.0504635773795
2016-024302,10-04-2016,"09:53:08 p.m.","HUSARES DE JUNIN MAZ M LOTE 8             CHINCHA ALTA","ACCIDENTE VEHICULAR",MED-38,,
2016-024301,10-04-2016,"09:49:19 p.m.","AV BERNA CRUCE CALLE 8 MAZ G LOTE 8             ","EMERGENCIA MEDICA",AMB-115-2,,
2016-024300,10-04-2016,"09:43:15 p.m.","  JR. LUCANAS 451        LIMA","EMERGENCIA MEDICA",SAMU-8,-12.0561918494258,-77.0195710679317
2016-024299,10-04-2016,"09:38:59 p.m.","  CL. BUGANVILLA   URB.  INGUNZA   136        CALLAO","EMERGENCIA MEDICA",SAMU-161,-12.0109483951473,-77.0975356464906
2016-024298,10-04-2016,"09:31:30 p.m.","UR. PREVI 52 LT 1             CALLAO","EMERGENCIA MEDICA",MED-9,-12.0173754855109,-77.0893559282466
2016-024297,10-04-2016,"09:25:14 p.m.","  AV. INCA GARCILASO DE LA VEGA   A.H    7   DE  OCTUBRE   835        EL AGUSTINO","EMERGENCIA MEDICA",AMB-8,-12.0600250062467,-76.9986734861163
2016-024296,10-04-2016,"09:24:50 p.m.","AV.  BETA    2105       LOS OLIVOS","EMERGENCIA MEDICA",AMB-161,,
2016-024295,10-04-2016,"09:23:26 p.m.","UR. EL PINAR  MZ  K4  LT  20            COMAS","EMERGENCIA MEDICA",AMB124-2,-11.9111788810637,-77.0520400994793
2016-024294,10-04-2016,"09:19:27 p.m.","AV. RAMIRO PRIALE CRUCE CON AV. VIA DE EVITAMIENTO EL AGUSTINO            EL AGUSTINO","ACCIDENTE VEHICULAR","AMB-2, M138-1, M2-1, SAMU-127",-12.0367988901451,-76.9886791882227
2016-024293,10-04-2016,"09:18:02 p.m.","  CL. CARLOS ALCORTA (ARGENTINA) 357        CHORRILLOS","EMERGENCIA MEDICA","AMB-2, M138-1, M2-1, SAMU-127",-12.1676483400912,-77.0216130520552
2016-024292,10-04-2016,"09:16:53 p.m.","  CA. RAMIRO PRIALE 000        LURIGANCHO","ACCIDENTE VEHICULAR",M2-1,-12.0061261151718,-76.8612172309965
2016-024291,10-04-2016,"09:14:02 p.m.","  PR. PEDRO MIOTTA 1000       SAN JUAN DE MIRAFLORES","EMERGENCIA MEDICA",AMB-120,-12.1575808546299,-76.9806975988048
2016-024290,10-04-2016,"09:08:18 p.m.","KM 87 CARRETERA SAYAN - CHURIN            ","ACCIDENTE VEHICULAR",AMB-216,,
2016-024289,10-04-2016,"09:06:14 p.m.","  JR. LAS ROSAMALVAS (LAS AZALEAS)  LAS  FLORES    1311       SAN JUAN DE LURIGANCHO","EMERGENCIA MEDICA",SAMU-121,-12.0066189743442,-77.0157219002648
2016-024288,10-04-2016,"09:02:41 p.m.","  CL. CARLOS ALCORTA (ARGENTINA) 357        CHORRILLOS","EMERGENCIA MEDICA",AMB134-2,-12.1671458376093,-77.0216000482477
2016-024287,10-04-2016,"09:00:27 p.m.","  AV. GUILLERMO DE LA FUENTE 200        COMAS",INCENDIO,"M124-1, M65-1, RESLIG-161",-11.9415549364203,-77.063760156866
2016-024286,10-04-2016,"08:56:23 p.m.","SANTA CLARA            ",INCENDIO,"M124-1, M65-1, RESLIG-161",,
2016-024285,10-04-2016,"08:55:35 p.m.","ALAMEDA BALDELIRIO            AYACUCHO",INCENDIO,CIST-63,,
2016-024284,10-04-2016,"08:53:17 p.m.","AV.   28   DE  JULIO                HUARAL","MATERIALES PELIGROSOS (INCIDENTE)",M44-1,,
2016-024283,10-04-2016,"08:49:53 p.m.","PANAMERICANA SUR  KM 40            LURIN","EMERGENCIA MEDICA",AMB-129,,
2016-024282,10-04-2016,"08:44:20 p.m.","  AV. PARQUE DE LAS LEYENDAS 200        SAN MIGUEL","EMERGENCIA MEDICA",SAMU-83,-12.0760130638097,-77.0878922065878
2016-024281,10-04-2016,"08:37:30 p.m.","AV. LIMA CRUCE CON CL. PIMENTEL COMAS            COMAS","EMERGENCIA MEDICA",AMB-164,-11.9046355330072,-77.0404687366468
2016-024280,10-04-2016,"08:30:48 p.m.","ARTEMIO MOLLINA            ","EMERGENCIA MEDICA",AMB-164,,
2016-024279,10-04-2016,"08:24:16 p.m.","  JR. PIURA 807        COMAS","EMERGENCIA MEDICA",AMB-164,-11.954742280268,-77.0443286007791
2016-024278,10-04-2016,"08:21:38 p.m.","  JR. CONTUMAZA 1039       LIMA","EMERGENCIA MEDICA",MED-10,-12.0537720474457,-77.0345699649013
2016-024277,10-04-2016,"08:10:06 p.m.","  CL. INDEPENDENCIA (SEBASTIAN SALINAS COSSIO) 842        MIRAFLORES","EMERGENCIA MEDICA",MED-100,-12.1114198176319,-77.0323675452154
2016-024276,10-04-2016,"08:01:49 p.m.","AV. PERU CRUCE CON AV. 12 DE OCTUBRE SAN MARTIN DE PORRES            SAN MARTIN DE PORRES","EMERGENCIA MEDICA",MED-100,,
2016-024275,10-04-2016,"08:01:38 p.m.","  AV. SAN FELIPE DE COLLIQUE 500        COMAS","EMERGENCIA MEDICA",MED-100,-11.9039831610298,-77.0373254285397
2016-024274,10-04-2016,"07:56:43 p.m.","  JR. PABLO BERMUDEZ 214        JESUS MARIA","MATERIALES PELIGROSOS (INCIDENTE)","AMB-202, MATPEL-4",-12.0725399195146,-77.0388418833441
2016-024273,10-04-2016,"07:56:12 p.m.","  JR. JOSE PARDO 176        COMAS","EMERGENCIA MEDICA",AMB-164,-11.9350418528457,-77.0433609676431
2016-024272,10-04-2016,"07:45:58 p.m.",,"EMERGENCIA MEDICA",AMB124-2,-11.9428243918849,-77.0622787487912
2016-024271,10-04-2016,"07:41:13 p.m.","  PQ. GUILLERMO BILLINGHURST 173        CALLAO","MATERIALES PELIGROSOS (INCIDENTE)","AMB-1, M60-1",-12.0537343728251,-77.1028913653351
2016-024270,10-04-2016,"07:40:47 p.m.","  AV. FRANCISCO JAVIER MARIATEGUI 1000       JESUS MARIA","EMERGENCIA MEDICA",AMB-202,-12.0769973737219,-77.0456025877142
2016-024269,10-04-2016,"07:33:09 p.m.","AV. OLAYA  000        CHORRILLOS",RESCATE,M6-1,,
2016-024268,10-04-2016,"07:33:00 p.m.","  AV. ALAMEDA SAN MARCOS (A) MAZ C LOTE 28 000        ","EMERGENCIA MEDICA",AMB-28,-12.1991003428666,-77.0080375424041
2016-024267,10-04-2016,"07:23:26 p.m.","  PJ. LAGO TITICACA (14) 000        LA PERLA","EMERGENCIA MEDICA",MED-18,-12.0682693660803,-77.1171418873974
2016-024266,10-04-2016,"07:20:52 p.m.",,RESCATE,RES-14,-12.0647873274137,-77.0506945772473
2016-024265,10-04-2016,"07:19:11 p.m.","  CL. HERNANDO DE LA VALLE 280        SAN JUAN DE MIRAFLORES",INCENDIO,"AMB-120, M120-1",-12.1522784257872,-76.9704076504806
2016-024264,10-04-2016,"07:01:31 p.m.","  AV. PACHACUTEC (LOS HEROES) 500        ","EMERGENCIA MEDICA","AMB-106, AMB134-2",-12.1540316479275,-76.9713117315753
2016-024263,10-04-2016,"06:59:52 p.m.","AH. ALTO HUAMPANI I ZONA             LURIGANCHO","EMERGENCIA MEDICA",AMB-115-2,-11.9704929369271,-76.7714046010978
2016-024262,10-04-2016,"06:59:30 p.m.","AH. LUIS FELIPE II ETAPA  MAZ A1 LT 8            VENTANILLA","EMERGENCIA MEDICA","AMB-184, M184-1, MED-65",-11.828103849627,-77.1318845414733
2016-024261,10-04-2016,"06:59:24 p.m.","AH. BUENOS AIRES DE VILLA             CHORRILLOS","EMERGENCIA MEDICA",SAMU-6,-12.1878548723793,-77.0019690057942
2016-024260,10-04-2016,"06:51:34 p.m.","PUEBLO JOVEN SR. DE LUREN            ICA","EMERGENCIA MEDICA",MED-171,,
2016-024259,10-04-2016,"06:48:06 p.m.","  JR. CRUZ SACO (CARLOS A. SACO) 294        LA VICTORIA","MATERIALES PELIGROSOS (INCIDENTE)","AMB-8, M8-1",-12.071919349364,-77.0090780675845
2016-024258,10-04-2016,"06:47:47 p.m.","CENTRO COMERCIAL PLAZA EL SOL            ","EMERGENCIA MEDICA","AMB-8, M8-1",,
2016-024257,10-04-2016,"06:44:30 p.m.","  CL. PACHACUTEC 148        COMAS","EMERGENCIA MEDICA",AMB124-2,-11.9294882380405,-77.0505087910509
2016-024256,10-04-2016,"06:30:37 p.m.","CAPILLA SAN FRANCISCO DE ASIS            ","SERVICIO ESPECIAL","M121-1, MOTO-121",,
2016-024255,10-04-2016,"06:28:57 p.m.","PLAZA DEL SOL            ","EMERGENCIA MEDICA",AMB-20,,
2016-024254,10-04-2016,"06:26:21 p.m.","  MA. ARMENDARIZ (DE LA RESERVA) 199        MIRAFLORES",RESCATE,RES-28,-12.1295660806699,-77.0344165263204
2016-024253,10-04-2016,"06:18:28 p.m.","UR. CHUQUITANTA DE SAN MARTIN DE PORRES MZ E LOTE 3            SAN MARTIN DE PORRES","EMERGENCIA MEDICA",AMB-9,-11.9687781311878,-77.1144854033823
2016-024252,10-04-2016,"06:11:04 p.m."," CALLE BOLOGNESI            NAZCA","EMERGENCIA MEDICA",AMB-82,,
2016-024251,10-04-2016,"06:09:02 p.m.","  AV. TOMAS VALLE 3200       CALLAO","EMERGENCIA MEDICA",MED-9,-12.012613583478,-77.0939870453979
2016-024250,10-04-2016,"06:05:45 p.m.","AV. BOLIVAR CRUCE CON AV. SUCRE PUEBLO LIBRE            PUEBLO LIBRE","EMERGENCIA MEDICA",MED-9,,
2016-024249,10-04-2016,"06:04:13 p.m.","AV. NARANJAL CRUCE CON AV. LAS PALMERAS LOS OLIVOS            LOS OLIVOS","EMERGENCIA MEDICA","AMB-168, AMB124-2",-11.9784188120851,-77.0724365804397
2016-024248,10-04-2016,"06:01:59 p.m.","CL. LIMA 500        SAN CLEMENTE","EMERGENCIA MEDICA",AMB-157,,
2016-024247,10-04-2016,"06:00:59 p.m.","PQUE RECREACIONAL DIVERTILANDIA            LA TINGUINA","EMERGENCIA MEDICA",RES-193,,
2016-024246,10-04-2016,"05:58:23 p.m.","MERCADO MODELO DE HUARAL            HUARAL","EMERGENCIA MEDICA",AMB-44,,
2016-024245,10-04-2016,"05:57:11 p.m.","  AV. FRANCISCO BOLOGNESI (CAMPOY) (PRINCIPAL) 000        SAN JUAN DE LURIGANCHO","EMERGENCIA MEDICA",SAMU-121,-12.0204483107148,-76.9555026083064
2016-024244,10-04-2016,"05:54:17 p.m.","  JR. LOS EUCALIPTOS 170        SAN MARTIN DE PORRES","EMERGENCIA MEDICA",AMB-65,-12.0287059082866,-77.063348793507
2016-024243,10-04-2016,"05:51:50 p.m.","  CL. ATAHUALPA 145        RIMAC","EMERGENCIA MEDICA",SAMU-21,-12.0357815720797,-77.026240563841
2016-024242,10-04-2016,"05:49:28 p.m.","AV. FLORA TRISTAN SUR (COLECTORA) CRUCE CON AV. LA UNIVERSIDAD LA MOLINA            LA MOLINA","EMERGENCIA MEDICA",MED-96,-12.0759507866614,-76.9395395828046
2016-024241,10-04-2016,"05:48:52 p.m.","  AV. ELMER FAUCETT 000        CALLAO","EMERGENCIA MEDICA",MED-9,-11.9984486239201,-77.1224729043913
2016-024240,10-04-2016,"05:42:11 p.m.","PLAZA GRAU DEL CALLAO MUELLE DE GUERRA            ","EMERGENCIA MEDICA","AMB-1, MED-18",,
2016-024239,10-04-2016,"05:35:44 p.m.","  JR. SANTA VIOLETA 171        SAN MARTIN DE PORRES","EMERGENCIA MEDICA",AMB-65,-12.0192947530102,-77.0612451449585
2016-024238,10-04-2016,"05:30:28 p.m.","CALLE JOSE BALTA            ","EMERGENCIA MEDICA",RES-193,,
2016-024237,10-04-2016,"05:26:27 p.m.","FRAY LUIS DE LEON 517        ","EMERGENCIA MEDICA",AMB-6,,
2016-024236,10-04-2016,"05:17:43 p.m.","AV FERMIN TANGUIS KM  3            ","ACCIDENTE VEHICULAR",AMB-6,,
2016-024235,10-04-2016,"05:16:04 p.m.","AV. TUPAC AMARU CRUCE CON CL. SANTA ROSA DE LIMA COMAS            COMAS","EMERGENCIA MEDICA",AMB124-2,-11.9487057639959,-77.049278649806
2016-024234,10-04-2016,"05:15:48 p.m.",,"EMERGENCIA MEDICA",AMB124-2,,
2016-024233,10-04-2016,"04:56:34 p.m.","  AV. PETIT THOUARS 1100       LIMA","ACCIDENTE VEHICULAR","AMB-4, M4-1, RES-4",-12.075999321886,-77.0345516093374
2016-024232,10-04-2016,"04:52:05 p.m.","  AV. ELMER FAUCETT 700        CALLAO","EMERGENCIA MEDICA",MED-9,-12.0461020546636,-77.0986183891379
2016-024231,10-04-2016,"04:49:38 p.m.","  PR. LAS LOMAS 1200       SAN JUAN DE LURIGANCHO","EMERGENCIA MEDICA",SAMU-176,-12.0133150282216,-76.9857412391831
2016-024230,10-04-2016,"04:45:57 p.m.","  AV. ARGENTINA 1000       LIMA",INCENDIO,"AMB-8, CIS-IV, M10-1, M2-1, M3-1, MAPEL138, MATPEL-4, MED-10, RES-10",-12.044500808138,-77.0551622095848
2016-024229,10-04-2016,"04:41:07 p.m.","ESCARDO 356        ","EMERGENCIA MEDICA",SAMU-83,,
2016-024228,10-04-2016,"04:38:04 p.m.","AV. EL SOL CRUCE CON AV. CANTO GRANDE SAN JUAN DE LURIGANCHO            SAN JUAN DE LURIGANCHO","ACCIDENTE VEHICULAR","M121-1, M176-1, SAMU-121",-11.9823690424404,-77.0131540894824
2016-024227,10-04-2016,"04:33:24 p.m.","CUADRA 1 CASTILLA            ","EMERGENCIA MEDICA",MED-63,,
2016-024226,10-04-2016,"04:30:06 p.m.","  AV. PACHACUTEC (LOS HEROES) 118        SAN JUAN DE MIRAFLORES",INCENDIO,M120-1,-12.1515772729253,-76.9784960636518
2016-024225,10-04-2016,"04:29:00 p.m.","PLAYA LOS LEONES            ","EMERGENCIA MEDICA",MED-152,,
2016-024224,10-04-2016,"04:26:40 p.m.","UR. EL PACIFICO ETAPA II LL LT  9             SAN MARTIN DE PORRES","EMERGENCIA MEDICA",SAMU-161,-12.0009891709566,-77.0855848749955
2016-024223,10-04-2016,"04:21:24 p.m.","  AV. ARNALDO MARQUEZ 2135       JESUS MARIA","EMERGENCIA MEDICA",AMB-202,-12.081644386339,-77.0561546180449
2016-024222,10-04-2016,"04:18:12 p.m.","  AV. COLONIAL 000        PACHACAMAC","MATERIALES PELIGROSOS (INCIDENTE)","AMB-160, M160-1",-12.2286841142077,-76.8584917493713
2016-024221,10-04-2016,"04:17:44 p.m.","  AV. UNION MORON (NICOLAS AYLLON) 162        CHACLACAYO","EMERGENCIA MEDICA",AMB-115-2,-11.9776925493467,-76.7776509282867
2016-024220,10-04-2016,"04:12:49 p.m.",,"EMERGENCIA MEDICA",AMB-115-2,-11.8335283677514,-77.1165301290884
2016-024219,10-04-2016,"04:06:31 p.m.","  AV. OSCAR VALDEZ (MARISCAL JOSE LA MAR) 568        MIRAFLORES","MATERIALES PELIGROSOS (INCIDENTE)","M100-1, MED-100",-12.1150985003263,-77.043896677432
2016-024218,10-04-2016,"04:04:44 p.m.","  CL. NARCISO DE LA COLINA 750        SURQUILLO","EMERGENCIA MEDICA",MED-28,-12.1183358544737,-77.0230695248436
2016-024217,10-04-2016,"04:03:34 p.m.","PLAYA LOS LEONES             MARCONA","EMERGENCIA MEDICA",MED-28,,
2016-024216,10-04-2016,"03:57:50 p.m.","  AV. JOSE DE LA RIVA AGUERO 1600       EL AGUSTINO","ACCIDENTE VEHICULAR","M176-1, M176-3, SAMU-176",-12.0454032161253,-76.9984953470865
2016-024215,10-04-2016,"03:57:00 p.m.","  JR. TENIENTE GENERAL FAP. JORGE CHAMOT BIGGS (1) 000        ","EMERGENCIA MEDICA",SAMU-106,-12.1576645593722,-76.9958814650858
2016-024214,10-04-2016,"03:52:47 p.m.","LOS CISPRESES MAZ H            ","ACCIDENTE VEHICULAR",SAMU-106,,
2016-024213,10-04-2016,"03:51:07 p.m.","PLAYA AL HERRADURA            CHORRILLOS","EMERGENCIA MEDICA",SAMU-106,,
2016-024212,10-04-2016,"03:47:23 p.m.","AH. PACIFICO DE VILLA A2            CHORRILLOS",INCENDIO,"AMB-28, M13-1, M16-1, M16-2, M6-1",-12.201064848746,-77.0306879611837
2016-024211,10-04-2016,"03:43:47 p.m.","  CL. LA HUACA 269        PUEBLO LIBRE","EMERGENCIA MEDICA",AMB-36,-12.0684639265768,-77.0590359914769
2016-024210,10-04-2016,"03:38:37 p.m.","C.CENTRAL            LURIGANCHO","ACCIDENTE VEHICULAR",AMB-36,,
2016-024209,10-04-2016,"03:38:36 p.m.","  PJ. JOSE OLAYA MAZ X2 LOTE  13 000        RIMAC","MATERIALES PELIGROSOS (INCIDENTE)","M3-1, SAMU-2",-12.0151142964198,-77.031681147007
2016-024208,10-04-2016,"03:38:26 p.m.","ZONA H MARCONA            ","EMERGENCIA MEDICA",MED-152,,
2016-024207,10-04-2016,"03:35:01 p.m.","  AV. PAUL LINDER 300        SAN BORJA","EMERGENCIA MEDICA",AMB-6,-12.1076822163584,-77.0026248880896
2016-024206,10-04-2016,"03:32:40 p.m.","  AV. 24 DE JUNIO (A) MAZ A LT 17 000        RIMAC","EMERGENCIA MEDICA",AMB-6,-12.0157838247205,-77.0281362841006
2016-024205,10-04-2016,"03:27:06 p.m.","  CL. GERMAN AMEZAGA 645        SAN JUAN DE MIRAFLORES","EMERGENCIA MEDICA","SAMU-105, SAMU-106",-12.1670208714535,-76.9706657782299
2016-024204,10-04-2016,"03:26:51 p.m.","SANTA CRUZ 737        ","EMERGENCIA MEDICA","SAMU-105, SAMU-106",,
2016-024203,10-04-2016,"03:26:11 p.m.","AA.HH VALLE VERDE            VENTANILLA",INCENDIO,"AMB-75, M75-5",,
2016-024202,10-04-2016,"03:23:11 p.m.","COLEGIO POLITECNICO ANGAMOS DE VENTANILLA N 5086            ","EMERGENCIA MEDICA",AMB-184,,
2016-024201,10-04-2016,"03:13:38 p.m.","CALLE  8 / CAMPOY            SAN JUAN DE LURIGANCHO",INCENDIO,M121-1,,
2016-024200,10-04-2016,"03:10:19 p.m.","ESTACION NARANJAL DEL METROPOLITANO            ","EMERGENCIA MEDICA",AMB-65,,
2016-024199,10-04-2016,"03:10:00 p.m.","  JR. SIMON SALGUERO 400        SANTIAGO DE SURCO",RESCATE,RES-28,-12.1303875957116,-77.0089731931349
2016-024198,10-04-2016,"02:58:14 p.m.","JR. LLOQUE YUPANQUI CRUCE CON CL. 6 DE AGOSTO JESUS MARIA            JESUS MARIA","EMERGENCIA MEDICA","AMB-202, M202-1",-12.073811819899,-77.0459985956676
2016-024197,10-04-2016,"02:53:59 p.m.","  AV. ANGAMOS ESTE (PRIMAVERA) 1500       SURQUILLO","EMERGENCIA MEDICA",AMB-6,-12.1128837873185,-77.0156435857356
2016-024196,10-04-2016,"02:53:25 p.m.","  AV. LOS PROCERES DE LA INDEPENDENCIA (VICTOR RAUL HAYA DE LA TORRE) 236        SAN JUAN DE LURIGANCHO",INCENDIO,M2-1,-12.0254028078899,-77.0099645507787
2016-024195,10-04-2016,"02:52:57 p.m.","  AV. LOS PROCERES DE LA INDEPENDENCIA (VICTOR RAUL HAYA DE LA TORRE) 200        SAN JUAN DE LURIGANCHO","MATERIALES PELIGROSOS (INCIDENTE)",SAMU-2,-12.026499817202,-77.010361558854
2016-024194,10-04-2016,"02:39:51 p.m.","AL COSTADO DE B-9            ","EMERGENCIA MEDICA",MED-9,,
2016-024193,10-04-2016,"02:35:06 p.m.","COLEGUIO CORAZON DE JESUS            MAGDALENA DEL MAR","EMERGENCIA MEDICA",AMB-36,,
2016-024192,10-04-2016,"02:32:41 p.m.","  AV. ANDRES ARAMBURU 900        SURQUILLO","EMERGENCIA MEDICA",AMB-36,-12.102215779666,-77.0203325681525
2016-024191,10-04-2016,"02:32:27 p.m.","  AV. VICTOR ANDRES BELAUNDE OESTE 200        COMAS","ACCIDENTE VEHICULAR","AMB-164, AMB-168, M168-1, M65-1, RESLIG-161, SAMU-150, SAMU-168",-11.9395003138219,-77.0514451194474
2016-024190,10-04-2016,"02:29:50 p.m.","  AV. VICTOR ANDRES BELAUNDE 300        COMAS","ACCIDENTE VEHICULAR","AMB-164, AMB-168, M168-1, M65-1, RESLIG-161, SAMU-150, SAMU-168",-12.0954312269663,-77.0396548985941
2016-024189,10-04-2016,"02:27:53 p.m.","  CL. VICTOR MAURTUA 180        SAN ISIDRO","EMERGENCIA MEDICA",MED-100,-12.1072288363981,-77.0403295662389
2016-024188,10-04-2016,"02:16:19 p.m.","JR. JUAN DE ARONA CRUCE CON AV. ABEL BERGASSE DU PETIT THOUARS SAN ISIDRO            SAN ISIDRO","ACCIDENTE VEHICULAR","AMB-4, M4-1, MATPEL-4, RES-4",-12.0969468199828,-77.0315135936463
2016-024187,10-04-2016,"02:14:01 p.m.","UNVERSIDAD DEL CALLAO            CALLAO","EMERGENCIA MEDICA",MED-5,,
2016-024186,10-04-2016,"02:13:22 p.m.","  AV. TUPAC AMARU 3700       COMAS","EMERGENCIA MEDICA","M124-1, M65-1, SAMU-14",-11.933661612583,-77.046430528334
2016-024185,10-04-2016,"02:12:59 p.m.","  AV. PEDRO SILVA 600        SAN JUAN DE MIRAFLORES","MATERIALES PELIGROSOS (INCIDENTE)","AMB-155, M120-1",-12.1674537408591,-76.9705110601219
2016-024184,10-04-2016,"02:12:15 p.m.","AV. ABANCAY (4) CRUCE CON AV. LIMA SAN MARTIN DE PORRES            SAN MARTIN DE PORRES","EMERGENCIA MEDICA",SAMU-161,-12.0295422063681,-77.0789378222566
2016-024183,10-04-2016,"02:11:07 p.m.","  AV. FRANKLIN D. ROOSEVELT (SURCO) 200        SANTIAGO DE SURCO","EMERGENCIA MEDICA",AMB-13,-12.146394830244,-77.0075159271924
2016-024182,10-04-2016,"02:10:40 p.m.","  CL. MONTI 100        SAN BORJA","EMERGENCIA MEDICA","SAMU-127, SAMU-4",-12.0966848435783,-77.0002825742529
2016-024181,10-04-2016,"02:03:29 p.m.","MORE 205        ","EMERGENCIA MEDICA",AMB-20,,
2016-024180,10-04-2016,"02:00:59 p.m.","  CL. ALTO DE LA ALIANZA 000        LIMA","EMERGENCIA MEDICA",AMB-8,-12.0570889410373,-77.0120462908152
2016-024179,10-04-2016,"01:59:18 p.m.","  AV. ANGAMOS ESTE (PRIMAVERA) 1500       SURQUILLO","EMERGENCIA MEDICA",MED-28,-12.1128837873185,-77.0156435857356
2016-024178,10-04-2016,"01:56:31 p.m.","  AV. CAQUETA 500        ","EMERGENCIA MEDICA",AMB-65,-12.0321918151242,-77.0441069124222
2016-024177,10-04-2016,"01:55:49 p.m.","PACHACAMAC PUEBLO             PACHACAMAC","EMERGENCIA MEDICA",AMB-160,,
2016-024176,10-04-2016,"01:54:23 p.m.","INS EDUCATIVA  22533            ICA","EMERGENCIA MEDICA",RES-193,,
2016-024175,10-04-2016,"01:52:13 p.m.","  AV. AREQUIPA 000        CHORRILLOS","EMERGENCIA MEDICA",AMB-28,-12.1852236062842,-77.0096511179182
2016-024174,10-04-2016,"01:48:59 p.m.","BOULEVARD CHANCAY            ","EMERGENCIA MEDICA",MED-80,,
2016-024173,10-04-2016,"01:43:33 p.m.","JR CASTILLA             ","EMERGENCIA MEDICA",AMB-129,,
2016-024172,10-04-2016,"01:41:19 p.m.","AH. SAN FRANCISCO DE LA CRUZ I ETAPA 7A LT 1             SAN JUAN DE MIRAFLORES","EMERGENCIA MEDICA",AMB-129,-12.1518801549263,-76.9647540473863
2016-024171,10-04-2016,"01:41:02 p.m.","  CL. ARRIETA 200        LA PUNTA",RESCATE,AMB-129,-12.0720613883946,-77.1618866299187
2016-024170,10-04-2016,"01:39:23 p.m.","AV PRECURSORES  277        SAN MIGUEL","EMERGENCIA MEDICA",MED-5,,
2016-024169,10-04-2016,"01:38:43 p.m.",,"EMERGENCIA MEDICA",MED-5,,
2016-024168,10-04-2016,"01:34:40 p.m.",,"ACCIDENTE VEHICULAR","M36-1, MED-36, RES-36",-12.0801781875894,-77.0657663884158
2016-024167,10-04-2016,"01:34:18 p.m.","MERCADO FERIAL NO 2              PISCO","EMERGENCIA MEDICA",AMB-37,,
2016-024166,10-04-2016,"01:34:05 p.m.","  AV. ENRIQUE SALAZAR BARRETO 520        SANTIAGO DE SURCO","EMERGENCIA MEDICA",AMB134-2,-12.1344586480002,-76.9947503045356
2016-024165,10-04-2016,"01:31:35 p.m.","  AV. ANGAMOS ESTE (PRIMAVERA) 1500       SURQUILLO","EMERGENCIA MEDICA",AMB134-2,-12.1128837873185,-77.0156435857356
2016-024164,10-04-2016,"01:29:58 p.m.",,"EMERGENCIA MEDICA",AMB-164,-11.9174115984422,-77.0296746764727
2016-024163,10-04-2016,"01:28:51 p.m.","COLEGIO RAZURI            VENTANILLA","EMERGENCIA MEDICA",AMB-75,,
2016-024162,10-04-2016,"01:24:58 p.m.","  AV. LOS CHANCAS 700        SANTA ANITA","ACCIDENTE VEHICULAR","M176-3, SAMU-176",-12.0363306300581,-76.9611950164077
2016-024161,10-04-2016,"01:24:02 p.m.","EDUCACION I.E. NRO. 6025            ","EMERGENCIA MEDICA",AMB-106,-12.1736130833053,-76.9444553336919
2016-024160,10-04-2016,"01:22:31 p.m.","AV. ROMULO BETANCOURT (B) CRUCE CON AV. DE LA FRATERNIDAD (C) LOS OLIVOS            LOS OLIVOS","EMERGENCIA MEDICA",AMB-106,-11.9485755924008,-77.0806832345133
2016-024159,10-04-2016,"01:20:34 p.m.","AV. LA MARINA CRUCE CON JR. DANIEL HERNANDEZ PUEBLO LIBRE            PUEBLO LIBRE","EMERGENCIA MEDICA",MED-100,-12.0815318490969,-77.071109598968
2016-024158,10-04-2016,"01:14:11 p.m.","INST ABRHAM VALDELOMAR            ICA","EMERGENCIA MEDICA",MED-171,,
2016-024157,10-04-2016,"01:12:44 p.m.","  AV. DE LOS PRECURSORES 277        SAN MIGUEL","EMERGENCIA MEDICA",MED-171,-12.0716313800429,-77.0897574225244
2016-024156,10-04-2016,"01:12:35 p.m.","  AV. PALERMO 367        LA VICTORIA",INCENDIO,MED-171,-12.0788941075625,-77.0224519917134
2016-024155,10-04-2016,"01:12:19 p.m.","  AV. BRAULIO SANCHEZ DAVILA 000        RIMAC","EMERGENCIA MEDICA",SAMU-2,-12.0158992766591,-77.0301630740336
2016-024154,10-04-2016,"01:11:20 p.m.","  AV. BELEN 400        SAN ISIDRO","EMERGENCIA MEDICA",MED-100,-12.108975262175,-77.0480930845899
2016-024153,10-04-2016,"01:09:49 p.m.",,"EMERGENCIA MEDICA","AMB-202, MED-10",,
2016-024152,10-04-2016,"01:02:41 p.m.","  JR. ALMIRANTE JORGE M. GUISSE 100        CALLAO","EMERGENCIA MEDICA",MED-18,-12.0613434494482,-77.1412423290957
2016-024151,10-04-2016,"12:57:14 p.m.","CL LOS RISCOS             ","EMERGENCIA MEDICA",AMB-115-2,,
2016-024150,10-04-2016,"12:53:08 p.m.","AV. CIRCUNVALACION (PANAMERICANA SUR) CRUCE CON AV. CANADA SAN LUIS            SAN LUIS",INCENDIO,M138-1,-12.0777806470562,-76.9893068530655
2016-024149,10-04-2016,"12:52:58 p.m.","  AV. LIMA (ATOCONGO) 400        VILLA MARIA DEL TRIUNFO","ACCIDENTE VEHICULAR","AMB-106, AMB-155, M155-1, RES-160",-12.207217063361,-76.9063133281095
2016-024148,10-04-2016,"12:52:05 p.m.",,"EMERGENCIA MEDICA",AMB-202,-12.0672481770609,-77.0603330799599
2016-024147,10-04-2016,"12:49:26 p.m.","EDUCACION UNIVERSIDAD PARTICULAR RICARDO PALMA            SANTIAGO DE SURCO","EMERGENCIA MEDICA",AMB134-2,-12.1310566463941,-76.9797579815027
2016-024146,10-04-2016,"12:48:18 p.m.","  AV. JULIO CESAR TELLO 477        LINCE","EMERGENCIA MEDICA",AMB-4,-12.0862738346418,-77.0382801237251
2016-024145,10-04-2016,"12:47:11 p.m.","EDUCACION I.E. ALBERTO FUJIMORI NRO. 2024            LOS OLIVOS","EMERGENCIA MEDICA",AMB124-2,-11.9502242734192,-77.0818356157098
2016-024144,10-04-2016,"12:47:02 p.m.","POLICLINICO EMANUEL            ","EMERGENCIA MEDICA",AMB-184,,
2016-024143,10-04-2016,"12:46:43 p.m.","FUNDO  4  BOCAS   PACHACAMAC            ","EMERGENCIA MEDICA",AMB-184,,
2016-024142,10-04-2016,"12:46:06 p.m.","HOSP REBAGLIATTI 10.31 HOSP ALMENARA            LIMA","EMERGENCIA MEDICA",AMB-36,,
2016-024141,10-04-2016,"12:44:37 p.m.","CARRETERAS - PANAMERICANAS PANAMERICANA NORTE 30            PUENTE PIEDRA","EMERGENCIA MEDICA",AMB-36,-11.8675103485633,-77.0724761672919
2016-024140,10-04-2016,"12:39:33 p.m.","  AV. VENEZUELA 2600       LIMA","EMERGENCIA MEDICA",AMB-36,-12.058224590625,-77.0679797667465
2016-024139,10-04-2016,"12:38:01 p.m.","INST   ANTONIO MORENO ICA             ICA","EMERGENCIA MEDICA",RES-193,,
2016-024138,10-04-2016,"12:33:37 p.m.","  AV. AVIACION 2800       SAN BORJA","EMERGENCIA MEDICA",AMB-6,-12.0971621139341,-77.0023122759562
2016-024137,10-04-2016,"12:32:00 p.m.","AV   MERCEDES   INDACOCHEA             HUACHO","EMERGENCIA MEDICA",AMB-20,,
2016-024136,10-04-2016,"12:30:06 p.m.","  CL. JOSE RUFINO ECHENIQUE 326        SAN JUAN DE MIRAFLORES",INCENDIO,"M120-1, M160-3, RES-28",-12.1495227561014,-76.976160855715
2016-024135,10-04-2016,"12:21:54 p.m.","  CL. MANUEL DE FREYRE  DPTO 302 156        MIRAFLORES","EMERGENCIA MEDICA",AMB-28,-12.1277801389634,-77.0145003942647
2016-024134,10-04-2016,"12:21:45 p.m.","  AV. MARTIR JOSE OLAYA 000        CHORRILLOS",INCENDIO,"AMB-13, M13-1, M6-1, RES-134, RES-6",-12.2015734947979,-76.9770175053841
2016-024133,10-04-2016,"12:15:00 p.m.","  AV. CIRCUNVALACION (PANAMERICANA SUR) 1900       SAN LUIS",INCENDIO,"AMB-8, ESC-10, M10-1, M138-1, M176-1, M8-1, RES-127, RES-138",-12.0721170107822,-76.992970920698
2016-024132,10-04-2016,"12:13:54 p.m.",,"EMERGENCIA MEDICA",AMB-7,-12.0683303295786,-77.1131722836318
2016-024131,10-04-2016,"12:13:27 p.m.","AH. CAWACHI (CIUDAD PACHACUTEC GRUPO RESIDENCIAL 3A)             VENTANILLA","EMERGENCIA MEDICA",AMB-75,-11.8419892164356,-77.1468476313124
2016-024130,10-04-2016,"12:12:58 p.m.","AH. VILLA ESCUDERO MZ P LOTE4            VENTANILLA","EMERGENCIA MEDICA",AMB-184,-11.8464898153384,-77.1150383190167
2016-024129,10-04-2016,"12:12:32 p.m.","  CL. CARLOS ACOSTA (DOMINGO NIETO)  D TO  503  130        SAN ISIDRO","EMERGENCIA MEDICA",SAMU-4,-12.1009041100932,-77.0310999780655
2016-024128,10-04-2016,"12:12:28 p.m.","CL BUENOS AIRES             ","EMERGENCIA MEDICA",SAMU-4,,
2016-024127,10-04-2016,"12:10:37 p.m.","JR. JUNIN (RODRIGO DE MAZUELOS) CRUCE CON JR. GAVILAN (LIBERTAD) MAGDALENA DEL MAR            MAGDALENA DEL MAR","EMERGENCIA MEDICA",SAMU-83,-12.0888648558329,-77.0682265819951
2016-024126,10-04-2016,"12:07:47 p.m.","  AV. ALFONSO UGARTE 900        LIMA","EMERGENCIA MEDICA",MED-10,-12.0516348461111,-77.0420673435505
2016-024125,10-04-2016,"12:04:53 p.m.","BENAVIDES CDRA 24             MIRAFLORES","EMERGENCIA MEDICA",AMB-4,,
2016-024124,10-04-2016,"12:03:26 p.m.","  AV. MORRO SOLAR 000        SANTIAGO DE SURCO","EMERGENCIA MEDICA","AMB-120, AMB-6",-12.13072901262,-76.978576193819
2016-024123,10-04-2016,"11:52:25 a.m.","AV. COLONIAL (OSCAR R. BENAVIDES) 1500       CALLAO","EMERGENCIA MEDICA",MED-5,-12.0589421765498,-77.1278044865469
2016-024122,10-04-2016,"11:51:41 a.m.","PANAMERICANA  SUR KM. 122            SAN VICENTE DE CANETE","ACCIDENTE VEHICULAR","M49-1, RES-49",,
2016-024121,10-04-2016,"11:50:20 a.m.","COLEGIO JORGE BASADRE              CHACLACAYO","EMERGENCIA MEDICA",AMB-115-2,,
2016-024120,10-04-2016,"11:49:57 a.m.","  AV. ALFREDO BENAVIDES 2300       MIRAFLORES","EMERGENCIA MEDICA","AMB-4, AMB134-2",-12.1277425270329,-77.0083548752202
2016-024119,10-04-2016,"11:48:54 a.m.","ESEQUIEL SANCHEZ            ICA","EMERGENCIA MEDICA",MED-171,,
2016-024118,10-04-2016,"11:46:27 a.m.","  AL. PICAFLORES 190        SAN BORJA",RESCATE,RES-127,-12.1050055205965,-76.9826983837759
2016-024117,10-04-2016,"11:44:35 a.m.","B 160            ","EMERGENCIA MEDICA",RES-127,,
2016-024116,10-04-2016,"11:43:24 a.m.","  AV. EL SOL ESTE (MANUEL LAYNES) 300        BARRANCO","EMERGENCIA MEDICA",AMB-28,-12.1393423247375,-77.020380546028
2016-024115,10-04-2016,"11:40:50 a.m.","  JR. HERMANOS SANTOS GARCIA (JACARANDA) 000        SANTIAGO DE SURCO","EMERGENCIA MEDICA",AMB-6,-12.1301803138895,-76.9729309810923
2016-024114,10-04-2016,"11:39:54 a.m.","  AV. MARIANO CORNEJO 1000       PUEBLO LIBRE","EMERGENCIA MEDICA",AMB-36,-12.0674322654152,-77.0597989823838
2016-024113,10-04-2016,"11:35:16 a.m.","AV. 2 DE MAYO CRUCE CON JR. MANUEL RAIGADA (LAZARETO TIRADO) CALLAO            CALLAO",INCENDIO,"AMB-1, M1-1, M15-1, RES-15",-12.0529608721126,-77.1400446058878
2016-024112,10-04-2016,"11:31:16 a.m.","AH. SAN GENARO I             CHORRILLOS","EMERGENCIA MEDICA","AMB-1, M1-1, M15-1, RES-15",-12.1943100478049,-77.0208923248137
2016-024111,10-04-2016,"11:29:23 a.m.","JUAN BARRETO             HUACHO",INCENDIO,M20-1,,
2016-024110,10-04-2016,"11:26:12 a.m.","AV. MICAELA BASTIDAS CRUCE CON AV. TUPAC AMARU COMAS            COMAS","ACCIDENTE VEHICULAR","AMB124-2, M124-1, M168-1",-11.9336777934295,-77.0468884532498
2016-024109,10-04-2016,"11:25:24 a.m.","  JR. YUNGAY (DIEGO DE AGUERO) 206        MAGDALENA DEL MAR","EMERGENCIA MEDICA",MED-100,-12.0940643484363,-77.0770546409048
2016-024108,10-04-2016,"11:23:53 a.m.","  AV. ANGELICA GAMARRA 1500       LOS OLIVOS",INCENDIO,"M9-1, M9-5, MED-9, RESLIG-161",-12.006670270201,-77.0796412073963
2016-024107,10-04-2016,"11:23:09 a.m.","  AV. COLOMBIA 400        PUEBLO LIBRE","EMERGENCIA MEDICA",AMB-36,-12.0684863044468,-77.0542581129313
2016-024106,10-04-2016,"11:15:31 a.m.","  AV. PACHACUTEC (LOS HEROES) 300        SAN JUAN DE MIRAFLORES","EMERGENCIA MEDICA",AMB-106,-12.1528873674098,-76.97542537505
2016-024105,10-04-2016,"11:11:09 a.m.","  AV. SAN JUAN 1300       SAN JUAN DE MIRAFLORES","EMERGENCIA MEDICA",AMB-120,-12.1516048209569,-76.9711460206599
2016-024104,10-04-2016,"11:10:00 a.m.","COLEGIO  FISCALIZADO DE MUJERES  PARAMONGA            ","EMERGENCIA MEDICA",AMB-81,,
2016-024103,10-04-2016,"11:09:28 a.m.","COLEGIO LUIS FABIO CHAMAS            HUACHO","EMERGENCIA MEDICA",AMB-20,,
2016-024102,10-04-2016,"11:05:23 a.m.","CARRETERA ANDAHUAYLAS  KM 220            AYACUCHO","ACCIDENTE VEHICULAR",AMB-20,,
2016-024101,10-04-2016,"10:59:53 a.m.","SAN JUAN DE BELLAVISTA            LURIGANCHO","EMERGENCIA MEDICA",AMB-32,,
2016-024100,10-04-2016,"10:59:48 a.m.","AV. JUAN BIELOVUCIC CAVALIER (B) CRUCE CON AV. BUENA VISTA SAN BORJA            SAN BORJA","EMERGENCIA MEDICA",AMB-32,,
2016-024099,10-04-2016,"10:54:47 a.m.","  AV. GENERAL VIVANCO 700        PUEBLO LIBRE","EMERGENCIA MEDICA",AMB-32,,
2016-024098,10-04-2016,"10:52:09 a.m.","AV  LA   MOLINA  CDRA  16  INGRESO   URB LAS  HORMIGAS             LA MOLINA","EMERGENCIA MEDICA",MED-96,,
2016-024097,10-04-2016,"10:51:00 a.m.","  CL. CESAR VALLEJO 400        BELLAVISTA","EMERGENCIA MEDICA",MED-5,-12.0573348646541,-77.0908673685417
2016-024096,10-04-2016,"10:48:20 a.m.","  AV. SAN EUGENIO 600        LA VICTORIA","EMERGENCIA MEDICA",AMB-202,-12.0843747416288,-77.0197271572811
2016-024095,10-04-2016,"10:45:57 a.m.","  CL. PABLO USANDIZAGA 300        SAN BORJA","EMERGENCIA MEDICA",AMB-6,-12.1050433146182,-76.9938960728148
2016-024094,10-04-2016,"10:44:44 a.m.","AV. JORGE CHAVEZ (CARLOS HUGUET) CRUCE CON AV. FRANKLIN D. ROOSEVELT (SURCO) SANTIAGO DE SURCO            SANTIAGO DE SURCO","EMERGENCIA MEDICA",SAMU-16,-12.1470439222364,-77.0119113963803
2016-024093,10-04-2016,"10:43:14 a.m.","  AV. SANTIAGO DE SURCO (TOMAS MARSANO) 5000       SANTIAGO DE SURCO","EMERGENCIA MEDICA",AMB134-2,-12.1477002457565,-76.9866354084365
2016-024092,10-04-2016,"10:41:01 a.m.","  AV. DE LOS CONSTRUCTORES (D) 300        LA MOLINA","EMERGENCIA MEDICA",AMB134-2,-12.0663306473835,-76.9557084882356
2016-024091,10-04-2016,"10:37:13 a.m.","COLEGIO ROSA LUZ              PUENTE PIEDRA","EMERGENCIA MEDICA",AMB-150,,
2016-024090,10-04-2016,"10:34:17 a.m.","  JR. CORONEL MANUEL GOMEZ 200        ","EMERGENCIA MEDICA",AMB-202,-12.0811913233891,-77.037902619067
2016-024089,10-04-2016,"10:29:06 a.m.","AV. LA MARINA CRUCE CON AV. JOSE DE LA RIVA AGUERO SAN MIGUEL            SAN MIGUEL",INCENDIO,"M36-1, M7-1, MED-5, RES-36",-12.0777698521053,-77.0844875865798
2016-024088,10-04-2016,"10:28:39 a.m.","  AV. EL SOL 000        VILLA EL SALVADOR","EMERGENCIA MEDICA",SAMU-106,-12.2167788717098,-76.9684766096667
2016-024087,10-04-2016,"10:22:24 a.m.",,"EMERGENCIA MEDICA",AMB-4,-12.0938768121077,-77.035504078258
2016-024086,10-04-2016,"10:21:44 a.m.",,"EMERGENCIA MEDICA",AMB-4,,
2016-024085,10-04-2016,"10:17:55 a.m.","AH. VILLA MUNICIPAL MZ E LOTE 9             CHORRILLOS","MATERIALES PELIGROSOS (INCIDENTE)","AMB-13, M6-1",-12.1959167264552,-76.998971258577
2016-024084,10-04-2016,"10:16:49 a.m.","PR. HUAMANGA CRUCE CON AV. MEJICO LA VICTORIA            LA VICTORIA","EMERGENCIA MEDICA",AMB-8,-12.0738078162149,-77.0190765974227
2016-024083,10-04-2016,"10:14:07 a.m.","BASE DE B202            ","EMERGENCIA MEDICA",MED-202,,
2016-024082,10-04-2016,"10:13:40 a.m.","CL 1             VENTANILLA","EMERGENCIA MEDICA",AMB-75,,
2016-024081,10-04-2016,"10:11:10 a.m.","B  60             BELLAVISTA","EMERGENCIA MEDICA",AUX-60,,
2016-024080,10-04-2016,"10:02:54 a.m.","AV. QUILCA CRUCE CON AV. ELMER FAUCETT CALLAO            CALLAO","EMERGENCIA MEDICA",MED-9,-12.0356340317746,-77.0992149346873
2016-024079,10-04-2016,"09:54:37 a.m.","  CL. SAN MARCOS 351        PUEBLO LIBRE","EMERGENCIA MEDICA",AMB-36,-12.0797253132179,-77.0720010707005
2016-024078,10-04-2016,"09:51:05 a.m.","  JR. EL CHACO 2635       SAN MARTIN DE PORRES","EMERGENCIA MEDICA",AMB-65,-12.0307960772872,-77.0747624354352
2016-024077,10-04-2016,"09:50:24 a.m.","AV. REPUBLICA DE POLONIA CRUCE CON AV. SAN MARTIN DE PORRAS SAN JUAN DE LURIGANCHO            SAN JUAN DE LURIGANCHO","EMERGENCIA MEDICA",AMB-65,-11.9699995348034,-76.9988129835252
2016-024076,10-04-2016,"09:47:45 a.m.","  JR. JOSE GALVEZ (GERMAN A. GOMEZ SANCHEZ) 999        MIRAFLORES","EMERGENCIA MEDICA",AMB-28,-12.1212068360346,-77.0395530848787
2016-024075,10-04-2016,"09:47:36 a.m.","  JR. TAMARUGAL 117        CALLAO","EMERGENCIA MEDICA",MED-5,-12.0535700411291,-77.1018900890394
2016-024074,10-04-2016,"09:44:25 a.m.","  AV. SAN JUAN 300        SAN JUAN DE MIRAFLORES","EMERGENCIA MEDICA",AMB-120,-12.1672315269176,-76.9724425066762
2016-024073,10-04-2016,"09:44:10 a.m.","EDUCACION G.U.E. TERESA GONZALES DE FANNING            JESUS MARIA","EMERGENCIA MEDICA",AMB-202,-12.0783069310757,-77.0461634348197
2016-024072,10-04-2016,"09:42:57 a.m.","AH. PACHACAMAC SECTOR AMPLIACION LAS BRISAS DE PACHACAMAC B1            VILLA EL SALVADOR",INCENDIO,M105-2,-12.2442158057976,-76.9166856947907
2016-024071,10-04-2016,"09:41:36 a.m.","FRANCISCO ROSAS 300        HUACHO","EMERGENCIA MEDICA",AMB-20,,
2016-024070,10-04-2016,"09:40:06 a.m.","AV. NICOLAS AYLLON   2185       CHACLACAYO","EMERGENCIA MEDICA",AMB-115-2,,
2016-024069,10-04-2016,"09:32:56 a.m.","PAMPA GRANDE            LURIGANCHO","EMERGENCIA MEDICA",AMB-32,,
2016-024068,10-04-2016,"09:26:23 a.m.","JR. CUZCO (JOSE BARRENECHEA) CRUCE CON JR. CUZCO (JOSE BARRENECHEA) MAGDALENA DEL MAR            MAGDALENA DEL MAR","EMERGENCIA MEDICA",AMB-32,-12.0905117968308,-77.0666445608442
2016-024067,10-04-2016,"09:25:26 a.m.","  CL. SAN MARTIN DE PORRES 834        VILLA MARIA DEL TRIUNFO","MATERIALES PELIGROSOS (INCIDENTE)","M160-3, SAMU-106",-12.159593294029,-76.9462005266706
2016-024066,10-04-2016,"09:21:04 a.m.","  AV. TOMAS VALLE 500        LOS OLIVOS","EMERGENCIA MEDICA",SAMU-161,-12.0085047338931,-77.0630106479564
2016-024065,10-04-2016,"09:20:33 a.m.","CARRETERAS - PANAMERICANAS PANAMERICANA SUR 9.5            SAN JUAN DE MIRAFLORES","ACCIDENTE VEHICULAR","AMB134-2, M120-1, RES-134",-12.1403181991577,-76.9810408158943
2016-024064,10-04-2016,"09:15:24 a.m.","B9             ","EMERGENCIA MEDICA",MED-9,,
2016-024063,10-04-2016,"09:12:22 a.m.","  CL. PEDRO RUIZ 292        BELLAVISTA","EMERGENCIA MEDICA",MED-9,-12.0554399858072,-77.0920514769423
2016-024062,10-04-2016,"09:12:11 a.m.","  CL. 10 117        RIMAC","EMERGENCIA MEDICA",AMB-2,-12.024579969331,-77.0354885697804
2016-024061,10-04-2016,"09:10:19 a.m.","CENTRO DE SALUD LAS MIRAFLOREAS            AYACUCHO","EMERGENCIA MEDICA",MED-63,,
2016-024060,10-04-2016,"09:08:25 a.m.","CL. LAS MORAS CRUCE CON CL. LAS GUINDAS (B) CALLAO            CALLAO","MATERIALES PELIGROSOS (INCIDENTE)","M9-5, MED-9, SAMU-161",-12.0198603749713,-77.0912215988046
2016-024059,10-04-2016,"09:01:45 a.m.","B  138             ","EMERGENCIA MEDICA","M9-5, MED-9, SAMU-161",,
2016-024058,10-04-2016,"08:52:38 a.m.","  AV. SUCRE (INDEPENDENCIA) 445        MAGDALENA DEL MAR","EMERGENCIA MEDICA",SAMU-83,-12.0949143328887,-77.0716330713494
2016-024057,10-04-2016,"08:51:06 a.m.","EDUCACION I.E. DORA MAYER            BELLAVISTA","EMERGENCIA MEDICA",AMB-7,-12.0570519527165,-77.0931467700819
2016-024056,10-04-2016,"08:47:06 a.m.","  PJ. RICARDO WAGNER 295        SAN BORJA","EMERGENCIA MEDICA",SAMU-127,-12.0993973054237,-76.9954981068854
2016-024055,10-04-2016,"08:34:18 a.m.","MARIANO MELGAR            ","EMERGENCIA MEDICA",AMB-14,,
2016-024054,10-04-2016,"08:33:59 a.m.","SECTOR  1 MZ D GRUPO 5  LT 7             VILLA EL SALVADOR","EMERGENCIA MEDICA",AMB-14,,
2016-024053,10-04-2016,"08:31:21 a.m.","  CL. LAS GROSELLAS (LOS NARDOS) (28) 759        SAN JUAN DE LURIGANCHO","EMERGENCIA MEDICA",SAMU-21,-12.0167433550531,-77.0104905609609
2016-024052,10-04-2016,"08:26:24 a.m.","CARRETERAS - PANAMERICANAS PANAMERICANA NORTE 39.5            SANTA ROSA","MATERIALES PELIGROSOS (INCIDENTE)","AMB-184, M163-1, M184-1, MED-65",-11.8002371999846,-77.138102389307
2016-024051,10-04-2016,"08:23:13 a.m.","  AV. LOS ALMENDROS (LAS CASUARINAS) 200        SANTIAGO DE SURCO","EMERGENCIA MEDICA",AMB-6,-12.1147851428306,-76.9733991939719
2016-024050,10-04-2016,"08:09:43 a.m.","  CL. LOS ALGARROBOS MZ Q LOTE 21  000        CALLAO","EMERGENCIA MEDICA",MED-5,-12.0522647071074,-77.1215230268219
2016-024049,10-04-2016,"08:00:24 a.m.","  AV. ALCANFORES 110        MIRAFLORES","EMERGENCIA MEDICA",AMB-28,-12.1209598671915,-77.0276565150025
2016-024048,10-04-2016,"07:57:55 a.m.","  AV. HUANDOY MZ K LT 6 000        LOS OLIVOS",RESCATE,RESLIG-161,-11.9720307617945,-77.0809910893996
2016-024047,10-04-2016,"07:51:11 a.m.","AV. SANTIAGO DE SURCO (TOMAS MARSANO) CRUCE CON AV. AYACUCHO (HOJA REDONDA) SANTIAGO DE SURCO            SANTIAGO DE SURCO","EMERGENCIA MEDICA",AMB134-2,-12.1347390821946,-76.9971274807802
2016-024046,10-04-2016,"07:39:33 a.m.","  JR. MARISCAL RAMON CASTILLA 795        SAN MIGUEL","EMERGENCIA MEDICA",AMB83-2,-12.0847373362584,-77.0797882574058
2016-024045,10-04-2016,"07:39:07 a.m.","MUSA   5TA  ETAPA            LA MOLINA","EMERGENCIA MEDICA",MED-96,,
2016-024044,10-04-2016,"07:37:31 a.m.","  CL. LOS ARAUCANOS (1) 277        SANTIAGO DE SURCO",RESCATE,MED-96,-12.1058131466394,-76.9752361230336
2016-024043,10-04-2016,"07:24:23 a.m.","AV. JOSE CARLOS MARIATEGUI CRUCE CON AV. SEPARADORA INDUSTRIAL VILLA EL SALVADOR            VILLA EL SALVADOR","EMERGENCIA MEDICA",SAMU-105,-12.2178841671419,-76.9273852864461
2016-024042,10-04-2016,"06:46:32 a.m.","PANAMERICANA NORTE KM 154            ","ACCIDENTE VEHICULAR",AMB-20,,
2016-024041,10-04-2016,"06:42:36 a.m.","  AV. GENERAL CESAR CANEVARO 923        LINCE","EMERGENCIA MEDICA",AMB-202,-12.0846462969277,-77.0428312512355
2016-024040,10-04-2016,"05:27:23 a.m.","CARRETERAS - PANAMERICANAS PANAMERICANA NORTE 39.5            SANTA ROSA","ACCIDENTE VEHICULAR","AMB-184, M163-1, M184-1, MED-65",-11.8002371999846,-77.138102389307
2016-024039,10-04-2016,"05:01:38 a.m.",,"EMERGENCIA MEDICA","AMB-184, M163-1, M184-1, MED-65",-12.0599012136803,-77.1349047568362
2016-024038,10-04-2016,"04:58:43 a.m.",,"EMERGENCIA MEDICA",AMB-1,-12.0599012136803,-77.1349047568362
2016-024037,10-04-2016,"04:46:54 a.m.","  AV. LOS ROBLES (1 DE MAYO) 767        SANTA ANITA","EMERGENCIA MEDICA",AMB-1,-12.0517012290397,-76.9768403521727
2016-024036,10-04-2016,"04:29:59 a.m.","  JR. PARINACOCHAS 300        LA VICTORIA","EMERGENCIA MEDICA",AMB-8,-12.0610223664789,-77.0180501198481
2016-024035,10-04-2016,"04:16:14 a.m.","  JR. INCLAN (ALONSO RIQUELME) 221        MAGDALENA DEL MAR","EMERGENCIA MEDICA",SAMU-83,-12.0941338689742,-77.0691505760898
2016-024034,10-04-2016,"04:14:28 a.m.","  JR. JUNO 100        CHORRILLOS","EMERGENCIA MEDICA",AMB-120,-12.1817918518819,-77.0050906809112
2016-024033,10-04-2016,"04:09:55 a.m.","AV. FAUCETT 100        AYACUCHO","EMERGENCIA MEDICA",MED-63,,
2016-024032,10-04-2016,"03:57:27 a.m.","ARGENTINA CDRA HACIA HOSP RAMON CASTILLA            ","EMERGENCIA MEDICA",AMB-36,,
2016-024031,10-04-2016,"03:46:46 a.m.","PANAMERICANA SUR  KM  93            MALA","EMERGENCIA MEDICA",AMB-36,,
2016-024030,10-04-2016,"03:44:29 a.m.","  CL. SATURNINO DEL CASTILLO (WASHINGTON) 310        CHORRILLOS","EMERGENCIA MEDICA",AMB-13,-12.1734098020502,-77.0228865268102
2016-024029,10-04-2016,"03:42:40 a.m.","  JR. MIGUEL ALJOVIN 255        LIMA","EMERGENCIA MEDICA",MED-10,-12.0571036141594,-77.0345351475483
2016-024028,10-04-2016,"03:29:25 a.m.","PJ. VILLA EL SALVADOR SECTOR 9 GRUPO 2 MZ Q             VILLA EL SALVADOR","EMERGENCIA MEDICA",AMB-155,-12.231888826048,-76.9443747775119
2016-024027,10-04-2016,"03:21:26 a.m.","AV. REPUBLICA ARGENTINA CRUCE CON AV. CORONEL NESTOR GAMBETA (EL EMISOR) CALLAO            CALLAO","EMERGENCIA MEDICA",AMB-1,-12.050455795611,-77.1260329228898
2016-024026,10-04-2016,"03:16:23 a.m.","  JR. CHACHAPOYAS 684        SAN MARTIN DE PORRES","EMERGENCIA MEDICA",MED-9,-12.0327027631457,-77.0855847508033
2016-024025,10-04-2016,"03:14:06 a.m.","  JR. PINAR DEL RIO 1700       SAN MARTIN DE PORRES","EMERGENCIA MEDICA",AMB-65,-12.0332744924103,-77.0648999324463
2016-024024,10-04-2016,"03:13:15 a.m.","CARRETERAS - PANAMERICANAS PANAMERICANA NORTE 41.5            SANTA ROSA","ACCIDENTE VEHICULAR","M163-1, MED-65",-11.786421912734,-77.1524351927802
2016-024023,10-04-2016,"03:00:48 a.m.","  CL. TOMAS GUZMAN 548        SAN JUAN DE MIRAFLORES","EMERGENCIA MEDICA","M163-1, MED-65",-12.1641398104752,-76.9655330710184
2016-024022,10-04-2016,"02:55:59 a.m.","  AV. GUARDIA CHALACA 1800       BELLAVISTA","EMERGENCIA MEDICA",MED-5,-12.0607159253205,-77.1253952350067
2016-024021,10-04-2016,"02:49:30 a.m.","CARRETERAS - PANAMERICANAS PANAMERICANA NORTE            PUENTE PIEDRA","ACCIDENTE VEHICULAR","AMB-150, M124-1, M184-1",-11.8824523532053,-77.0685865182067
2016-024020,10-04-2016,"02:16:07 a.m.","AV. FERROCARRIL            VILLA MARIA DEL TRIUNFO",INCENDIO,M155-1,-12.2250948686555,-76.9000288291187
2016-024019,10-04-2016,"02:14:23 a.m.","CALLE 5 574        RIMAC","EMERGENCIA MEDICA",SAMU-21,-12.0285910334254,-77.0316996435417
2016-024018,10-04-2016,"02:05:40 a.m.","AV SAN MARTIN             ","EMERGENCIA MEDICA",SAMU-21,,
2016-024017,10-04-2016,"01:33:24 a.m.","AS. SAN BENITO DE PALERMO MZ C LT 4            CALLAO","EMERGENCIA MEDICA",MED-9,-11.9847274904206,-77.1112094940559
2016-024016,10-04-2016,"01:15:51 a.m.","CALLE MIRAFLORES 3             ","EMERGENCIA MEDICA",MED-9,,
2016-024015,10-04-2016,"01:14:44 a.m.","AV. VALDIVIA- OVALO DE HUACHO            HUACHO","MATERIALES PELIGROSOS (INCIDENTE)",M20-1,,
2016-024014,10-04-2016,"01:14:41 a.m.","  CL. SAN JACINTO 000        PUENTE PIEDRA","EMERGENCIA MEDICA",AMB-184,-11.8326731970944,-77.1036674854307
2016-024013,10-04-2016,"01:08:12 a.m."," LOS LICENCIADOS MZ C5             VENTANILLA","EMERGENCIA MEDICA",AMB-75,,
2016-024012,10-04-2016,"01:00:55 a.m.","  CL. EL TESORO (PICCHU)  582        SAN LUIS","EMERGENCIA MEDICA",SAMU-8,-12.0799878138425,-77.0035666132576
2016-024011,10-04-2016,"12:24:10 a.m.","  CL. TANGARARA            SANTIAGO DE SURCO","EMERGENCIA MEDICA",SAMU-8,-12.136257490295,-77.0003980504081
2016-024010,10-04-2016,"12:18:44 a.m.","JR. DE LA UNION CRUCE CON JR. PUNO LIMA            LIMA","EMERGENCIA MEDICA",MED-10,-12.049925893971,-77.0340312087863
2016-024009,10-04-2016,"12:14:18 a.m.","  AV. CENTRAL (CONFRATERNIDAD) 900        SAN JUAN DE MIRAFLORES","EMERGENCIA MEDICA",AMB134-2,-12.1374714095994,-76.962813592516
2016-024008,10-04-2016,"12:09:06 a.m.","AV. TALARA CRUCE CON AV. A (MARIA ELENA MOYANO) VILLA EL SALVADOR            VILLA EL SALVADOR","EMERGENCIA MEDICA",AMB-155,-12.2333018684368,-76.9418537558647
