ID,FECHA,HORA,DIRECCION,TIPO,UNIDADES,"CORDENADAS (lat)","CORDENADAS (lng)"
2016-050676,22-08-2016,"11:57:59 p.m.","AV. SAN MARTIN CDRA. 12            ICA","EMERGENCIA MEDICA",,,
2016-050675,22-08-2016,"11:43:15 p.m.","AV GALVEZ             ","ACCIDENTE VEHICULAR",AMB-28,,
2016-050674,22-08-2016,"11:43:00 p.m.","  JR. CHOTA 1200       LIMA","EMERGENCIA MEDICA","AMB-2, AMB-4",-12.0552696868773,-77.0405360108213
2016-050673,22-08-2016,"11:34:51 p.m.","  JR. ANCASH 982        LIMA","EMERGENCIA MEDICA",AMB-21,-12.0478083795409,-77.0209854993216
2016-050672,22-08-2016,"11:01:57 p.m.","  CL. JORGE CHAVEZ 700        VILLA MARIA DEL TRIUNFO",INCENDIO,"AMB-120, M106-1, M134-1",-12.1591297126816,-76.9500915108057
2016-050671,22-08-2016,"10:53:40 p.m.","  JR. JOSE GALVEZ (GERMAN A. GOMEZ SANCHEZ) 835        MIRAFLORES","EMERGENCIA MEDICA",AMB-28,-12.1212168598713,-77.0384975647199
2016-050670,22-08-2016,"10:37:13 p.m.","AV 28 DE JULIO             SANTA MARIA","EMERGENCIA MEDICA",AMB-28,,
2016-050669,22-08-2016,"10:36:12 p.m.","AV. 13 DE ENERO (LIMA) 1931       SAN JUAN DE LURIGANCHO",INCENDIO,M121-3,-11.9954747460471,-77.0050967771478
2016-050668,22-08-2016,"10:36:12 p.m.","CLL. SUCRE            ","EMERGENCIA MEDICA",M121-3,,
2016-050667,22-08-2016,"10:32:04 p.m.","UR. LA TABOADITA (TABOADITA PACIFICO) B2 LTE 10            BELLAVISTA","EMERGENCIA MEDICA",AMB-83,-12.0575268570489,-77.1105450485907
2016-050666,22-08-2016,"10:24:20 p.m.",,"EMERGENCIA MEDICA",AMB-60,-12.0610910014158,-77.0773003115529
2016-050665,22-08-2016,"10:16:17 p.m.","PAITA 200        SAN JUAN DE MIRAFLORES","EMERGENCIA MEDICA",AMB-60,,
2016-050664,22-08-2016,"10:11:31 p.m.","  CL. LAS ARCILLAS 2752       SAN JUAN DE LURIGANCHO","MATERIALES PELIGROSOS (INCIDENTE)","AMB-21, M121-3",-11.9859055543631,-77.0037748963269
2016-050663,22-08-2016,"10:08:06 p.m.","  AL. DEL REMERO 000        CHORRILLOS","EMERGENCIA MEDICA",AMB6-2,-12.2006688242644,-76.9989980798391
2016-050662,22-08-2016,"09:57:43 p.m.","  CL. LOS ALGARROBOS 511        SAN MARTIN DE PORRES","EMERGENCIA MEDICA",AMB-65-2,-12.0141084972572,-77.0582163458502
2016-050661,22-08-2016,"09:54:50 p.m.","FRANCISCO ROSAS 200        HUACHO","EMERGENCIA MEDICA",AMB-20,,
2016-050660,22-08-2016,"09:52:24 p.m.","AV. ALAMEDA LOS HORIZONTES CRUCE CON AV. ALAMEDA LOS CEDROS CHORRILLOS            CHORRILLOS","EMERGENCIA MEDICA",AMB6-2,-12.2036048632601,-77.0074545781556
2016-050659,22-08-2016,"09:44:34 p.m.","AV SAN MARTIN  300        HUACHO","EMERGENCIA MEDICA",AMB-20,,
2016-050658,22-08-2016,"09:41:32 p.m.","  JR. PARINACOCHAS 1800       LA VICTORIA",INCENDIO,"AMB-11, M2-1, M202-1, M4-1",-12.0776328111062,-77.0176505949519
2016-050657,22-08-2016,"09:41:29 p.m.","AS.  OQUENDO MZ D20 LT 11            CALLAO","EMERGENCIA MEDICA",MED-9,-11.9743413673014,-77.118230409369
2016-050656,22-08-2016,"09:32:23 p.m.","  CL. BODEGONES 161        SANTIAGO DE SURCO","EMERGENCIA MEDICA",AMB134,-12.1330123163566,-76.9852882967124
2016-050655,22-08-2016,"09:23:51 p.m.","PARQUE SIMON BOLIVAR            AYACUCHO","EMERGENCIA MEDICA",MED-63,,
2016-050654,22-08-2016,"09:14:19 p.m.","CL. DANTE CRUCE CON JR. CONTRALMIRANTE LIZARDO MONTERO SURQUILLO            SURQUILLO","EMERGENCIA MEDICA",AMB-28,-12.1112358200661,-77.0234706386021
2016-050653,22-08-2016,"09:12:28 p.m.","HOSPITAL REGIONAL DE ICA            NAZCA","EMERGENCIA MEDICA",AMB-82,,
2016-050652,22-08-2016,"09:04:29 p.m.","AV. MIRAFLORES CRUCE POLONIA            MIRAFLORES","EMERGENCIA MEDICA",AMB-28,,
2016-050651,22-08-2016,"08:58:45 p.m.","CARRETERAS - PANAMERICANAS PANAMERICANA NORTE 36.06            PUENTE PIEDRA",INCENDIO,"AMB-184, AMB-75, M184-1, M75-1",-11.8290757774332,-77.1190204518724
2016-050650,22-08-2016,"08:52:44 p.m.","COLISEO LOLO FERNANDEZ             SAN VICENTE DE CANETE","SERVICIO ESPECIAL",M49-1,,
2016-050649,22-08-2016,"08:43:15 p.m.","  CL. LIMA  TABLADA  DE   LURIN   1117       VILLA MARIA DEL TRIUNFO",INCENDIO,M105-1,-12.1971764808639,-76.9213990740874
2016-050648,22-08-2016,"08:34:05 p.m.","  AV. PARQUE DE LAS LEYENDAS 121        SAN MIGUEL","EMERGENCIA MEDICA",AMB-7,-12.0648476267763,-77.0968767785781
2016-050647,22-08-2016,"08:20:58 p.m.","  AV. EL DERBY 500        SANTIAGO DE SURCO","EMERGENCIA MEDICA",AMB134,-12.0986406496744,-76.9775617921064
2016-050646,22-08-2016,"08:12:28 p.m.","  CL. MATEO GONZALES  SANTA  LUZMILA   200        COMAS","EMERGENCIA MEDICA",AMB-164,-11.9429863448535,-77.0646151295251
2016-050645,22-08-2016,"08:12:02 p.m.","  AV. MARCOS ESPINOZA (A) coperativa 6 de abril  000        PUENTE PIEDRA","EMERGENCIA MEDICA",AMB-150,-11.8231838768576,-77.0985471942353
2016-050644,22-08-2016,"08:03:41 p.m.","  CL. MANUEL PAZOS 455        SAN JUAN DE MIRAFLORES","EMERGENCIA MEDICA",AMB-120,-12.1607582976006,-76.9738985112374
2016-050643,22-08-2016,"08:02:53 p.m.","AV. ALBORADA CRUCE CON AV. ALEJANDRO BERTELLO LIMA            LIMA","EMERGENCIA MEDICA",AMB-4,-12.0622591344914,-77.066675220236
2016-050642,22-08-2016,"08:02:47 p.m.","SEPARADORA INDUSTRIAL CON LOS ANGELES            ATE",INCENDIO,AMB-4,,
2016-050641,22-08-2016,"07:55:14 p.m.","AV. ROMULO BETANCOURT (B) CRUCE CON AV. CENTRAL LOS OLIVOS            LOS OLIVOS","EMERGENCIA MEDICA",MED-9,-11.9575427970984,-77.0792969990451
2016-050640,22-08-2016,"07:51:56 p.m.","  CL. SAN MARTIN (26) 180        SAN MIGUEL","EMERGENCIA MEDICA",AMB-7,-12.0798460687882,-77.1074240011244
2016-050639,22-08-2016,"07:49:27 p.m.","AV. METROPOLITANA (SEPARADORA INDUSTRIAL) CRUCE CON AV. LOS ANGELES (A) ATE - VITARTE            ATE",INCENDIO,"M138-4, M169-1",-12.031665884648,-76.9314114374773
2016-050638,22-08-2016,"07:42:44 p.m.","CL. JUAN ROMERO HIDALGO CRUCE CON AV. SAN LUIS SAN BORJA            SAN BORJA","ACCIDENTE VEHICULAR","AMB134, M11-1",-12.1044617026621,-76.9935726104525
2016-050637,22-08-2016,"07:31:31 p.m.","CALLE  YARAHUACA  NAZCA            NAZCA","ACCIDENTE VEHICULAR",MED-200,,
2016-050636,22-08-2016,"07:17:28 p.m.","JR. ZEPITA CRUCE CON JR. CHANCAY (TARAPACA) LIMA            LIMA","EMERGENCIA MEDICA",AMB-10,-12.0493709423437,-77.0407732459607
2016-050635,22-08-2016,"07:10:28 p.m.","  CL. RIO HUAURA 326        PUEBLO LIBRE","EMERGENCIA MEDICA",AMB-83,-12.0702363475856,-77.0721420157352
2016-050634,22-08-2016,"07:07:56 p.m.","  CL. JOSE OLAYA 554        BELLAVISTA","EMERGENCIA MEDICA",AMB-1,-12.0657896979037,-77.128789541443
2016-050633,22-08-2016,"07:03:55 p.m.","  AV. SAN LUIS 2300       SAN BORJA","EMERGENCIA MEDICA",AMB-1,-12.0958357958393,-76.9953876167214
2016-050632,22-08-2016,"07:00:59 p.m.","  AV. SAN LUIS 2300       SAN BORJA","EMERGENCIA MEDICA",AMB-28,-12.0958357958393,-76.9953876167214
2016-050631,22-08-2016,"06:41:07 p.m.",,"EMERGENCIA MEDICA",AMB-28,,
2016-050630,22-08-2016,"06:39:09 p.m.","  AV. ARGENTINA 2500       LIMA","EMERGENCIA MEDICA",AMB-65-2,-12.0461928838117,-77.0738495790164
2016-050629,22-08-2016,"06:37:40 p.m.","A.A.H.H. PRO HOGAR PROPIO CANTA GALLO - 28 DE JULIO MZ G LOTE 9             LURIGANCHO",INCENDIO,AUX-32,,
2016-050628,22-08-2016,"06:37:01 p.m.","AV. LOS ANGELES CRUCE CON AV. MICAELA BASTIDAS VILLA EL SALVADOR            VILLA EL SALVADOR","EMERGENCIA MEDICA",AMB-155,-12.2008650749076,-76.9508104962277
2016-050627,22-08-2016,"06:25:20 p.m.","CARRETERAS - PANAMERICANAS PANAMERICANA SUR 12            SAN JUAN DE MIRAFLORES","EMERGENCIA MEDICA","AMB-120, M120-1, M134-1",-12.1622674390066,-76.9818015384622
2016-050626,22-08-2016,"06:24:24 p.m.","  AV. DEL PINAR  CHACARILLA  DEL   ESTANQUE   373        SAN BORJA","EMERGENCIA MEDICA",AMB134,-12.109010819282,-76.9895146991596
2016-050625,22-08-2016,"06:21:27 p.m.","COLEGIO  SAN LUIS  GONZAGA              ICA","EMERGENCIA MEDICA",AMB-22,,
2016-050624,22-08-2016,"06:20:55 p.m.","  PR. LA ALAMEDA DEL CORREGIDOR 2800       ","EMERGENCIA MEDICA",AMB-6,-12.1059972225221,-76.9468979184357
2016-050623,22-08-2016,"06:19:20 p.m.","CO. LOS CHASQUIS D            SAN MARTIN DE PORRES","MATERIALES PELIGROSOS (INCIDENTE)","M9-5, MED-9",-11.9942494657826,-77.0905410400324
2016-050622,22-08-2016,"06:15:30 p.m.","JR.   DOS  DE  MAYO    CDRA.  4               SAN VICENTE DE CANETE","EMERGENCIA MEDICA",AMB-183,,
2016-050621,22-08-2016,"06:14:36 p.m.","AV.   BOLIVAR  CRUCE   AV.   200  MILLAS   PACHACUTEC              VENTANILLA",INCENDIO,M184-1,,
2016-050620,22-08-2016,"06:11:38 p.m.","AS. MERCURIO DE HUANCAVELICA MZ.  B   LOTE  29                ","EMERGENCIA MEDICA",AMB-163,-11.8735307548537,-77.0641055971376
2016-050619,22-08-2016,"06:10:10 p.m.","  JR. RENOVACION 665        LA VICTORIA","EMERGENCIA MEDICA",AMB-10,-12.0662613261149,-77.0265705692903
2016-050618,22-08-2016,"06:01:23 p.m.","  JR. SANTA MARIA DEL VALLE   URB.  PALAO   360        SAN MARTIN DE PORRES","EMERGENCIA MEDICA",AMB-65-2,-12.0200965235681,-77.0616931218222
2016-050617,22-08-2016,"05:58:34 p.m.","  AV. TACNA 224        LIMA","EMERGENCIA MEDICA",AMB-10,-12.0440654394858,-77.035742745626
2016-050616,22-08-2016,"05:47:15 p.m.","AV. PEDREGAL 100        LURIGANCHO","EMERGENCIA MEDICA",AMB-10,,
2016-050615,22-08-2016,"05:37:16 p.m.","CA. RAMIRO PRIALE CRUCE CON AV. LOS LAURELES LURIGANCHO (CHOSICA)            LURIGANCHO","ACCIDENTE VEHICULAR","AMB-127, AMB-6, M138-1, M169-1",,
2016-050614,22-08-2016,"05:35:11 p.m.","  MA. LUIS CISNEROS 500        ","EMERGENCIA MEDICA","AMB-28, ESC-28",-12.1238458041972,-77.0382220788263
2016-050613,22-08-2016,"05:34:06 p.m.","AV. SANTA ROSA             PUENTE PIEDRA","EMERGENCIA MEDICA","AMB-28, ESC-28",,
2016-050612,22-08-2016,"05:33:48 p.m.","  CL. MANUEL BONILLA (10) 274        SURQUILLO","EMERGENCIA MEDICA",AMB-28,-12.1133140545742,-77.0049904190387
2016-050611,22-08-2016,"05:15:49 p.m.","AV. CESAR VALLEJO CRUCE CON AV. REVOLUCION VILLA EL SALVADOR            VILLA EL SALVADOR","EMERGENCIA MEDICA",AMB-155,-12.2131942050992,-76.9368333811531
2016-050610,22-08-2016,"05:09:56 p.m.",,INCENDIO,AMB-155,-12.0561388760082,-77.0550426055823
2016-050609,22-08-2016,"05:09:01 p.m.","  JR. TORIBIO DE LUZURIAGA (2) 1980       ","EMERGENCIA MEDICA",MED-9,-12.0138073560203,-77.0854507615861
2016-050608,22-08-2016,"05:00:07 p.m.","  AV. LA PAZ 2200       SAN MIGUEL","ACCIDENTE VEHICULAR","AMB-1, M7-1, M7-5",-12.0807873545644,-77.1039316532832
2016-050607,22-08-2016,"04:52:07 p.m.","CH. MANZANILLA BLOCK D 5 DEPTO 306             LIMA","EMERGENCIA MEDICA",AMB-8,-12.05785895273,-77.0099739650839
2016-050606,22-08-2016,"04:34:50 p.m.","UR. MONTERREY II ETAPA   MZ., C   LOTE   14              SAN MARTIN DE PORRES","EMERGENCIA MEDICA",AMB-65-2,-11.9592421662518,-77.0981377954877
2016-050605,22-08-2016,"04:28:06 p.m.","MANUEL HUALDE 300        HUACHO","ACCIDENTE VEHICULAR",AMB-20,,
2016-050604,22-08-2016,"04:26:39 p.m.","AH. HUERTA GUINEA S            RIMAC",INCENDIO,M21-1,-12.0363564677075,-77.0220809546354
2016-050603,22-08-2016,"04:09:50 p.m.","AV.  INDEPENDENCIA   PUERTA  DE  B-63            AYACUCHO","ACCIDENTE VEHICULAR",MED-63,,
2016-050602,22-08-2016,"04:09:29 p.m.","  AV. FRANCISCO JAVIER MARIATEGUI 700        JESUS MARIA","EMERGENCIA MEDICA",MED-63,-12.0766951203842,-77.0428352297767
2016-050601,22-08-2016,"04:09:08 p.m.","MIRAFLORES  200        ","EMERGENCIA MEDICA",AMB-157,,
2016-050600,22-08-2016,"03:54:57 p.m.","HHAA COSMOVISION MZ A LOTE  6            VENTANILLA","EMERGENCIA MEDICA",AMB-157,,
2016-050599,22-08-2016,"03:42:01 p.m.","  JR. AUGUSTO WIESE (CARABAYA) 341        LIMA","EMERGENCIA MEDICA","AMB-176, M2-1",-12.0472278549391,-77.0306951135486
2016-050598,22-08-2016,"03:35:47 p.m.","  CL. WACAYPATA (MILAGRITOS) 329        SAN LUIS","EMERGENCIA MEDICA",AMB-4,-12.0781378057644,-77.006998058384
2016-050597,22-08-2016,"03:34:26 p.m.","EDUCACION UNIVERSIDAD NACIONAL AGRARIA            LA MOLINA","EMERGENCIA MEDICA",AMB-6,-12.0812418157396,-76.9445439454135
2016-050596,22-08-2016,"03:33:39 p.m.","MERCADO MAYORISTA SANTA ANITA             SANTA ANITA","EMERGENCIA MEDICA",AMB-169,,
2016-050595,22-08-2016,"03:12:02 p.m.","CARRETERAS - PANAMERICANAS CARRETERA CENTRAL 32.5            LURIGANCHO",INCENDIO,"AUX-32, M32-1",-11.9425620885386,-76.7038511559624
2016-050594,22-08-2016,"03:06:08 p.m.","FUNDO CALLANAL  NAZCA            ",INCENDIO,"AUX-32, M32-1",,
2016-050593,22-08-2016,"03:00:33 p.m.","  AV. ALBORADA 1658       LIMA","EMERGENCIA MEDICA",AMB-83,-12.0661047504582,-77.0672246291777
2016-050592,22-08-2016,"02:58:56 p.m.","  AV. LOS PINOS 000        PUENTE PIEDRA",INCENDIO,M124-1,-11.9187628633498,-77.0773250942665
2016-050591,22-08-2016,"02:57:47 p.m.","CARRETERA CENTRAL KM. 11            ATE","ACCIDENTE VEHICULAR",M169-1,,
2016-050590,22-08-2016,"02:49:26 p.m.","  AV. OSCAR R. BENAVIDES (COLONIAL) 4700       BELLAVISTA","EMERGENCIA MEDICA","M60-1, MED-9",-12.0530507658876,-77.094152976234
2016-050589,22-08-2016,"02:43:23 p.m."," PANAMERICANA  SUR    ALT. PTE.  BENAVIDES            SANTIAGO DE SURCO","EMERGENCIA MEDICA",AMB134,-12.1307946692732,-76.9795919231231
2016-050588,22-08-2016,"02:26:29 p.m.","PANAMERICANA SUR KM 220            PISCO","EMERGENCIA MEDICA",AMB-157,,
2016-050587,22-08-2016,"02:26:15 p.m.","CARRETERAS - PANAMERICANAS CARRETERA CENTRAL 13            ATE","ACCIDENTE VEHICULAR","AMB-6, M169-1, M96-1",,
2016-050586,22-08-2016,"02:15:35 p.m.","  JR. LA PAZ 267        CALLAO","EMERGENCIA MEDICA",MED-9,-12.0585301540257,-77.1337579031067
2016-050585,22-08-2016,"02:10:51 p.m.","  AV. FAUSTINO SANCHEZ CARRION (PERSHING) 250        MAGDALENA DEL MAR","EMERGENCIA MEDICA",MED-9,-12.0876387840369,-77.061679588987
2016-050584,22-08-2016,"01:56:33 p.m.","  CL. MANUEL NICOLAS CORPANCHO 313        LIMA","EMERGENCIA MEDICA",MED-9,-12.0668193154441,-77.0354010948246
2016-050583,22-08-2016,"01:54:52 p.m.","  CL. TERCERA 539        CALLAO","EMERGENCIA MEDICA",MED-9,-12.0526230471894,-77.1351007463456
2016-050582,22-08-2016,"01:46:47 p.m.","AV. LA MARINA CRUCE CON AV. SUCRE PUEBLO LIBRE             PUEBLO LIBRE","EMERGENCIA MEDICA",AMB-83,-12.083201319933,-77.0673021486765
2016-050581,22-08-2016,"01:36:49 p.m.","  AV. GUARDIA CIVIL (ANTONIO VARGAS) (CONDORES) 322        CHORRILLOS","EMERGENCIA MEDICA",AMB-120,-12.183904263432,-77.0027235454976
2016-050580,22-08-2016,"01:26:00 p.m.","  CL. ANDRES REYES 400        SAN ISIDRO","EMERGENCIA MEDICA",AMB-4,-12.0941258242154,-77.027204532919
2016-050579,22-08-2016,"01:24:05 p.m.","  AV. TUPAC AMARU 000        CARABAYLLO","EMERGENCIA MEDICA",AMB-4,-11.9020219732718,-77.0300752538705
2016-050578,22-08-2016,"01:22:54 p.m.","  JR. AGUSTIN GAMARRA 630        LA VICTORIA","EMERGENCIA MEDICA",AMB-176,-12.0645593067475,-77.0135106074707
2016-050577,22-08-2016,"01:13:09 p.m.","AV. JAVIER PRADO OESTE CRUCE CON CL. LAS FLORES SAN ISIDRO            SAN ISIDRO","EMERGENCIA MEDICA",AMB-83,-12.0941568281318,-77.0473096052802
2016-050576,22-08-2016,"01:12:39 p.m.",,"EMERGENCIA MEDICA",AMB-28,,
2016-050575,22-08-2016,"01:11:26 p.m.","  AV. NARANJAL 1275       LOS OLIVOS","EMERGENCIA MEDICA",MED-9,-11.9777605256449,-77.0789896663507
2016-050574,22-08-2016,"12:50:44 p.m.","CALLE  ANDAHUAYLAS  200        ICA","EMERGENCIA MEDICA",AMB-22,,
2016-050573,22-08-2016,"12:47:25 p.m.",,"MATERIALES PELIGROSOS (INCIDENTE)","AMB134, M134-1",-12.17042022033,-76.9902034018207
2016-050572,22-08-2016,"12:41:02 p.m.","  JR. MADERA 125        RIMAC","EMERGENCIA MEDICA",AMB-21,-12.0372627424573,-77.0280014795915
2016-050571,22-08-2016,"12:39:44 p.m.","CARRETERAS - PANAMERICANAS ANTIGUA PANAMERICANA SUR 50            PUNTA NEGRA","ACCIDENTE VEHICULAR","AMB-155, AMB-221, M125-1",-12.3682544281905,-76.7915670877234
2016-050570,22-08-2016,"12:33:24 p.m.","PANAMERICANA NORTE KM 39             ANCON","EMERGENCIA MEDICA",AMB-163,,
2016-050569,22-08-2016,"12:23:17 p.m.","  JR. PAITA (10) 183        CALLAO","EMERGENCIA MEDICA","AMB-83, M7-1",,
2016-050568,22-08-2016,"12:21:39 p.m.","POSTA MEDICA             ","EMERGENCIA MEDICA","AMB-83, M7-1",,
2016-050567,22-08-2016,"12:16:59 p.m.","  JR. AREQUIPA 3308       SAN MARTIN DE PORRES","EMERGENCIA MEDICA",AMB-65-2,-12.0340923032435,-77.0854059252699
2016-050566,22-08-2016,"12:14:04 p.m.","  JR. AMERICA 330        LA VICTORIA","EMERGENCIA MEDICA",AMB-176,-12.0648633327242,-77.0158086096192
2016-050565,22-08-2016,"11:53:29 a.m.","AV. ENRIQUE CANAVAL MOREYRA (CORPAC) CRUCE CON AV. PASEO DE LA REPUBLICA SAN ISIDRO            SAN ISIDRO","EMERGENCIA MEDICA",AMB-176,-12.0968548477636,-77.0253875895584
2016-050564,22-08-2016,"11:50:10 a.m.","  CL. 27 DE NOVIEMBRE (CIRO ALEGRIA) 270        VILLA MARIA DEL TRIUNFO","EMERGENCIA MEDICA",AMB-120,-12.1759429555668,-76.9446226685247
2016-050563,22-08-2016,"11:49:10 a.m.","MERCADO DE PRODUCTORES             ATE","EMERGENCIA MEDICA",AMB-120,,
2016-050562,22-08-2016,"11:48:06 a.m.","CL. COSTA DE SOL LETRA B LT 14 MZ A URB LA CAPILLA             LA MOLINA","EMERGENCIA MEDICA",AMB-120,,
2016-050561,22-08-2016,"11:41:49 a.m.","  JR. LINO CORNEJO 229        LIMA",INCENDIO,M3-1,-12.0538610907211,-77.033166160575
2016-050560,22-08-2016,"11:34:57 a.m.","  AV. ANGELICA GAMARRA 400        LOS OLIVOS",INCENDIO,M161-1,-12.0048798010936,-77.0657183226068
2016-050559,22-08-2016,"11:29:19 a.m.","AV. NICOLAS DE PIEROLA (SALVADOR ALLENDE) (DEFENSORES DE LIMA) CRUCE CON CL. PEDRO TEJADA VILLA MARIA DEL TRIUNFO            VILLA MARIA DEL TRIUNFO","EMERGENCIA MEDICA",M161-1,-12.169441067339,-76.9478492763754
2016-050558,22-08-2016,"11:24:40 a.m.","PZ. DE ARMAS            SAN VICENTE DE CANETE","ACCIDENTE VEHICULAR",AMB-183,,
2016-050557,22-08-2016,"11:24:31 a.m.","  JR. TRUJILLO 1024       RIMAC","EMERGENCIA MEDICA",AMB-21,-12.0332223376963,-77.0273665995049
2016-050556,22-08-2016,"11:08:34 a.m.","  JR. PAROBAMBA 570        SAN MARTIN DE PORRES","EMERGENCIA MEDICA",AMB-65-2,-12.0323141047651,-77.0758910113919
2016-050555,22-08-2016,"11:05:13 a.m.","  AV. 2 DE MAYO 440        CALLAO","EMERGENCIA MEDICA",AMB-65-2,-12.0580781648088,-77.1425825852888
2016-050554,22-08-2016,"10:45:44 a.m.","PJ. VILLA EL SALVADOR SECTOR 3 GRUPO 20 MAZ K LOTE 8            VILLA EL SALVADOR",INCENDIO,"AMB134, M105-1, M106-1, M120-1, M155-1",-12.2199435997933,-76.9384325958571
2016-050553,22-08-2016,"10:43:21 a.m.","AV. VENEZUELA CRUCE CON AV. ALBORADA LIMA            LIMA","EMERGENCIA MEDICA",AMB-83,-12.0577491904492,-77.0672265080137
2016-050552,22-08-2016,"10:16:08 a.m.","CL. MEXICO  645        CHORRILLOS","EMERGENCIA MEDICA",AMB-83,,
2016-050551,22-08-2016,"10:07:30 a.m.","CULTURA 100        LA MOLINA","EMERGENCIA MEDICA",AMB-83,,
2016-050550,22-08-2016,"10:05:11 a.m.","  JR. CAILLOMA 651        LIMA","EMERGENCIA MEDICA",AMB-21,-12.0491377936639,-77.0364879147752
2016-050549,22-08-2016,"10:02:10 a.m.","ROOSVELT            ","EMERGENCIA MEDICA",AMB-21,,
2016-050548,22-08-2016,"09:55:58 a.m.","  CL. TORRES PAZ 1472       LIMA","EMERGENCIA MEDICA",AMB-2,-12.0782991867777,-77.0307683280228
2016-050547,22-08-2016,"09:48:03 a.m.","  CL. LOMA BLANCA (C) 151        SANTIAGO DE SURCO","EMERGENCIA MEDICA",AMB-120,-12.1315867785443,-76.9882784151374
2016-050546,22-08-2016,"09:46:50 a.m.","  AV. GENERAL MANUEL DE MENDIBURU 271        MIRAFLORES","EMERGENCIA MEDICA",AMB134,-12.117123850527,-77.0431210652269
2016-050545,22-08-2016,"09:35:09 a.m.","CLINIC ANGLO AMERICANA            MIRAFLORES","EMERGENCIA MEDICA",AMB134,,
2016-050544,22-08-2016,"09:32:08 a.m.","SAN MIGUEL // SAN ISIDRO            BELLAVISTA","EMERGENCIA MEDICA",AMB134,,
2016-050543,22-08-2016,"09:27:42 a.m.","AV.  AVIACION  / ALT.  FERRETERIA  ANTONI            BARRANCA","EMERGENCIA MEDICA",AMB-73,,
2016-050542,22-08-2016,"09:18:34 a.m.","AV. ABANCAY CRUCE CON JR. CUZCO LIMA            LIMA","EMERGENCIA MEDICA",AMB-176,-12.0517603127203,-77.0288669362083
2016-050541,22-08-2016,"09:17:07 a.m.","  CL. LUZ CASANOVA 187        LOS OLIVOS","EMERGENCIA MEDICA",MED-9,-11.9823188851225,-77.073176377762
2016-050540,22-08-2016,"09:05:13 a.m.","  AV. VICTOR ANDRES BELAUNDE OESTE 900        COMAS",INCENDIO,"M124-1, M164-1",,
2016-050539,22-08-2016,"08:40:35 a.m.","CALLE LOA            ANCON","EMERGENCIA MEDICA",AMB-163,,
2016-050538,22-08-2016,"08:35:09 a.m.",,"EMERGENCIA MEDICA",AMB-7,-12.0475747188317,-77.0650439206518
2016-050537,22-08-2016,"08:30:59 a.m.","AV. PACASMAYO CRUCE CON AV. CANTA CALLAO (PLAN VIAL) CALLAO            CALLAO","EMERGENCIA MEDICA",MED-9,-11.9943380830719,-77.110102749166
2016-050536,22-08-2016,"08:22:53 a.m.","  AV. GRIMALDO DEL SOLAR 480        MIRAFLORES","EMERGENCIA MEDICA",AMB-120,-12.1266998168651,-77.0259675671846
2016-050535,22-08-2016,"08:06:06 a.m.","  JR. BOLIVAR 270        CALLAO","EMERGENCIA MEDICA",AMB-83,-12.05927460484,-77.1437831334029
2016-050534,22-08-2016,"08:05:22 a.m.","URB  TOCHE  100        CHINCHA ALTA","EMERGENCIA MEDICA",MED-38,,
2016-050533,22-08-2016,"07:58:42 a.m.","AV. AFRANIO MELLO FRANCO CRUCE CON AV. BRASIL JESUS MARIA            JESUS MARIA","EMERGENCIA MEDICA",AMB-83,-12.0741947738137,-77.0529042124446
2016-050532,22-08-2016,"07:39:17 a.m.","AV. ANGAMOS ESTE (PRIMAVERA) CRUCE CON AV. AVIACION SURQUILLO            SURQUILLO","EMERGENCIA MEDICA",AMB-83,,
2016-050531,22-08-2016,"07:38:00 a.m.","  AV. 27 DE DICIEMBRE (PACHACUTEC) 914        VILLA MARIA DEL TRIUNFO","EMERGENCIA MEDICA",AMB134,-12.1889338426244,-76.9277216206994
2016-050530,22-08-2016,"07:37:46 a.m.","CL. AYACUCHO  500        PISCO","EMERGENCIA MEDICA",AMB-37,,
2016-050529,22-08-2016,"07:33:34 a.m.","  JR. HUASCAR 1989       JESUS MARIA","MATERIALES PELIGROSOS (INCIDENTE)",M202-1,-12.0817306691236,-77.0505169474608
2016-050528,22-08-2016,"07:31:58 a.m.","  AV. GUARDIA CIVIL (ANTONIO VARGAS) (CONDORES) 800        CHORRILLOS","EMERGENCIA MEDICA",AMB-120,-12.1767618299005,-76.9949190373376
2016-050527,22-08-2016,"07:27:31 a.m.","  JR. PISAC (N) 288        SANTIAGO DE SURCO","EMERGENCIA MEDICA",AMB-11,-12.1182330914839,-76.9955542286126
2016-050526,22-08-2016,"07:12:05 a.m.","  CL. LOS AMANCAES 555        BELLAVISTA","EMERGENCIA MEDICA",MED-9,-12.0610648818319,-77.1018306145827
2016-050525,22-08-2016,"07:11:47 a.m.","  AV. E. SANCHEZ FAJARDO (22 DE AGOSTO) (HONDURAS) 1256       COMAS",INCENDIO,M124-1,-11.9452533462463,-77.0632796216939
2016-050524,22-08-2016,"07:07:25 a.m.","  AV. BRASIL 600        LIMA","ACCIDENTE VEHICULAR","AMB-83, M10-1",-12.0647587101084,-77.0450647277742
2016-050523,22-08-2016,"06:59:03 a.m.","JR. HUANCAYO (30) CRUCE CON JR. CAJAMARCA SAN MARTIN DE PORRES            SAN MARTIN DE PORRES","EMERGENCIA MEDICA",MED-9,-12.0261763242228,-77.0878688789062
2016-050522,22-08-2016,"06:54:51 a.m.","  MA. BALTA 1000       ","EMERGENCIA MEDICA",AMB-28,-12.1267464954178,-77.0353065345821
2016-050521,22-08-2016,"06:39:51 a.m.","JR. ALCALA CRUCE CON JR. PUERTA DEL SOL SANTIAGO DE SURCO            SANTIAGO DE SURCO","EMERGENCIA MEDICA",AMB134,-12.1320315599786,-77.001750334533
2016-050520,22-08-2016,"06:38:39 a.m.","AV. TACNA CRUCE CON JR. HUANCAVELICA LIMA            LIMA","ACCIDENTE VEHICULAR","M10-1, M3-1",-12.0454198389123,-77.0369679388143
2016-050519,22-08-2016,"06:20:18 a.m.","  AV. GENERAL MANUEL DE MENDIBURU 556        MIRAFLORES","EMERGENCIA MEDICA","AMB-11, RES-100",,
2016-050518,22-08-2016,"05:53:42 a.m.","  JR. HUIRACOCHA 1847       JESUS MARIA","EMERGENCIA MEDICA",AMB-28,-12.0809368685213,-77.0515901038577
2016-050517,22-08-2016,"04:54:49 a.m.","  CL. SAN JACINTO 000        PUENTE PIEDRA","EMERGENCIA MEDICA",AMB-163,-11.8326731970944,-77.1036674854307
2016-050516,22-08-2016,"04:23:22 a.m.","  JR. GENERAL ANTONIO DE LA GUERRA 415        LA VICTORIA","EMERGENCIA MEDICA",AMB-163,,
2016-050515,22-08-2016,"04:08:32 a.m.","  JR. 27 DE JULIO 238        CARMEN DE LA LEGUA REYNOS","EMERGENCIA MEDICA",MED-9,-12.0407041023425,-77.0880790382048
2016-050514,22-08-2016,"04:02:01 a.m.","  CL. LOS CIPRESES            CHACLACAYO","EMERGENCIA MEDICA",AMB-32,-11.9769067586941,-76.7677995356974
2016-050513,22-08-2016,"03:41:11 a.m.","  CL. LA PUNTA--ESQ CON CABO BLANCO  100        LA MOLINA","ACCIDENTE VEHICULAR","AMB-6, M96-1",-12.0893328304505,-76.9000775334352
2016-050512,22-08-2016,"03:27:06 a.m.",,"EMERGENCIA MEDICA","AMB-6, M96-1",-12.0837135623505,-77.0866540131108
2016-050511,22-08-2016,"02:15:37 a.m.","MZ E LOTE 13 SACRASANA            CHACLACAYO","EMERGENCIA MEDICA",AMB-115-2,,
2016-050510,22-08-2016,"01:57:48 a.m.","  JR. TARATA 828        LA PERLA","EMERGENCIA MEDICA",AMB-7,-12.0716787321848,-77.1243835965637
2016-050509,22-08-2016,"01:55:23 a.m.","  AV. MORALES DUAREZ 400        CARMEN DE LA LEGUA REYNOS","EMERGENCIA MEDICA",AMB-60,-12.0393055290379,-77.0949645720112
2016-050508,22-08-2016,"01:29:54 a.m.","  JR. SANTA SABINA 400        LIMA","EMERGENCIA MEDICA",AMB-36,-12.0678975011823,-77.0771781667207
2016-050507,22-08-2016,"01:07:15 a.m.","  CL. LOS HORNOS 185        ATE",INCENDIO,"AMB-6, M138-4, M96-1",,
2016-050506,22-08-2016,"12:59:08 a.m.","  CL. YANACOTO 178        SAN MIGUEL","EMERGENCIA MEDICA",AMB-7,-12.0863217764284,-77.076232616271
2016-050505,22-08-2016,"12:55:00 a.m.","AV. LOS DOMINICOS CRUCE CON AV. EL OLIVAR CALLAO            CALLAO","EMERGENCIA MEDICA",MED-9,-12.0169061337202,-77.0929611442957
2016-050504,22-08-2016,"12:50:18 a.m.","  PR. HUANUCO 1389       LA VICTORIA","EMERGENCIA MEDICA",MED-9,,
2016-050503,22-08-2016,"12:39:08 a.m.","  CL. SALVADOR ALLENDE (2) 000        SAN JUAN DE MIRAFLORES","EMERGENCIA MEDICA",AMB-120,-12.1778503776289,-76.958066333217
2016-050502,22-08-2016,"12:35:44 a.m.","  AV. ARGENTINA 623        LIMA","EMERGENCIA MEDICA",AMB-60,-12.044426313776,-77.0502265744402
2016-050501,22-08-2016,"12:24:01 a.m.",,"ACCIDENTE VEHICULAR","AMB-36, M10-1, RES-14",-12.0556687993179,-77.057438132879
