ID,FECHA,HORA,DIRECCION,TIPO,UNIDADES,"CORDENADAS (lat)","CORDENADAS (lng)"
2016-010303,13-02-2016,"11:50:01 p.m.","PSJE AREQUIPA 100        HUARAL","EMERGENCIA MEDICA",AMB-44,,
2016-010302,13-02-2016,"11:30:09 p.m.","AV. JOSE GALVEZ CRUCE CON AV. 28 DE JULIO LA VICTORIA            LA VICTORIA","EMERGENCIA MEDICA",AMB-8,-12.0634729086044,-77.0323095588059
2016-010301,13-02-2016,"11:28:56 p.m.","CALLE LUIS COLAN  400        HUARAL",RESCATE,M44-1,,
2016-010300,13-02-2016,"11:25:03 p.m.","  JR. MARISCAL RAMON CASTILLA 400        CALLAO","EMERGENCIA MEDICA",MED-18,-12.0603071439312,-77.1435855043798
2016-010299,13-02-2016,"11:23:12 p.m.","UR. HIJOS DE TAURIJA H  LT 17            LOS OLIVOS","EMERGENCIA MEDICA",SAMU-168,-12.0036404876289,-77.0706080976517
2016-010298,13-02-2016,"11:21:22 p.m.","VILLA CLUB 1              PUENTE PIEDRA","EMERGENCIA MEDICA",AMB-150,,
2016-010297,13-02-2016,"11:17:57 p.m.","  AV. PEDRO DE OSMA 215        BARRANCO","EMERGENCIA MEDICA",AMB-16,-12.1515567545127,-77.0223735632009
2016-010296,13-02-2016,"11:12:40 p.m.","AV. PACASMAYO CRUCE CON AV. LOS ROSALES (2) CALLAO            CALLAO","EMERGENCIA MEDICA","M9-1, MED-5",-12.0100825509417,-77.1016169549844
2016-010295,13-02-2016,"11:03:55 p.m.","LAS FLORES            HUACHO","EMERGENCIA MEDICA",AMB-20,,
2016-010294,13-02-2016,"11:03:11 p.m.","  AV. GENERAL FRANCISCO BOLOGNESI (PANAMA) 300        BARRANCO","EMERGENCIA MEDICA",AMB-13,-12.1473130248439,-77.0198748270433
2016-010293,13-02-2016,"11:01:52 p.m.","CH. PALOMINO Z1 DPTO 41            LIMA","EMERGENCIA MEDICA",AMB-14,-12.0601802957985,-77.0739270747896
2016-010292,13-02-2016,"10:59:35 p.m.","UR. AMAUTA (MAGISTERIAL) MZ  G    LT  24             SAN JUAN DE MIRAFLORES","EMERGENCIA MEDICA",AMB134-2,-12.1606804329212,-76.9810530947338
2016-010291,13-02-2016,"10:54:40 p.m.","  AV. CORONEL JOSE LEAL 176        LINCE","EMERGENCIA MEDICA",SAMU-4,-12.0848813398758,-77.0360005897144
2016-010290,13-02-2016,"10:51:55 p.m.","  AV. NICOLAS DE PIEROLA (LA COLMENA) 000        LIMA","EMERGENCIA MEDICA",AMB-8,-12.0551272301765,-77.0303381084387
2016-010289,13-02-2016,"10:49:51 p.m.","  CL. CIRO ALEGRIA (C) 275        SAN JUAN DE MIRAFLORES","EMERGENCIA MEDICA",AMB134-2,-12.1607393207515,-76.9812854459826
2016-010288,13-02-2016,"10:49:37 p.m.","  JR. AURELIO SOUZA (GERMAN NORIEGA DEL VALLE) 200        BARRANCO","EMERGENCIA MEDICA",AMB-16,-12.1386428693072,-77.015943585551
2016-010287,13-02-2016,"10:48:54 p.m.","  JR. PASCO 3106       SAN MARTIN DE PORRES","EMERGENCIA MEDICA",AMB-60,-12.0305208306505,-77.0799904904334
2016-010286,13-02-2016,"10:44:21 p.m.","PANAMERICANA NORTE ALT SEGUNDA ENTRADA PALO            SAN MARTIN DE PORRES","EMERGENCIA MEDICA",AMB-65,,
2016-010285,13-02-2016,"10:44:13 p.m.","  AV. INCA GARCILAZO DE LA VEGA (WILSON) 1300       LIMA","EMERGENCIA MEDICA",AMB-65,-12.0550636768199,-77.0383797124984
2016-010284,13-02-2016,"10:42:35 p.m.","ESTADIO DE MARCONA             ","SERVICIO ESPECIAL",MED-152,,
2016-010283,13-02-2016,"10:39:38 p.m.","  CL. JUAN DE BETANZOS 169        SAN MIGUEL","EMERGENCIA MEDICA",AMB-36,-12.0826733527035,-77.083146094959
2016-010282,13-02-2016,"10:38:12 p.m.","  CL. IGNACIO SEMINARIO 100        SAN JUAN DE MIRAFLORES","EMERGENCIA MEDICA",AMB-120,-12.1712702899026,-76.9761925137618
2016-010281,13-02-2016,"10:35:05 p.m.","  AV. LA PLAYA 000        VENTANILLA","EMERGENCIA MEDICA",AMB-120,-11.8774665207042,-77.1290525461892
2016-010280,13-02-2016,"10:28:04 p.m.",,"EMERGENCIA MEDICA",SAMU-10,-12.0589073617383,-77.0433030730799
2016-010279,13-02-2016,"10:23:54 p.m.","AV. TALARA CRUCE CON AV. A (MARIA ELENA MOYANO) VILLA EL SALVADOR            VILLA EL SALVADOR","ACCIDENTE VEHICULAR","AMB-129, M106-1, M155-1, SAMU-105",-12.2333018684368,-76.9418537558647
2016-010278,13-02-2016,"10:23:46 p.m.","AV. COSTANERA CRUCE CON AV. AGUSTIN GAMARRA SAN MIGUEL            SAN MIGUEL","EMERGENCIA MEDICA",AMB-36,-12.0852731927742,-77.0969649445706
2016-010277,13-02-2016,"10:19:35 p.m.","UR. LAS BEGONIAS DE SANTA ROSA MZ C 100        SAN MARTIN DE PORRES","EMERGENCIA MEDICA",AMB-60,-11.9954670298771,-77.1124176390997
2016-010276,13-02-2016,"10:18:21 p.m.",,"EMERGENCIA MEDICA",AMB-14,-12.0585033299727,-77.0568781059558
2016-010275,13-02-2016,"10:13:39 p.m.","  AV. CENTRAL 500        LOS OLIVOS","ACCIDENTE VEHICULAR","AMB-9, M168-1, RES-124",-11.9592730607196,-77.0735024672982
2016-010274,13-02-2016,"09:59:16 p.m.","MANUEL BARRIO NUEVO             PISCO","EMERGENCIA MEDICA",AMB-37,,
2016-010273,13-02-2016,"09:58:36 p.m.","CARRETERAS - PANAMERICANAS CARRETERA CENTRAL 25.5            LURIGANCHO","EMERGENCIA MEDICA",AMB-115,-11.9738799903945,-76.7608809219669
2016-010272,13-02-2016,"09:55:21 p.m.","  CL. LOS PINOS 400        SAN MIGUEL","EMERGENCIA MEDICA",AMB-60,-12.063339357772,-77.0836660818527
2016-010271,13-02-2016,"09:54:51 p.m.","AV GRAU  600        HUARAL","EMERGENCIA MEDICA",AMB-44,,
2016-010270,13-02-2016,"09:49:29 p.m.","PLAZA DE ARMAS             PUENTE PIEDRA","SERVICIO ESPECIAL","M150-1, RES-150",,
2016-010269,13-02-2016,"09:47:08 p.m.","CESAR VALLEJO   MZ  N1   LT6            ","EMERGENCIA MEDICA",SAMU-121,,
2016-010268,13-02-2016,"09:46:22 p.m.","  AV. SAN JUAN 100        SANTIAGO DE SURCO","EMERGENCIA MEDICA",AMB134-2,-12.1484357537744,-76.9965580006346
2016-010267,13-02-2016,"09:44:37 p.m.","  AV. ANTISUYO 300        INDEPENDENCIA",INCENDIO,M168-1,-11.9798765144381,-77.0461826462779
2016-010266,13-02-2016,"09:44:36 p.m.","PUEBLO JOVEN SR DE LUREN MZ C LT 22            ICA","ACCIDENTE VEHICULAR",MATPEL171,,
2016-010265,13-02-2016,"09:28:15 p.m.","JR. MANUEL CISNEROS CRUCE CON JR. ITALIA LA VICTORIA            LA VICTORIA","EMERGENCIA MEDICA",AMB-8,-12.0700774400568,-77.0209927198043
2016-010264,13-02-2016,"09:26:54 p.m.","AV. UNIVERSITARIA (BAQUIJANO Y CARRILLO) CRUCE CON AV. OSCAR BENAVIDES (COLONIAL) LIMA            LIMA","EMERGENCIA MEDICA",SAMU-10,-12.1203952684878,-77.0134576587644
2016-010263,13-02-2016,"09:16:36 p.m.","CIUDAD DEL DEPORTE            VENTANILLA","EMERGENCIA MEDICA",SAMU-10,-11.8899832701047,-77.1083686212341
2016-010262,13-02-2016,"09:15:23 p.m.",,"EMERGENCIA MEDICA",AMB-184,-11.8927099338702,-77.125864482646
2016-010261,13-02-2016,"09:12:02 p.m.","AV NESTOR  GAMBETA   ANTES DEL CEMENTERIO             CALLAO","EMERGENCIA MEDICA",AMB-9,-11.9727775341347,-77.1199154068252
2016-010260,13-02-2016,"09:06:59 p.m.","AV. CANTA CALLAO CRUCE CON AV. ELMER FAUCETT CALLAO            CALLAO","EMERGENCIA MEDICA",SAMU-168,-12.00088393489,-77.1167458469473
2016-010259,13-02-2016,"09:00:44 p.m.","MCAL. BENAVIDES  - SEGURO SOCIAL            SAN VICENTE DE CANETE","EMERGENCIA MEDICA",MED-49,,
2016-010258,13-02-2016,"09:00:02 p.m.","AH. SAN JUAN GRANDE B lt. 14            SANTIAGO DE SURCO","EMERGENCIA MEDICA",SAMU-120,-12.1599353557341,-76.9906665458118
2016-010257,13-02-2016,"08:55:28 p.m.","  PJ. TINGUA 258        LINCE","EMERGENCIA MEDICA",AMB-8,,
2016-010256,13-02-2016,"08:55:16 p.m.","  JR. CUSCO 274        CALLAO","EMERGENCIA MEDICA",MED-34,-12.0585975495181,-77.1385483751731
2016-010255,13-02-2016,"08:54:53 p.m.","COMERCIAL MERCADO SANTA ISABEL            VENTANILLA","EMERGENCIA MEDICA",AMB-184,-11.8473121153971,-77.1481421343779
2016-010254,13-02-2016,"08:54:18 p.m.","PLAZUELA LAS NIEVES            LA TINGUINA","SERVICIO ESPECIAL",M193-1,,
2016-010253,13-02-2016,"08:52:47 p.m.","AV. CORONEL NESTOR GAMBETA (EL EMISOR)            CALLAO","EMERGENCIA MEDICA",AMB-75,-11.9566638779577,-77.129042607592
2016-010252,13-02-2016,"08:52:19 p.m.","  AV. DE LOS INSURGENTES 488        ","EMERGENCIA MEDICA",AMB-7,-12.1175183278298,-77.0253548762426
2016-010251,13-02-2016,"08:42:43 p.m.","CA. LA FLORIDA            VEGUETA",INCENDIO,M20-1,,
2016-010250,13-02-2016,"08:34:12 p.m.","  JR. LEONCIO PRADO (CAPITAN DE NAVIO ULISES DELBOY) 875        MAGDALENA DEL MAR","EMERGENCIA MEDICA",AMB-202,-12.0904708155825,-77.0723465906671
2016-010249,13-02-2016,"08:24:29 p.m.","  AV. LOS LIBERTADORES 710        SAN ISIDRO","EMERGENCIA MEDICA","AMB-28, RESLIG-100",-12.1059833163487,-77.0380010723473
2016-010248,13-02-2016,"08:23:23 p.m.","CARRETERAS - PANAMERICANAS PANAMERICANA SUR 58            PUCUSANA","EMERGENCIA MEDICA",AMB-134,-12.4672639735074,-76.7509370624317
2016-010247,13-02-2016,"08:05:07 p.m.","  CL. LOS GLADIOLOS 138        CALLAO","EMERGENCIA MEDICA",AMB-7,-12.0091281682026,-77.0984296209401
2016-010246,13-02-2016,"08:04:11 p.m.","  CL. LOS GLADIOLOS 138        CALLAO","EMERGENCIA MEDICA",AMB-9,-12.0091281682026,-77.0984296209401
2016-010245,13-02-2016,"08:01:40 p.m.","  CL. ANDROMEDA 100        ","EMERGENCIA MEDICA",AMB-13,-12.1717742957677,-77.0081480662415
2016-010244,13-02-2016,"07:58:42 p.m.","  CL. PEDRO ZELAYA 840        SAN JUAN DE MIRAFLORES","EMERGENCIA MEDICA",AMB-120,-12.1574207780476,-76.9701515600548
2016-010243,13-02-2016,"07:57:10 p.m.","  CL. PINOS DEL VALLE 150        SANTIAGO DE SURCO","EMERGENCIA MEDICA",AMB-11,-12.1193096109317,-76.9930912542864
2016-010242,13-02-2016,"07:50:35 p.m.","PJ. CRUZ DE MOTUPE GRUPO 4 C1            SAN JUAN DE LURIGANCHO",INCENDIO,M121-1,-11.941320368142,-76.9721698096288
2016-010241,13-02-2016,"07:46:16 p.m.","ANIVERSARIO DE LA MUNICIPALIDAD DE LA MOLINA            ","SERVICIO ESPECIAL",MED-96,,
2016-010240,13-02-2016,"07:45:20 p.m.","AV. VICTOR ANDRES BELAUNDE OESTE CRUCE CON AV. EL RETABLO COMAS            COMAS","ACCIDENTE VEHICULAR","AMB-164, M168-1, RES-124",-11.9336734068434,-77.0587809783868
2016-010239,13-02-2016,"07:42:47 p.m.","PANAMERICANA SUR KM 220            ","ACCIDENTE VEHICULAR","AMB-37, AUX-37",,
2016-010238,13-02-2016,"07:40:24 p.m.","AV. PARIAHUANCA CRUCE CON AV. ALFREDO MENDIOLA (PANAMERICANA NORTE) LOS OLIVOS            LOS OLIVOS","EMERGENCIA MEDICA",SAMU-168,-11.9810214729187,-77.0660750922326
2016-010237,13-02-2016,"07:39:21 p.m.","PAMPA DE ANIMAS             HUACHO","EMERGENCIA MEDICA",AMB-20,,
2016-010236,13-02-2016,"07:37:16 p.m.","  AV. BOULEVARD DE SURCO (DEL PARQUE) 1200       SAN BORJA",INCENDIO,"AMB-28, MATPEL-4, RES-127",-12.1066847720839,-76.9916078168808
2016-010235,13-02-2016,"07:36:36 p.m.","UV. MIRONES BLOCK 58            LIMA","EMERGENCIA MEDICA",AMB-65,-12.0524553204067,-77.0693401400786
2016-010234,13-02-2016,"07:31:55 p.m.","AV. LA MARINA CRUCE CON AV. SUCRE PUEBLO LIBRE            PUEBLO LIBRE","EMERGENCIA MEDICA",AMB-202,-12.083201319933,-77.0673021486765
2016-010233,13-02-2016,"07:30:30 p.m.","  JR. ANCASH 3980       SAN MARTIN DE PORRES","EMERGENCIA MEDICA",AMB-9,-12.0281774536745,-77.084729087713
2016-010232,13-02-2016,"07:27:58 p.m.","AV. VIA DE EVITAMIENTO DIREC SUR ALT JOCKEY PLAZA  000        ATE","EMERGENCIA MEDICA",AMB-138,-12.0832945082796,-76.9804167827449
2016-010231,13-02-2016,"07:23:33 p.m.","CARRETERAS - PANAMERICANAS AUTOPISTA RAMIRO PRIALE KM  5            LURIGANCHO","EMERGENCIA MEDICA",AMB-138,-12.0194005669924,-76.9473233468231
2016-010230,13-02-2016,"07:21:06 p.m.","  CL. LAS PALOMAS 321        SURQUILLO",RESCATE,"M11-1, SAMU-4",-12.1052728150707,-77.0253467989045
2016-010229,13-02-2016,"07:16:32 p.m.","AH TAQUICHA            PATIVILCA","EMERGENCIA MEDICA",AMB-81,,
2016-010228,13-02-2016,"07:14:21 p.m.","  MA. DE LA MARINA 400        MIRAFLORES","EMERGENCIA MEDICA",AMB-13,-12.1166763791428,-77.0470169059708
2016-010227,13-02-2016,"07:12:41 p.m.","  CL. 28 DE DICIEMBRE 1381       VILLA MARIA DEL TRIUNFO","EMERGENCIA MEDICA",AMB-13,-12.1556074556364,-76.9379993204869
2016-010226,13-02-2016,"07:12:23 p.m.","  CL. 28 DE DICIEMBRE 13         VILLA MARIA DEL TRIUNFO","EMERGENCIA MEDICA",AMB134-2,-12.1556074556364,-76.9379993204869
2016-010225,13-02-2016,"07:10:20 p.m.","  CL. MARIANO JURADO DE LOS REYES (SAN CARLOS) 436        SURQUILLO","EMERGENCIA MEDICA",AMB-28,-12.11446982664,-77.0236555656947
2016-010224,13-02-2016,"07:10:18 p.m.","  AV. ANCASH  2000       EL AGUSTINO",INCENDIO,M176-1,-12.0416153256344,-77.0039150177176
2016-010223,13-02-2016,"07:06:46 p.m.","  AV. ALBORADA 1400       LIMA","EMERGENCIA MEDICA",AMB-60,-12.0631818295746,-77.0668492155464
2016-010222,13-02-2016,"07:05:06 p.m.","AV. TINGO MARIA CRUCE CON AV. ALEJANDRO BERTELLO LIMA            LIMA","EMERGENCIA MEDICA",AMB-202,-12.0636255587637,-77.0598977969756
2016-010221,13-02-2016,"07:03:18 p.m.","  PJ. NAZARETH (D) 000        EL AGUSTINO","EMERGENCIA MEDICA","AMB-21, SAMU-138",-12.0288513317884,-76.9919030168877
2016-010220,13-02-2016,"06:56:28 p.m.","  AV. DEFENSORES DEL MORRO (HUAYLAS) 1900       CHORRILLOS","ACCIDENTE VEHICULAR","M6-1, SAMU-6",-12.1795074549841,-77.0143165276167
2016-010219,13-02-2016,"06:51:42 p.m.","  CL. ELOY ESPINOZA 420        SAN MARTIN DE PORRES","EMERGENCIA MEDICA",AMB-65,-12.0230763505966,-77.0520521138193
2016-010218,13-02-2016,"06:48:16 p.m.","JR. MANUEL CANDAMO            ","EMERGENCIA MEDICA",SAMU-4,,
2016-010217,13-02-2016,"06:48:03 p.m.","  CL. LOS QUIMICOS 290        LA MOLINA","EMERGENCIA MEDICA",AMB-169,-12.068747660921,-76.9508832233315
2016-010216,13-02-2016,"06:32:59 p.m.","  CL. ARICA 182        SAN JUAN DE MIRAFLORES","EMERGENCIA MEDICA",SAMU-106,-12.1572213203517,-76.9617625453961
2016-010215,13-02-2016,"06:31:53 p.m.","  JR. AGUSTIN GAMARRA 900        LA VICTORIA","EMERGENCIA MEDICA",SAMU-2,-12.0674153236921,-77.0131260542409
2016-010214,13-02-2016,"06:30:22 p.m.","AV. UNIVERSITARIA CRUCE CON AV. SAN FELIPE DE COLLIQUE COMAS            COMAS","ACCIDENTE VEHICULAR","AMB-164, RES-124",-11.9010877853116,-77.0396936000424
2016-010213,13-02-2016,"06:29:45 p.m.","CL. CERRO BLANCO CRUCE CON CL. CERRO VERDE SANTIAGO DE SURCO            SANTIAGO DE SURCO","EMERGENCIA MEDICA",SAMU-134,-12.1368453759545,-76.9766421677513
2016-010212,13-02-2016,"06:26:55 p.m.","AH. SAN JUDAS TADEO D LTE 6            CALLAO","EMERGENCIA MEDICA",AMB-7,-12.0692329115786,-77.134238209225
2016-010211,13-02-2016,"06:26:04 p.m.","  JR. AGUSTIN GAMARRA 902        LA VICTORIA","EMERGENCIA MEDICA",AMB-8,-12.0697403043236,-77.0128071402149
2016-010210,13-02-2016,"06:18:20 p.m.","CL. MANUEL GONZALES PRADA CRUCE CON JR. INCA SURQUILLO            SURQUILLO","EMERGENCIA MEDICA",AMB-28,-12.1164258439356,-77.0207285219675
2016-010209,13-02-2016,"06:17:13 p.m.","TUPAC AMARU 125        CHINCHA ALTA",INCENDIO,M38-4,,
2016-010208,13-02-2016,"05:56:12 p.m.","  JR. MARIANO VARELA 505        SAN MARTIN DE PORRES","EMERGENCIA MEDICA",SAMU-161,-12.0203375051575,-77.080513557389
2016-010207,13-02-2016,"05:51:48 p.m.","JR. DE LA UNION CRUCE CON JR. UCAYALI LIMA            LIMA","EMERGENCIA MEDICA",SAMU-161,-12.0470965495055,-77.0320231541012
2016-010206,13-02-2016,"05:51:23 p.m.",,"SERVICIO ESPECIAL",AMB-207,-11.8565021626285,-77.119614017584
2016-010205,13-02-2016,"05:45:31 p.m.","AV. LOS EUCALIPTOS S/ N             ","EMERGENCIA MEDICA",MED-96,,
2016-010204,13-02-2016,"05:37:03 p.m.","CL. COMANDANTE JUAN FANNING CRUCE CON AV. ALCANFORES MIRAFLORES            MIRAFLORES","EMERGENCIA MEDICA",AMB-16,-12.1304207661269,-77.0282775974589
2016-010203,13-02-2016,"05:34:36 p.m.","  CL. LOS DURAZNOS 700        SAN JUAN DE LURIGANCHO",INCENDIO,M121-1,-11.9859799560314,-77.0006794087704
2016-010202,13-02-2016,"05:22:31 p.m.","CASIMIRO ULLOA HACIA CLINICA EL GOLF            SAN ISIDRO","EMERGENCIA MEDICA",AMB-28,,
2016-010201,13-02-2016,"05:16:29 p.m.","AH. PLANICIE MZ. E LT. 6             SAN JUAN DE LURIGANCHO","EMERGENCIA MEDICA",SAMU-121,,
2016-010200,13-02-2016,"05:14:32 p.m.","PANAMERICANA SUR KM 97.5            ASIA","ACCIDENTE VEHICULAR","AMB-111, M133-1",,
2016-010199,13-02-2016,"05:07:45 p.m.","  CL. LOS CHASQUIS 1000       SAN JUAN DE LURIGANCHO","ACCIDENTE VEHICULAR","M176-1, M176-3, SAMU-176",-12.023602476411,-76.9966425785769
2016-010198,13-02-2016,"05:02:23 p.m.","  CL. TURIN 430        SAN MARTIN DE PORRES","EMERGENCIA MEDICA",AMB-65,,
2016-010197,13-02-2016,"05:00:21 p.m.","  AV. SANTA CRUZ (ELIAS RENAN) 1457       MIRAFLORES","EMERGENCIA MEDICA",SAMU-6,-12.1174873438222,-77.0420890795868
2016-010196,13-02-2016,"04:59:15 p.m.","  JR. FELIPE JOFRE 2865       LIMA","EMERGENCIA MEDICA",SAMU-6,-12.0568500423595,-77.0739411568296
2016-010195,13-02-2016,"04:56:47 p.m.","  AV. GRAN CHIMU 900        SAN JUAN DE LURIGANCHO","EMERGENCIA MEDICA",AMB-138,-12.0249233407368,-76.9981900832258
2016-010194,13-02-2016,"04:55:49 p.m.","  JR. AREQUIPA 3491       SAN MARTIN DE PORRES","MATERIALES PELIGROSOS (INCIDENTE)","AMB-60, M9-5",-12.0338591651665,-77.0863560818671
2016-010193,13-02-2016,"04:52:23 p.m.","PLAYA CHINCHAYCAMAC             CHINCHA BAJA","EMERGENCIA MEDICA",MED-38,,
2016-010192,13-02-2016,"04:50:37 p.m.","AH. HIJOS DE VILLA LOS REYES P            VENTANILLA","EMERGENCIA MEDICA",AMB-207,-11.8328164071587,-77.1289684338593
2016-010191,13-02-2016,"04:44:48 p.m.","  AV. CORONEL JUAN PASCAL PRINGLES (LA FONTANA) 750        LA MOLINA","EMERGENCIA MEDICA",AMB-169,-12.0732002672365,-76.9482838993866
2016-010190,13-02-2016,"04:39:35 p.m.","  CL. GEMINIS 900        LOS OLIVOS","EMERGENCIA MEDICA",SAMU-161,-11.9947217414551,-77.0703524246767
2016-010189,13-02-2016,"04:39:30 p.m.","AH. SAN JUAN DE AMANCAES 16 LTE 5            RIMAC","EMERGENCIA MEDICA",SAMU-2,-12.0144549422033,-77.025451129948
2016-010188,13-02-2016,"04:26:21 p.m.","  AV. CAMINO REAL 1200       SAN ISIDRO","EMERGENCIA MEDICA",SAMU-83,-12.1067218610425,-77.0393521218483
2016-010187,13-02-2016,"04:12:20 p.m.","  CL. LOS PORTALES (APURIMAC) (L) 3818       SAN MARTIN DE PORRES","EMERGENCIA MEDICA",AMB-60,-12.0324569255669,-77.0914609189588
2016-010186,13-02-2016,"04:10:49 p.m.","AS. ROSA LUZ I ETAPA B            PISCO","MATERIALES PELIGROSOS (INCIDENTE)",M150-1,-11.8808262848962,-77.0695830315289
2016-010185,13-02-2016,"04:10:27 p.m.","POSTA CALLAO            PISCO","EMERGENCIA MEDICA",AMB-37,,
2016-010184,13-02-2016,"04:04:45 p.m.","PLAN VERANO-2016            PUNTA NEGRA","SERVICIO ESPECIAL","AMB-111, AMB-183, M13-1, M160-1, M49-1",,
2016-010183,13-02-2016,"04:00:32 p.m.","CL. 15 DE JUNIO 496        ",INCENDIO,"AMB-111, AMB-183, M13-1, M160-1, M49-1",-12.0259063698529,-76.9001761897404
2016-010182,13-02-2016,"04:00:01 p.m.","  CL. OCHARAN 388        MIRAFLORES","EMERGENCIA MEDICA",SAMU-134,-12.1264128436525,-77.031906577995
2016-010181,13-02-2016,"03:59:32 p.m.","UR. LOS NARANJOS III ETAPA MZ I3 LT 1            LOS OLIVOS",INCENDIO,"M161-1, SAMU-161",-11.9725889737708,-77.0821203382596
2016-010180,13-02-2016,"03:57:21 p.m.","  AV. MARISCAL CACERES 123        ATE","MATERIALES PELIGROSOS (INCIDENTE)","RES-127, SAMU-138",-12.0619772097818,-76.9969775585609
2016-010179,13-02-2016,"03:56:50 p.m.","  AV. ARNALDO MARQUEZ 2435       JESUS MARIA","EMERGENCIA MEDICA",SAMU-14,-12.0844544303641,-77.0585070578058
2016-010178,13-02-2016,"03:55:37 p.m.","CL. JOSE CHOQUEHUANCA (CRISTOBAL COLON) CRUCE CON CL. LOS NOGALES SAN ISIDRO            SAN ISIDRO","EMERGENCIA MEDICA",SAMU-4,-12.0977405746993,-77.0444770579447
2016-010177,13-02-2016,"03:53:34 p.m.","AV. REVOLUCION CRUCE CON AV. VELASCO ALVARADO VILLA EL SALVADOR            VILLA EL SALVADOR","EMERGENCIA MEDICA",SAMU-105,-12.2081179678444,-76.9399234404604
2016-010176,13-02-2016,"03:49:30 p.m.","  AV. LOS FRESNOS (PORTADA DEL SOL) (PRINCIPAL)URB PORTADA  000        LA MOLINA","EMERGENCIA MEDICA",MED-96,-12.1111326262132,-76.9382211766417
2016-010175,13-02-2016,"03:43:30 p.m.","MUNICIPALIDAD DE VILLA MARIA             ","SERVICIO ESPECIAL","AMB-155, M155-1",,
2016-010174,13-02-2016,"03:40:11 p.m.","  AV. PRINCIPAL 000        SAN JUAN DE MIRAFLORES",INCENDIO,"M106-1, M11-1, M16-1, SAMU-120, SAMU-6",-12.1315767397221,-76.9593629734819
2016-010173,13-02-2016,"03:33:49 p.m.",,"EMERGENCIA MEDICA","M106-1, M11-1, M16-1, SAMU-120, SAMU-6",-12.1799070614098,-76.9574444883824
2016-010172,13-02-2016,"03:31:35 p.m.","  AV. MALAMBITO (MANUEL DE LA FUENTE CHAVEZ) 382        BARRANCO","MATERIALES PELIGROSOS (INCIDENTE)","AMB-13, M13-1",-12.1495133426492,-77.0169029633703
2016-010171,13-02-2016,"03:31:26 p.m.","  CL. CENTAURO 2581       SAN JUAN DE LURIGANCHO","EMERGENCIA MEDICA",SAMU-21,-11.9875950713677,-77.0144995933706
2016-010170,13-02-2016,"03:29:41 p.m.","  AV. AVIACION 3000       SAN BORJA","EMERGENCIA MEDICA",SAMU-134,-12.1002157754285,-77.0018881110742
2016-010169,13-02-2016,"03:28:33 p.m.","  PJ. LUIS CISNEROS 160        SAN ISIDRO","EMERGENCIA MEDICA","M202-1, RES-4, SAMU-83",-12.0977986906077,-77.0332301312389
2016-010168,13-02-2016,"03:25:53 p.m.","  AV. GENERAL JUAN ANTONIO ALVAREZ DE ARENALES 2304       LINCE","EMERGENCIA MEDICA",SAMU-4,-12.0876703237796,-77.0350765547715
2016-010167,13-02-2016,"03:24:46 p.m.","  AV. JAVIER PRADO ESTE 318        SAN ISIDRO",RESCATE,RESLIG-100,-12.0921579848085,-77.0307551346431
2016-010166,13-02-2016,"03:23:50 p.m.","AH. CIUDAD PACHACUTEC SECTOR OASIS MZ C 1 LT 8            VENTANILLA","MATERIALES PELIGROSOS (INCIDENTE)",M184-1,-11.857663847549,-77.1412415948274
2016-010165,13-02-2016,"03:23:35 p.m.",,"EMERGENCIA MEDICA",SAMU-14,-12.0525378505116,-77.0470411399042
2016-010164,13-02-2016,"03:01:23 p.m.","  AV. REPUBLICA DE PANAMA 4700       SURQUILLO","EMERGENCIA MEDICA",AMB-28,-12.1124062660897,-77.0183085330753
2016-010163,13-02-2016,"02:54:14 p.m.","AV. PANAMERICANA SUR PTE LECHON  000        CHORRILLOS","ACCIDENTE VEHICULAR","M106-1, M16-1, SAMU-120",-12.2110273938716,-76.9757485780608
2016-010162,13-02-2016,"02:53:56 p.m.","CEMENTERIO SAN BARTOLO            SAN BARTOLO","SERVICIO ESPECIAL",AMB-134,,
2016-010161,13-02-2016,"02:53:49 p.m.","  JR. PACHACUTEC 1287       JESUS MARIA","EMERGENCIA MEDICA",SAMU-10,-12.0744521229438,-77.0450157844182
2016-010160,13-02-2016,"02:51:35 p.m.","MA. MIGUEL CHECA EGUIGUREN CRUCE CON CL. CHINCHAYSUYO SAN JUAN DE LURIGANCHO            SAN JUAN DE LURIGANCHO","EMERGENCIA MEDICA",SAMU-21,-12.027425457077,-76.9998552090438
2016-010159,13-02-2016,"02:35:06 p.m.",,"SERVICIO ESPECIAL",M111-1,,
2016-010158,13-02-2016,"02:26:20 p.m.","  BA. AGUA DULCE (TENDERIN) 100        CHORRILLOS","EMERGENCIA MEDICA",SAMU-6,-12.1639669804665,-77.023234398343
2016-010157,13-02-2016,"02:19:39 p.m.","AH. CAWACHI (CIUDAD PACHACUTEC GRUPO RESIDENCIAL 3A) A 13            VENTANILLA","EMERGENCIA MEDICA",AMB-207,-11.8443139430871,-77.145608870493
2016-010156,13-02-2016,"02:19:31 p.m.","B-10            ","EMERGENCIA MEDICA",AMB-10,,
2016-010155,13-02-2016,"02:14:33 p.m.","AV. SAN MARTIN            PISCO","EMERGENCIA MEDICA",AMB-37,,
2016-010154,13-02-2016,"02:14:00 p.m.","  AV. JOSE LARCO 580        PISCO",INCENDIO,M28-1,-12.12264834593,-77.0291681035697
2016-010153,13-02-2016,"02:12:25 p.m.","  AV. OSCAR R. BENAVIDES (COLONIAL) 3200       BELLAVISTA","EMERGENCIA MEDICA","MED-5, RES-15",,
2016-010152,13-02-2016,"02:12:05 p.m.","  JR. HUARI 558        LIMA","MATERIALES PELIGROSOS (INCIDENTE)","MED-5, RES-15",-12.0501475250325,-77.0138887368255
2016-010151,13-02-2016,"02:12:04 p.m.","  JR. HUARI 558        LIMA","MATERIALES PELIGROSOS (INCIDENTE)",M176-1,-12.0501475250325,-77.0138887368255
2016-010150,13-02-2016,"02:11:35 p.m.",,"EMERGENCIA MEDICA",SAMU-176,-12.0366217500035,-77.0285097514547
2016-010149,13-02-2016,"02:02:15 p.m.","AV. 28 DEJULIO CRUCE CON AV. PETIT THOUARS LIMA            LIMA","EMERGENCIA MEDICA",SAMU-2,-12.0642265230955,-77.0363055589797
2016-010148,13-02-2016,"01:54:37 p.m.","JR. SAN RODOLFO CRUCE CON JR. SAN FELIPE CHORRILLOS            CHORRILLOS","ACCIDENTE VEHICULAR","AMB-13, M16-1, M6-1",-12.1907888432734,-77.0110465721439
2016-010147,13-02-2016,"01:48:40 p.m.","CARRETERAS - PANAMERICANAS PANAMERICANA SUR 15            SAN JUAN DE MIRAFLORES",INCENDIO,M120-1,-12.1880695163424,-76.9739067661149
2016-010146,13-02-2016,"01:48:29 p.m.","  AV. ELMER FAUCETT 1900       BELLAVISTA","ACCIDENTE VEHICULAR","M7-1, M9-1, MED-5, RES-15",-12.0569952047199,-77.0974716415767
2016-010145,13-02-2016,"01:47:49 p.m.","ANTIGUA PANAMERICANA NORTE 154            ","ACCIDENTE VEHICULAR",AMB-20,,
2016-010144,13-02-2016,"01:46:05 p.m.","ANEXO LUCUMO CAMINO A LUNAHUANA             ",INCENDIO,M183-1,,
2016-010143,13-02-2016,"01:38:42 p.m.","LOMAS DE LACHAY             ","SERVICIO ESPECIAL",AMB-44,,
2016-010142,13-02-2016,"01:28:34 p.m.","  JR. ELEUTERIO VENTURA 800        SAN MARTIN DE PORRES","EMERGENCIA MEDICA",SAMU-161,-12.0157940545414,-77.0750607293219
2016-010141,13-02-2016,"01:21:06 p.m.","  AV. OSCAR BENAVIDES (COLONIAL) 1913       LIMA","EMERGENCIA MEDICA",SAMU-14,-12.0488777282466,-77.0665495463544
2016-010140,13-02-2016,"01:20:06 p.m.",,RESCATE,M14-1,-12.0706563072781,-77.0535254721002
2016-010139,13-02-2016,"01:13:05 p.m.","  JR. MARISCAL MILLER 965        JESUS MARIA",RESCATE,RES-4,-12.074251563394,-77.0382500966704
2016-010138,13-02-2016,"01:12:37 p.m.","CALLE LAURELES             ","EMERGENCIA MEDICA",AMB-111,,
2016-010137,13-02-2016,"01:08:15 p.m.","  AV. FLOR DE AMANCAES   URB. LA  FLORIDA    316        RIMAC","EMERGENCIA MEDICA",AMB-65,-12.024302845212,-77.0323840843857
2016-010136,13-02-2016,"01:01:36 p.m.",,"EMERGENCIA MEDICA",AMB134-2,-12.1624217775464,-76.9891840162467
2016-010135,13-02-2016,"01:00:55 p.m.","AV. TOMAS VALLE CRUCE CON AV. ANGELICA GAMARRA SAN MARTIN DE PORRES            SAN MARTIN DE PORRES","MATERIALES PELIGROSOS (INCIDENTE)","AMB-9, M9-1",-12.0113093748234,-77.0899962265073
2016-010134,13-02-2016,"12:53:57 p.m.","CALLE CERRO AZUL             ICA","EMERGENCIA MEDICA",AMB-22,,
2016-010133,13-02-2016,"12:41:06 p.m.","  JR. CORONEL ALFONSO UGARTE (FEDERICO MONASTERIO) 180        MAGDALENA DEL MAR","EMERGENCIA MEDICA",AMB-36,-12.0946003512027,-77.0709456092478
2016-010132,13-02-2016,"12:40:12 p.m.","  JR. JULIO RIVERO 143        LA VICTORIA","EMERGENCIA MEDICA",AMB-36,-12.0721468351266,-77.007495097324
2016-010131,13-02-2016,"12:28:35 p.m.","  AV. BUENA VISTA 600        SAN BORJA","EMERGENCIA MEDICA",SAMU-134,-12.0984646961471,-76.9806749295353
2016-010130,13-02-2016,"12:25:51 p.m.","CERRO  AZUL              ASIA","SERVICIO ESPECIAL",M49-1,,
2016-010129,13-02-2016,"12:24:09 p.m.","  AV. LAS FLORES DE PRIMAVERA (LAS FLORES) 1600       SAN JUAN DE LURIGANCHO","EMERGENCIA MEDICA",SAMU-14,-12.0020858702659,-77.0130919515326
2016-010128,13-02-2016,"12:21:23 p.m.","  CL. LUIS VARELA Y ORBEGOZO (HUASCAR) 119        SURQUILLO","EMERGENCIA MEDICA",AMB-11,-12.1183388589207,-77.0246570852562
2016-010127,13-02-2016,"12:17:46 p.m.","LOMAS DE LACHAY  PANAMERICANA NORTE KM. 105             PATIVILCA","SERVICIO ESPECIAL","AMB-44, M44-1, M91-1",,
2016-010126,13-02-2016,"12:14:50 p.m.","  CL. TEODORO CARDENAS 100        LIMA","EMERGENCIA MEDICA",SAMU-10,-12.0778323513153,-77.0360485799002
2016-010125,13-02-2016,"12:13:53 p.m.","  AV. JAVIER PRADO OESTE CRUCE LAURES  1500       SAN ISIDRO","EMERGENCIA MEDICA",SAMU-4,-12.0940723388385,-77.0467395874429
2016-010124,13-02-2016,"12:13:16 p.m.","  AV. ARIOSTO MATELLINI 615        CHORRILLOS","EMERGENCIA MEDICA",SAMU-6,-12.1739090034279,-77.0051270001712
2016-010123,13-02-2016,"12:09:18 p.m.","  AV. ALBERTO ALEXANDER (NICARAGUA) 2448       LINCE","EMERGENCIA MEDICA","AMB-100, RES-4",-12.0872368692775,-77.0471871338844
2016-010122,13-02-2016,"12:05:49 p.m.","  AV. ALFREDO MENDIOLA (PANAMERICANA NORTE) (INFANTAS) 000        COMAS","ACCIDENTE VEHICULAR","M164-1, RES-124, SAMU-161",-11.9254842840765,-77.0728163218234
2016-010121,13-02-2016,"12:00:12 p.m.","  JR. CHANCAY 762        LIMA",RESCATE,RES-3,-12.0474661961615,-77.0395070982429
2016-010120,13-02-2016,"11:59:13 a.m.","  AV. DE LOS PRECURSORES 400        SAN MIGUEL","EMERGENCIA MEDICA",SAMU-83,-12.0704211237831,-77.0924604040921
2016-010119,13-02-2016,"11:54:04 a.m.","PUEBLO JOVEN LIBERTAD            LURIGANCHO","EMERGENCIA MEDICA",AMB-32,,
2016-010118,13-02-2016,"11:54:03 a.m.","  AV. JULIO FELIPE 117        SAN MARTIN DE PORRES","EMERGENCIA MEDICA",SAMU-168,-12.0278646359671,-77.0452168458902
2016-010117,13-02-2016,"11:41:53 a.m.","JR. CAMANA CRUCE CON JR. ICA LIMA            LIMA","EMERGENCIA MEDICA",SAMU-10,-12.0464684682073,-77.0329980562073
2016-010116,13-02-2016,"11:41:49 a.m.","TURISMO CENTRO DE ATRACCION TURISTICA PASEO DE AGUAS 100        RIMAC","EMERGENCIA MEDICA",SAMU-14,-12.0390581384618,-77.025038924924
2016-010115,13-02-2016,"11:36:59 a.m.","AV. CANTA CALLAO CRUCE AV. LOS DOMINICOS .             ","EMERGENCIA MEDICA",AMB-9,,
2016-010114,13-02-2016,"11:25:17 a.m.","  AV. EDUARDO DE HABICH 276        SAN MARTIN DE PORRES","EMERGENCIA MEDICA",AMB-65,-12.0253031018655,-77.0526599557756
2016-010113,13-02-2016,"11:20:05 a.m.","  JR. RAMON CASTILLA 600        MAGDALENA DEL MAR","EMERGENCIA MEDICA",SAMU-83,-12.0907698171064,-77.073636568567
2016-010112,13-02-2016,"11:18:49 a.m.","  JR. LOS ZAFIROS 213        LA VICTORIA","EMERGENCIA MEDICA",SAMU-10,-12.0803705474436,-77.0254788868936
2016-010111,13-02-2016,"11:11:59 a.m.","  JR. TRUJILLO SUR 600        LURIGANCHO","EMERGENCIA MEDICA",AMB-32,-11.9374225920418,-76.6981509038487
2016-010110,13-02-2016,"11:06:35 a.m.","CL. LA FLORIDA CRUCE CON AV. ABEL BERGASSE DU PETIT THOUARS SAN ISIDRO            SAN ISIDRO","EMERGENCIA MEDICA",AMB-28,-12.1022087501217,-77.0306706088855
2016-010109,13-02-2016,"11:01:28 a.m.","  JR. ANCASH 1351       LIMA","EMERGENCIA MEDICA",SAMU-21,-12.0460233576574,-77.0151466226747
2016-010108,13-02-2016,"10:53:43 a.m.","CL. F. UCELLO CRUCE CON CL. V. CARPACCIO SAN BORJA            SAN BORJA","EMERGENCIA MEDICA",AMB-11,-12.0906407833687,-77.0050905378749
2016-010107,13-02-2016,"10:48:17 a.m.","  JR. HUAMACHUCO 1460       JESUS MARIA","EMERGENCIA MEDICA",SAMU-4,-12.0763462969955,-77.0490976456682
2016-010106,13-02-2016,"10:38:20 a.m.","UR. SAN EULOGIO B lt 1 a             COMAS","EMERGENCIA MEDICA",AMB124-2,-11.9583990477079,-77.0593813407484
2016-010105,13-02-2016,"10:24:32 a.m.","B. 44            HUARAL","EMERGENCIA MEDICA",AMB-44,,
2016-010104,13-02-2016,"10:13:40 a.m.","  AV. GENERAL JACINTO LARA (MARIA PARADO DE BELLIDO) (JUAN DE GRAJALES) 450        MIRAFLORES","EMERGENCIA MEDICA",AMB-100,-12.1101207178962,-77.0469932178403
2016-010103,13-02-2016,"10:11:31 a.m.","AH. BOCANEGRA SECTOR A A10 LOTE 21            CALLAO","EMERGENCIA MEDICA",AMB-9,-12.0223503784042,-77.0974581225931
2016-010102,13-02-2016,"10:09:42 a.m.","CA. VIA DE EVITAMIENTO CRUCE CON AV. LAS PALMERAS LA MOLINA            LA MOLINA","EMERGENCIA MEDICA",AMB-138,-12.0729998040395,-76.9736615563733
2016-010101,13-02-2016,"10:05:59 a.m.","  JR. CORONEL INCLAN 215        SAN MIGUEL","EMERGENCIA MEDICA",SAMU-83,-12.0858856727982,-77.0910670289194
2016-010100,13-02-2016,"09:55:26 a.m.","  CL. PORTUGUES 165        RIMAC","EMERGENCIA MEDICA",SAMU-21,,
2016-010099,13-02-2016,"09:49:38 a.m.","AV RETES 200        HUARAL","EMERGENCIA MEDICA",AMB-44,,
2016-010098,13-02-2016,"09:42:30 a.m.","AH SAN MARTIN             ","EMERGENCIA MEDICA",AMB-73,,
2016-010097,13-02-2016,"09:42:04 a.m.","CALLE LOS PULPOS            PUNTA NEGRA",INCENDIO,"AMB-129, M125-1, M129-1",,
2016-010096,13-02-2016,"09:40:55 a.m.","  CL. SANTA ELENA 000        PUENTE PIEDRA","EMERGENCIA MEDICA",AMB-184,-11.8354088942956,-77.1065886083811
2016-010095,13-02-2016,"08:54:36 a.m.","  AV. LOS ALISOS 746        LOS OLIVOS","EMERGENCIA MEDICA",SAMU-168,-11.9838016321933,-77.0705355869237
2016-010094,13-02-2016,"08:36:57 a.m.","AV. BOCANEGRA CRUCE CON PR. ALEJANDRO BERTELLO CALLAO            CALLAO","EMERGENCIA MEDICA",SAMU-161,-12.0098657789239,-77.1062518204828
2016-010093,13-02-2016,"08:09:55 a.m.","COLEGIO NTRA SRA DE LAS MERCEDES             ","SERVICIO ESPECIAL",AMB-22,,
2016-010092,13-02-2016,"08:05:15 a.m.","CARRETERAS - PANAMERICANAS CARRETERA CENTRAL 7.5            ATE","EMERGENCIA MEDICA",AMB-169,-12.0246054233909,-76.9157856715038
2016-010091,13-02-2016,"08:04:45 a.m.","  CL. CHAMOCHUMBI 100        EL AGUSTINO","EMERGENCIA MEDICA","M176-3, SAMU-176",-12.050489178145,-77.0006276264903
2016-010090,13-02-2016,"08:02:13 a.m.","  JR. SALOOM 400        CALLAO","EMERGENCIA MEDICA","M176-3, SAMU-176",-12.0643321263729,-77.1392466376605
2016-010089,13-02-2016,"08:00:22 a.m.","CLUB RESIDENCIA LOS GIRASOLES             ","EMERGENCIA MEDICA",AMB-32,,
2016-010088,13-02-2016,"07:57:15 a.m.","AV. VENEZUELA CRUCE CON AV. UNIVERSITARIA LIMA            LIMA","EMERGENCIA MEDICA",AMB-36,-12.0601564067819,-77.0790374517793
2016-010087,13-02-2016,"07:52:08 a.m.",,"EMERGENCIA MEDICA",AMB-28,-12.121346811072,-77.0198145910311
2016-010086,13-02-2016,"07:49:00 a.m.","AV. CARLOS IZAGUIRRE CRUCE CON AV. UNIVERSITARIA NORTE LOS OLIVOS            LOS OLIVOS","EMERGENCIA MEDICA",AMB-9,-11.991437258354,-77.0830758399233
2016-010085,13-02-2016,"07:45:43 a.m.","PASAJE   CALLA0              BARRANCA","MATERIALES PELIGROSOS (INCIDENTE)",M73-1,,
2016-010084,13-02-2016,"07:40:14 a.m.","  CL. LOS CIPRESES MZ C            CHACLACAYO",INCENDIO,"AMB-115, RES-115",,
2016-010083,13-02-2016,"07:31:58 a.m.","AH. BOCANEGRA SECTOR G G22 lote 25            CALLAO","EMERGENCIA MEDICA",SAMU-161,-12.0245641089131,-77.0999663434091
2016-010082,13-02-2016,"07:27:53 a.m.","  CL. JOSE EZETA    URB.   EL  BOSQUE    146        RIMAC","EMERGENCIA MEDICA",SAMU-21,-12.0196218124839,-77.0300228342407
2016-010081,13-02-2016,"07:22:44 a.m.","JR. DOMINGO ORUE (CALLEJON BARBONCITO) CRUCE CON JR. MANUEL IRRIBARREN (SAN MIGUEL) SURQUILLO            SURQUILLO","EMERGENCIA MEDICA",AMB-28,-12.1073418050245,-77.0227645452703
2016-010080,13-02-2016,"07:17:54 a.m.","CARRETERAS - PANAMERICANAS PANAMERICANA SUR 35            LURIN","EMERGENCIA MEDICA","AMB-129, AMB-134, M129-1, RES-125",-12.2992800538379,-76.8505815048172
2016-010079,13-02-2016,"07:10:25 a.m.",,"EMERGENCIA MEDICA",SAMU-14,-12.0509433283842,-77.0458341105445
2016-010078,13-02-2016,"07:07:12 a.m.","MERCADO SANTA ANITA             ","EMERGENCIA MEDICA",AMB-169,,
2016-010077,13-02-2016,"06:56:44 a.m.","JR. GONZALO PIZARRO CRUCE CON JR. 7 DE JUNIO COMAS            ","EMERGENCIA MEDICA",AMB-164,-11.9378906367706,-77.0418245038859
2016-010076,13-02-2016,"06:55:24 a.m.","AV. BRASIL CRUCE CON JR. CORONEL FRANCISCO BOLOGNESI (ENRIQUE LLOSA) MAGDALENA DEL MAR            MAGDALENA DEL MAR","ACCIDENTE VEHICULAR","AMB-36, M100-1, M202-1",-12.0930888389964,-77.0687755950689
2016-010075,13-02-2016,"06:44:12 a.m.","ESTADIO SAN MARCOS            LIMA","SERVICIO ESPECIAL","AMB-83, M83-1",,
2016-010074,13-02-2016,"06:36:12 a.m.","  JR. CAMINOS DEL INCA 658        ","EMERGENCIA MEDICA",AMB-36,-12.0805918106047,-77.081313096669
2016-010073,13-02-2016,"06:34:43 a.m.","AV. VICENTE MORALES DUAREZ CRUCE CON AV. NUEVO AEROPUERTO CALLAO            CALLAO","EMERGENCIA MEDICA",AMB-60,-12.0419430615667,-77.1077988017974
2016-010072,13-02-2016,"06:20:36 a.m.","BAJADA ARMENDARIS            MIRAFLORES","ACCIDENTE VEHICULAR","AMB-28, M28-1",,
2016-010071,13-02-2016,"06:17:25 a.m.","  JR. CAJABAMBA 200        LA VICTORIA",INCENDIO,"AMB-2, M176-1, M176-3, MATPEL-4",,
2016-010070,13-02-2016,"05:57:51 a.m.","  CL. DESAGUADERO 200        LIMA","EMERGENCIA MEDICA",SAMU-2,-12.0496470759175,-77.0142158574596
2016-010069,13-02-2016,"05:27:17 a.m.","PUENTE VIA PASS            PARAMONGA","ACCIDENTE VEHICULAR","AMB-91, M91-1",,
2016-010068,13-02-2016,"05:26:48 a.m.","  CL. SANTIAGO CRESPO 639        SAN LUIS","EMERGENCIA MEDICA",SAMU-127,-12.070398811987,-76.996939265146
2016-010067,13-02-2016,"05:17:03 a.m.","AV. PACASMAYO CRUCE CON AV. COLECTORA CALLAO            CALLAO","ACCIDENTE VEHICULAR","AMB-9, M9-1, M9-5",-12.0011483443599,-77.1062192039444
2016-010066,13-02-2016,"05:02:49 a.m.","  JR. TACNA SUR (ARICA) 900        CALLAO","EMERGENCIA MEDICA",MED-18,-12.0683530535287,-77.1342639613251
2016-010065,13-02-2016,"04:37:59 a.m.","PANAMERICANA SUR KM 323            ICA","ACCIDENTE VEHICULAR",MATPEL171,,
2016-010064,13-02-2016,"04:37:21 a.m.","AH. 19 DE MAYO C            LOS OLIVOS","EMERGENCIA MEDICA",SAMU-168,-11.9770102857249,-77.0797386307075
2016-010063,13-02-2016,"04:29:32 a.m.","  AV. JOSE PARDO 1335       MIRAFLORES","EMERGENCIA MEDICA",AMB-100,-12.1189079569158,-77.0420540273419
2016-010062,13-02-2016,"04:25:30 a.m.","  CL. TENIENTE RAZURI 700        RIMAC","EMERGENCIA MEDICA",AMB-2,-12.0349608377271,-77.0432550975686
2016-010061,13-02-2016,"04:13:46 a.m.","PANAMERICANA SUR GRIFO ESTADIO            ICA",INCENDIO,"CIST-VI, M22-1",,
2016-010060,13-02-2016,"03:37:52 a.m.","AV. CORONEL NESTOR GAMBETA (EL EMISOR) 6400       CALLAO","EMERGENCIA MEDICA",AMB-9,-11.9868299090584,-77.1252452397468
2016-010059,13-02-2016,"03:25:43 a.m.","AV. REPUBLICA DE PANAMA CRUCE CON AV. ANDRES ARAMBURU SURQUILLO            SURQUILLO","EMERGENCIA MEDICA",AMB-28,-12.1020418530183,-77.018826592347
2016-010058,13-02-2016,"03:17:48 a.m.","JR. FRANCISCO MASIAS (LAS GARDENIAS) CRUCE CON AV. JAVIER PRADO ESTE SAN ISIDRO            SAN ISIDRO","EMERGENCIA MEDICA",SAMU-4,-12.0913698204183,-77.0258205890408
2016-010057,13-02-2016,"03:13:24 a.m.","  AV. GENERAL FEDERICO RECAVARREN 1600       SURQUILLO",INCENDIO,"M100-1, M11-1, M202-1, RES-4",,
2016-010056,13-02-2016,"03:09:16 a.m.","PAN SUR  KM  31            ","EMERGENCIA MEDICA",AMB-129,,
2016-010055,13-02-2016,"02:33:14 a.m.","  JR. NAUTA 100        CALLAO","EMERGENCIA MEDICA",MED-18,-12.0491223559554,-77.1329256430533
2016-010054,13-02-2016,"02:23:07 a.m.","  PJ. DURAND BERNALES 100        SURQUILLO",INCENDIO,"AMB-28, M11-1, M28-1, RES-4",-12.1171727305087,-77.0140839071928
2016-010053,13-02-2016,"02:18:51 a.m.",,INCENDIO,"AMB-14, M10-1, M14-1",-12.0608641216287,-77.0421991201498
2016-010052,13-02-2016,"02:08:20 a.m.","  AV. UNIVERSITARIA 800        SAN MIGUEL",INCENDIO,"AMB-83, M36-1, M83-1, RES-83",-12.0806697928837,-77.081952587359
2016-010051,13-02-2016,"02:02:08 a.m.","  CL. PEDRO RUIZ 457        BELLAVISTA","EMERGENCIA MEDICA",AMB-60,-12.0559588074797,-77.0909774757441
2016-010050,13-02-2016,"02:00:40 a.m.","  AV. REPUBLICA ARGENTINA 4232       CALLAO","EMERGENCIA MEDICA",AMB-7,-12.0487428183252,-77.1009561220225
2016-010049,13-02-2016,"01:58:10 a.m.","AV SANTO CHOCANO MZ B LT12            LURIGANCHO","EMERGENCIA MEDICA",AMB-32,,
2016-010048,13-02-2016,"01:48:05 a.m.","  AV. ALEJANDRO VELASCO ASTETE OESTE 194        SAN BORJA","EMERGENCIA MEDICA",SAMU-127,-12.0926142445148,-76.985640546409
2016-010047,13-02-2016,"01:39:54 a.m.",,"EMERGENCIA MEDICA",SAMU-120,-12.1628664423415,-76.9902357347675
2016-010046,13-02-2016,"01:33:56 a.m.","  JR. AMERICA 160        PUEBLO LIBRE","EMERGENCIA MEDICA",AMB-36,-12.0702927934038,-77.0670856863509
2016-010045,13-02-2016,"01:29:20 a.m.","C AYACHUCHO            AYACUCHO","EMERGENCIA MEDICA",MED-63,,
2016-010044,13-02-2016,"01:24:18 a.m.","PAN SUR  KM  149             ","ACCIDENTE VEHICULAR",M183-1,,
2016-010043,13-02-2016,"01:19:22 a.m.",,"EMERGENCIA MEDICA",AMB-14,-12.0548653074472,-77.0456200947931
2016-010042,13-02-2016,"01:01:30 a.m.","  JR. JUAN FRANCISCO RIVAS 147        LA VICTORIA","EMERGENCIA MEDICA",SAMU-10,-12.0744018016673,-77.0282032591719
2016-010041,13-02-2016,"12:57:11 a.m.","  AV. ARNALDO MARQUEZ 1259       JESUS MARIA",INCENDIO,M202-1,-12.0731114077746,-77.0491071207088
2016-010040,13-02-2016,"12:44:51 a.m.","PUENTE LOS MAESTROS            ICA","ACCIDENTE VEHICULAR",MATPEL171,,
2016-010039,13-02-2016,"12:43:47 a.m.","POLIDEPORTIVO CUTERVO            ICA","EMERGENCIA MEDICA",AMB-22,,
2016-010038,13-02-2016,"12:36:00 a.m.","  JR. VICTOR LARCO HERRERA 1082       MAGDALENA DEL MAR","EMERGENCIA MEDICA",AMB-36,-12.0914658018633,-77.066253103248
2016-010037,13-02-2016,"12:32:10 a.m.","AV. AYACUCHO ESQ AV. MARSANO            SANTIAGO DE SURCO","SERVICIO ESPECIAL","ELEC-11, M11-1",,
2016-010036,13-02-2016,"12:18:55 a.m.","  AV. 26 DE NOVIEMBRE 1000       VILLA MARIA DEL TRIUNFO","EMERGENCIA MEDICA",AMB-106,-12.1723637905011,-76.9322234855114
2016-010035,13-02-2016,"12:06:12 a.m.","COMBATE  DE IQUIQUE 100        SANTIAGO DE SURCO","EMERGENCIA MEDICA",AMB134-2,,
2016-010034,13-02-2016,"12:04:52 a.m.","  CL. VICTOR ALZAMORA BARRIO MEDICO 315        SURQUILLO","MATERIALES PELIGROSOS (INCIDENTE)","AMB-28, M28-1",-12.1183803350309,-77.0255045615768
