ID,FECHA,HORA,DIRECCION,TIPO,UNIDADES,"CORDENADAS (lat)","CORDENADAS (lng)"
2016-008050,04-02-2016,"11:58:12 p.m.","UR. LOS PILARES MZ C LTE 22             CALLAO","EMERGENCIA MEDICA",AMB-7,-12.0554066027722,-77.1119464401916
2016-008049,04-02-2016,"11:54:26 p.m.","SALUD CLINICA HOGAR SAN JUAN DE DIOS            SAN LUIS","ACCIDENTE VEHICULAR",RES-127,-12.0650718249654,-76.9899751431715
2016-008048,04-02-2016,"11:37:54 p.m.","  CL. ISLA MALLORCA (2) 143        LA MOLINA","EMERGENCIA MEDICA",AMB-169,-12.0782661625791,-76.9225285302168
2016-008047,04-02-2016,"11:30:08 p.m.","  JR. COMANDANTE FANNING (IQUIQUE) 186        LA PUNTA","EMERGENCIA MEDICA",AMB-169,-12.0714543899993,-77.1648483648623
2016-008046,04-02-2016,"11:26:02 p.m.","  JR. COMANDANTE JUAN FANNING (MAGDALENA) 186        CALLAO","EMERGENCIA MEDICA",AMB-1,-12.0643543822024,-77.1512560389923
2016-008045,04-02-2016,"11:20:37 p.m.","  CL. MALLORCA 134        CHORRILLOS","EMERGENCIA MEDICA",SAMU-6,-12.2026463371607,-77.0109105643771
2016-008044,04-02-2016,"11:20:17 p.m.",,"EMERGENCIA MEDICA",AMB-202,-12.0576128535274,-77.0467956073045
2016-008043,04-02-2016,"11:16:44 p.m.","UR. VILLA SOL II ETAPA Q LT. 24            LOS OLIVOS","EMERGENCIA MEDICA",AMB124-2,-11.9649453855054,-77.0719077254447
2016-008042,04-02-2016,"11:13:38 p.m.","  AV. JUAN BERTOLOTTO NEGRO 111        SAN MIGUEL",RESCATE,RES-83,-12.0942389513326,-77.0777880192165
2016-008041,04-02-2016,"11:12:08 p.m.","CARRETERAS - PANAMERICANAS PANAMERICANA NORTE KM 27            PUENTE PIEDRA","EMERGENCIA MEDICA",AMB-150,-11.8900211540228,-77.0681677160941
2016-008040,04-02-2016,"11:07:05 p.m.","  PJ. 20 DE AGOSTO 165        CARMEN DE LA LEGUA REYNOS","EMERGENCIA MEDICA",AMB-60,-12.04160490693,-77.0897500181253
2016-008039,04-02-2016,"11:00:32 p.m.","  AV. BRASIL 2700       PUEBLO LIBRE","ACCIDENTE VEHICULAR","AMB-202, AMB-36, M36-1, M83-1",,
2016-008038,04-02-2016,"10:49:35 p.m.","PR. TACNA CRUCE CON AV. GUARDIA REPUBLICANA (LA CAPILLA) RIMAC            RIMAC","EMERGENCIA MEDICA","M21-1, SAMU-10",-12.0348138254361,-77.0298946210442
2016-008037,04-02-2016,"10:46:33 p.m.","CL. MARTIN LUTHER KING CRUCE CON CL. ALAN POE SURQUILLO             SURQUILLO","EMERGENCIA MEDICA",AMB-11,,
2016-008036,04-02-2016,"10:40:28 p.m.","  AV. MIRAFLORES (28 DE JULIO) 12         MIRAFLORES","EMERGENCIA MEDICA","AMB-28, AMB134-2",-12.1305338843804,-77.0200622319368
2016-008035,04-02-2016,"10:37:05 p.m.","CA. CENTRAL (VICTOR RAUL HAYA DE LA TORRE) CRUCE CON AV. SEPARADORA INDUSTRIAL (A) ATE - VITARTE            ATE","ACCIDENTE VEHICULAR","AMB-169, M169-1, RES-127",-12.044487722916,-76.9385907320004
2016-008034,04-02-2016,"10:35:36 p.m.","PANAMERICANA SUR KM 298            ICA","EMERGENCIA MEDICA","AMB-169, M169-1, RES-127",,
2016-008033,04-02-2016,"10:32:40 p.m.","PANAMERICANA SUR KM. 298            ","EMERGENCIA MEDICA",MATPEL171,,
2016-008032,04-02-2016,"10:32:08 p.m.","  AV. MIRAFLORES (28 DE JULIO) 1235       MIRAFLORES",INCENDIO,"AMB-28, M11-1, M16-1, M28-1",-12.1305338843804,-77.0200622319368
2016-008031,04-02-2016,"10:26:59 p.m.","AV. GUARDIA CIVIL NORTE (CAMINOS DEL INCA) CRUCE CON JR. VISTA ALEGRE (A) (10) SANTIAGO DE SURCO            SANTIAGO DE SURCO","EMERGENCIA MEDICA",SAMU-6,-12.1654844039549,-76.9920560729022
2016-008030,04-02-2016,"10:20:23 p.m.","  AV. GRAN CHIMU 200        SAN JUAN DE LURIGANCHO","EMERGENCIA MEDICA",AMB-2,-12.0281705975431,-77.0103087322919
2016-008029,04-02-2016,"10:18:37 p.m.","  CL. TAURO 809        LOS OLIVOS","EMERGENCIA MEDICA",SAMU-168,-11.9943026522059,-77.070895218476
2016-008028,04-02-2016,"10:16:47 p.m.","AV.TULIPANES L 6 SAN ISIDRO            ICA","EMERGENCIA MEDICA",AMB-22,,
2016-008027,04-02-2016,"10:09:49 p.m.","AV. BRIGIDA SILVA DE OCHOA CRUCE CON PR. LIMA SAN MIGUEL            ","EMERGENCIA MEDICA",AMB-7,-12.0841542162614,-77.0897974889794
2016-008026,04-02-2016,"10:04:04 p.m.","  AV. LA MARINA 1600       SAN MIGUEL","EMERGENCIA MEDICA",AMB-36,-12.0788200916883,-77.079450601761
2016-008025,04-02-2016,"09:53:34 p.m.","AV. BENAVIDES             SAN VICENTE DE CANETE","EMERGENCIA MEDICA",AMB-183,,
2016-008024,04-02-2016,"09:49:28 p.m.","  CL. OIDORES (2) 176        RIMAC","EMERGENCIA MEDICA",AMB-2,-12.0274297179235,-77.0289118816942
2016-008023,04-02-2016,"09:45:44 p.m.","  CL. ENRIQUE VILLAR 549        LIMA","EMERGENCIA MEDICA",SAMU-4,-12.0763632727987,-77.0333075767048
2016-008022,04-02-2016,"09:45:31 p.m.","  JR. FEDERICO CHOPIN (1) (3)CHOPIN MZ B LTE 8 ALAMOS DE MONTERRICO 000        SANTIAGO DE SURCO","EMERGENCIA MEDICA",AMB134-2,-12.1120976532106,-76.9614847429021
2016-008021,04-02-2016,"09:26:10 p.m.","  AV. DE LOS PATRIOTAS 600        SAN MIGUEL","EMERGENCIA MEDICA",AMB-7,-12.0748056561798,-77.1027757583724
2016-008020,04-02-2016,"09:20:43 p.m.","CAMPO DEPORTIVO LA ISLA - MARCONA            MARCONA","EMERGENCIA MEDICA",MED-152,,
2016-008019,04-02-2016,"09:19:44 p.m.",,"EMERGENCIA MEDICA",SAMU-10,-12.0525519521968,-77.0354660636126
2016-008018,04-02-2016,"09:18:08 p.m.","  AV. JULIO FELIPE 117        SAN MARTIN DE PORRES","EMERGENCIA MEDICA",SAMU-168,-12.0278646359671,-77.0452168458902
2016-008017,04-02-2016,"09:13:02 p.m.","AV. MANUEL VILLARAN 1090       SURQUILLO","EMERGENCIA MEDICA",AMB-11,-12.1202790216558,-77.0009147276349
2016-008016,04-02-2016,"09:12:36 p.m.","CHICLAYO CRUCE 28 JULIO            LURIGANCHO",RESCATE,RES-32,,
2016-008015,04-02-2016,"09:10:39 p.m.","  CL. BILBAO 333        SAN ISIDRO","EMERGENCIA MEDICA",AMB-36,-12.0931499209512,-77.056192040813
2016-008014,04-02-2016,"09:07:30 p.m.","  CL. LOS TALLANES28 100        ","EMERGENCIA MEDICA",AMB-8,-12.0763835680639,-76.9884021589353
2016-008013,04-02-2016,"09:05:47 p.m."," prolo . CESAR CANEVARO MAZ I LOTE 5  500        SAN JUAN DE MIRAFLORES","EMERGENCIA MEDICA",AMB-106,-12.1625514671914,-76.9688710857488
2016-008012,04-02-2016,"08:58:53 p.m.",,"EMERGENCIA MEDICA",AMB-60,-12.0834973583406,-77.0890024650637
2016-008011,04-02-2016,"08:44:34 p.m.","AV. UNIVERSITARIA CRUCE CON AV. VENEZUELA LIMA            LIMA","EMERGENCIA MEDICA",AMB-60,,
2016-008010,04-02-2016,"08:43:19 p.m.","AV. JOSE PARDO CRUCE CON AV. COMANDANTE ESPINAR MIRAFLORES            MIRAFLORES","EMERGENCIA MEDICA",AMB-28,-12.1189665294247,-77.0370464645322
2016-008009,04-02-2016,"08:42:42 p.m.","  CL. RIO DANUBIO (2) mz o lote 9  000        LA MOLINA","EMERGENCIA MEDICA",MED-96,-12.1167306113878,-76.9419007923468
2016-008008,04-02-2016,"08:41:36 p.m.","AV. ANGAMOS ESTE (PRIMAVERA) CRUCE CON AV. AVIACION SAN BORJA            SAN BORJA","EMERGENCIA MEDICA",AMB-11,-12.1110426097379,-77.0003732955998
2016-008007,04-02-2016,"08:29:45 p.m.","AV. RENAN  ELIAS            ICA","EMERGENCIA MEDICA",AMB-22,,
2016-008006,04-02-2016,"08:26:24 p.m.","  JR. GENERAL CORDOVA 800        JESUS MARIA","EMERGENCIA MEDICA",AMB-202,-12.0730537035379,-77.0388194940603
2016-008005,04-02-2016,"08:16:53 p.m.","CARRETERAS - PANAMERICANAS CARRETERA CENTRAL 6            ATE",INCENDIO,"AMB-169, M106-3, M169-1, RES-127",-12.0321966102973,-76.9266527541126
2016-008004,04-02-2016,"08:08:51 p.m.","  AV. COSTANERA (MIRAMAR) 1226       SAN MIGUEL",INCENDIO,"M7-5, RES-83",-12.0862391364533,-77.0950355629052
2016-008003,04-02-2016,"08:08:04 p.m.","  CL. PORTUGUES 119        RIMAC","EMERGENCIA MEDICA",SAMU-10,-12.0344858738775,-77.026597052617
2016-008002,04-02-2016,"08:02:48 p.m.","  JR. JOSE GALVEZ (GERMAN A. GOMEZ SANCHEZ) 360        MIRAFLORES","EMERGENCIA MEDICA",SAMU-6,-12.1216208183339,-77.0332760672076
2016-008001,04-02-2016,"08:01:37 p.m.","  AV. AUGUSTO PEREZ ARANIBAR (DEL EJERCITO) 1600       ","EMERGENCIA MEDICA",AMB-202,-12.1074148222269,-77.0540745818997
2016-008000,04-02-2016,"08:00:39 p.m.","CL SAN MARTIN CON MANCO CAPAC            ICA","ACCIDENTE VEHICULAR",AMB-22,,
2016-007999,04-02-2016,"07:57:35 p.m.","DOMINGO MANDAMIENTO  600        ","EMERGENCIA MEDICA",AMB-20,,
2016-007998,04-02-2016,"07:52:23 p.m.","AV. PALERMO CRUCE CON JR. LOS CORALES LA VICTORIA            LA VICTORIA","EMERGENCIA MEDICA",SAMU-4,-12.0757108498401,-77.0230715348577
2016-007997,04-02-2016,"07:49:18 p.m.","  AV. LIBERTAD 2456       SAN MIGUEL","EMERGENCIA MEDICA",AMB-60,-12.0791676834849,-77.1042284429604
2016-007996,04-02-2016,"07:39:33 p.m.","  JR. PEDRO TORRES MALARIN 300        PUEBLO LIBRE",RESCATE,M36-1,,
2016-007995,04-02-2016,"07:36:35 p.m.","  CL. LOS AMANCAES 600        BELLAVISTA","EMERGENCIA MEDICA","MED-34, RES-15",-12.0606993867912,-77.1024520240112
2016-007994,04-02-2016,"07:28:04 p.m.","  JR. HUAMACHUCO 975        LA PERLA","EMERGENCIA MEDICA",AMB-7,-12.0761564109349,-77.1149644156125
2016-007993,04-02-2016,"07:19:43 p.m.","  CL. PAPINI 166        SAN BORJA","EMERGENCIA MEDICA",AMB-11,-12.0960073608312,-77.0063255965318
2016-007992,04-02-2016,"07:19:10 p.m.","  AV. FRANCISCO PIZARRO 1000       RIMAC",INCENDIO,"AMB-14, AUX14-1, CIS-IV, CIST-V, CIST25CD1, ESC-10, M10-3, M100-1, M14-1, M2-1, M21-1, M3-1, M4-1, M65-1, M8-1, M83-1, MATPEL-4, RES-8, RESLIG-4, SAMU-2",-12.0321193154943,-77.0406656047014
2016-007991,04-02-2016,"07:14:28 p.m.","AH. LAS LOMAS DE VENTANILLA ALTA             ","ACCIDENTE VEHICULAR",M184-1,,
2016-007990,04-02-2016,"07:04:34 p.m.","  CL. MARISCAL ANTONIO JOSE DE SUCRE 670        SAN MIGUEL",RESCATE,RES-83,-12.0877872670005,-77.0772750542798
2016-007989,04-02-2016,"07:03:43 p.m.","  CL. LOS CORALES 100        LA PERLA","EMERGENCIA MEDICA",AMB-60,-12.0667635480601,-77.1145263095285
2016-007988,04-02-2016,"07:02:36 p.m.","  JR. LOS ALISIOS 190        LA VICTORIA","EMERGENCIA MEDICA",SAMU-4,-12.0805997954638,-77.0095660420977
2016-007987,04-02-2016,"06:59:23 p.m.","  AV. CRISTOBAL DE PERALTA SUR 669        SANTIAGO DE SURCO",RESCATE,RES-134,-12.1168356348781,-76.97698798621
2016-007986,04-02-2016,"06:55:16 p.m.","CL. TUPAC AMARU CRUCE CON AV. DE LA AVIACION (CAPITAN RENAN ELIAS OLIVERA) MIRAFLORES            MIRAFLORES","EMERGENCIA MEDICA",AMB-28,-12.1205448737037,-77.0416785909032
2016-007985,04-02-2016,"06:50:43 p.m.","  PR. LA MAR 326        LA VICTORIA","EMERGENCIA MEDICA",SAMU-10,-12.061266336889,-77.0199585822037
2016-007984,04-02-2016,"06:48:10 p.m.","  CL. MAIPU 151        SAN MIGUEL","EMERGENCIA MEDICA",SAMU-83,-12.0821433364069,-77.0949621178883
2016-007983,04-02-2016,"06:48:04 p.m.","  JR. PAITA 470        RIMAC","EMERGENCIA MEDICA",SAMU-21,-12.0388032089201,-77.0300885768177
2016-007982,04-02-2016,"06:38:14 p.m.","  AV. JUAN ANTONIO PEZET (SAN GABRIEL) 419        SAN ISIDRO",RESCATE,M100-1,-12.102659308887,-77.0426092230393
2016-007981,04-02-2016,"06:30:55 p.m.","  AV. LOS PROCERES 321        SANTIAGO DE SURCO","EMERGENCIA MEDICA",AMB134-2,-12.1505443471439,-76.987715548782
2016-007980,04-02-2016,"06:17:07 p.m.","  AV. DEL PARQUE SUR 381        SAN ISIDRO","EMERGENCIA MEDICA",AMB-28,-12.1034535454543,-77.01388686026
2016-007979,04-02-2016,"06:11:44 p.m.","  JR. JORGE SALAZAR ARAOZ 171        LA VICTORIA","EMERGENCIA MEDICA",SAMU-176,-12.0808222501831,-77.0106376964489
2016-007978,04-02-2016,"06:03:22 p.m.","  CL. LOS MILANOS 395        SAN ISIDRO","EMERGENCIA MEDICA",AMB-202,-12.0937718178283,-77.0179230990461
2016-007977,04-02-2016,"05:59:16 p.m.","MOYOPAMPA            LURIGANCHO","EMERGENCIA MEDICA",AMB-32,,
2016-007976,04-02-2016,"05:38:04 p.m.",,"EMERGENCIA MEDICA",AMB-120,-12.1378081526733,-76.997999668882
2016-007975,04-02-2016,"05:37:20 p.m.","JR. HUANUCO CRUCE CON JR. HUMBOLDT LA VICTORIA            LA VICTORIA","EMERGENCIA MEDICA","AMB-14, RES-8",-12.0641148047505,-77.0152345260329
2016-007974,04-02-2016,"05:36:26 p.m.","CL. DOS DE MAYO CRUCE PACHITEA             ","EMERGENCIA MEDICA",AMB-163,,
2016-007973,04-02-2016,"05:33:21 p.m.","FUNDO  SAN JORGE            ICA",INCENDIO,M22-1,,
2016-007972,04-02-2016,"05:24:28 p.m.","  AV. 26 DE NOVIEMBRE 2100       VILLA MARIA DEL TRIUNFO","EMERGENCIA MEDICA",AMB-155,-12.1686654470201,-76.9184731568444
2016-007971,04-02-2016,"05:21:19 p.m.","  JR. HUANUCO 1773       LA VICTORIA",RESCATE,RES-8,-12.0660853348926,-77.014976571983
2016-007970,04-02-2016,"05:18:40 p.m.","AH. MARISCAL CASTILLA X2 LT 2            RIMAC","EMERGENCIA MEDICA",SAMU-10,-12.014990299648,-77.0315405343083
2016-007969,04-02-2016,"05:17:57 p.m.","CARRETERAS - PANAMERICANAS CARRETERA CENTRAL 9            ATE","MATERIALES PELIGROSOS (INCIDENTE)",M169-1,-12.0203537349427,-76.9026830988318
2016-007968,04-02-2016,"05:16:07 p.m.","AV. TUPAC AMARU (GERARDO UNGER) CRUCE CON AV. HONORIO DELGADO SAN MARTIN DE PORRES            SAN MARTIN DE PORRES","EMERGENCIA MEDICA",SAMU-21,-12.0181635305214,-77.0515684578463
2016-007967,04-02-2016,"05:14:28 p.m.","  CL. VICTOR MAURTUA 681        SAN ISIDRO","EMERGENCIA MEDICA",AMB-28,-12.1086198144546,-77.0479046753985
2016-007966,04-02-2016,"05:12:31 p.m.","CL. JOSE MARTI CRUCE CON PJ. ANDRES CASTELLO SAN MIGUEL            SAN MIGUEL","ACCIDENTE VEHICULAR","M83-1, SAMU-83",-12.0698586736927,-77.101281052042
2016-007965,04-02-2016,"05:11:34 p.m.","  CL. LOS GERANIOS 200        PUENTE PIEDRA","EMERGENCIA MEDICA",AMB124-2,-11.9081400766174,-77.0841611045168
2016-007964,04-02-2016,"05:00:03 p.m.","  AV. CERRO CAMACHO 710        SANTIAGO DE SURCO","EMERGENCIA MEDICA",SAMU-138,-12.0848504851289,-76.9617249177432
2016-007963,04-02-2016,"04:57:40 p.m.","CARRETERAS - PANAMERICANAS CARRETERA CENTRAL 16            ATE","ACCIDENTE VEHICULAR",SAMU-138,-12.0024290007893,-76.8415343898368
2016-007962,04-02-2016,"04:53:47 p.m.","  AV. AUGUSTO PEREZ ARANIBAR (DEL EJERCITO) 1600       SAN ISIDRO","EMERGENCIA MEDICA",AMB-100,-12.1074148222269,-77.0540745818997
2016-007961,04-02-2016,"04:49:10 p.m.",,"EMERGENCIA MEDICA",AMB-14,-12.0407117974727,-77.0657743436585
2016-007960,04-02-2016,"04:47:53 p.m.","  AV. JOSE PARDO 200        MIRAFLORES","EMERGENCIA MEDICA","AMB-100, AMB-28",-12.1190363070602,-77.0308303878863
2016-007959,04-02-2016,"04:45:07 p.m.",,"EMERGENCIA MEDICA",MED-34,-12.0593730698635,-77.1175085418602
2016-007958,04-02-2016,"04:42:51 p.m.","  CL. SEBASTIAN LUNA MAZ A 5 LOTE 13 200        CHORRILLOS","EMERGENCIA MEDICA",SAMU-6,-12.1756372940715,-77.0257870785151
2016-007957,04-02-2016,"04:42:34 p.m.","  AV. EL SOL 1500       VILLA MARIA DEL TRIUNFO","EMERGENCIA MEDICA",AMB134-2,,
2016-007956,04-02-2016,"04:41:57 p.m.","  AV. PACHACUTEC (LOS HEROES) 900        SAN JUAN DE MIRAFLORES",RESCATE,RES-134,-12.1574918311614,-76.9640720285612
2016-007955,04-02-2016,"04:37:39 p.m.","EDUCACION I.E. SAN JOSE OBRERO            SAN JUAN DE LURIGANCHO","EMERGENCIA MEDICA",SAMU-121,-11.9471730139299,-76.9758189082325
2016-007954,04-02-2016,"04:34:03 p.m.","  JR. TACNA 100        LURIGANCHO","MATERIALES PELIGROSOS (INCIDENTE)",M32-1,-11.938548963358,-76.6958114024273
2016-007953,04-02-2016,"04:32:45 p.m.","UR. VIRGEN DE COCHARCAS MZ H LOTE 62            VILLA EL SALVADOR","EMERGENCIA MEDICA","RES-134, RES-16, SAMU-105",-12.1965496921604,-76.9610366366469
2016-007952,04-02-2016,"04:28:58 p.m.","  JR. CORONEL LEON VELARDE 461        LINCE","MATERIALES PELIGROSOS (INCIDENTE)","M202-1, MATPEL-4",-12.0831359916931,-77.0395566013734
2016-007951,04-02-2016,"04:24:00 p.m.","MARACUYA UR. PREVI MAZ 11 LOTE 11             CALLAO","EMERGENCIA MEDICA",AMB-60,-12.0167082793483,-77.0906179710883
2016-007950,04-02-2016,"04:20:09 p.m.","AV. VICTOR ANDRES BELAUNDE OESTE CRUCE CON AV. EL RETABLO COMAS            COMAS","EMERGENCIA MEDICA",AMB124-2,-11.9336734068434,-77.0587809783868
2016-007949,04-02-2016,"04:08:55 p.m.","  CL. LOS INCAS 158        RIMAC","EMERGENCIA MEDICA",SAMU-21,-12.0217658382422,-77.0249462559898
2016-007948,04-02-2016,"03:57:45 p.m.","  CL. QUILLABAMBA 000        VILLA MARIA DEL TRIUNFO","EMERGENCIA MEDICA",AMB-106,-12.1719582730845,-76.923633325562
2016-007947,04-02-2016,"03:53:52 p.m.","CENTRO POBLADO TORRE BLANCA CARRETERA  PENETRACION            CHANCAY",INCENDIO,M80-1,,
2016-007946,04-02-2016,"03:52:15 p.m.","URB EL OLIVAR             ","EMERGENCIA MEDICA",AMB-81,,
2016-007945,04-02-2016,"03:47:51 p.m.","JR. SEBASTIAN BARRANCA CRUCE CON PR. HUAMANGA LA VICTORIA            LA VICTORIA","ACCIDENTE VEHICULAR","AMB-202, M8-1, RES-8",-12.0675328517599,-77.0199285838419
2016-007944,04-02-2016,"03:46:34 p.m.","  AV. SOTO BERMEO 310        SANTIAGO DE SURCO","EMERGENCIA MEDICA",AMB-120,-12.144076722581,-76.9933248139714
2016-007943,04-02-2016,"03:37:00 p.m.","UR. LOS HUERTOS DE LURIN MZ M LT 13            LURIN","EMERGENCIA MEDICA",AMB-129,-12.2403281093614,-76.8687539360312
2016-007942,04-02-2016,"03:35:42 p.m.","CARRETERAS - PANAMERICANAS PANAMERICANA SUR 88            MALA",INCENDIO,M111-1,-12.0364193293128,-77.0285309453545
2016-007941,04-02-2016,"03:33:25 p.m.","  JR. PUNO 600        LIMA","EMERGENCIA MEDICA",SAMU-21,-12.0540201577365,-77.0276609666125
2016-007940,04-02-2016,"03:30:20 p.m.","CARRETERA CENTRAL ALT DEL BANCO DE LA NACION             ","EMERGENCIA MEDICA",AMB-32,,
2016-007939,04-02-2016,"03:28:30 p.m.","  JR. LOS TITANES (SAN PEDRO) 185        ","EMERGENCIA MEDICA",AMB134-2,-12.1821878372785,-76.9977900765375
2016-007938,04-02-2016,"03:27:41 p.m.","  CL. RENI 206        SAN BORJA","EMERGENCIA MEDICA",SAMU-4,-12.098734521494,-77.0034715440802
2016-007937,04-02-2016,"03:26:17 p.m.","  AV. JOSE OLAYA BALANDRA 000        VILLA EL SALVADOR","EMERGENCIA MEDICA",SAMU-105,-12.2333439083985,-76.9475653534587
2016-007936,04-02-2016,"03:25:48 p.m.","  CL. PORTADA DEL SOL 997        SAN JUAN DE LURIGANCHO","EMERGENCIA MEDICA",SAMU-176,-12.0177362786278,-76.9987951047021
2016-007935,04-02-2016,"03:23:30 p.m.","PANAMERICANA  SUR  ANTIGUA  KM  88   BUHJAMA  ALTA            MALA",INCENDIO,M111-1,,
2016-007934,04-02-2016,"03:22:46 p.m.","URB.  SANTA ELENA             ICA","EMERGENCIA MEDICA",AMB-22,,
2016-007933,04-02-2016,"03:20:45 p.m.","SEGUNADA   ENTRADA   DE MATELLINI             CHORRILLOS","EMERGENCIA MEDICA",AMB-6,,
2016-007932,04-02-2016,"03:18:36 p.m.","MZ 10 LOTE 4 1 ZONA DE BAYOVAR            SAN JUAN DE LURIGANCHO","EMERGENCIA MEDICA",SAMU-121,,
2016-007931,04-02-2016,"03:12:27 p.m.","AV. LA MAR (MANUEL CIPRIANO DULANTO) CRUCE CON CL. CORONEL JUAN VALER SANDOVAL (CUEVA) PUEBLO LIBRE            PUEBLO LIBRE","EMERGENCIA MEDICA",SAMU-83,-12.0763196432519,-77.0741438280975
2016-007930,04-02-2016,"02:57:23 p.m.","MOORE            LA PUNTA","EMERGENCIA MEDICA",MED-34,,
2016-007929,04-02-2016,"02:54:13 p.m.","  AV. MANCO CAPAC 800        LA VICTORIA","EMERGENCIA MEDICA",SAMU-4,-12.0688198333389,-77.0284480568894
2016-007928,04-02-2016,"02:53:50 p.m.","AV. PLAN VIAL CRUCE CON AV. CARLOS IZAGUIRRE (2) SAN MARTIN DE PORRES            SAN MARTIN DE PORRES","EMERGENCIA MEDICA",AMB124-2,-11.9897806331774,-77.1065272238592
2016-007927,04-02-2016,"02:37:51 p.m.",,"EMERGENCIA MEDICA",SAMU-10,-12.0540963250177,-77.0438100798872
2016-007926,04-02-2016,"02:22:11 p.m.","  AV. LA MAR (MANUEL CIPRIANO DULANTO) 1800       PUEBLO LIBRE","EMERGENCIA MEDICA",SAMU-83,-12.0758651397971,-77.0750753249426
2016-007925,04-02-2016,"02:17:41 p.m.","  CL. JUAN GUILLERMO MOORE 540        SANTA ANITA",RESCATE,M138-1,-12.0458786442522,-76.9699161691022
2016-007924,04-02-2016,"02:16:40 p.m.","  AV. MORRO SOLAR 944        SANTIAGO DE SURCO","EMERGENCIA MEDICA",SAMU-120,-12.1210899168951,-76.9773526138786
2016-007923,04-02-2016,"02:13:30 p.m.","  JR. SANTA ROSA (FRANCISCO MORENO) 274        SURQUILLO","EMERGENCIA MEDICA",AMB134-2,-12.1179188194636,-77.0236590287574
2016-007922,04-02-2016,"02:00:45 p.m.","  CL. LAS GARDENIAS 151        CALLAO","EMERGENCIA MEDICA",MED-18,-12.0098471470022,-77.1002123754491
2016-007921,04-02-2016,"01:58:51 p.m.","  AV. TENIENTE ENRIQUE PALACIOS 1140       MIRAFLORES","EMERGENCIA MEDICA",AMB-28,-12.1171049413276,-77.0405658724266
2016-007920,04-02-2016,"01:57:17 p.m.","  JR. GENERAL JOSE MARIA CORDOVA 2060       LINCE","EMERGENCIA MEDICA",AMB-202,-12.0856918201107,-77.0379461112294
2016-007919,04-02-2016,"01:40:43 p.m.","RINCONADA DE VILLA MAZ C  LOTE 13   /// CASIMIRO ULLOA            ","EMERGENCIA MEDICA",AMB-6,,
2016-007918,04-02-2016,"01:38:16 p.m.","JR.ARICA            ","MATERIALES PELIGROSOS (INCIDENTE)",M32-1,,
2016-007917,04-02-2016,"01:34:26 p.m.","  CL. FIONA 000        SAN MARTIN DE PORRES","EMERGENCIA MEDICA",AMB124-2,-12.0111875869354,-77.0588131626608
2016-007916,04-02-2016,"01:34:14 p.m.","  JR. HUANUCO 3175       SAN MARTIN DE PORRES","EMERGENCIA MEDICA",AMB-65,-12.0300107665132,-77.0797754494857
2016-007915,04-02-2016,"01:31:50 p.m.","  AV. ARGENTINA 428        ","EMERGENCIA MEDICA",SAMU-14,-12.0435783786965,-77.0477209964356
2016-007914,04-02-2016,"01:22:52 p.m.","  AV. GENERAL ARENALES 1400       JESUS MARIA","EMERGENCIA MEDICA",SAMU-14,-12.0793304065101,-77.0364272531722
2016-007913,04-02-2016,"01:14:41 p.m.","JR. HUMBOLDT CRUCE CON JR. ANTONIO BAZO LA VICTORIA            LA VICTORIA","EMERGENCIA MEDICA",AMB-14,-12.0640157934099,-77.0145065448299
2016-007912,04-02-2016,"01:03:28 p.m.","  AV. GUZMAN BLANCO 557        ","EMERGENCIA MEDICA",AMB-202,-12.0640033901175,-77.0394573828738
2016-007911,04-02-2016,"12:53:59 p.m.","  JR. LAS MERCEDES 210        ","EMERGENCIA MEDICA",SAMU-14,-12.0369124603151,-77.0729634961222
2016-007910,04-02-2016,"12:49:53 p.m.","AV. LOS NENUFARES CRUCE CON AV. BOCANEGRA CALLAO            CALLAO","ACCIDENTE VEHICULAR","M9-5, SAMU-168",-12.0074258260693,-77.1004591372651
2016-007909,04-02-2016,"12:49:41 p.m.","  AV. PACHACUTEC 2300       VILLA MARIA DEL TRIUNFO",INCENDIO,"M106-1, M120-1, SAMU-106",-12.168035826363,-76.9511966832153
2016-007908,04-02-2016,"12:43:35 p.m.","  AV. VENEZUELA 2300       LIMA","EMERGENCIA MEDICA",AMB-14,-12.0571624004596,-77.0643550782951
2016-007907,04-02-2016,"12:31:45 p.m.","AV MARISCAL BENAVIDES  300        SAN VICENTE DE CANETE","EMERGENCIA MEDICA",AMB-183,,
2016-007906,04-02-2016,"12:30:41 p.m.","AV. LAS BEGONIAS CRUCE CON AV. JAVIER PRADO ESTE SAN ISIDRO            SAN ISIDRO","EMERGENCIA MEDICA",AMB-120,-12.0911948480884,-77.0243245891287
2016-007905,04-02-2016,"12:23:15 p.m.",,"ACCIDENTE VEHICULAR","AMB-7, M9-1",-12.0409548039716,-77.0972990129539
2016-007904,04-02-2016,"12:18:15 p.m.","  AV. CANADA MAZ E1 LOTE 5 000        CALLAO","EMERGENCIA MEDICA",SAMU-168,-11.9979138577028,-77.115130659351
2016-007903,04-02-2016,"12:09:58 p.m.","AS. LOS PORTALES A4, I            SANTA ANITA","EMERGENCIA MEDICA",SAMU-176,-12.0401252982496,-76.9583361503173
2016-007902,04-02-2016,"12:08:44 p.m.","  PJ. INDEPENDENCIA 249        SAN JUAN DE LURIGANCHO","EMERGENCIA MEDICA",SAMU-2,-12.0362055201696,-77.0141628994721
2016-007901,04-02-2016,"12:08:43 p.m.","PENTAGONITO             ","EMERGENCIA MEDICA",AMB-155,,
2016-007900,04-02-2016,"11:58:26 a.m.","AH. HIJOS DE VENTANILLA MAZ B LT 14             VENTANILLA","EMERGENCIA MEDICA",AMB-207,-11.8931570404271,-77.1283608472773
2016-007899,04-02-2016,"11:57:42 a.m.","  JR. ASCOPE 120        LA PERLA","EMERGENCIA MEDICA",AMB-60,-12.0770993373639,-77.1131110991598
2016-007898,04-02-2016,"11:56:25 a.m.","  JR. MARISCAL WILLIAM MILLER 1859       LINCE","EMERGENCIA MEDICA",AMB-202,-12.0833260460762,-77.0370640796717
2016-007897,04-02-2016,"11:53:34 a.m.","AV. HUAROCHIRI (A HUAROCHIRI) CRUCE CON PR. JAVIER PRADO ESTE LA MOLINA            LA MOLINA","ACCIDENTE VEHICULAR","AMB-11, M106-3, M138-1",,
2016-007896,04-02-2016,"11:47:50 a.m.","  JR. MARTE 2522       SAN JUAN DE LURIGANCHO",INCENDIO,"AMB-11, M106-3, M138-1",-11.9877458581694,-77.0149561318301
2016-007895,04-02-2016,"11:46:57 a.m.","  CL. 31 MZ Q 3 LOTE  24 000        BELLAVISTA","MATERIALES PELIGROSOS (INCIDENTE)","AMB-7, M7-5",-12.0630585580825,-77.1119576319579
2016-007894,04-02-2016,"11:42:44 a.m.","AV MI PERU CRUCE MEJICO            ICA","ACCIDENTE VEHICULAR",AMB-22,,
2016-007893,04-02-2016,"11:31:49 a.m.","  AV. JOSE LARCO 670        MIRAFLORES","EMERGENCIA MEDICA",AMB-100,-12.1239875631824,-77.0292424196928
2016-007892,04-02-2016,"11:31:39 a.m.","CENTRO POBALDO SAN VALENTIN            BARRANCA",INCENDIO,"AMB-73, M73-1",,
2016-007891,04-02-2016,"11:30:45 a.m.","AV. INDEPENDENCIA  400        AYACUCHO","EMERGENCIA MEDICA",MED-63,,
2016-007890,04-02-2016,"11:25:54 a.m.","  CL. ALMIRANTE MIGUEL GRAU SEMINARIO (3) 000        SANTA ANITA","EMERGENCIA MEDICA",SAMU-127,-12.0463186896552,-76.9608711566229
2016-007889,04-02-2016,"11:23:27 a.m.","  AV. ERNESTO DIEZ CANSECO (PROGRESO) 600        MIRAFLORES","EMERGENCIA MEDICA",AMB-28,-12.1218314096961,-77.0234099602741
2016-007888,04-02-2016,"11:21:59 a.m.","AS. PORTALES DE PACHACAMAC SECTOR B B11            VILLA EL SALVADOR","EMERGENCIA MEDICA",SAMU-105,-12.2382266185793,-76.9136741707619
2016-007887,04-02-2016,"11:16:55 a.m.","PORTACHUELOS            NAZCA",RESCATE,RES-82,,
2016-007886,04-02-2016,"11:14:49 a.m.","PQUE CATALINO HUNCA            LA VICTORIA","SERVICIO ESPECIAL",M8-1,,
2016-007885,04-02-2016,"11:10:27 a.m.","  AV. JOSE CARLOS MARIATEGUI (10) URB. LUCIANA 189        CARABAYLLO","EMERGENCIA MEDICA",AMB124-2,-11.8964444222638,-77.0336604077122
2016-007884,04-02-2016,"11:07:05 a.m.","  CL. VENTURA GARCIA 3598       SAN MARTIN DE PORRES","EMERGENCIA MEDICA",SAMU-168,-12.0247269916062,-77.0843551116089
2016-007883,04-02-2016,"11:03:26 a.m.","  AV. ABANCAY 100        LIMA","EMERGENCIA MEDICA",SAMU-2,-12.0457921176916,-77.0257146297437
2016-007882,04-02-2016,"11:03:06 a.m.","CL. ROSA MERINO 476        SANTIAGO DE SURCO","EMERGENCIA MEDICA",AMB-120,,
2016-007881,04-02-2016,"11:01:46 a.m.","  AV. SUCRE 775        PUEBLO LIBRE","EMERGENCIA MEDICA",AMB-36,-12.0790869949448,-77.0655528617527
2016-007880,04-02-2016,"11:01:07 a.m.","  AV. BRASIL 948        JESUS MARIA","EMERGENCIA MEDICA",AMB-14,-12.0688400635303,-77.0483989750408
2016-007879,04-02-2016,"10:57:24 a.m.","  CL. JORGE ISAACS (10) 376        SAN BORJA",INCENDIO,RES-8,-12.0923268020019,-76.9814818330769
2016-007878,04-02-2016,"10:54:50 a.m.",,"EMERGENCIA MEDICA",SAMU-138,-12.0789411944125,-76.9164152138334
2016-007877,04-02-2016,"10:53:45 a.m.","  JR. ALFRED ROSENBLAT (SAN LUIS) (3) 278        SANTIAGO DE SURCO","EMERGENCIA MEDICA",AMB-11,-12.1130396594221,-76.9724440691871
2016-007876,04-02-2016,"10:48:55 a.m.","  AV. TACNA 359        LIMA",INCENDIO,M10-1,-12.0450321549275,-77.036421295314
2016-007875,04-02-2016,"10:40:24 a.m.","  AV. CENTRAL 1400       VILLA EL SALVADOR","EMERGENCIA MEDICA",SAMU-105,-12.2034543402891,-76.9393184462105
2016-007874,04-02-2016,"10:37:33 a.m.","  AV. JAVIER PRADO ESTE 1750       SAN ISIDRO","EMERGENCIA MEDICA",SAMU-4,,
2016-007873,04-02-2016,"10:37:00 a.m.","MAZ H LT 5            ","MATERIALES PELIGROSOS (INCIDENTE)",M207-5,,
2016-007872,04-02-2016,"10:27:24 a.m.","  AV. 5 DE AGOSTO (LAS TORRES) 000        ",INCENDIO,"M106-3, M138-1, M21-1, SAMU-176",-11.9986110559251,-76.9265958485712
2016-007871,04-02-2016,"10:24:11 a.m.","CARRETERAS - PANAMERICANAS PANAMERICANA SUR 18.5            ","EMERGENCIA MEDICA",SAMU-120,-12.2154337655415,-76.9764596361055
2016-007870,04-02-2016,"10:22:47 a.m.","EMPRESA TRANSPORTES SOYUS            ICA","EMERGENCIA MEDICA",AMB-22,,
2016-007869,04-02-2016,"10:20:14 a.m.","  CL. JOSE ANTONIO SARRIO (AYACUCHO) 167        ","EMERGENCIA MEDICA",AMB-11,-12.1116607038341,-77.0307910784583
2016-007868,04-02-2016,"10:15:10 a.m.","  AV. INDUSTRIAL 3733       SAN ISIDRO","SERVICIO ESPECIAL",AMB164-2,-11.9901893181438,-77.0596361348839
2016-007867,04-02-2016,"10:10:46 a.m.","B-150// HOSPITAL CAYETANO HEREDIA            ","EMERGENCIA MEDICA",AMB-150,,
2016-007866,04-02-2016,"10:06:19 a.m.","  CL. JUAN DE DIOS BEDOYA Y CEYLAS 1245       LIMA","EMERGENCIA MEDICA",AMB-60,-12.0521636771261,-77.0748230423204
2016-007865,04-02-2016,"09:59:43 a.m.","  JR. LUCANAS 200        LIMA","EMERGENCIA MEDICA",SAMU-2,-12.0535393542481,-77.0196971325191
2016-007864,04-02-2016,"09:56:24 a.m.","CALANGO            MALA",INCENDIO,M133-1,,
2016-007863,04-02-2016,"09:53:30 a.m.","UR. LA TABOADITA (TABOADITA PACIFICO) R1 LT 38            BELLAVISTA","EMERGENCIA MEDICA",AMB-7,-12.057613478845,-77.1121296564461
2016-007862,04-02-2016,"09:53:27 a.m.","  AV. NICOLAS ARRIOLA 1587       LA VICTORIA","EMERGENCIA MEDICA",SAMU-127,-12.0743443217248,-77.0072175747417
2016-007861,04-02-2016,"09:43:52 a.m.","  AV. GENERAL JUAN ANTONIO ALVAREZ DE ARENALES 2000       LINCE","EMERGENCIA MEDICA",SAMU-4,-12.0853543361207,-77.0355326094977
2016-007860,04-02-2016,"09:32:35 a.m.","JR. PUNO CRUCE CON JR. AYACUCHO CALLAO            CALLAO","EMERGENCIA MEDICA",SAMU-4,,
2016-007859,04-02-2016,"09:29:28 a.m.","ESCUELA DEL EJERCITO            CHORRILLOS","SERVICIO ESPECIAL",M6-1,,
2016-007858,04-02-2016,"09:28:26 a.m.","  CL. GENERAL CANTERAC 339        JESUS MARIA","EMERGENCIA MEDICA",AMB-202,-12.0710058659608,-77.0466541468035
2016-007857,04-02-2016,"09:26:37 a.m.","  PJ. M. VALDERRAMA (GUARDIA CIVIL) 100        ",INCENDIO,"M106-1, M120-1, RES-134, SAMU-105",-12.16955724078,-76.9488921003255
2016-007856,04-02-2016,"09:26:12 a.m.","  AV. DEL EJERCITO (AUGUSTO PEREZ ARANIBAR) 500        MIRAFLORES","EMERGENCIA MEDICA",AMB-28,-12.1156700308838,-77.0459747560754
2016-007855,04-02-2016,"09:24:35 a.m.","  CL. ROSSETTI 100        SAN BORJA","EMERGENCIA MEDICA",AMB-11,-12.0976653085619,-76.9917868897384
2016-007854,04-02-2016,"09:23:09 a.m.","  CL. EL TRABAJO 209        ATE","MATERIALES PELIGROSOS (INCIDENTE)","M138-4, SAMU-138",-12.0255947892281,-76.9129040665974
2016-007853,04-02-2016,"09:16:29 a.m.","  AV. EMANCIPACION (AREQUIPA) 400        LIMA","ACCIDENTE VEHICULAR","AMB-14, M3-1, M8-1, SAMU-10",-12.0467297002561,-77.0369109966874
2016-007852,04-02-2016,"09:12:44 a.m.","  CL. JAZMINES 270        BELLAVISTA","MATERIALES PELIGROSOS (INCIDENTE)","M7-5, MED-18",-12.0597412563782,-77.0989370429192
2016-007851,04-02-2016,"09:12:39 a.m.","  AV. ELIAS AGUIRRE URB. VALDIVIEZO 115        ATE",INCENDIO,RES-127,-12.0595450989194,-76.9943800650063
2016-007850,04-02-2016,"09:03:04 a.m.","  AV. EL DERBY 500        SANTIAGO DE SURCO","EMERGENCIA MEDICA",AMB134-2,-12.0988267377318,-76.9784640411216
2016-007849,04-02-2016,"08:57:52 a.m.","AH. MIGUEL GRAU (MELITON CARBAJAL) A36             ","EMERGENCIA MEDICA",AMB-60,-12.0579721334283,-77.1265183686482
2016-007848,04-02-2016,"08:51:17 a.m.","FUERTE HOYOS RUBIO            ","SERVICIO ESPECIAL",M21-1,,
2016-007847,04-02-2016,"08:49:43 a.m.","  JR. COMBATE DE ANGAMOS (ARICA) (1) 548        SANTIAGO DE SURCO","EMERGENCIA MEDICA",AMB-16,-12.143955779743,-77.0051420687
2016-007846,04-02-2016,"08:46:18 a.m.","DANIEL ALCIDES CARRION 1375       ","EMERGENCIA MEDICA",MED-10,,
2016-007845,04-02-2016,"08:43:39 a.m.","UR. CIUDAD DEL PESCADOR MAZ E2 LT 21            BELLAVISTA","EMERGENCIA MEDICA",SAMU-83,-12.0583180071847,-77.1098507362503
2016-007844,04-02-2016,"08:43:34 a.m.","LA VIDENA            ","SERVICIO ESPECIAL",AMB-8,,
2016-007843,04-02-2016,"08:40:30 a.m.",,"EMERGENCIA MEDICA",SAMU-6,-12.1673312703986,-77.0260671848805
2016-007842,04-02-2016,"08:33:52 a.m.","  JR. ALBERTO SECADA 419        CALLAO","EMERGENCIA MEDICA",MED-34,-12.0632958523477,-77.1433719971173
2016-007841,04-02-2016,"08:33:22 a.m.","  CL. A. GARLAND 600        SAN MARTIN DE PORRES","MATERIALES PELIGROSOS (INCIDENTE)","M65-2, SAMU-21",-12.0196876933955,-77.0517617842673
2016-007840,04-02-2016,"08:22:05 a.m.","  AV. 9 DE DICIEMBRE (PASEO COLON) 454        LIMA","EMERGENCIA MEDICA",AMB-14,-12.0603732950051,-77.0406182960571
2016-007839,04-02-2016,"08:20:29 a.m.","  AV. MARTIR JOSE OLAYA 600        CHORRILLOS","EMERGENCIA MEDICA",SAMU-6,-12.1683423305424,-77.0268520331154
2016-007838,04-02-2016,"08:17:55 a.m.","  JR. MARTE 431        LIMA","EMERGENCIA MEDICA",SAMU-83,-12.0671661959072,-77.0692344985104
2016-007837,04-02-2016,"08:14:04 a.m.","URB. FONAVI LOTE  L            PISCO","EMERGENCIA MEDICA",AMB-37,,
2016-007836,04-02-2016,"08:10:55 a.m.","AV. LIBERTADORES  KM.  12            AYACUCHO","EMERGENCIA MEDICA",MED-63,,
2016-007835,04-02-2016,"08:02:46 a.m.","  JR. SAN MARTIN 3991       SAN MARTIN DE PORRES","EMERGENCIA MEDICA",SAMU-168,-12.0271236485211,-77.0906176181351
2016-007834,04-02-2016,"07:56:12 a.m.","AV. TUPAC AMARU (GERARDO UNGER) CRUCE CON AV. LOS ALISOS INDEPENDENCIA            INDEPENDENCIA","EMERGENCIA MEDICA",SAMU-168,-11.9830794343959,-77.0588356232395
2016-007833,04-02-2016,"07:42:43 a.m.","  AV. CAQUETA 800        RIMAC","EMERGENCIA MEDICA",SAMU-10,-12.0349028248959,-77.0436006312927
2016-007832,04-02-2016,"07:38:40 a.m.","  CL. SAN HERMENEGILDO 282        CHORRILLOS","EMERGENCIA MEDICA",SAMU-6,-12.2151607987447,-77.0061154252238
2016-007831,04-02-2016,"07:14:49 a.m.","UR. SAGITARIO             SANTIAGO DE SURCO","EMERGENCIA MEDICA",AMB134-2,-12.1645627865796,-76.9963539644266
2016-007830,04-02-2016,"06:59:09 a.m.","CARRETERAS - PANAMERICANAS PANAMERICANA NORTE 30            ","EMERGENCIA MEDICA",SAMU-150,-11.8675103485633,-77.0724761672919
2016-007829,04-02-2016,"06:38:14 a.m.","  JR. MANUEL CISNEROS 400        LA VICTORIA","EMERGENCIA MEDICA",SAMU-10,-12.0656178371305,-77.0215825661681
2016-007828,04-02-2016,"06:23:01 a.m.","UR. PEDRO RUIZ GALLO M            CALLAO","EMERGENCIA MEDICA",AMB-7,-12.0508898029515,-77.1046323587177
2016-007827,04-02-2016,"06:20:22 a.m.","  CL. EL MELONAR 175        MIRAFLORES","EMERGENCIA MEDICA",SAMU-120,-12.1212600515012,-77.0103383965146
2016-007826,04-02-2016,"05:57:10 a.m.","  AL. DEL ALBA 153        SANTIAGO DE SURCO","EMERGENCIA MEDICA",AMB-16,-12.1274835324041,-76.9904070145594
2016-007825,04-02-2016,"05:51:00 a.m.","  PR. JAVIER PRADO ESTE 6420       LA MOLINA","EMERGENCIA MEDICA",SAMU-127,-12.0687325986309,-76.9489636667732
2016-007824,04-02-2016,"05:47:23 a.m.","  CL. GIUSEPPE VERDI 151        SAN BORJA","EMERGENCIA MEDICA",AMB-28,-12.0994083419062,-76.9961375692014
2016-007823,04-02-2016,"05:34:11 a.m.","  AV. RAMON VARGAS MACHUCA 500        SAN JUAN DE MIRAFLORES","ACCIDENTE VEHICULAR","M120-1, RES-134, SAMU-120",-12.1649394512306,-76.9714749720555
2016-007822,04-02-2016,"05:09:55 a.m.","  JR. CINERARIA (NICOLAS RODRIGO) (A) 000        SANTIAGO DE SURCO","EMERGENCIA MEDICA",SAMU-127,-12.098070859464,-76.9639260120697
2016-007821,04-02-2016,"04:49:30 a.m.","AV. INFANTAS (PANAMERICANA NORTE) CRUCE CON AV. CENTRAL LOS OLIVOS            LOS OLIVOS","ACCIDENTE VEHICULAR","CIST124-4, M161-1, SAMU-168",-11.9586810419404,-77.0694822563005
2016-007820,04-02-2016,"04:46:24 a.m.","  AV. LA MARINA 2355       SAN MIGUEL","EMERGENCIA MEDICA",AMB-36,-12.0782274947639,-77.0876645088766
2016-007819,04-02-2016,"04:45:46 a.m.","  JR. UCAYALI 000        CALLAO","EMERGENCIA MEDICA",AMB-7,-12.0426600277056,-77.109434261401
2016-007818,04-02-2016,"04:42:34 a.m.","  JR. LORETO 239        CALLAO","EMERGENCIA MEDICA",AMB-1,,
2016-007817,04-02-2016,"04:35:26 a.m.","  AV. UNIVERSITARIA 500        SAN MIGUEL","EMERGENCIA MEDICA",AMB-1,-12.0844488199882,-77.0828710526747
2016-007816,04-02-2016,"04:22:22 a.m.","  AV. CAMINOS DEL INCA 2100       SANTIAGO DE SURCO","MATERIALES PELIGROSOS (INCIDENTE)","AMB134-2, M11-1, M120-1, RES-134",-12.1321955986862,-76.9827592779834
2016-007815,04-02-2016,"04:21:02 a.m.","  PJ. INDEPENDENCIA 249        SAN JUAN DE LURIGANCHO","EMERGENCIA MEDICA",SAMU-2,-12.0362055201696,-77.0141628994721
2016-007814,04-02-2016,"03:27:20 a.m.","SUBIDA A PARCONA             ICA","EMERGENCIA MEDICA",AMB-22,,
2016-007813,04-02-2016,"03:21:06 a.m.","CERRO PINEROLO             LA MOLINA","EMERGENCIA MEDICA",MED-96,,
2016-007812,04-02-2016,"03:07:30 a.m.","MALECON DE LA  MARINA PARQUE DEL AMOR            ","EMERGENCIA MEDICA",AMB-16,,
2016-007811,04-02-2016,"03:06:22 a.m.","PLAZA DE ARMAS DE CHANCAY            CHANCAY",INCENDIO,M80-1,,
2016-007810,04-02-2016,"03:03:21 a.m.","  JR. HUANUCO 579        LIMA",INCENDIO,M2-1,-12.0492571563391,-77.0195608346414
2016-007809,04-02-2016,"03:02:00 a.m.","  CL. CANTA  SAN FELIPE 125        COMAS","EMERGENCIA MEDICA",AMB-164,-11.9036570986534,-77.0403474656465
2016-007808,04-02-2016,"02:40:13 a.m.","  JR. MADRE DE DIOS (16) 3816       SAN MARTIN DE PORRES","EMERGENCIA MEDICA",AMB-7,-12.0367398882516,-77.0929256457683
2016-007807,04-02-2016,"02:15:51 a.m.","  JR. LIBERTAD (LUIS E. MARQUEZ) 109        BARRANCO","EMERGENCIA MEDICA",AMB-16,-12.1534473125634,-77.0212260286844
2016-007806,04-02-2016,"02:14:04 a.m.","  CL. ARUBA (34)  STA PATRICIA 125        LA MOLINA","EMERGENCIA MEDICA",MED-96,-12.0714457786678,-76.9386465481157
2016-007805,04-02-2016,"02:11:31 a.m.","  AV. BALTAZAR LA TORRE  DPT  1  750        SAN ISIDRO","EMERGENCIA MEDICA",AMB-100,-12.1000883596305,-77.0555520732857
2016-007804,04-02-2016,"01:32:29 a.m.","AH DIGNIDAD NACIONAL             MALA",INCENDIO,M111-1,,
2016-007803,04-02-2016,"01:16:50 a.m.","AV. LAS LOMAS CRUCE CON AV. LURIGANCHO SAN JUAN DE LURIGANCHO            SAN JUAN DE LURIGANCHO","EMERGENCIA MEDICA",SAMU-121,-12.0178878035694,-76.9901126251848
2016-007802,04-02-2016,"01:08:25 a.m.","CP  BARBARAS  DE CHILE            BARRANCA","EMERGENCIA MEDICA",AMB-73,,
2016-007801,04-02-2016,"01:04:02 a.m.","CL. JOSE CHOQUEHUANCA (CRISTOBAL COLON) CRUCE CON AV. LOS CONQUISTADORES SAN ISIDRO            SAN ISIDRO","ACCIDENTE VEHICULAR","M4-1, MATPEL-4, SAMU-4",-12.0990604332051,-77.0363572369622
2016-007800,04-02-2016,"01:01:10 a.m.","AV. DEL PARQUE 500        ICA","ACCIDENTE VEHICULAR","AMB-22, M22-1",,
2016-007799,04-02-2016,"01:00:32 a.m.","  JR. COLON 292        CALLAO","EMERGENCIA MEDICA",AMB-1,-12.0624029161331,-77.1448600768024
2016-007798,04-02-2016,"12:59:39 a.m.","  CL. ARNALDO MARQUEZ 319        COMAS","EMERGENCIA MEDICA",AMB124-2,-11.9396163432233,-77.0542661025837
2016-007797,04-02-2016,"12:46:35 a.m.","AV. JOSE CARLOS MARIATEGUI (CALLE REAL) CRUCE CON AV. JOSE DE LA RIVA AGUERO EL AGUSTINO            EL AGUSTINO","EMERGENCIA MEDICA",SAMU-138,-12.0402228523334,-76.9974902779699
2016-007796,04-02-2016,"12:38:37 a.m.","  JR. TRUJILLO 813        RIMAC","EMERGENCIA MEDICA",SAMU-2,-12.0364193293128,-77.0285309453545
2016-007795,04-02-2016,"12:33:43 a.m.","SAN ANTONIO ESTE             RIMAC",RESCATE,M2-1,,
2016-007794,04-02-2016,"12:15:33 a.m.","  JR. CARLOS ARRIETA (JOSE MANUEL GENERAL PEREYRA) 111        BARRANCO","EMERGENCIA MEDICA",AMB-16,,
2016-007793,04-02-2016,"12:12:27 a.m.","  JR. CORONEL JOAQUIN BERNAL 800        LINCE","EMERGENCIA MEDICA",AMB-100,-12.0876473655389,-77.0407087584533
2016-007792,04-02-2016,"12:07:37 a.m.","PANAMERICANA SUR KM 83 NUEVO SAN ANTONIO              MALA",INCENDIO,M111-1,,
2016-007791,04-02-2016,"12:04:51 a.m.",,"EMERGENCIA MEDICA",SAMU-168,-12.0145309827594,-77.0741064448625
