ID,FECHA,HORA,DIRECCION,TIPO,UNIDADES,"CORDENADAS (lat)","CORDENADAS (lng)"
2016-030703,08-05-2016,"11:54:16 p.m.",,"EMERGENCIA MEDICA",AMB-65-2,-12.0191214151358,-77.0569403832831
2016-030702,08-05-2016,"11:45:08 p.m.","UV. MIRONES BLOCK 41            LIMA",INCENDIO,M14-1,-12.0530905518237,-77.0685592949965
2016-030701,08-05-2016,"11:39:22 p.m.","  AV. LA PAZ 463        LA PERLA","EMERGENCIA MEDICA",AMB-7,-12.0700470783081,-77.1303603012022
2016-030700,08-05-2016,"11:28:29 p.m.",,"EMERGENCIA MEDICA",AMB-7,,
2016-030699,08-05-2016,"11:17:30 p.m.","CA. CENTRAL KM 40.5            LURIGANCHO","ACCIDENTE VEHICULAR",AMB-7,,
2016-030698,08-05-2016,"11:14:58 p.m.","  PJ. CAPRI 172        LA VICTORIA","EMERGENCIA MEDICA",AMB-6,-12.0879973235571,-77.0140652253347
2016-030697,08-05-2016,"11:11:47 p.m.","  JR. ANTONIO MIROQUESADA 1244       CALLAO","EMERGENCIA MEDICA",AMB-7,-12.0585061641178,-77.1345185073769
2016-030696,08-05-2016,"10:59:28 p.m.","AV. JUAN E. PAZOS CRUCE CON PR. CAMINO REAL SANTIAGO DE SURCO            SANTIAGO DE SURCO","EMERGENCIA MEDICA",AMB-7,,
2016-030695,08-05-2016,"10:52:25 p.m.","CARRETERAS - PANAMERICANAS CARRETERA CENTRAL 7.5            ATE","EMERGENCIA MEDICA",SAMU-138,-12.0246054233909,-76.9157856715038
2016-030694,08-05-2016,"10:51:00 p.m.","CARRETERAS - PANAMERICANAS PANAMERICANA NORTE 26.6            PUENTE PIEDRA","EMERGENCIA MEDICA",AMB-150,-11.8954264325088,-77.0678087790362
2016-030693,08-05-2016,"10:39:28 p.m.","  JR. MARISCAL RAMON CASTILLA (MANCO INCA) 412        RIMAC","EMERGENCIA MEDICA",SAMU-21,-12.0356928073518,-77.0397675801216
2016-030692,08-05-2016,"10:36:10 p.m.","  CL. MARQUEZ DE VILLA GARCIA (CONDE MILLA) 181        SANTIAGO DE SURCO",INCENDIO,M28-1,-12.1440352238342,-76.9951896423221
2016-030691,08-05-2016,"10:31:50 p.m.","AV. INCA GARCILAZO DE LA VEGA (WILSON) CRUCE CON JR. QUILCA LIMA            LIMA","EMERGENCIA MEDICA",AMB-14,-12.0510178988367,-77.0388334558032
2016-030690,08-05-2016,"10:30:04 p.m.","  JR. JULIO MINI RIVAS 260        SAN MARTIN DE PORRES","EMERGENCIA MEDICA",AMB-65-2,-12.014241409199,-77.0712019512948
2016-030689,08-05-2016,"10:25:10 p.m.","AV. PRINCIPAL (C) CRUCE CON PJ. SAN FRANCISCO (SAMIRIA) SURQUILLO            SURQUILLO","EMERGENCIA MEDICA",SAMU-134,-12.1148939099811,-77.0070545423009
2016-030688,08-05-2016,"10:24:58 p.m.","  CL. JOSE OLAYA--MZ D LOTE 17 CDRA 7 DE ESPINAR  100        BELLAVISTA","EMERGENCIA MEDICA",SAMU-134,-12.0650624917611,-77.1332227651891
2016-030687,08-05-2016,"10:20:32 p.m.","  CL. GERMAN APARICIO 277        SAN MARTIN DE PORRES","MATERIALES PELIGROSOS (INCIDENTE)","M60-5, M65-1",-12.0278106199406,-77.0791207542404
2016-030686,08-05-2016,"10:10:31 p.m.","AV. TUPAC AMARU (GERARDO UNGER) 000        INDEPENDENCIA","EMERGENCIA MEDICA",SAMU-10,-12.0071354497064,-77.053858665548
2016-030685,08-05-2016,"10:08:26 p.m.","AV. LA ATARJEA CRUCE CON AV. CIRCUNVALACION (VIA DE EVITAMIENTO) EL AGUSTINO            EL AGUSTINO","ACCIDENTE VEHICULAR","M138-4, RES-138, SAMU-127",-12.0395791858095,-76.9878127706436
2016-030684,08-05-2016,"10:02:47 p.m.","  CL. LOS NOGALES 000        SAN MIGUEL","EMERGENCIA MEDICA",AMB-7,-12.0630899940901,-77.0858409056552
2016-030683,08-05-2016,"10:00:25 p.m.","  JR. JUAN PABLO VIZCARDO Y GUZMAN (GUADALUPE) 207        LA VICTORIA","EMERGENCIA MEDICA","AMB-14, SAMU-8",-12.0783773806715,-77.0200163211029
2016-030682,08-05-2016,"09:58:27 p.m.","CL. MIGUEL GRAU            PARAMONGA","EMERGENCIA MEDICA","AMB-14, SAMU-8",,
2016-030681,08-05-2016,"09:55:22 p.m.","SAN GENARO             CHORRILLOS",INCENDIO,"M120-1, M28-1, M6-1, SAMU-6",,
2016-030680,08-05-2016,"09:54:02 p.m.","  CL. LOS CHASQUIS 7255       LOS OLIVOS","EMERGENCIA MEDICA",SAMU-161,-12.0035417779745,-77.0684691854352
2016-030679,08-05-2016,"09:44:06 p.m.","  AV. REPUBLICA DE PANAMA 4400       SURQUILLO","EMERGENCIA MEDICA",SAMU-4,-12.109369361877,-77.018373568158
2016-030678,08-05-2016,"09:37:03 p.m.","PR. TACNA 100        ","EMERGENCIA MEDICA",SAMU-4,-12.0404776206759,-77.0335700699163
2016-030677,08-05-2016,"09:33:56 p.m.","JOSE GALVEZ             VILLA EL SALVADOR","EMERGENCIA MEDICA",SAMU-4,,
2016-030676,08-05-2016,"09:29:35 p.m.","  JR. JUNIN 1000       LIMA","EMERGENCIA MEDICA",SAMU-4,-12.0508673696101,-77.0212400929561
2016-030675,08-05-2016,"09:27:47 p.m.","CARRETERA SAYAN   KM 20            ","ACCIDENTE VEHICULAR",M80-1,,
2016-030674,08-05-2016,"09:27:31 p.m.","CARRETERA PENETRACION            ","ACCIDENTE VEHICULAR","M80-1, MED-80",,
2016-030673,08-05-2016,"09:26:42 p.m.","VALLECITO ALTO  AV TINGO MARIA  1090       VILLA MARIA DEL TRIUNFO",RESCATE,"AMB-106, M106-1",,
2016-030672,08-05-2016,"09:23:37 p.m.","FERROCARRIL            SANTA ANITA","EMERGENCIA MEDICA",AMB-138,,
2016-030671,08-05-2016,"09:23:31 p.m.","  CL. LOS SAUCES (LOS SAUCOS) 125        LA MOLINA","EMERGENCIA MEDICA",MED-96,-12.0924696555478,-76.9478460468853
2016-030670,08-05-2016,"09:15:22 p.m.","ENTRADA ORONGO   AV 7            ",INCENDIO,"M22-1, RES-193",,
2016-030669,08-05-2016,"09:07:41 p.m.","  AV. LOS ALISOS 200        INDEPENDENCIA","MATERIALES PELIGROSOS (INCIDENTE)","M124-1, M65-1",-11.9834889174315,-77.060205119035
2016-030668,08-05-2016,"09:03:49 p.m.","  PJ. NICOLAS ALCAZAR 190        PUEBLO LIBRE","EMERGENCIA MEDICA","M124-1, M65-1",-12.0816607734032,-77.0634257816724
2016-030667,08-05-2016,"09:02:10 p.m.","  CL. LAS TORONJAS 223        INDEPENDENCIA","EMERGENCIA MEDICA",SAMU-168,-11.9877204286767,-77.0605915009658
2016-030666,08-05-2016,"09:00:16 p.m.","  CL. CIPRIANO NICANOR RIVAS (PARAGUAY) 155        CHORRILLOS","EMERGENCIA MEDICA",SAMU-6,-12.1690278145858,-77.0249805516507
2016-030665,08-05-2016,"08:58:31 p.m.","  AV. JUAN NICOLINI 300        SAN MARTIN DE PORRES","EMERGENCIA MEDICA",AMB-65-2,-12.0180758962071,-77.0555128341209
2016-030664,08-05-2016,"08:54:33 p.m.","  JR. ENRIQUE ECHENIQUE 800        MAGDALENA DEL MAR","EMERGENCIA MEDICA",AMB-202,-12.0884643247533,-77.0739075504239
2016-030663,08-05-2016,"08:42:03 p.m.","SANTA ROSA AHORCADO             SAYAN","ACCIDENTE VEHICULAR","AMB-216, M216-4",,
2016-030662,08-05-2016,"08:33:40 p.m.","  JR. ICA LETRA E 458        LIMA","EMERGENCIA MEDICA",AMB-14,-12.0448651012472,-77.0355513409363
2016-030661,08-05-2016,"08:28:57 p.m.","  AV. RIMAC CIUDADELA CHALACA   377        CALLAO","EMERGENCIA MEDICA","MED-9, RES-15",-12.047929213839,-77.1306709850122
2016-030660,08-05-2016,"08:24:42 p.m.","JR TRUJILLO 830        RIMAC","EMERGENCIA MEDICA",AMB-21,,
2016-030659,08-05-2016,"08:20:24 p.m.","CARRETERAS - PANAMERICANAS PANAMERICANA NORTE 48            SANTA ROSA","ACCIDENTE VEHICULAR","AMB-150, M150-1, M184-1",-11.7824160586679,-77.1571639033775
2016-030658,08-05-2016,"08:09:51 p.m.","  AV. DE LOS INSURGENTES 880        SAN MIGUEL","EMERGENCIA MEDICA","AMB-150, M150-1, M184-1",-12.0667725015516,-77.1038947310601
2016-030657,08-05-2016,"08:06:34 p.m.","  CL. JESUS MORALES 792        SAN JUAN DE MIRAFLORES","EMERGENCIA MEDICA",AMB-120,-12.1607472698865,-76.9756250402343
2016-030656,08-05-2016,"08:00:31 p.m.",,"EMERGENCIA MEDICA",MED-96,-12.0789411944125,-76.9164152138334
2016-030655,08-05-2016,"07:53:34 p.m.","  JR. GALILEO GALILEI (2) 100        SANTIAGO DE SURCO","EMERGENCIA MEDICA",AMB134-2,-12.157942828789,-76.9935722523997
2016-030654,08-05-2016,"07:45:50 p.m.","AL. CORONEL ANDRES RAZURI CRUCE CON CL. MATEO PUMACAHUA (10) SANTIAGO DE SURCO            ","EMERGENCIA MEDICA",SAMU-134,-12.151684815573,-76.9847622035058
2016-030653,08-05-2016,"07:41:45 p.m.",,"EMERGENCIA MEDICA",MED-202,-12.0525378505116,-77.0470411399042
2016-030652,08-05-2016,"07:33:35 p.m.","  AV. EVITAMIENTO (CIRCUNVALACION) 000        RIMAC","EMERGENCIA MEDICA",MED-202,-12.0413907825696,-77.0185372857289
2016-030651,08-05-2016,"07:30:27 p.m.",,"EMERGENCIA MEDICA",MED-9,-12.0722762574883,-77.1213653232923
2016-030650,08-05-2016,"07:26:17 p.m.","B 63            ","MATERIALES PELIGROSOS (INCIDENTE)",MED-9,,
2016-030649,08-05-2016,"07:23:28 p.m.","AV. TOMAS VALLE 2300       SAN MARTIN DE PORRES",INCENDIO,"M60-5, M65-1, SAMU-168",,
2016-030648,08-05-2016,"07:19:57 p.m.","HACIENDA HUANDO              HUARAL","EMERGENCIA MEDICA",M44-1,,
2016-030647,08-05-2016,"07:14:56 p.m.","JR. SANTA ROSA  CRUCE AV. PRIMAVERA            PUEBLO NUEVO","ACCIDENTE VEHICULAR",MED-38,,
2016-030646,08-05-2016,"07:08:12 p.m.","AV. CENTRAL CRUCE CON AV. HEROES DEL CENEPA ESTE (BAYOVAR) SAN JUAN DE LURIGANCHO            SAN JUAN DE LURIGANCHO","EMERGENCIA MEDICA",MED-38,-11.9607587558766,-76.9842244593791
2016-030645,08-05-2016,"07:07:44 p.m.","  CL. MIGUEL GRAU 700        BELLAVISTA",RESCATE,RES-15,-12.0652782268173,-77.1290968942435
2016-030644,08-05-2016,"07:04:01 p.m.","CL  SAN CARLOS            NAZCA","EMERGENCIA MEDICA",AMB-82,,
2016-030643,08-05-2016,"07:00:56 p.m.","  JR. TACNA (PASCUAL DE VIVERO) 993        MAGDALENA DEL MAR",RESCATE,RES-36,-12.0895818530146,-77.0708431040659
2016-030642,08-05-2016,"06:57:40 p.m.","UR. CIUDAD DEL PESCADOR SECTOR II (BELLAVISTA) MZ  L2 LT 10            BELLAVISTA","EMERGENCIA MEDICA",MED-9,-12.0626378720558,-77.1043526034327
2016-030641,08-05-2016,"06:57:35 p.m.","AV. MANUEL CANDAMO  400        LINCE","EMERGENCIA MEDICA",SAMU-4,,
2016-030640,08-05-2016,"06:56:16 p.m.","CL. 23 (23 DE DICIEMBRE) 297        INDEPENDENCIA","EMERGENCIA MEDICA",AMB-65-2,-12.0133271774684,-77.0482672026435
2016-030639,08-05-2016,"06:52:33 p.m.","  AV. AVIACION  4300       SURQUILLO","EMERGENCIA MEDICA",SAMU-127,-12.1190131192733,-76.9981636094574
2016-030638,08-05-2016,"06:45:48 p.m.","VIA EXPRESA ALT. ESTACION 28 DE JULIO DEL METROPOLITANO            MIRAFLORES","ACCIDENTE VEHICULAR","M28-1, RES-28, SAMU-16",-12.1249294485799,-77.0239679292657
2016-030637,08-05-2016,"06:43:04 p.m.","  CL. REPUBLICA DOMINICANA 400        JESUS MARIA","EMERGENCIA MEDICA",AMB-202,-12.0745817737468,-77.0482731053637
2016-030636,08-05-2016,"06:29:59 p.m.","CL. SAN MARTIN             SANTA MARIA","ACCIDENTE VEHICULAR",AMB-20,,
2016-030635,08-05-2016,"06:29:20 p.m.","  AV. VENEZUELA 2100       LIMA",INCENDIO,"M36-1, M60-5, RES-36, SAMU-10",-12.0565563562688,-77.0621579353023
2016-030634,08-05-2016,"06:25:48 p.m.","  CL. VIRGEN DEL CARMEN 000        ","EMERGENCIA MEDICA",MED-34,-12.0463735011833,-77.1366421249404
2016-030633,08-05-2016,"06:23:00 p.m.","CH. PALOMINO BLCOK 10 ENTRADA 2 DEP 20            LIMA","EMERGENCIA MEDICA",SAMU-36,-12.0592910906859,-77.0714843924023
2016-030632,08-05-2016,"06:20:47 p.m.","AV. 5 DE AGOSTO (LAS TORRES)AAHH CERRO CAMOTE 000        LURIGANCHO","ACCIDENTE VEHICULAR","M138-1, SAMU-169",-11.9824598207833,-76.9406758281904
2016-030631,08-05-2016,"06:16:38 p.m.","CA. BOLOGNESI 300        PISCO","EMERGENCIA MEDICA",AMB-37,,
2016-030630,08-05-2016,"06:16:13 p.m.","AH. JULIO CESAR TELLO H6 LTE 5 CL. LOS NARANJOS            ","MATERIALES PELIGROSOS (INCIDENTE)","AMB-155, M129-1",-12.2506699629436,-76.8944308193019
2016-030629,08-05-2016,"06:13:56 p.m.","CL. SANTOS NAVARO CRUCE CL. CAQUETA            ","EMERGENCIA MEDICA",MED-38,,
2016-030628,08-05-2016,"06:07:19 p.m.","  CL. CONSTELACION AUSTRAL 100        CHORRILLOS","EMERGENCIA MEDICA",SAMU-6,-12.1735988297149,-76.9906428200454
2016-030627,08-05-2016,"06:04:02 p.m.","  AV. JORGE BASADRE (ORRANTIA) 400        SAN ISIDRO",RESCATE,M202-1,-12.0948362964307,-77.0370426098414
2016-030626,08-05-2016,"06:00:41 p.m.","CL. CARACAS 145        LA MOLINA","EMERGENCIA MEDICA",MED-96,,
2016-030625,08-05-2016,"05:56:19 p.m.","  CL. PRECIADOS (4) 600        SANTIAGO DE SURCO","EMERGENCIA MEDICA",AMB134-2,-12.1234566123663,-76.9981429164292
2016-030624,08-05-2016,"05:54:41 p.m.","  JR. MOQUEGUA (MALAMBITO) 137        LIMA","EMERGENCIA MEDICA",SAMU-2,-12.0496016800804,-77.0345439509504
2016-030623,08-05-2016,"05:49:04 p.m.","AV. FERNANDO WIESE (PROCERES DE LA INDEPENDENCIA) 4200       SAN JUAN DE LURIGANCHO","EMERGENCIA MEDICA",SAMU-2,-11.9598436569228,-76.9872592598515
2016-030622,08-05-2016,"05:48:43 p.m.","AH. CIUDADELA CHALACA O LT 10            CALLAO","EMERGENCIA MEDICA",MED-34,-12.0487091813618,-77.131634563322
2016-030621,08-05-2016,"05:43:49 p.m.","  JR. MARACAIBO 1526       SAN MARTIN DE PORRES","EMERGENCIA MEDICA",SAMU-161,-12.0303795643676,-77.0617246455757
2016-030620,08-05-2016,"05:38:11 p.m.","  JR. PAITA 483        RIMAC","EMERGENCIA MEDICA",SAMU-21,-12.0388032089201,-77.0300885768177
2016-030619,08-05-2016,"05:37:53 p.m.","  CL. LOS TULIPANES 140        INDEPENDENCIA","EMERGENCIA MEDICA",AMB-65-2,-12.0005109469664,-77.0532231069609
2016-030618,08-05-2016,"05:31:36 p.m.","  CL. LAS CALENDULAS (AMAPOLAS) 516        SAN JUAN DE LURIGANCHO",INCENDIO,M121-1,-12.0209602961855,-77.0130431209685
2016-030617,08-05-2016,"05:19:29 p.m.","SAN BORJA SUR            ","EMERGENCIA MEDICA",M121-1,,
2016-030616,08-05-2016,"05:19:26 p.m.","  JR. ANGARAES 500        LIMA","EMERGENCIA MEDICA",SAMU-2,-12.0451458974531,-77.0406638632528
2016-030615,08-05-2016,"05:14:24 p.m.",,"EMERGENCIA MEDICA",AMB-36,-12.0563638470875,-77.0548016018526
2016-030614,08-05-2016,"05:10:49 p.m.","  AV. CARLOS IZAGUIRRE (2) 1800       SAN MARTIN DE PORRES","EMERGENCIA MEDICA",MED-9,-11.9913078466341,-77.0870942530962
2016-030613,08-05-2016,"05:08:44 p.m.","  CL. MARIANO MELGAR 802        ","EMERGENCIA MEDICA",AMB-106,-12.1633991547544,-76.9454331835149
2016-030612,08-05-2016,"05:05:30 p.m.","  CL. LA APACHETA 306        SAN MIGUEL","MATERIALES PELIGROSOS (INCIDENTE)","M60-5, SAMU-36",,
2016-030611,08-05-2016,"04:47:12 p.m.","AV. SANTA ELENA              AYACUCHO","EMERGENCIA MEDICA","M60-5, SAMU-36",,
2016-030610,08-05-2016,"04:45:00 p.m.","  JR. CESAR VALLEJO 440        COMAS",INCENDIO,M124-1,-11.9126672935026,-77.0243466356922
2016-030609,08-05-2016,"04:41:42 p.m.","  CL. DANIEL TIMORAN 189        SAN JUAN DE MIRAFLORES","EMERGENCIA MEDICA",AMB-106,-12.1628435246365,-76.9775562619899
2016-030608,08-05-2016,"04:37:50 p.m.","  AV. LA ENCALADA (APU KONTIKI) 1600       SANTIAGO DE SURCO","ACCIDENTE VEHICULAR","AMB-138, M138-1, SAMU-169",-12.1007132099264,-76.9695987335308
2016-030607,08-05-2016,"04:33:31 p.m.","AV. EL SOL CRUCE CON AV. 13 DE ENERO (LIMA) SAN JUAN DE LURIGANCHO            SAN JUAN DE LURIGANCHO",INCENDIO,"M121-1, RES-2, SAMU-121",-11.9858378466269,-77.0032855931851
2016-030606,08-05-2016,"04:26:10 p.m.","  AV. EL CONDADO 295        LA MOLINA","EMERGENCIA MEDICA",MED-96,-12.1072027598945,-76.9388120454408
2016-030605,08-05-2016,"04:21:30 p.m.","AV. LAS AMERICAS CRUCE CON JR. IGNACIO COSSIO LA VICTORIA             LA VICTORIA","EMERGENCIA MEDICA",MED-96,,
2016-030604,08-05-2016,"04:16:11 p.m.","  AV. ALEJANDRO VELASCO ASTETE 1331       SANTIAGO DE SURCO","EMERGENCIA MEDICA",SAMU-134,-12.1178728280087,-76.983907887988
2016-030603,08-05-2016,"04:13:14 p.m.","  PR. LAS LOMAS 1200       SAN JUAN DE LURIGANCHO",INCENDIO,"M121-1, RES-2, SAMU-121",-12.0134033025811,-76.9859630701743
2016-030602,08-05-2016,"04:12:07 p.m.","JR. ALFONSO UGARTE CRUCE CON PR. MARIATEGUI SANTIAGO DE SURCO            SANTIAGO DE SURCO","EMERGENCIA MEDICA",SAMU-16,-12.1489411972207,-77.0157827534259
2016-030601,08-05-2016,"04:08:08 p.m.","  AV. CIRCUNVALACION 1300       LA VICTORIA","EMERGENCIA MEDICA",SAMU-8,-12.0667543507761,-76.9977623373999
2016-030600,08-05-2016,"04:00:59 p.m.","CARRETERAS - PANAMERICANAS AV TUPAC AMARU 14            COMAS",INCENDIO,M124-1,-11.9337454338571,-77.0466706098379
2016-030599,08-05-2016,"03:54:18 p.m.","  JR. MONTE CARMELO 288        SANTIAGO DE SURCO",RESCATE,"M120-1, SAMU-127",-12.1138781352598,-76.9852836344444
2016-030598,08-05-2016,"03:51:30 p.m.","  JR. JUNIN 219        LIMA","EMERGENCIA MEDICA","M120-1, SAMU-127",,
2016-030597,08-05-2016,"03:50:34 p.m.","CARRETERAS - PANAMERICANAS PANAMERICANA NORTE 39.5            ","EMERGENCIA MEDICA",SAMU-150,-11.8002371999846,-77.138102389307
2016-030596,08-05-2016,"03:36:09 p.m.","  CL. GENERAL DE VIVANCO (FRAY AGUSTIN DE ZARATE) 206        RIMAC","EMERGENCIA MEDICA",SAMU-2,-12.0341548350102,-77.0404475799561
2016-030595,08-05-2016,"03:12:26 p.m.","  JR. NICOLAS DE PIEROLA 671        CALLAO","EMERGENCIA MEDICA",SAMU-36,-12.0567069792549,-77.1396048755121
2016-030594,08-05-2016,"03:12:16 p.m.","CL. CATALINO MIRANDA (JULIO WINDER) CRUCE CON JR. GARCIA Y GARCIA (CESAR CONTRERAS) BARRANCO            BARRANCO","MATERIALES PELIGROSOS (INCIDENTE)","M100-1, SAMU-16",-12.1392820854417,-77.0137729885578
2016-030593,08-05-2016,"03:10:23 p.m.","AV. LAS PALMERAS CRUCE CON AV. LOS ALISOS LOS OLIVOS            LOS OLIVOS","EMERGENCIA MEDICA",AMB-65-2,-11.9839410483135,-77.0724374609795
2016-030592,08-05-2016,"03:03:06 p.m.","  AV. CIRCUNVALACION DEL CLUB GOLF LOS INCAS 286        SANTIAGO DE SURCO","EMERGENCIA MEDICA",AMB-65-2,-12.0759331266539,-76.9607881828929
2016-030591,08-05-2016,"02:59:58 p.m.","  JR. GENERAL MARIANO NECOCHEA (QUITO YUPANQUI) 720        RIMAC","EMERGENCIA MEDICA",SAMU-10,-12.0340733585951,-77.0420925917157
2016-030590,08-05-2016,"02:59:31 p.m.","AAHH RAMON CASTILLA MZ  5  LT  6  PRIMERA ETAPA DE BAYOBAR            SAN JUAN DE LURIGANCHO","EMERGENCIA MEDICA",SAMU-121,,
2016-030589,08-05-2016,"02:50:49 p.m.","AH. OASIS DE VILLA SECTOR 10 GRUPO  MZ  A LT  14             VILLA EL SALVADOR",INCENDIO,SAMU-121,-12.2380988033175,-76.9367252307857
2016-030588,08-05-2016,"02:45:11 p.m.","  AV. TOMAS MARSANO (ATOCONGO) 2400       SURQUILLO","EMERGENCIA MEDICA",SAMU-134,-12.12446878071,-77.0038995666984
2016-030587,08-05-2016,"02:39:17 p.m.","  AV. ALFREDO BENAVIDES 560        MIRAFLORES",RESCATE,M202-1,-12.1248210931764,-77.0273748568472
2016-030586,08-05-2016,"02:36:39 p.m.","  CL. VALENTIN ESPEJO (4) 269        ","EMERGENCIA MEDICA",AMB-106,-12.1679369797367,-76.9671186428287
2016-030585,08-05-2016,"02:34:01 p.m.","  AV. UNIVERSITARIA (BELLA UNION) 900        ",INCENDIO,M60-1,-12.0154486001345,-77.0785939319366
2016-030584,08-05-2016,"02:33:26 p.m.","  AV. ALFREDO BENAVIDES 560        MIRAFLORES",RESCATE,RES-100,-12.1248210931764,-77.0273748568472
2016-030583,08-05-2016,"02:32:55 p.m.",,"EMERGENCIA MEDICA","AMB-202, SAMU-14",-12.0681519225149,-77.0481949748945
2016-030582,08-05-2016,"02:32:04 p.m.","AV. REPUBLICA DE PANAMA (PANAMERICANA NORTE) CRUCE CON AV. EL SOL ESTE (MANUEL LAYNES) BARRANCO            BARRANCO",INCENDIO,"M100-1, M16-1, SAMU-16",-12.139001846355,-77.0178335573355
2016-030581,08-05-2016,"02:25:33 p.m.","PJ. VILLA EL SALVADOR SECTOR 2 GRUPO 10 D            VILLA EL SALVADOR","EMERGENCIA MEDICA",AMB-106,-12.2108600839278,-76.9373490293458
2016-030580,08-05-2016,"02:19:58 p.m.","CARRETERAS - PANAMERICANAS PANAMERICANA SUR 46            ","ACCIDENTE VEHICULAR",M155-1,-12.3718392668542,-76.7840574744243
2016-030579,08-05-2016,"02:17:11 p.m.","  CL. SAN FRANCISCO 300        COMAS","MATERIALES PELIGROSOS (INCIDENTE)",M150-1,-11.9069935433907,-77.039428814375
2016-030578,08-05-2016,"02:09:25 p.m.","AV. LOS PROCERES DE LA INDEPENDENCIA (CANTO GRANDE) 1700       SAN JUAN DE LURIGANCHO",INCENDIO,"M138-1, M3-1, RES-138, SAMU-121",,
2016-030577,08-05-2016,"02:05:35 p.m.","  CL. LA PEDRERA 253        RIMAC","EMERGENCIA MEDICA","M138-1, M3-1, RES-138, SAMU-121",-12.0262613100677,-77.0373465653328
2016-030576,08-05-2016,"02:04:14 p.m.","  AV. ABEL BERGASSE DU PETIT THOUARS 3300       ","EMERGENCIA MEDICA",AMB-202,-12.0949878473406,-77.0317730940118
2016-030575,08-05-2016,"02:03:47 p.m.","PLAYA PUERTO CHANCAY            CHANCAY","EMERGENCIA MEDICA",MED-80,,
2016-030574,08-05-2016,"02:03:01 p.m.","LIBERTADORES            SAN VICENTE DE CANETE","EMERGENCIA MEDICA",AMB-183,,
2016-030573,08-05-2016,"01:59:32 p.m.","NESTOR GAMBETA ALT PESQUERO            CALLAO","ACCIDENTE VEHICULAR","AMB-65-2, AMB124-2, M1-1, RES-15",-11.9896637824122,-77.1292647538093
2016-030572,08-05-2016,"01:51:56 p.m.","CP. GLORIA GRANDE C lt 14            ATE","EMERGENCIA MEDICA",MED-96,-12.0093348394171,-76.8597336054688
2016-030571,08-05-2016,"01:49:32 p.m.","  AV. DEFENSORES DEL MORRO (HUAYLAS) 940        ","EMERGENCIA MEDICA",MED-96,-12.1724946929179,-77.0207712380214
2016-030570,08-05-2016,"01:49:18 p.m.","AH. HUASCAR MZ 132 LT 2            SAN JUAN DE LURIGANCHO",INCENDIO,MED-96,-11.9553539379478,-77.0025886700507
2016-030569,08-05-2016,"01:48:21 p.m.","  JR. JUAN PABLO VIZCARDO Y GUZMAN (GUADALUPE) 207        LA VICTORIA","EMERGENCIA MEDICA",AMB-8,-12.0784462861652,-77.019129041648
2016-030568,08-05-2016,"01:43:51 p.m.","  CL. SAN JOSE 247        LURIGANCHO","EMERGENCIA MEDICA",AMB-32-2,-11.9138822995428,-76.6714877934306
2016-030567,08-05-2016,"01:42:08 p.m.","  AV. HILLMAN (1 OESTE) 144        SURQUILLO","MATERIALES PELIGROSOS (INCIDENTE)","M11-1, SAMU-4",-12.1148597696531,-77.001363064843
2016-030566,08-05-2016,"01:37:42 p.m.","  CL. LAS PRENSAS 252        INDEPENDENCIA","EMERGENCIA MEDICA",AMB124-2,-11.981409599947,-77.0615077331409
2016-030565,08-05-2016,"01:32:39 p.m.","  AV. SURCO 130        SANTIAGO DE SURCO","EMERGENCIA MEDICA",SAMU-134,-12.144057182337,-76.9968869742411
2016-030564,08-05-2016,"01:29:20 p.m.","  CL. VALENTIN ESPEJO (4) 269        SAN JUAN DE MIRAFLORES","EMERGENCIA MEDICA",SAMU-134,-12.1679369797367,-76.9671186428287
2016-030563,08-05-2016,"01:16:27 p.m.","AH. OASIS DE VILLA SECTOR 10 GRUPO 1 MZ  E LT 8            VILLA EL SALVADOR",INCENDIO,"M155-1, M16-1",-12.2365904962799,-76.9337095104907
2016-030562,08-05-2016,"01:08:10 p.m.","  AV. TUPAC AMARU 3.5 km     COMAS","EMERGENCIA MEDICA",SAMU-121,-11.9230222539282,-77.0424286473233
2016-030561,08-05-2016,"01:00:12 p.m.","PR. PEDRO MIOTTA 000        SAN JUAN DE MIRAFLORES",INCENDIO,M16-1,-12.1578230762768,-76.9808172904775
2016-030560,08-05-2016,"12:58:59 p.m.",,"EMERGENCIA MEDICA",AMB-202,-12.062265364806,-77.04686403273
2016-030559,08-05-2016,"12:56:32 p.m.","  AV. PANAMERICANA NORTE (ALFREDO MENDIOLA) 600        SAN MARTIN DE PORRES","ACCIDENTE VEHICULAR","AMB-202, M10-3, M65-2",-12.0240334578151,-77.0590633201239
2016-030558,08-05-2016,"12:50:13 p.m.","  JR. FELIPE PINGLO ALVA 200        COMAS",INCENDIO,"AMB-202, M10-3, M65-2",-11.9127212802701,-77.0270055990308
2016-030557,08-05-2016,"12:41:23 p.m.","JR. CAJAMARCA 700        RIMAC","EMERGENCIA MEDICA","M21-1, SAMU-10",-12.0404608703112,-77.0183049798694
2016-030556,08-05-2016,"12:39:26 p.m.","  CL. BARTOLOME HERRERA 000        VILLA MARIA DEL TRIUNFO","EMERGENCIA MEDICA","M21-1, SAMU-10",-12.1912922669474,-76.9314375276156
2016-030555,08-05-2016,"12:31:16 p.m.","AV. CAMINO REAL (ENTRADA RIO CHILLON) CRUCE CON AV. UNIVERSITARIA CARABAYLLO            CARABAYLLO",INCENDIO,"M21-1, SAMU-10",-11.8780658101744,-77.0261945370195
2016-030554,08-05-2016,"12:29:24 p.m.","AV. UNIVERSITARIA CRUCE CON AV. CAMINO REAL (ENTRADA RIO CHILLON) CARABAYLLO            CARABAYLLO",INCENDIO,"M124-1, M150-1, SAMU-150",-11.8780658101744,-77.0261945370195
2016-030553,08-05-2016,"12:25:20 p.m.","  AV. GENERAL JUAN ANTONIO ALVAREZ DE ARENALES 2304       LINCE",INCENDIO,MATPEL-4,-12.0876943144708,-77.0352000222575
2016-030552,08-05-2016,"12:22:52 p.m.",,"EMERGENCIA MEDICA",SAMU-14,-12.055236316549,-77.0500666199803
2016-030551,08-05-2016,"12:13:52 p.m.","  AV. PEDRO SILVA 928        SAN JUAN DE MIRAFLORES","EMERGENCIA MEDICA",AMB-120,-12.1669017093042,-76.9660280344893
2016-030550,08-05-2016,"11:53:33 a.m.","  JR. SANTANDER 251        PUEBLO LIBRE","ACCIDENTE VEHICULAR","AMB-36, M36-1, RES-36",-12.0714173484504,-77.0694058545537
2016-030549,08-05-2016,"11:49:47 a.m.",,"ACCIDENTE VEHICULAR","M121-1, M21-1, SAMU-121, SAMU-2",-11.9973517864319,-77.0152260344264
2016-030548,08-05-2016,"11:33:34 a.m.","ESTADIO MUNICIPAL DE NAZCA            NAZCA","EMERGENCIA MEDICA",MED-200,,
2016-030547,08-05-2016,"11:33:25 a.m.","  JR. MANCO SEGUNDO 2468       LINCE","EMERGENCIA MEDICA",SAMU-36,-12.0866457237625,-77.0460211253744
2016-030546,08-05-2016,"11:31:06 a.m.","  AV. CORONEL JOSE LEAL 100        LINCE","EMERGENCIA MEDICA",MED-202,-12.0848813398758,-77.0360005897144
2016-030545,08-05-2016,"11:23:11 a.m.","  AV. SANTIAGO ANTUNEZ DE MAYOLO 1600       LOS OLIVOS",INCENDIO,"M161-1, M65-1, SAMU-161",-11.9961629669961,-77.0835995219299
2016-030544,08-05-2016,"11:22:49 a.m.","  CL. PANCHO FIERRO 194        SAN ISIDRO","EMERGENCIA MEDICA",SAMU-4,-12.0975560193426,-77.0351149440094
2016-030543,08-05-2016,"11:19:41 a.m.","  AV. ALEJANDRO VELASCO ASTETE 1331       SANTIAGO DE SURCO","EMERGENCIA MEDICA",AMB134-2,-12.1178728280087,-76.983907887988
2016-030542,08-05-2016,"11:11:54 a.m.","  AV. EL SOL (LORENZO FRANGUELA) 500        RIMAC","EMERGENCIA MEDICA",SAMU-21,-12.0260766956328,-77.0257898385033
2016-030541,08-05-2016,"11:07:58 a.m.","  AV. CERRO CHICO (MARCONA) 100        SANTIAGO DE SURCO",INCENDIO,M16-1,-12.1355946457442,-76.9792143178758
2016-030540,08-05-2016,"11:00:59 a.m.","PANAMERICANA SUR KM 116            ","ACCIDENTE VEHICULAR","AMB-111, AMB-183, RES-49",,
2016-030539,08-05-2016,"10:58:12 a.m.","  CL. COROT  URB.  JACARANDA   156        ","EMERGENCIA MEDICA",SAMU-4,-12.0896457074094,-76.9878334741159
2016-030538,08-05-2016,"10:56:49 a.m.","  AV. SOTO BERMEO 106        SANTIAGO DE SURCO","EMERGENCIA MEDICA",SAMU-134,-12.1423373865401,-76.9921896218359
2016-030537,08-05-2016,"10:55:09 a.m.","  AV. TUPAC AMARU (GERARDO UNGER) 2160       INDEPENDENCIA","EMERGENCIA MEDICA",SAMU-161,-12.0082505965805,-77.0534132693705
2016-030536,08-05-2016,"10:52:26 a.m.","AV. RAUL FERRERO REBAGLIATI (LA RINCONADA) CRUCE CON AV. LOS FRESNOS (LOS FICUS) LA MOLINA            LA MOLINA","EMERGENCIA MEDICA",SAMU-161,,
2016-030535,08-05-2016,"10:34:09 a.m.","  JR. GENERAL MARIANO NECOCHEA (QUITO YUPANQUI) 598        RIMAC","EMERGENCIA MEDICA",SAMU-2,-12.0352618352857,-77.040754586521
2016-030534,08-05-2016,"10:28:16 a.m.","  AV. TUPAC AMARU 510        INDEPENDENCIA","EMERGENCIA MEDICA",SAMU-168,-11.9921258005525,-77.0549837661541
2016-030533,08-05-2016,"10:26:39 a.m.","  JR. CAJAMARCA 600        RIMAC","EMERGENCIA MEDICA",SAMU-21,-12.0404150911712,-77.0226461021758
2016-030532,08-05-2016,"10:23:26 a.m.","AV. LA MARINA CRUCE CON PS. DE LA LIBERTAD PUEBLO LIBRE            PUEBLO LIBRE","ACCIDENTE VEHICULAR","M202-1, MED-202, RES-36",-12.0835198649994,-77.0663875526313
2016-030531,08-05-2016,"10:18:08 a.m.","  AV. LOS EUCALIPTOS 800        SANTA ANITA","EMERGENCIA MEDICA",AMB-138,-12.0455229338945,-76.9755656073668
2016-030530,08-05-2016,"10:17:49 a.m.",,INCENDIO,"M138-1, M169-1, M96-1, RES-127, RES-138, SAMU-169",,
2016-030529,08-05-2016,"10:17:38 a.m.","  CL. DONATELLO MAZ B K LOTE 19  000        SANTIAGO DE SURCO","EMERGENCIA MEDICA",SAMU-127,-12.1063049797477,-76.9588513776885
2016-030528,08-05-2016,"10:14:05 a.m.","AV. CHIMPU OCLLO CRUCE CON AV. TUPAC AMARU CARABAYLLO            CARABAYLLO","ACCIDENTE VEHICULAR","AMB124-2, M150-1, RESLIG-161",-11.9015835217154,-77.0307914578402
2016-030527,08-05-2016,"10:12:53 a.m.","  JR. ITALIA 1035       LA VICTORIA","EMERGENCIA MEDICA",SAMU-8,-12.0699803299692,-77.0202667054373
2016-030526,08-05-2016,"10:09:44 a.m.","CL. LEONARDO BARBIERI (JUNIN) CRUCE CON CL. DANTE SURQUILLO            SURQUILLO","EMERGENCIA MEDICA",AMB-6,-12.1102438354702,-77.0235545789006
2016-030525,08-05-2016,"10:05:16 a.m.",,"EMERGENCIA MEDICA","AMB-202, M10-1, RES-36",-12.0635857872114,-77.0531466017969
2016-030524,08-05-2016,"10:02:14 a.m.","CENTRAL KILOMETRO 22 1/2              ","EMERGENCIA MEDICA",AMB-115-2,,
2016-030523,08-05-2016,"09:58:02 a.m.",,"ACCIDENTE VEHICULAR","M10-1, RES-36, SAMU-36",-12.0647667943152,-77.0523895958276
2016-030522,08-05-2016,"09:54:46 a.m.","  AV. RICARDO ELIAS APARICIO (LA ALAMEDA) 700        LA MOLINA","EMERGENCIA MEDICA",SAMU-169,-12.0773513462651,-76.9173890628915
2016-030521,08-05-2016,"09:54:02 a.m.","  AV. PEREZ SALMON (CENTRAL) (9) 785        CALLAO","EMERGENCIA MEDICA",MED-5,-12.0533233889823,-77.1135151460821
2016-030520,08-05-2016,"09:48:48 a.m.","  CL. HUANCARQUI 1266       LIMA","EMERGENCIA MEDICA",SAMU-14,-12.0385091745219,-77.058320543729
2016-030519,08-05-2016,"09:44:24 a.m.","SAN FRANCISCO MZ D LT 3            ","EMERGENCIA MEDICA",MED-163,,
2016-030518,08-05-2016,"09:43:58 a.m.","JESUS DEL VALLE            HUARAL",INCENDIO,M44-1,,
2016-030517,08-05-2016,"09:43:46 a.m.","  CL. GOZZOLI NORTE 187        SAN BORJA","EMERGENCIA MEDICA",AMB-6,-12.1014528091984,-77.0089299620934
2016-030516,08-05-2016,"09:38:50 a.m.","IGLESIA SAN ANTONIO DE PADUA            ","SERVICIO ESPECIAL","AMB-1, M1-1, M5-1, M75-1",,
2016-030515,08-05-2016,"09:37:19 a.m.","DESAGRAVIO CARRETERA SAYAN KM 5            ","ACCIDENTE VEHICULAR",AMB-20,,
2016-030514,08-05-2016,"09:27:57 a.m.","PANAMERICANA   NORTE    PARADERO   ESTABLO               PUENTE PIEDRA","EMERGENCIA MEDICA",AMB124-2,,
2016-030513,08-05-2016,"09:04:58 a.m.","  JR. PUNO 1100       LIMA","EMERGENCIA MEDICA",SAMU-10,-12.0555143835582,-77.0216905914017
2016-030512,08-05-2016,"09:03:49 a.m.","  AV. FERNANDO WIESE (PROCERES DE LA INDEPENDENCIA) 4200       SAN JUAN DE LURIGANCHO","EMERGENCIA MEDICA",SAMU-121,-11.959368799475,-76.9874809283152
2016-030511,08-05-2016,"09:02:20 a.m.","CARRETERAS - PANAMERICANAS PANAMERICANA SUR 22            VILLA EL SALVADOR","ACCIDENTE VEHICULAR","AMB-120, M105-1, M155-1",-12.2381510847331,-76.9521460827182
2016-030510,08-05-2016,"09:01:45 a.m.","CL. LOS NATURALES             HUARAL","ACCIDENTE VEHICULAR",AMB-44,,
2016-030509,08-05-2016,"09:00:13 a.m.","  CL. LUIS ARIAS SCHEREIBER 139        MIRAFLORES","EMERGENCIA MEDICA",AMB-6,-12.1227400769458,-77.0114387023839
2016-030508,08-05-2016,"08:46:41 a.m.","AS. VICTOR RAUL HAYA DE LA TORRE MZ A LT17            INDEPENDENCIA","EMERGENCIA MEDICA",AMB124-2,-11.9748494736585,-77.0522422259677
2016-030507,08-05-2016,"08:37:05 a.m.","PR. LUCANAS (PARINACOCHAS) CRUCE CON JR. HIPOLITO UNANUE LA VICTORIA            LA VICTORIA","EMERGENCIA MEDICA",SAMU-8,-12.0658628691928,-77.018355571899
2016-030506,08-05-2016,"08:22:42 a.m.","AV LA MAR CDRA 3            ","EMERGENCIA MEDICA",AMB-183,,
2016-030505,08-05-2016,"08:21:48 a.m.","  CL. INDEPENDENCIA (SEBASTIAN SALINAS COSSIO) 255        MIRAFLORES","EMERGENCIA MEDICA",AMB-28,-12.117472878393,-77.0324240359272
2016-030504,08-05-2016,"08:11:21 a.m.","  AV. HEROES DEL CENEPA ESTE (BAYOVAR) PARADERO  DOS  POSTES  SANTA MARIA 000        SAN JUAN DE LURIGANCHO","EMERGENCIA MEDICA",SAMU-121,-11.9652650656368,-76.9755814015117
2016-030503,08-05-2016,"08:07:26 a.m.",,"EMERGENCIA MEDICA",AMB-14,-12.0586448309286,-77.0457751213896
2016-030502,08-05-2016,"07:57:47 a.m.","  JR. DOMINGO PONTE 737 A      MAGDALENA DEL MAR","EMERGENCIA MEDICA",MED-100,-12.0939773531298,-77.0646955634984
2016-030501,08-05-2016,"07:29:19 a.m.","  JR. MANUEL IRRIBARREN (SAN MIGUEL) 289        SURQUILLO","EMERGENCIA MEDICA",AMB-28,-12.1177613095134,-77.0215790720204
2016-030500,08-05-2016,"07:20:41 a.m.",,"EMERGENCIA MEDICA",AMB-14,-12.066085841601,-77.051790113046
2016-030499,08-05-2016,"07:15:33 a.m.","AV. LEONCIO   PRADO  CDRA.  2               HUACHO","EMERGENCIA MEDICA",AMB-20,,
2016-030498,08-05-2016,"07:00:35 a.m.",,"EMERGENCIA MEDICA",SAMU-10,-12.0433614007348,-77.0379912410745
2016-030497,08-05-2016,"06:43:47 a.m.","AV. SAN LUIS CRUCE CON AV. DEL AIRE (ELEUTERIO VENTURO HUAMAN) SAN LUIS            ","EMERGENCIA MEDICA","AMB-4, SAMU-4",-12.0783877900177,-76.9992018260255
2016-030496,08-05-2016,"06:38:58 a.m.","  AV. CORONEL SAMUEL ALCAZAR 300        RIMAC","EMERGENCIA MEDICA",SAMU-21,-12.0310767548513,-77.0288774174024
2016-030495,08-05-2016,"06:20:05 a.m.","  PR. LA MAR 711        LA VICTORIA","EMERGENCIA MEDICA",SAMU-8,-12.0662103446172,-77.0193236057954
2016-030494,08-05-2016,"06:18:33 a.m.","  AV. 16 DE MARZO 254        INDEPENDENCIA","EMERGENCIA MEDICA",AMB-65-2,-12.0063152458587,-77.0520312605873
2016-030493,08-05-2016,"06:14:20 a.m.","  AV. SOTO BERMEO 602        SANTIAGO DE SURCO","EMERGENCIA MEDICA",AMB134-2,-12.1477690627742,-76.9956984530936
2016-030492,08-05-2016,"06:02:11 a.m.","ENTRADA CERRO PRIETO              ICA","ACCIDENTE VEHICULAR",AMB-22,,
2016-030491,08-05-2016,"05:42:00 a.m.","  AV. NESTOR GAMBETTA 000        VENTANILLA","EMERGENCIA MEDICA",SAMU-161,-11.9294994023175,-77.1302986104205
2016-030490,08-05-2016,"05:35:14 a.m.","AV. MODELO CRUCE CON AV. EDILBERTO RAMOS (MARIANO PASTOR SEVILLA) (FORESTAL) VILLA EL SALVADOR            VILLA EL SALVADOR","EMERGENCIA MEDICA",AMB-120,-12.1954562495091,-76.9589839559376
2016-030489,08-05-2016,"05:18:08 a.m.","MZ C LT 3            ","EMERGENCIA MEDICA",AMB-120,,
2016-030488,08-05-2016,"04:48:37 a.m.","AV. REVOLUCION CRUCE CON AV. TALARA VILLA EL SALVADOR            VILLA EL SALVADOR","EMERGENCIA MEDICA",AMB-120,-12.225937280454,-76.9291956953431
2016-030487,08-05-2016,"04:48:34 a.m.","AV. JOSE MARIA ARGUEDAS (LOS ALAMOS) CRUCE CON AV. TALARA VILLA EL SALVADOR            VILLA EL SALVADOR","EMERGENCIA MEDICA",AMB-155,-12.2273603723935,-76.9316292987862
2016-030486,08-05-2016,"04:28:23 a.m.","carretera central  cruce la rivera            ","EMERGENCIA MEDICA","AMB-32, M115-1",,
2016-030485,08-05-2016,"04:19:20 a.m.","AV. LURIGANCHO 000        SAN JUAN DE LURIGANCHO","EMERGENCIA MEDICA",SAMU-121,-12.0180212292912,-77.001938669312
2016-030484,08-05-2016,"03:52:58 a.m.","CARRETERAS - PANAMERICANAS PANAMERICANA NORTE 22            COMAS","EMERGENCIA MEDICA",SAMU-168,-11.9377560484273,-77.0712830697602
2016-030483,08-05-2016,"03:31:30 a.m.","  JR. DOMINGO PONTE 814        MAGDALENA DEL MAR","EMERGENCIA MEDICA",SAMU-168,,
2016-030482,08-05-2016,"03:22:05 a.m.","  AV. ELMER FAUCETT 2000       CALLAO","EMERGENCIA MEDICA",MED-5,-12.0351750050429,-77.0996008418934
2016-030481,08-05-2016,"03:21:26 a.m.","  AV. TOMAS MARSANO (ATOCONGO) 1300       SURQUILLO","EMERGENCIA MEDICA",AMB-6,-12.1163543185416,-77.0093885639491
2016-030480,08-05-2016,"03:07:09 a.m.","JR.SALAVERRY ESQ LAMBAYEQUE   4000       SAN MARTIN DE PORRES","EMERGENCIA MEDICA",SAMU-161,-12.0253320009322,-77.091260441494
2016-030479,08-05-2016,"02:59:34 a.m.","  CL. AMAPOLAS 291        CARABAYLLO","EMERGENCIA MEDICA",AMB124-2,-11.8867781651016,-77.0192342202327
2016-030478,08-05-2016,"02:53:08 a.m.","PJ. VILLA EL SALVADOR SECTOR 3 GRUPO 18 C LT 21            VILLA EL SALVADOR","EMERGENCIA MEDICA",AMB-155,-12.2271176937444,-76.9292591131262
2016-030477,08-05-2016,"02:48:25 a.m.",,"EMERGENCIA MEDICA",SAMU-168,-11.9537215258537,-77.0872771607532
2016-030476,08-05-2016,"02:45:58 a.m.","AS. EL BOSQUE MZ A LOTE 21             ","EMERGENCIA MEDICA",M150-1,-11.8723033974455,-77.0629731036217
2016-030475,08-05-2016,"02:32:48 a.m.","  JR. ABTAO 1124       LA VICTORIA","EMERGENCIA MEDICA",SAMU-4,-12.0707955356484,-77.0217545526459
2016-030474,08-05-2016,"02:26:53 a.m.","  JR. LIMA 200        COMAS","EMERGENCIA MEDICA",AMB124-2,-11.9591678431348,-77.0497806319961
2016-030473,08-05-2016,"02:26:47 a.m.","SANTA MARIA L165             ICA","EMERGENCIA MEDICA",AMB-22,,
2016-030472,08-05-2016,"01:56:51 a.m.","CL. DESAGUADERO CRUCE CON JR. HUARI LIMA            LIMA","ACCIDENTE VEHICULAR","M3-1, M4-1, SAMU-8",-12.0496114819363,-77.0137643460902
2016-030471,08-05-2016,"01:55:39 a.m.","PR. TACNA CRUCE CON AV. CORONEL SAMUEL ALCAZAR RIMAC            RIMAC",INCENDIO,"M10-3, M2-1, M21-1, SAMU-21",-12.0319354842655,-77.0278815308142
2016-030470,08-05-2016,"01:53:45 a.m.","  CL. CATALINO MIRANDA (JULIO WINDER) 154        BARRANCO","EMERGENCIA MEDICA",AMB-28,-12.1366652150913,-77.0168258501982
2016-030469,08-05-2016,"01:47:35 a.m.","  AV. BOLIVAR 11         PUEBLO LIBRE","EMERGENCIA MEDICA",AMB-83,-12.0723877095739,-77.0655542803203
2016-030468,08-05-2016,"01:35:30 a.m.","CL. LOS LAURELES CRUCE CON AV. NICOLAS DE RIVERA SAN ISIDRO            SAN ISIDRO","ACCIDENTE VEHICULAR","M202-1, MED-100, RES-100",,
2016-030467,08-05-2016,"01:21:39 a.m.","SD. HUERTOS DE VILLENA MZC LT 5            LURIN","EMERGENCIA MEDICA","M202-1, MED-100, RES-100",-12.2524271680199,-76.8917827533685
2016-030466,08-05-2016,"01:15:10 a.m.","  JR. SAN DANIEL MZ W1 LOTE 14  000        CHORRILLOS","EMERGENCIA MEDICA",AMB-13,-12.1927293477848,-77.012625061381
2016-030465,08-05-2016,"12:56:19 a.m.","  AV. PACHACUTEC (LOS HEROES) 800        SAN JUAN DE MIRAFLORES","EMERGENCIA MEDICA",AMB-120,-12.1565398404754,-76.9649540546498
2016-030464,08-05-2016,"12:52:40 a.m.","JR CHICLAYO             LURIGANCHO","EMERGENCIA MEDICA",AMB-32,,
2016-030463,08-05-2016,"12:42:43 a.m.","UR. EL PINAR SECTOR PARCELA G P2 LOTE 49            COMAS","EMERGENCIA MEDICA",AMB124-2,-11.9151944733717,-77.0522223214522
2016-030462,08-05-2016,"12:33:39 a.m.","  AV. ANDRES TINOCO (8)  DPTO C-102 270        SANTIAGO DE SURCO","EMERGENCIA MEDICA",AMB134-2,-12.1426774291735,-76.9883133488567
2016-030461,08-05-2016,"12:17:35 a.m.","  AV. DOMINGO SARMIENTO 391        RIMAC","EMERGENCIA MEDICA",AMB-21,-12.0233193327702,-77.0288295783603
2016-030460,08-05-2016,"12:05:40 a.m.","  CL. CAOLIN (2) 329        SAN JUAN DE LURIGANCHO",INCENDIO,M121-1,-12.0016483139006,-77.0059855975166
2016-030459,08-05-2016,"12:04:57 a.m.","CP. HUERTOS DE MANCHAY H lot 7            PACHACAMAC",INCENDIO,"M106-1, M155-1, M96-1, MED-96, RES-160",-12.1050907307745,-76.8807673106895
2016-030458,08-05-2016,"12:00:37 a.m.","  JR. RENOVACION 679        LA VICTORIA","EMERGENCIA MEDICA",SAMU-8,-12.0662613261149,-77.0265705692903
