ID,FECHA,HORA,DIRECCION,TIPO,UNIDADES,"CORDENADAS (lat)","CORDENADAS (lng)"
2016-018209,15-03-2016,"11:30:55 p.m.","UR. SANTA ROSA DE LIMA MZ G LT 3            LOS OLIVOS","EMERGENCIA MEDICA",SAMU-161,-12.0085277174099,-77.0780136141489
2016-018208,15-03-2016,"11:27:45 p.m.","AV. EL SOL CRUCE  AV.  13  DE ENERO            SAN JUAN DE LURIGANCHO","EMERGENCIA MEDICA",SAMU-121,,
2016-018207,15-03-2016,"11:26:31 p.m.","  JR. GENERAL VIDAL (ANTONIO DAZA) 600        RIMAC","EMERGENCIA MEDICA",AMB-21,-12.0362182894856,-77.0409505989072
2016-018206,15-03-2016,"11:00:29 p.m.","  JR. BENIGNO CORNEJO (NECOCHEA) 465        PUEBLO LIBRE","EMERGENCIA MEDICA",AMB-36,-12.0800268416413,-77.0623021466807
2016-018205,15-03-2016,"10:48:03 p.m.","  AV. COLONIAL (OSCAR R. BENAVIDES) 2600       CALLAO","ACCIDENTE VEHICULAR","AMB-1, M15-1, M5-1, MED-5",-12.0571011361498,-77.1157957799775
2016-018204,15-03-2016,"10:45:22 p.m.",,"EMERGENCIA MEDICA",MED-34,-12.0609326700851,-77.1430709102239
2016-018203,15-03-2016,"10:38:58 p.m.","SUBIDA DE PARCONA            ICA","ACCIDENTE VEHICULAR",RES-193,,
2016-018202,15-03-2016,"10:34:13 p.m.","  AV. LOS PROCERES 1000       SANTIAGO DE SURCO","EMERGENCIA MEDICA",AMB134-2,-12.1515906312735,-76.9889223422385
2016-018201,15-03-2016,"10:29:36 p.m.","AH. PACHACAMAC SECTOR AMPLIACION LAS BRISAS DE PACHACAMAC MZ K LTE 15            VILLA EL SALVADOR","EMERGENCIA MEDICA",AMB134-2,-12.2437836632071,-76.9159872063332
2016-018200,15-03-2016,"10:09:35 p.m.","AH. CIUDADELA CHALACA E LTE 31            CALLAO","EMERGENCIA MEDICA",AMB-1,-12.0509020204699,-77.1309411239665
2016-018199,15-03-2016,"09:57:50 p.m.","  CL. LOS CISNES 259        SAN ISIDRO",RESCATE,M4-1,-12.0995030567893,-77.0234870389152
2016-018198,15-03-2016,"09:48:13 p.m.","  AV. AREQUIPA 2356       LINCE","EMERGENCIA MEDICA",AMB-202,-12.0875263328055,-77.0341136000933
2016-018197,15-03-2016,"09:33:21 p.m.","AV. GUILLERMO BILLINGHURST (NUEVE OESTE) CRUCE CON AV. SAN JUAN SAN JUAN DE MIRAFLORES            SAN JUAN DE MIRAFLORES","EMERGENCIA MEDICA",AMB-120,-12.1584968403353,-76.9733195616024
2016-018196,15-03-2016,"09:29:53 p.m.","  AV. JAVIER PRADO ESTE 355        SAN ISIDRO","EMERGENCIA MEDICA",AMB-4,-12.0921579848085,-77.0307551346431
2016-018195,15-03-2016,"09:25:53 p.m.","AV. JORGE CHAVEZ CRUCE CON AV. SEPARADORA INDUSTRIAL VILLA EL SALVADOR            VILLA EL SALVADOR",INCENDIO,"AMB-120, CIST-13, M105-2, M106-3, M6-1",-12.2079230590832,-76.9333564515209
2016-018194,15-03-2016,"09:13:59 p.m.","CALLE LIMA  400        NAZCA","EMERGENCIA MEDICA",AMB-82,,
2016-018193,15-03-2016,"09:11:59 p.m.","  AV. CALLAO 121        LA PERLA","EMERGENCIA MEDICA",AMB-7,-12.0683037437223,-77.115021063965
2016-018192,15-03-2016,"09:05:12 p.m.","AV. INCA GARCILAZO DE LA VEGA (WILSON) CRUCE CON AV. 9 DE DICIEMBRE (PASEO COLON) LIMA            LIMA","EMERGENCIA MEDICA",AMB-7,-12.0598235902352,-77.0379506685315
2016-018191,15-03-2016,"09:01:19 p.m.","  CL. PLUTON 149        ATE","EMERGENCIA MEDICA",AMB-7,,
2016-018190,15-03-2016,"08:59:57 p.m.","SECTOR ABRA            SAN CLEMENTE",INCENDIO,"CIST90-4, RES-157",,
2016-018189,15-03-2016,"08:59:10 p.m.","AV. LOS EUCALIPTOS CRUCE CON AV. CANTO BELLO SAN JUAN DE LURIGANCHO            SAN JUAN DE LURIGANCHO","EMERGENCIA MEDICA","CIST90-4, RES-157",-11.9786597039335,-77.0159041410331
2016-018188,15-03-2016,"08:53:18 p.m.","  CL. SANTA LUCIA 125        PUEBLO LIBRE","EMERGENCIA MEDICA","CIST90-4, RES-157",-12.0764497008982,-77.0658716179375
2016-018187,15-03-2016,"08:45:07 p.m.",,"EMERGENCIA MEDICA",MED-10,-12.0583433142724,-77.0532570810188
2016-018186,15-03-2016,"08:37:39 p.m.","UR. LOS CEDROS DE VILLA ETAPA II  MZ  B2  LT  24            CHORRILLOS","MATERIALES PELIGROSOS (INCIDENTE)","M13-1, SAMU-6",-12.2010660492595,-77.0089213079017
2016-018185,15-03-2016,"08:28:53 p.m.","JR. GARCIA 277        HUACHO","EMERGENCIA MEDICA",AMB-20,,
2016-018184,15-03-2016,"08:28:25 p.m.","AV. REPUBLICA ARGENTINA 1700       CALLAO","EMERGENCIA MEDICA",MED-5,-12.0508196764376,-77.1244539670357
2016-018183,15-03-2016,"08:26:42 p.m.","PQ  LOS  PROCERES  EN  BARRANCA            BARRANCA","EMERGENCIA MEDICA",AMB-73,,
2016-018182,15-03-2016,"08:24:31 p.m.","JR.. GRAU 323        LURIN","EMERGENCIA MEDICA",AMB-129,,
2016-018181,15-03-2016,"08:23:51 p.m.","  AV. DEL AIRE (ELEUTERIO VENTURO HUAMAN) 1300       SAN LUIS","EMERGENCIA MEDICA",AMB-4,-12.0770031066569,-76.9967403382254
2016-018180,15-03-2016,"08:15:35 p.m.","  AV. MARIANO CORNEJO 1221       PUEBLO LIBRE","EMERGENCIA MEDICA",AMB-36,-12.0677303442248,-77.0633034301437
2016-018179,15-03-2016,"08:14:24 p.m.","  CL. PABLO HURTADO (PABLO ARIAS) (PABLO ARGUEDAS) 170        ","EMERGENCIA MEDICA",AMB-138,-12.0520927270185,-76.9755656698039
2016-018178,15-03-2016,"08:13:56 p.m.","AV. JAVIER PRADO ESTE CRUCE CON AV. AVIACION SAN BORJA            SAN BORJA","ACCIDENTE VEHICULAR","AMB134-2, M28-1, M4-1, M8-1, MED-100, RES-11",-12.0874530056802,-77.0037506792796
2016-018177,15-03-2016,"08:08:00 p.m.","  AV. GERMAN AGUIRRE UGARTE 600        SAN MARTIN DE PORRES","EMERGENCIA MEDICA","AMB-21, AMB-9",-12.0154250716364,-77.0715584971685
2016-018176,15-03-2016,"08:06:26 p.m.","AV. JOSE GALVEZ BARRENECHEA (PRINCIPAL) 200        SAN ISIDRO","EMERGENCIA MEDICA",AMB-28,-12.0921900440638,-77.0138034439424
2016-018175,15-03-2016,"08:01:22 p.m.","  CL. CARLOS LISSON (45) 325        COMAS","EMERGENCIA MEDICA",AMB-28,-11.929517955811,-77.046769161592
2016-018174,15-03-2016,"07:49:14 p.m.","  CL. MARISCAL LUZURIAGA 237        JESUS MARIA","EMERGENCIA MEDICA",AMB-202,-12.0749265546928,-77.0498916840578
2016-018173,15-03-2016,"07:48:32 p.m.","  CL. SAN PEDRO 203        COMAS","EMERGENCIA MEDICA",AMB-150,-11.9064605268801,-77.0408345612269
2016-018172,15-03-2016,"07:47:16 p.m.","CL. JOHN DALTON CRUCE CON CL. LEONHARD EULER SAN BORJA            SAN BORJA","ACCIDENTE VEHICULAR","M28-1, RES-11, SAMU-134",,
2016-018171,15-03-2016,"07:39:52 p.m.","UR. SANTA ISOLINA I ETAPA B LOTE 8             COMAS","EMERGENCIA MEDICA",AMB-80,-11.9556645416135,-77.0623401305046
2016-018170,15-03-2016,"07:35:20 p.m.","  AV. 26 DE NOVIEMBRE 300        VILLA MARIA DEL TRIUNFO","EMERGENCIA MEDICA",AMB-106,-12.1760923659237,-76.9372928504549
2016-018169,15-03-2016,"07:33:44 p.m.","  CL. CHINCHON 800        SAN ISIDRO","EMERGENCIA MEDICA",AMB-28,-12.0956552862713,-77.028191249357
2016-018168,15-03-2016,"07:25:01 p.m.","  AV. JAVIER PRADO ESTE 5100       LA MOLINA","EMERGENCIA MEDICA","SAMU-127, SAMU-134",-12.0770792633741,-76.9645786993825
2016-018167,15-03-2016,"07:21:57 p.m.","CARRETERAS - PANAMERICANAS CARRETERA CENTRAL 5.83            ATE","ACCIDENTE VEHICULAR","AMB-138, M176-1, RES-127",-12.0333033094469,-76.9276794973891
2016-018166,15-03-2016,"07:15:44 p.m.","  JR. MANCO CAPAC 700        CALLAO","EMERGENCIA MEDICA",MED-5,-12.0538685132246,-77.1423251627812
2016-018165,15-03-2016,"07:08:00 p.m.","PARQUE LA EXPOSICION            ","SERVICIO ESPECIAL",M3-1,,
2016-018164,15-03-2016,"07:05:54 p.m.","  JR. LANQUI 400        SAN LUIS","EMERGENCIA MEDICA",M3-1,-12.0795088114651,-77.0054695670639
2016-018163,15-03-2016,"07:05:25 p.m.","  JR. LANQUI 445        SAN LUIS","EMERGENCIA MEDICA","AMB-28, AMB-8",-12.0795088114651,-77.0054695670639
2016-018162,15-03-2016,"07:05:09 p.m.","  JR. CAHUIDE 1014       LA PERLA","EMERGENCIA MEDICA",AMB-7,-12.0694536577875,-77.1240653771442
2016-018161,15-03-2016,"07:05:00 p.m.","  CL. GUILLERMO RONALD 241        CALLAO","EMERGENCIA MEDICA",AMB-1,-12.0471302392326,-77.1290371557476
2016-018160,15-03-2016,"06:58:50 p.m.","  JR. COMANDANTE MANUEL VILLAVICENCIO 1191       LINCE","EMERGENCIA MEDICA",AMB-202,-12.0896988418228,-77.0429060997892
2016-018159,15-03-2016,"06:54:43 p.m.","PJ. HORACIO ZEVALLOS  GRUPO C  MZ  H  LT 8            ATE","MATERIALES PELIGROSOS (INCIDENTE)","AMB-115-2, M138-4",-12.0163927065158,-76.8374455005468
2016-018158,15-03-2016,"06:52:37 p.m.","  AV. JOHN F. KENNEDY  URB.   VALDIVIEZO   144        SAN MARTIN DE PORRES","EMERGENCIA MEDICA","AMB-9, SAMU-168",-12.0271834577187,-77.0639474065436
2016-018157,15-03-2016,"06:43:05 p.m.",,"EMERGENCIA MEDICA","MED-10, RES-10",-12.0535213207279,-77.0534435745226
2016-018156,15-03-2016,"06:40:26 p.m.","  AV. EL SOL (LORENZO FRANGUELA) 500        RIMAC","EMERGENCIA MEDICA",SAMU-10,-12.02454628183,-77.0260791058877
2016-018155,15-03-2016,"06:37:01 p.m.","DANIEL HERNANDEZ             MAGDALENA DEL MAR","EMERGENCIA MEDICA",AMB-36,,
2016-018154,15-03-2016,"06:35:37 p.m.","  AV. ANGELICA GAMARRA 1500       LOS OLIVOS","EMERGENCIA MEDICA",SAMU-10,-12.0062320661821,-77.0781946662403
2016-018153,15-03-2016,"06:34:19 p.m.","  JR. LUIS M. SANCHEZ CERRO (MENDIBURO) 1850       JESUS MARIA","EMERGENCIA MEDICA",SAMU-10,,
2016-018152,15-03-2016,"06:27:53 p.m.","  JR. NICOLAS DE PIEROLA 915        CALLAO","EMERGENCIA MEDICA",MED-34,-12.0583687891565,-77.1375388232546
2016-018151,15-03-2016,"06:22:39 p.m.","AV. PACHACUTEC 7900       VILLA MARIA DEL TRIUNFO","EMERGENCIA MEDICA",AMB-155,-12.2194260902451,-76.9207369623373
2016-018150,15-03-2016,"06:07:49 p.m.","PANAMERICANA NORTE KM. 168             HUACHO","EMERGENCIA MEDICA",RES-20,,
2016-018149,15-03-2016,"06:06:29 p.m.","  CL. PENSAMIENTOS  URB.   SANTA  ISABEL  171        CARABAYLLO","EMERGENCIA MEDICA",RES-20,-11.9010605841401,-77.0315722367806
2016-018148,15-03-2016,"06:03:09 p.m.","  AV. REPUBLICA ARGENTINA 5100       CALLAO","EMERGENCIA MEDICA",SAMU-14,-12.0480731770816,-77.0933098236184
2016-018147,15-03-2016,"06:01:30 p.m.","  CL. INCA GARCILASO DE LA VEGA 250        COMAS","EMERGENCIA MEDICA",SAMU-161,-11.936887438942,-77.0564551006039
2016-018146,15-03-2016,"05:59:53 p.m.","  CL. LAS PALMAS 000        LURIN","EMERGENCIA MEDICA",AMB-129,-12.2480337019009,-76.8940650981835
2016-018145,15-03-2016,"05:53:35 p.m.","AS. PARQUE PORCINO ZONA 12             VENTANILLA",INCENDIO,"AMB-9, M150-1, M150-3, M184-1, M75-1",-11.9140625783539,-77.11510661619
2016-018144,15-03-2016,"05:53:24 p.m.","  CL. LAS RETAMAS 100        LA MOLINA","EMERGENCIA MEDICA",SAMU-176,-12.0787107001618,-76.9529104987995
2016-018143,15-03-2016,"05:45:45 p.m.","  AV. AREQUIPA 4971       MIRAFLORES","EMERGENCIA MEDICA",MED-100,-12.1146890766989,-77.0295620932486
2016-018142,15-03-2016,"05:45:17 p.m.","  CL. LAS ORTIGAS (2) (31) (49) (69)  URB.   SAN HILARION   II   ETAPA   1966       SAN JUAN DE LURIGANCHO","EMERGENCIA MEDICA",SAMU-21,-12.0019527367349,-77.0108276723061
2016-018141,15-03-2016,"05:41:18 p.m.","maz a lote 12 urb gooyear  400        LOS OLIVOS","EMERGENCIA MEDICA",SAMU-168,-11.9951028197574,-77.0673292574069
2016-018140,15-03-2016,"05:39:00 p.m.","  CL. LAS SENSITIVAS (18) (16) 534        SAN JUAN DE LURIGANCHO","EMERGENCIA MEDICA",SAMU-121,-12.0103558188068,-77.008341573671
2016-018139,15-03-2016,"05:30:24 p.m.","PANAMERICANA  NORTE  189            ","EMERGENCIA MEDICA","AMB-73, RES-73",,
2016-018138,15-03-2016,"05:19:23 p.m.","  AV. BOLOGNESI 125        MIRAFLORES","EMERGENCIA MEDICA",MED-100,-12.1196588374988,-77.0357920897148
2016-018137,15-03-2016,"04:56:01 p.m.","AV. SANCHEZ SILVA (25 DE ENERO) (2 DE OCTUBRE) CRUCE CON AV. HUANDOY LOS OLIVOS            LOS OLIVOS","EMERGENCIA MEDICA",SAMU-168,-11.9474327677021,-77.0771579950259
2016-018136,15-03-2016,"04:38:57 p.m.","  AV. CANADA 1500       LA VICTORIA","EMERGENCIA MEDICA",SAMU-127,-12.0843183041944,-77.0066965623162
2016-018135,15-03-2016,"04:38:15 p.m.","  JR. ABTAO 1200       LA VICTORIA","EMERGENCIA MEDICA",SAMU-8,-12.0724020556061,-77.0215685453472
2016-018134,15-03-2016,"04:35:58 p.m.",,"EMERGENCIA MEDICA",MED-34,-12.0609326700851,-77.1430709102239
2016-018133,15-03-2016,"04:26:24 p.m.","CARRETERAS - PANAMERICANAS CARRETERA CENTRAL 38            LURIGANCHO","EMERGENCIA MEDICA",AMB-32,-11.9229215109217,-76.6624923731752
2016-018132,15-03-2016,"04:26:23 p.m.","  AV. RICARDO PALMA 900        MIRAFLORES","EMERGENCIA MEDICA",SAMU-6,-12.122695441582,-77.0200245031729
2016-018131,15-03-2016,"04:24:11 p.m.","  JR. CONDE DE LA VEGA DEL REN 416        SANTIAGO DE SURCO","EMERGENCIA MEDICA",AMB134-2,-12.1179001990398,-76.9831812148858
2016-018130,15-03-2016,"04:21:39 p.m.","  AV. ZARUMILLA 789        SAN MARTIN DE PORRES","EMERGENCIA MEDICA",SAMU-10,-12.0339778047901,-77.0516213657805
2016-018129,15-03-2016,"04:13:46 p.m.","  CL. CARMENCA (CARMEN) 188        SAN MIGUEL","EMERGENCIA MEDICA",AMB-9,-12.0739826877086,-77.0976324434626
2016-018128,15-03-2016,"04:12:02 p.m.","  CL. JOAQUIN TORRICO 434        SAN JUAN DE MIRAFLORES","EMERGENCIA MEDICA",SAMU-134,-12.1672637987397,-76.9752543801139
2016-018127,15-03-2016,"04:03:55 p.m.","  CL. 10 DE JUNIO 670        SAN MARTIN DE PORRES","EMERGENCIA MEDICA",AMB-80,-12.0293588503901,-77.049710043695
2016-018126,15-03-2016,"04:02:58 p.m.","  AV. BRASIL 3700       MAGDALENA DEL MAR","EMERGENCIA MEDICA","AMB-4, M202-1, RES-100",-12.0935418292875,-77.0691500736932
2016-018125,15-03-2016,"03:51:28 p.m.","  CL. LOS PINOS MAZ 1 LOTE 8  000        SAN MIGUEL","EMERGENCIA MEDICA",MED-5,-12.0643892073244,-77.0834661935331
2016-018124,15-03-2016,"03:47:43 p.m.","CARRETERAS - PANAMERICANAS ANTIGUA PANAMERICANA SUR 40            LURIN",INCENDIO,"M125-1, M160-1",-12.2991778968522,-76.8479548244506
2016-018123,15-03-2016,"03:39:33 p.m.","PANAMERICANA SUR KM. 168            ","EMERGENCIA MEDICA",MED-49,,
2016-018122,15-03-2016,"03:36:51 p.m.","  CL. JULIO CALERO (IGNACIO SEMINARIO) (SANTA FE) 800        ","EMERGENCIA MEDICA",AMB-120,-12.1750832527187,-77.0235350923538
2016-018121,15-03-2016,"03:30:26 p.m.","  AV. LOS ALISOS 600        LOS OLIVOS","EMERGENCIA MEDICA",SAMU-168,-11.9842619325892,-77.0693554068782
2016-018120,15-03-2016,"03:27:41 p.m.","JT. BAYOVAR SUR 279        SANTIAGO DE SURCO","EMERGENCIA MEDICA",SAMU-134,,
2016-018119,15-03-2016,"03:27:30 p.m.","  JR  SAN MARTIN  100        BARRANCO","EMERGENCIA MEDICA",SAMU-16,-12.1404718062391,-77.0228005635082
2016-018118,15-03-2016,"03:24:37 p.m.","JR. BATALLA DE AYACUCHO (ALFREDO LEVI RENDON) CRUCE CON PR. GENERAL JOSE DE SAN MARTIN (EL LIBERTADOR) BARRANCO            BARRANCO","EMERGENCIA MEDICA","SAMU-134, SAMU-16",-12.1486658700542,-77.0218725923285
2016-018117,15-03-2016,"03:23:13 p.m.","  AV. ROSENDO VIDAURRE (REPUBLICA DE PANAMA) 341        BARRANCO","EMERGENCIA MEDICA",SAMU-6,-12.1386353603632,-77.0178980582062
2016-018116,15-03-2016,"03:21:11 p.m.","  JR. HUANCAVELICA 982        LIMA","EMERGENCIA MEDICA",AMB-21,-12.0427573142596,-77.0412732008428
2016-018115,15-03-2016,"03:21:02 p.m.","AV. MARANGA CRUCE CON CL. PIZARRO BELLAVISTA            BELLAVISTA","EMERGENCIA MEDICA",MED-5,-12.0643618601876,-77.1323086485883
2016-018114,15-03-2016,"03:17:21 p.m.","  AV. ALBORADA 1756       LIMA","EMERGENCIA MEDICA",MED-5,,
2016-018113,15-03-2016,"03:04:23 p.m.","  PJ. LOS PINOS 172        MIRAFLORES","EMERGENCIA MEDICA",SAMU-16,-12.1235088579162,-77.030539046921
2016-018112,15-03-2016,"03:00:53 p.m.","  CL. CADIZ 213        SANTIAGO DE SURCO","EMERGENCIA MEDICA",AMB-120,-12.120037287026,-76.9904416079389
2016-018111,15-03-2016,"02:59:14 p.m.",,"EMERGENCIA MEDICA",SAMU-14,-12.0538628142781,-77.0532880726795
2016-018110,15-03-2016,"02:50:28 p.m.","  AV. NEPOMUCENO VARGAS 482        SAN JUAN DE MIRAFLORES","EMERGENCIA MEDICA",AMB-106,-12.1495827964727,-76.9718380962732
2016-018109,15-03-2016,"02:44:06 p.m.","BOULEVAR SANCHEZ CARRION            BARRANCO","EMERGENCIA MEDICA",SAMU-16,,
2016-018108,15-03-2016,"02:25:24 p.m.","  AV. LOS ALMENDROS (F) 300        INDEPENDENCIA","EMERGENCIA MEDICA",SAMU-16,-11.9859964625479,-77.0613712481115
2016-018107,15-03-2016,"02:24:33 p.m.","  CL. DEL COMERCIO 193        SAN BORJA","EMERGENCIA MEDICA",SAMU-127,-12.0859308379426,-77.0028583121976
2016-018106,15-03-2016,"02:18:05 p.m.","PJ. LAS DELICIAS DE VILLA MAZ G7  LOTE 9             CHORRILLOS","EMERGENCIA MEDICA",AMB-120,-12.1979168721419,-76.9916537203032
2016-018105,15-03-2016,"02:17:54 p.m.","  CL. JUAN PABLO VIZCARDO Y GUZMAN 309        SANTIAGO DE SURCO","EMERGENCIA MEDICA",SAMU-134,-12.1558951091772,-76.9890150810052
2016-018104,15-03-2016,"02:12:50 p.m.","  AV. UNIVERSITARIA 9800       COMAS","ACCIDENTE VEHICULAR","M150-3, SAMU-168",-11.9089916598708,-77.0440869264201
2016-018103,15-03-2016,"02:07:11 p.m.","  AV. ANCASH 2400       EL AGUSTINO","EMERGENCIA MEDICA",SAMU-176,-12.0410659489204,-77.0009832385588
2016-018102,15-03-2016,"02:00:08 p.m.","  AV. TENIENTE ENRIQUE PALACIOS  D TO   C   1140       MIRAFLORES","EMERGENCIA MEDICA",AMB-4,-12.1171049413276,-77.0405658724266
2016-018101,15-03-2016,"01:54:11 p.m.","AV. SAN PABLO CRUCE CON AV. JAIME BAUSATE Y MEZA (BOLIVAR) LA VICTORIA            LA VICTORIA","MATERIALES PELIGROSOS (INCIDENTE)","M8-1, MED-10",-12.0620098092665,-77.0101675918226
2016-018100,15-03-2016,"01:49:51 p.m.","  JR. FRANCISCO DE ZELA 1453       LINCE","MATERIALES PELIGROSOS (INCIDENTE)","AMB-202, M202-1",-12.0810073450582,-77.0402807428083
2016-018099,15-03-2016,"01:42:11 p.m.","  AV. ALEJANDRO VELASCO ASTETE 2931       SANTIAGO DE SURCO","EMERGENCIA MEDICA",AMB-120,-12.1358990313335,-76.9905851431018
2016-018098,15-03-2016,"01:40:19 p.m.","  MA. ARMENDARIZ (DE LA RESERVA) 100        MIRAFLORES","EMERGENCIA MEDICA","AMB-4, M13-1, RES-100",,
2016-018097,15-03-2016,"01:38:42 p.m.","  AV. LA PAZ 560        SAN MIGUEL","SERVICIO ESPECIAL","AMB-4, M13-1, RES-100",-12.0879677816574,-77.0880691481722
2016-018096,15-03-2016,"01:28:00 p.m.","  JR. CARLOS DE LOS HEROS (JUNIN) 121        PUEBLO LIBRE",INCENDIO,M202-1,-12.0769439307085,-77.0614142250426
2016-018095,15-03-2016,"01:26:56 p.m.","AH. LOS OLIVOS DE PRO K1 LOTE 10            LOS OLIVOS","EMERGENCIA MEDICA",M202-1,-11.9483018399973,-77.0836716702061
2016-018094,15-03-2016,"01:26:17 p.m.",,"ACCIDENTE VEHICULAR","M28-1, RES-11",,
2016-018093,15-03-2016,"01:20:31 p.m.","  AV. ALMIRANTE MIGUEL GRAU (JOSE MARIA EGUREN) 205        BARRANCO","EMERGENCIA MEDICA",SAMU-6,-12.1497539565364,-77.0206890947514
2016-018092,15-03-2016,"01:11:14 p.m.","  AV. SAN JUAN 1167       SAN JUAN DE MIRAFLORES","EMERGENCIA MEDICA",AMB-120,-12.1549303063877,-76.9722175310133
2016-018091,15-03-2016,"01:09:13 p.m.","URB. CHANCHAJAYA            LA TINGUINA","ACCIDENTE VEHICULAR",AMB-120,,
2016-018090,15-03-2016,"01:04:59 p.m.","  JR. PEDRO DE CANDIA 530        SANTIAGO DE SURCO","EMERGENCIA MEDICA",AMB134-2,-12.1092998604257,-76.976205704499
2016-018089,15-03-2016,"01:02:22 p.m.","  AV. ARNALDO MARQUEZ 1000       JESUS MARIA","EMERGENCIA MEDICA",AMB-36,-12.0711556913203,-77.0475009632002
2016-018088,15-03-2016,"12:51:11 p.m.",,"EMERGENCIA MEDICA",SAMU-83,-12.0685775682089,-77.1112385506439
2016-018087,15-03-2016,"12:37:27 p.m.","AH. LOS ANGELES A2            PACHACAMAC","EMERGENCIA MEDICA",SAMU-127,-12.0968341388385,-76.8853242197068
2016-018086,15-03-2016,"12:10:31 p.m.","GRIFO  CHALPON            AYACUCHO","ACCIDENTE VEHICULAR",MED-63,,
2016-018085,15-03-2016,"12:09:00 p.m.","  AV. CAMINOS DEL INCA 1528       SANTIAGO DE SURCO","EMERGENCIA MEDICA","AMB-120, AMB134-2",-12.1255967923226,-76.982916665403
2016-018084,15-03-2016,"12:07:09 p.m.","  CL. LOS NARANJOS 250        SAN ISIDRO","EMERGENCIA MEDICA",AMB-4,-12.0924298659527,-77.0404272277731
2016-018083,15-03-2016,"12:01:59 p.m.","PANAMERICANA NORTE            ","MATERIALES PELIGROSOS (INCIDENTE)",M80-1,,
2016-018082,15-03-2016,"12:00:58 p.m.","AV. NICOLAS ARRIOLA CRUCE CON AV. CANADA LA VICTORIA            LA VICTORIA","EMERGENCIA MEDICA",SAMU-8,-12.0833888282057,-77.0142985593017
2016-018081,15-03-2016,"11:59:48 a.m.","  JR. BRIGADIER MATEO PUMACAHUA 2400       LINCE","MATERIALES PELIGROSOS (INCIDENTE)",SAMU-8,-12.0860909025491,-77.0430113894252
2016-018080,15-03-2016,"11:52:27 a.m.","AV. ALFONSO UGARTE CRUCE CON AV. URUGUAY            LIMA","EMERGENCIA MEDICA",SAMU-10,-12.0493528992994,-77.042385362045
2016-018079,15-03-2016,"11:47:11 a.m.","  AV. EL SANTUARIO 1256       SAN JUAN DE LURIGANCHO","EMERGENCIA MEDICA",SAMU-176,-12.019547870535,-76.9940775977334
2016-018078,15-03-2016,"11:42:08 a.m.","  AV. EL DERBY 307        SANTIAGO DE SURCO","EMERGENCIA MEDICA",SAMU-127,-12.0982568517039,-76.9743056093313
2016-018077,15-03-2016,"11:41:15 a.m.","  AV. VICTOR ANDRES BELAUNDE ESTE 300        COMAS","MATERIALES PELIGROSOS (INCIDENTE)","M150-3, M161-1, RESLIG-161, SAMU-161",-11.940268253431,-77.0464681429949
2016-018076,15-03-2016,"11:39:05 a.m.","  JR. GRAU 161        COMAS","EMERGENCIA MEDICA",SAMU-168,-11.9465520489243,-77.0508657919077
2016-018075,15-03-2016,"11:31:31 a.m.","  AV. GENERAL JUAN ANTONIO ALVAREZ DE ARENALES 2600       LINCE","EMERGENCIA MEDICA",MED-100,-12.0903741192382,-77.0347971128188
2016-018074,15-03-2016,"11:23:35 a.m.","  AV. AYACUCHO (HOJA REDONDA) 1300       SANTIAGO DE SURCO","EMERGENCIA MEDICA",SAMU-134,-12.1327173229501,-76.9951335603833
2016-018073,15-03-2016,"11:14:56 a.m.","AV. JORGE CHAVEZ CRUCE CON AV. CENTRAL VILLA EL SALVADOR            VILLA EL SALVADOR","SERVICIO ESPECIAL",SAMU-134,-12.209378018079,-76.9358696789431
2016-018072,15-03-2016,"11:13:20 a.m.",,"EMERGENCIA MEDICA",SAMU-134,,
2016-018071,15-03-2016,"11:11:56 a.m.","AV. SAN FELIPE CRUCE CON AV. SALAVERRY JESUS MARIA            JESUS MARIA","EMERGENCIA MEDICA",AMB-202,-12.0824787129629,-77.0459001755141
2016-018070,15-03-2016,"11:05:34 a.m.","AV. ALFONSO UGARTE CRUCE CON AV. URUGUAY LIMA            LIMA","EMERGENCIA MEDICA",SAMU-21,-12.054493530917,-77.0418171379006
2016-018069,15-03-2016,"10:56:07 a.m.","  JR. CORONEL JOAQUIN BERNAL 215        LINCE","EMERGENCIA MEDICA",AMB-4,-12.0872063201028,-77.0356800475186
2016-018068,15-03-2016,"10:54:08 a.m.","CL. JUAN MATA UGEL DE NAZCA            ","EMERGENCIA MEDICA",AMB-4,,
2016-018067,15-03-2016,"10:48:47 a.m.","  AV. ANGAMOS ESTE (PRIMAVERA) 1500       SURQUILLO","EMERGENCIA MEDICA",SAMU-16,-12.1128837873185,-77.0156435857356
2016-018066,15-03-2016,"10:48:35 a.m.","  AV. PACHACUTEC (LOS HEROES) 200        SAN JUAN DE MIRAFLORES","ACCIDENTE VEHICULAR","AMB-120, M106-3, RES-134, SAMU-106",-12.1518452553331,-76.9764545596221
2016-018065,15-03-2016,"10:42:17 a.m.","MZ D LOTE  7 MI PERU            VENTANILLA","EMERGENCIA MEDICA",AMB-75,,
2016-018064,15-03-2016,"10:31:37 a.m.","JR. RAMON CASTILLA CRUCE CON JR. CORONEL FRANCISCO BOLOGNESI (ENRIQUE LLOSA) MAGDALENA DEL MAR            MAGDALENA DEL MAR","EMERGENCIA MEDICA",AMB-36,-12.0912528133176,-77.0738155630531
2016-018063,15-03-2016,"10:30:00 a.m.","  AV. AGUSTIN LA ROSA LOZANO (DEFENSORES DE LIMA) (SAN FRANCISCO) 1200       SAN JUAN DE MIRAFLORES","EMERGENCIA MEDICA",AMB-36,-12.1586950643766,-76.9575165907645
2016-018062,15-03-2016,"10:22:11 a.m.",,"EMERGENCIA MEDICA",SAMU-14,-12.0529108483303,-77.0547045939631
2016-018061,15-03-2016,"10:17:38 a.m.","CL. FRANCISCO MASIAS (LAS GARDENIAS) CRUCE CON CL. LOS MIRTOS LINCE            LINCE","ACCIDENTE VEHICULAR","M14-1, M8-1, MED-10, RES-11, SAMU-10",-12.0887641214123,-77.0262037009923
2016-018060,15-03-2016,"10:13:41 a.m.","  PS. PARODI 569        SAN ISIDRO",INCENDIO,M202-1,-12.0941903880894,-77.0307239957752
2016-018059,15-03-2016,"10:07:08 a.m.","  CL. TUTUPACA 151        SAN MIGUEL","EMERGENCIA MEDICA",M202-1,-12.0674487430875,-77.098101789453
2016-018058,15-03-2016,"10:05:39 a.m.","  AV. CAMINO REAL 215        SAN ISIDRO","EMERGENCIA MEDICA","AMB-202, MED-100, RES-11",-12.0959468158016,-77.0355560557537
2016-018057,15-03-2016,"10:05:11 a.m.","  JR. DAVALOS (JULIO MALAGA GRENET) 338        BARRANCO","EMERGENCIA MEDICA","AMB-202, MED-100, RES-11",-12.1456968053897,-77.0177650633809
2016-018056,15-03-2016,"10:04:19 a.m.","  AV. EL PARRAL 309        COMAS","EMERGENCIA MEDICA","AMB-202, MED-100, RES-11",-11.9616981277814,-77.0588725627151
2016-018055,15-03-2016,"10:01:50 a.m.","  JR. RISSO 652        LINCE","EMERGENCIA MEDICA",AMB-4,-12.0850443303442,-77.0295910761454
2016-018054,15-03-2016,"09:53:27 a.m.","  AV. JOSE DE SAN MARTIN 630        SAN MIGUEL","EMERGENCIA MEDICA",SAMU-83,-12.0892895272048,-77.0758819479638
2016-018053,15-03-2016,"09:52:23 a.m.","  AV. MARISCAL ANTONIO JOSE DE SUCRE 174        MIRAFLORES","EMERGENCIA MEDICA",MED-100,-12.1129213652713,-77.0394345533139
2016-018052,15-03-2016,"09:52:00 a.m.","CL. LOS METEREOLOGOS CRUCE CON CL. LOS FITOPATOLOGOS LA MOLINA            LA MOLINA","EMERGENCIA MEDICA",MED-100,-12.0679998352271,-76.956373507994
2016-018051,15-03-2016,"09:49:14 a.m.","JR. BATALLON ARICA (BATALLON CALLAO SUR) CRUCE CON JR. BARTOLOME HERRERA SANTIAGO DE SURCO            ","EMERGENCIA MEDICA",AMB-120,-12.1255940361042,-76.9840465182333
2016-018050,15-03-2016,"09:44:35 a.m.","AS. HORIZONTE AZUL I ETAPA E LT  6            SAN MARTIN DE PORRES","EMERGENCIA MEDICA",AMB-168,-11.9817235642621,-77.1027097988544
2016-018049,15-03-2016,"09:39:08 a.m.","  CL. OSCAR CHOCANO URB. CHAMA 201        SANTIAGO DE SURCO",INCENDIO,"ESC-134, M28-1, RES-134, SAMU-16",-12.1276922791845,-76.9947723818335
2016-018048,15-03-2016,"09:33:44 a.m.","  AV. ANDRES ARAMBURU 154        SAN ISIDRO","EMERGENCIA MEDICA",AMB-28,-12.1033503465903,-77.0309855736628
2016-018047,15-03-2016,"09:16:07 a.m.","AH. LA POLVORA             LA VICTORIA","EMERGENCIA MEDICA",SAMU-8,-12.079056104687,-77.0142412325949
2016-018046,15-03-2016,"09:10:50 a.m.","AV. DEFENSORES DEL MORRO (HUAYLAS) CRUCE CON AV. ARIOSTO MATELLINI (COLECTORA RESIDENCIAL) CHORRILLOS            CHORRILLOS","ACCIDENTE VEHICULAR","M13-2, RES-6, SAMU-6",-12.1813234076591,-77.0124940139655
2016-018045,15-03-2016,"09:00:52 a.m.","  JR. SANTA MARIA (LOS CUARZOS) 000        SAN JUAN DE LURIGANCHO",INCENDIO,"M10-1, M2-1, RES-3, SAMU-121",-11.986931501433,-76.9998690687937
2016-018044,15-03-2016,"08:52:39 a.m.","AS. APAVIC MAZ O LOTE 13             CARABAYLLO","EMERGENCIA MEDICA",AMB-150,-11.8889424739166,-77.0334460587944
2016-018043,15-03-2016,"08:49:52 a.m.","  JR. RIO BRANCO 2370       SAN MARTIN DE PORRES","EMERGENCIA MEDICA",SAMU-161,-12.0313603438324,-77.0705630958104
2016-018042,15-03-2016,"08:43:33 a.m.","  CA. RAMIRO PRIALE 000        LURIGANCHO","ACCIDENTE VEHICULAR","M121-1, M169-1, SAMU-176",-12.0072031672386,-76.875631114845
2016-018041,15-03-2016,"08:39:55 a.m.","AH. NUEVA UNION MZ Q LOTE 1            COMAS","MATERIALES PELIGROSOS (INCIDENTE)",M150-3,-11.907822930292,-77.0199659006916
2016-018040,15-03-2016,"08:31:54 a.m.","COLEGIO  SAN  PEDRO            LA MOLINA","SERVICIO ESPECIAL",RES-96,,
2016-018039,15-03-2016,"08:24:36 a.m.","  AV. SALAVERRY 2400       JESUS MARIA","EMERGENCIA MEDICA",RES-96,-12.0908682182495,-77.0522366767096
2016-018038,15-03-2016,"08:19:06 a.m.","  CL. 12 DE OCTUBRE (MIRAFLORES) MZ 46A LOTE 8 NVA ESPERANZA 900        VILLA MARIA DEL TRIUNFO","EMERGENCIA MEDICA",RES-96,-12.171536639201,-76.9339882768943
2016-018037,15-03-2016,"08:11:19 a.m.","  CL. JUAN ROBERTO ACEVEDO 156        PUEBLO LIBRE","EMERGENCIA MEDICA",RES-96,-12.0795958752483,-77.0639813438743
2016-018036,15-03-2016,"08:07:28 a.m.","COLEGIO SANTISIMO MORENO            ICA","EMERGENCIA MEDICA",AMB-22,,
2016-018035,15-03-2016,"08:07:19 a.m.","CO. AMERICA MZ Q LOTE 23             ","MATERIALES PELIGROSOS (INCIDENTE)","AMB-120, RES-134",,
2016-018034,15-03-2016,"07:56:02 a.m.","CL. ANDRES REYES CRUCE CON PS. PARODI SAN ISIDRO            SAN ISIDRO","EMERGENCIA MEDICA",AMB-4,-12.0946339157799,-77.0310786209177
2016-018033,15-03-2016,"07:47:03 a.m.","ENTRADA CERRO AZUL KM 131 DE SUR A NORTE             ","EMERGENCIA MEDICA",AMB-4,,
2016-018032,15-03-2016,"07:46:35 a.m.","FUERTE HOYOS RUBIO            ","SERVICIO ESPECIAL",AMB-4,,
2016-018031,15-03-2016,"07:34:39 a.m.","AV. ALFREDO BENAVIDES CRUCE CON AV. ALEJANDRO VELASCO ASTETE SANTIAGO DE SURCO            SANTIAGO DE SURCO","EMERGENCIA MEDICA",SAMU-134,-12.1279409475689,-76.9877213066169
2016-018030,15-03-2016,"07:27:32 a.m.","FUNDO  BARBADILLO            ATE","SERVICIO ESPECIAL",M138-1,,
2016-018029,15-03-2016,"07:24:52 a.m.","  CL. HUASCAR 300        CALLAO","EMERGENCIA MEDICA",M138-1,-12.0485630510694,-77.1365288806875
2016-018028,15-03-2016,"07:10:13 a.m.","AV. SANTA ROSA CRUCE CON AV. MARISCAL RAMON CASTILLA (MARANGA) LA PERLA            LA PERLA","EMERGENCIA MEDICA",MED-5,-12.0674945956313,-77.1204407183201
2016-018027,15-03-2016,"06:58:23 a.m.",,"EMERGENCIA MEDICA",SAMU-10,-12.0553052829784,-77.0511135393605
2016-018026,15-03-2016,"06:55:11 a.m.","PSJE  SANTA ROSA   145        LURIGANCHO",RESCATE,"AMB-32, RES-32",,
2016-018025,15-03-2016,"06:32:34 a.m.","  AV. GREGORIO ESCOBEDO (ORTIZ DE ZEVALLOS) 600        JESUS MARIA","EMERGENCIA MEDICA",AMB-202,-12.0862893968325,-77.0541348918144
2016-018024,15-03-2016,"06:00:42 a.m.","AH. KUMAMOTO             VENTANILLA","MATERIALES PELIGROSOS (INCIDENTE)","AMB-150, AMB-163, M184-1",-11.8819296970657,-77.1332353221561
2016-018023,15-03-2016,"05:53:43 a.m.","  AV. COLONIAL (OSCAR R. BENAVIDES) 2800       CALLAO","EMERGENCIA MEDICA",MED-5,-12.0563908404122,-77.1130085091775
2016-018022,15-03-2016,"05:51:03 a.m.","  CL. RIO HUAURA 254        PUEBLO LIBRE","EMERGENCIA MEDICA",AMB-83,-12.0686320187838,-77.071632876118
2016-018021,15-03-2016,"05:47:09 a.m.",,"EMERGENCIA MEDICA","AMB134-2, RES-11, RES-134",-12.1177573750144,-77.0088489028949
2016-018020,15-03-2016,"05:45:08 a.m.","  JR. BRASIL 298        LA PERLA","EMERGENCIA MEDICA",AMB-7,-12.0669938828591,-77.1248651983449
2016-018019,15-03-2016,"05:39:36 a.m.","AV. GUARDIA REPUBLICANA (PRINCIPAL) CRUCE CON AV. SEPARADORA INDUSTRIAL VILLA EL SALVADOR            ",INCENDIO,M106-3,-12.2294858333486,-76.9205203734843
2016-018018,15-03-2016,"05:26:11 a.m.","  CL. LAURICOCHA 175        SANTIAGO DE SURCO","EMERGENCIA MEDICA",AMB-28,-12.1336204882669,-77.0071290321783
2016-018017,15-03-2016,"05:04:26 a.m.","PLAYA LAS CONCHITAS            ","EMERGENCIA MEDICA",AMB-163,,
2016-018016,15-03-2016,"04:41:31 a.m.","  CL. FRANCIA MZ B LT 5 000        CALLAO",INCENDIO,"AMB-9, M75-1, M9-5",-11.9614421610791,-77.1269654707181
2016-018015,15-03-2016,"04:28:47 a.m.","CARRETERAS - PANAMERICANAS PANAMERICANA SUR 21.5            VILLA EL SALVADOR","ACCIDENTE VEHICULAR","AMB-120, M106-3, M160-1",-12.2381510847331,-76.9521460827182
2016-018014,15-03-2016,"04:06:13 a.m.","GRAL PRADO C/C CASABLANCA            SAYAN","ACCIDENTE VEHICULAR","AMB-120, M106-3, M160-1",,
2016-018013,15-03-2016,"04:01:29 a.m.","  AV. SAN FELIPE 164        JESUS MARIA","EMERGENCIA MEDICA",AMB-202,-12.0812319956842,-77.0574956778444
2016-018012,15-03-2016,"03:32:40 a.m.","BRISAS  MANTARO MZ  B  LT  17  000        EL AGUSTINO","EMERGENCIA MEDICA",SAMU-127,-12.0324478054075,-76.964697010148
2016-018011,15-03-2016,"03:09:30 a.m.","  AV. PEDRO DE OSMA 407        BARRANCO","EMERGENCIA MEDICA",SAMU-6,-12.154795446161,-77.0229048647679
2016-018010,15-03-2016,"02:39:21 a.m.","PR. TACNA CRUCE CON AV. FRANCISCO PIZARRO RIMAC            RIMAC",INCENDIO,"AMB-21, M10-1, M3-1, RES-3",,
2016-018009,15-03-2016,"02:23:19 a.m.","  MA. MANCO CAPAC 526        CHACLACAYO","EMERGENCIA MEDICA","AMB-21, M10-1, M3-1, RES-3",,
2016-018008,15-03-2016,"02:11:19 a.m.","  AV. SANTIAGO DE SURCO (TOMAS MARSANO) 3200       SANTIAGO DE SURCO","EMERGENCIA MEDICA","AMB-21, M10-1, M3-1, RES-3",,
2016-018007,15-03-2016,"02:02:44 a.m.",,"EMERGENCIA MEDICA",SAMU-127,-12.0731562973094,-76.9959897070382
2016-018006,15-03-2016,"01:47:22 a.m.","  AV. SANTA ROSA DE LIMA SUR 645        SAN JUAN DE LURIGANCHO",INCENDIO,"AMB-21, ESC-10, M121-1, M176-1, M2-1, M21-1, SAMU-121",-11.9769691948764,-76.9916734585092
2016-018005,15-03-2016,"01:15:40 a.m.","UR. MARIA AUXILIADORA (ACOVIMISA) B   LT  17             SAN JUAN DE MIRAFLORES","EMERGENCIA MEDICA",SAMU-134,-12.1638248078446,-76.9792901018175
2016-018004,15-03-2016,"01:08:10 a.m.","  JR. CORONEL LEON VELARDE 176        LINCE","EMERGENCIA MEDICA",AMB-4,-12.0827213770958,-77.0365410774436
2016-018003,15-03-2016,"01:04:58 a.m.","  AV. VICTOR CASTRO IGLESIAS 289        SAN JUAN DE MIRAFLORES","EMERGENCIA MEDICA",AMB-120,-12.1713398206945,-76.9746080488925
2016-018002,15-03-2016,"12:48:44 a.m.","  CL. INCA GARCILAZO DE LA VEGA 407        ATE","EMERGENCIA MEDICA",AMB-8,-12.0760426730203,-76.9860738678527
2016-018001,15-03-2016,"12:43:44 a.m.","  JR. PASCO 4130       SAN MARTIN DE PORRES","EMERGENCIA MEDICA",AMB-9,-12.0291413002337,-77.0932578359345
2016-018000,15-03-2016,"12:40:48 a.m.","  CL. SAN BRUNO  DPT  303 274        SAN MIGUEL","EMERGENCIA MEDICA",AMB-83,-12.0836373774081,-77.0773356054079
2016-017999,15-03-2016,"12:29:38 a.m.","  AV. UNIVERSITARIA 6000       COMAS",RESCATE,AMB-83,-11.9523272916158,-77.0597260759258
2016-017998,15-03-2016,"12:23:10 a.m.","  AV. GUILLERMO BILLINGHURST (NUEVE OESTE) 686        SAN JUAN DE MIRAFLORES","EMERGENCIA MEDICA",AMB-120,-12.1599138279469,-76.9694600493448
2016-017997,15-03-2016,"12:22:12 a.m.","RE. SANTA CRUZ G 405                SAN ISIDRO","EMERGENCIA MEDICA",MED-100,-12.1065456041188,-77.0478997747405
2016-017996,15-03-2016,"12:20:48 a.m.","CARRETERAS - PANAMERICANAS CARRETERA CENTRAL 10            ","EMERGENCIA MEDICA",SAMU-127,-12.017530882943,-76.8939401131096
