ID,FECHA,HORA,DIRECCION,TIPO,UNIDADES,"CORDENADAS (lat)","CORDENADAS (lng)"
2016-008300,05-02-2016,"11:57:52 p.m.","  PR. DEFENSORES DEL MORRO (HUAYLAS) 000        CHORRILLOS","EMERGENCIA MEDICA",SAMU-105,-12.2245922434423,-76.9735264015369
2016-008299,05-02-2016,"11:54:39 p.m.","CA. VIA DE EVITAMIENTO CRUCE CON AV. LAS PALMERAS LA MOLINA            LA MOLINA","ACCIDENTE VEHICULAR","M138-4, RES-127, SAMU-138",-12.0729998040395,-76.9736615563733
2016-008298,05-02-2016,"11:50:48 p.m.","  CL. TAQUIJAHUANA 155        SAN MIGUEL","EMERGENCIA MEDICA",AMB-7,-12.0673558629369,-77.099778076062
2016-008297,05-02-2016,"11:33:30 p.m.","  AV. CANTO GRANDE 500        SAN JUAN DE LURIGANCHO","EMERGENCIA MEDICA","AMB-121, SAMU-2",-12.0198343323757,-77.013805593593
2016-008296,05-02-2016,"11:26:51 p.m.","  JR. CONTRALMIRANTE LIZARDO MONTERO 1164       SURQUILLO","EMERGENCIA MEDICA",AMB-28,-12.1109893049212,-77.0198135490048
2016-008295,05-02-2016,"11:23:34 p.m.",,"EMERGENCIA MEDICA",AMB-60,-12.0532707017488,-77.0842506185849
2016-008294,05-02-2016,"11:23:02 p.m.","  AV. JOSE ALVAREZ CALDERON 249        SAN BORJA","EMERGENCIA MEDICA",AMB-11,-12.1098603895575,-77.0035019792164
2016-008293,05-02-2016,"11:21:31 p.m.","AV. LOS TUSILAGOS ESTE (4) CRUCE CON AV. LOS PROCERES DE LA INDEPENDENCIA (CANTO GRANDE) SAN JUAN DE LURIGANCHO            SAN JUAN DE LURIGANCHO","EMERGENCIA MEDICA","AMB-121, SAMU-121",,
2016-008292,05-02-2016,"11:17:16 p.m.","  AL. SUR 1500       CHORRILLOS","EMERGENCIA MEDICA",AMB134-2,-12.2097588079148,-77.0202360118671
2016-008291,05-02-2016,"11:15:20 p.m.","  JR. DE LA UNION 300        LIMA","EMERGENCIA MEDICA",AMB-8,-12.0459238275599,-77.031185003629
2016-008290,05-02-2016,"11:12:51 p.m.","  CL. ALEMANIA 2300       LIMA","EMERGENCIA MEDICA",SAMU-10,-12.0490926121465,-77.0618939490556
2016-008289,05-02-2016,"11:12:14 p.m.","  AL. SUR 1500       CHORRILLOS","EMERGENCIA MEDICA",AMB-16,-12.2101779990011,-77.020722451189
2016-008288,05-02-2016,"11:09:04 p.m.",,"EMERGENCIA MEDICA","AMB-14, USAC-25",-12.0278646359671,-77.0452168458902
2016-008287,05-02-2016,"11:04:43 p.m.","  CL. PEDRO VILLALOBOS 242        SAN JUAN DE MIRAFLORES","EMERGENCIA MEDICA",AMB-120,-12.1705158797401,-76.9751123197333
2016-008286,05-02-2016,"11:04:18 p.m.","  AV. JAVIER PRADO ESTE 4200       SANTIAGO DE SURCO","EMERGENCIA MEDICA",SAMU-127,-12.0844932974981,-76.9768892197134
2016-008285,05-02-2016,"11:02:07 p.m.","  CL. FEDERICO NOGUERA 460        SAN MARTIN DE PORRES","EMERGENCIA MEDICA",SAMU-168,-12.0290615709743,-77.0501329864255
2016-008284,05-02-2016,"10:59:16 p.m.","  JR. AYACUCHO 800        LIMA","MATERIALES PELIGROSOS (INCIDENTE)","M2-1, SAMU-10",-12.0543529038267,-77.0286890210305
2016-008283,05-02-2016,"10:46:01 p.m.","JR. COLON CRUCE SALOM            CALLAO","EMERGENCIA MEDICA",MED-34,,
2016-008282,05-02-2016,"10:38:42 p.m.","  CL. LOS QUECHUAS 442        LA VICTORIA","EMERGENCIA MEDICA",AMB-2,-12.0653622592098,-77.0068995947263
2016-008281,05-02-2016,"10:36:21 p.m.","CL. BERLIN (22) CRUCE CON PR. JAVIER PRADO ATE - VITARTE            ATE","EMERGENCIA MEDICA",SAMU-127,-12.0382553670479,-76.9240444677056
2016-008280,05-02-2016,"10:33:58 p.m.","  CL. CESAREO CHACALTANA 360        MIRAFLORES",INCENDIO,"AMB-28, M100-1, M28-1, MATPEL-4",-12.116699233347,-77.040053839455
2016-008279,05-02-2016,"10:24:51 p.m.","  JR. HUMBOLDT 330        LA VICTORIA","MATERIALES PELIGROSOS (INCIDENTE)","AMB-8, M4-1",-12.0660568164028,-77.0300640917753
2016-008278,05-02-2016,"10:21:58 p.m.","AV. GREGORIO ESCOBEDO (ORTIZ DE ZEVALLOS) CRUCE CON JR. HUIRACOCHA JESUS MARIA            JESUS MARIA","EMERGENCIA MEDICA",SAMU-4,-12.0840758579572,-77.0516506722442
2016-008277,05-02-2016,"10:18:02 p.m.","EDUCACION UNIVERSIDAD PONTIFICIA UNIVERSIDAD CATOLICA 800        SAN MIGUEL","EMERGENCIA MEDICA",AMB-36,-12.070093205455,-77.0802398171318
2016-008276,05-02-2016,"10:15:41 p.m.","  CL. PUNTA ARENAS  MZ    3  W  LOTE  49 100        LA MOLINA","EMERGENCIA MEDICA",MED-96,-12.0890731951219,-76.8964046355706
2016-008275,05-02-2016,"10:14:44 p.m.","AV. TOMAS VALLE CRUCE CON AV. TUPAC AMARU (GERARDO UNGER) INDEPENDENCIA            INDEPENDENCIA","EMERGENCIA MEDICA",SAMU-168,-12.0073022440821,-77.0539120210487
2016-008274,05-02-2016,"10:12:43 p.m.","  JR. JOSE OLAYA 1179       LA PERLA","EMERGENCIA MEDICA",MED-34,-12.0680200762079,-77.1225681315295
2016-008273,05-02-2016,"10:10:09 p.m.","UR. ALAMEDA DE ATE MZ  LL LT 37 CALLE 16            SANTA ANITA","EMERGENCIA MEDICA",AMB-138,-12.0306247063831,-76.9464341719501
2016-008272,05-02-2016,"10:04:10 p.m.","B 184             ","EMERGENCIA MEDICA",AMB-184,,
2016-008271,05-02-2016,"10:01:23 p.m.","  CL. MANCO II 280        SAN MIGUEL","EMERGENCIA MEDICA",AMB-60,-12.0805111827587,-77.0944332104301
2016-008270,05-02-2016,"09:59:06 p.m.","  JR. LOS JAZMINES 169        LINCE","EMERGENCIA MEDICA",AMB-202,-12.0900120478147,-77.0289508332115
2016-008269,05-02-2016,"09:57:36 p.m.","  AV. COLON 1021       BELLAVISTA","EMERGENCIA MEDICA",MED-34,-12.0607328593034,-77.1333666442371
2016-008268,05-02-2016,"09:57:14 p.m.","  PJ. LUCERO 192        RIMAC","EMERGENCIA MEDICA",SAMU-10,-12.0239284171875,-77.0260746786647
2016-008267,05-02-2016,"09:54:34 p.m.",,"EMERGENCIA MEDICA",AMB-7,-12.0752063434115,-77.1019641158289
2016-008266,05-02-2016,"09:50:36 p.m.","CL. SANCHEZ PINILLOS CRUCE CON CL. PACASMAYO LIMA            LIMA","EMERGENCIA MEDICA",AMB-8,-12.0484792291385,-77.0464206098364
2016-008265,05-02-2016,"09:44:02 p.m.","  CL. MATIAS MAESTRO 181        LIMA","EMERGENCIA MEDICA",SAMU-2,-12.0517510811527,-77.0176171887462
2016-008264,05-02-2016,"09:37:42 p.m.","MARIANO DE LOS SANTOS  116        SAN ISIDRO",RESCATE,RESLIG-4,,
2016-008263,05-02-2016,"09:35:55 p.m.","  JR. MOQUEGUA 350        CALLAO","EMERGENCIA MEDICA",AMB-1,-12.0574941827679,-77.1421191512192
2016-008262,05-02-2016,"09:35:24 p.m.","  AV. MIRAFLORES (28 DE JULIO) 1000       MIRAFLORES","ACCIDENTE VEHICULAR","AMB-28, M16-1, M28-1",-12.1299969610801,-77.02197479131
2016-008261,05-02-2016,"09:31:33 p.m.","CALLE LOS ROSALES UR. MANSINILLA             ICA","EMERGENCIA MEDICA",AMB-22,,
2016-008260,05-02-2016,"09:23:19 p.m.",,"ACCIDENTE VEHICULAR","M16-1, RES-16",-12.1430768584277,-77.0220055972828
2016-008259,05-02-2016,"09:23:02 p.m.","  JR. SANTO CRISTO (A) 000        SANTIAGO DE SURCO","EMERGENCIA MEDICA",AMB-16,-12.1494796542207,-77.004396034748
2016-008258,05-02-2016,"09:20:35 p.m.","  CL. MANUEL RAYGADA 206        SAN MIGUEL","EMERGENCIA MEDICA",AMB-83,-12.0797434620743,-77.0800152135592
2016-008257,05-02-2016,"09:18:44 p.m.","  JR. LOS LAURELES UR. VALDIVIEZO .  130        SAN MARTIN DE PORRES","EMERGENCIA MEDICA",AMB-65,-12.0288409499181,-77.0623097842583
2016-008256,05-02-2016,"09:10:55 p.m.","  CL. LEO DELIBES 146        SAN BORJA","EMERGENCIA MEDICA",SAMU-127,-12.1028443027789,-76.9996920775662
2016-008255,05-02-2016,"09:08:44 p.m.","  CL. JUAN FUENTES (3) 500        SURQUILLO","EMERGENCIA MEDICA",AMB-11,-12.1156300981164,-77.005831428427
2016-008254,05-02-2016,"09:00:03 p.m.","  AV. PERU 2100       SAN MARTIN DE PORRES","EMERGENCIA MEDICA",AMB-65,-12.0316998553179,-77.0686891147185
2016-008253,05-02-2016,"08:57:55 p.m.","CARRETERAS - PANAMERICANAS PANAMERICANA NORTE 24            LOS OLIVOS","EMERGENCIA MEDICA","AMB-150, AMB124-2, M164-1",-11.9199599958874,-77.0734536408396
2016-008252,05-02-2016,"08:52:54 p.m.",,"EMERGENCIA MEDICA",AMB-83,-12.062503808316,-77.0582120981077
2016-008251,05-02-2016,"08:49:59 p.m.","  AV. ALFONSO UGARTE 500        LIMA","EMERGENCIA MEDICA",SAMU-10,-12.0472370292896,-77.0424764995349
2016-008250,05-02-2016,"08:47:48 p.m.","AV. GREGORIO ESCOBEDO (ORTIZ DE ZEVALLOS) CRUCE CON AV. FAUSTINO SANCHEZ CARRION (PERSHING) JESUS MARIA            JESUS MARIA","EMERGENCIA MEDICA",AMB-100,-12.0900248545079,-77.0577065783894
2016-008249,05-02-2016,"08:45:27 p.m.","CRUCE HUARAZ            PATIVILCA","ACCIDENTE VEHICULAR","AMB-81, AMB-91",,
2016-008248,05-02-2016,"08:40:56 p.m.","JR. AGUSTIN GAMARRA CRUCE CON AV. 28 DE JULIO LA VICTORIA            LA VICTORIA","EMERGENCIA MEDICA",AMB-8,-12.0612738707162,-77.0139466228503
2016-008247,05-02-2016,"08:36:08 p.m.","AH. LOS JAZMINES DE PALAO I ETAPA C            SAN MARTIN DE PORRES",INCENDIO,M161-1,-12.0194205020299,-77.0656740176555
2016-008246,05-02-2016,"08:29:20 p.m.","PJ. VILLA EL SALVADOR SECTOR 3 GRUPO 27 A 1800       VILLA EL SALVADOR","EMERGENCIA MEDICA",SAMU-120,-12.2216064205172,-76.9388474404523
2016-008245,05-02-2016,"08:19:03 p.m.","  CL. BUEN PASTOR 000        LOS OLIVOS","EMERGENCIA MEDICA",SAMU-168,-11.9974824113714,-77.0630781075561
2016-008244,05-02-2016,"08:14:55 p.m.","  CL. GARCIA CALDERON 661        CALLAO","EMERGENCIA MEDICA",AMB-1,-12.055591448534,-77.135292125871
2016-008243,05-02-2016,"08:09:31 p.m.","  CL. YAUCA 281        VILLA MARIA DEL TRIUNFO","EMERGENCIA MEDICA",AMB-1,-12.1740437833599,-76.9190904049001
2016-008242,05-02-2016,"08:07:49 p.m.","PLAZa DE ARMAS DE BARRANCA            BARRANCA","ACCIDENTE VEHICULAR",AMB-1,,
2016-008241,05-02-2016,"08:06:47 p.m.","PLAZA DE ARMAS             ",INCENDIO,M73-1,,
2016-008240,05-02-2016,"08:06:41 p.m.","  AV. RAMON VARGAS MACHUCA 300        SAN JUAN DE MIRAFLORES","ACCIDENTE VEHICULAR","AMB-120, AMB134-2, M120-1, M13-1, M6-1, SAMU-105",-12.1657478177682,-76.9742074443799
2016-008239,05-02-2016,"08:04:54 p.m.","EDUCACION INSTITUTO MARIA ROSARIO ARAOZ PINTO 3200       SAN MIGUEL","EMERGENCIA MEDICA",AMB-60,-12.0716533817601,-77.1026811942774
2016-008238,05-02-2016,"08:03:48 p.m.","IGLESIA SAGRADO CORAZON DE JESUS             ","SERVICIO ESPECIAL",M1-1,,
2016-008237,05-02-2016,"08:00:54 p.m.","BAJADA AGUA DULCE DENTRO DE ROCKYS            CHORRILLOS","EMERGENCIA MEDICA",SAMU-6,,
2016-008236,05-02-2016,"08:00:22 p.m.","AV. QUILCA CRUCE CON AV. ELMER FAUCETT CALLAO            ","EMERGENCIA MEDICA",MED-34,-12.0356340317746,-77.0992149346873
2016-008235,05-02-2016,"07:58:47 p.m.","  AV. ALFREDO MENDIOLA (PANAMERICANA NORTE) 3200       LOS OLIVOS","EMERGENCIA MEDICA",SAMU-168,-11.9971029548885,-77.0634240626033
2016-008234,05-02-2016,"07:52:54 p.m.","  AV. CANTO GRANDE HHAA  CANTO GRANDE 900        SAN JUAN DE LURIGANCHO","EMERGENCIA MEDICA",AMB-121,-12.0138333635917,-77.0134690387525
2016-008233,05-02-2016,"07:45:51 p.m.","CL. CHIMU CRUCE CON AV. INDOAMERICA INDEPENDENCIA            ","EMERGENCIA MEDICA",AMB-65,,
2016-008232,05-02-2016,"07:44:45 p.m.","  AV. ALEJANDRO VELASCO ASTETE 3387       SANTIAGO DE SURCO","EMERGENCIA MEDICA",AMB134-2,-12.1389038663311,-76.9912839001915
2016-008231,05-02-2016,"07:43:53 p.m.","AH. EL PROGRESO MZ R LOTE 13             SAN JUAN DE MIRAFLORES","MATERIALES PELIGROSOS (INCIDENTE)",RES-134,-12.1453102869646,-76.9789049506291
2016-008230,05-02-2016,"07:43:06 p.m.","  AV. TOMAS VALLE 1900       ","MATERIALES PELIGROSOS (INCIDENTE)",M9-5,-12.0129253411206,-77.0848401068397
2016-008229,05-02-2016,"07:42:31 p.m.","  AV. ARGENTINA 1300       LIMA","ACCIDENTE VEHICULAR","AMB-202, AMB-83, M10-3, M3-1",,
2016-008228,05-02-2016,"07:33:43 p.m.","  AV. ALMIRANTE MIGUEL GRAU 265        SAN MIGUEL","EMERGENCIA MEDICA","AMB-100, M36-1",-12.091465718886,-77.080086367641
2016-008227,05-02-2016,"07:32:09 p.m.","LA MOLINA 3055       ","EMERGENCIA MEDICA",MED-96,,
2016-008226,05-02-2016,"07:28:09 p.m.","AH. OASIS DE VILLA SECTOR 9            ",INCENDIO,"M106-1, M120-1, SAMU-105",-12.2396202172025,-76.9344867680126
2016-008225,05-02-2016,"07:26:22 p.m.","UR. CARABAYLLO             COMAS","EMERGENCIA MEDICA",AMB-65,-11.965188217832,-77.0597127832505
2016-008224,05-02-2016,"07:19:52 p.m.","AV. ARIOSTO MATELLINI (COLECTORA RESIDENCIAL) CRUCE CON AV. PASEO DE LA REPUBLICA CHORRILLOS            CHORRILLOS","EMERGENCIA MEDICA",SAMU-6,-12.1791408177755,-77.0100335428079
2016-008223,05-02-2016,"07:16:30 p.m.","JR. DOMINGO MARTINEZ LUJAN (SAN FELIPE) CRUCE CON AV. ANGAMOS ESTE (PRIMAVERA) SURQUILLO            SURQUILLO","EMERGENCIA MEDICA",AMB-11,-12.1129237654462,-77.0163035506819
2016-008222,05-02-2016,"07:14:58 p.m.","  CL. MIGUEL ZAMORA 151        BELLAVISTA","EMERGENCIA MEDICA",AMB-60,-12.0585273004683,-77.0910836213454
2016-008221,05-02-2016,"07:09:12 p.m.","  AV. PACHACUTEC (LOS HEROES) 460        SAN JUAN DE MIRAFLORES","EMERGENCIA MEDICA",SAMU-120,-12.1531948220313,-76.97315104596
2016-008220,05-02-2016,"07:09:11 p.m.","AH. LOS OLIVOS DE PRO M1            LOS OLIVOS","EMERGENCIA MEDICA",AMB124-2,-11.9465219673828,-77.0824187754041
2016-008219,05-02-2016,"07:00:50 p.m.","TUPAC AMARU KM 22             CARABAYLLO",INCENDIO,M164-1,,
2016-008218,05-02-2016,"06:49:47 p.m.","B/134            SANTIAGO DE SURCO","EMERGENCIA MEDICA",SAMU-134,,
2016-008217,05-02-2016,"06:40:39 p.m.","  JR. TALARA 500        SAN MARTIN DE PORRES","EMERGENCIA MEDICA",SAMU-134,-12.0321074807691,-77.0823763819434
2016-008216,05-02-2016,"06:32:58 p.m.","PJ. SANTA ROSA SECTOR I MZ  I   LT 6            CALLAO","EMERGENCIA MEDICA",MED-34,-12.0426642126019,-77.11042355929
2016-008215,05-02-2016,"06:32:28 p.m.","NUEVO IMPERIAL             ",INCENDIO,M183-1,,
2016-008214,05-02-2016,"06:31:01 p.m.","  CL. ANTONIO CABO (7) 854        ","EMERGENCIA MEDICA",AMB-65,-12.0085160102338,-77.0701384356379
2016-008213,05-02-2016,"06:29:23 p.m.","  JR. NAZCA 430        JESUS MARIA",INCENDIO,SAMU-4,-12.069695236178,-77.0442603432897
2016-008212,05-02-2016,"06:25:12 p.m.","  AV. TOMAS VALLE 300        SAN MARTIN DE PORRES","EMERGENCIA MEDICA",SAMU-168,-12.0089254217695,-77.0627126402507
2016-008211,05-02-2016,"06:22:22 p.m.","CARRETERAS - PANAMERICANAS ANTIGUA PANAMERICANA SUR 40            LURIN","EMERGENCIA MEDICA",AMB-129,-12.2991778968522,-76.8479548244506
2016-008210,05-02-2016,"06:21:56 p.m.","  JR. HUACHO 624        EL AGUSTINO","EMERGENCIA MEDICA",SAMU-2,-12.048648810601,-77.0098050743294
2016-008209,05-02-2016,"06:21:11 p.m.",,"EMERGENCIA MEDICA",MED-34,-12.0612407086414,-77.1451406012153
2016-008208,05-02-2016,"06:19:20 p.m.","  AV. MEXICO 208        COMAS","EMERGENCIA MEDICA",AMB124-2,-11.9564890374414,-77.0552885886857
2016-008207,05-02-2016,"06:18:52 p.m.",,"EMERGENCIA MEDICA",SAMU-10,-12.05477334208,-77.0444166036764
2016-008206,05-02-2016,"06:17:26 p.m.","FUNDO CAVERO SAN CLEMENTE            ","ACCIDENTE VEHICULAR",AMB-157,,
2016-008205,05-02-2016,"06:14:11 p.m.","  AV. LA MARINA 2333       SAN MIGUEL","EMERGENCIA MEDICA",AMB-202,-12.0777136532884,-77.0869869748575
2016-008204,05-02-2016,"06:02:28 p.m.","  AV. FRANCISCO BOLOGNESI 977        COMAS","MATERIALES PELIGROSOS (INCIDENTE)","AMB124-2, CIST124-4, M164-1",-11.9261705141363,-77.0360668548977
2016-008203,05-02-2016,"05:57:12 p.m.","  AV. CORONEL NESTOR GAMBETA (EL EMISOR) 000        CALLAO","ACCIDENTE VEHICULAR","AMB-60, AMB-7, M5-1, M9-5",-12.0302282616119,-77.1275504554747
2016-008202,05-02-2016,"05:49:59 p.m.","  AV. COSTANERA 2737       LA PERLA","EMERGENCIA MEDICA",AMB-7,-12.0781119880138,-77.1121234442058
2016-008201,05-02-2016,"05:48:32 p.m.","  AV. JOSE DE LA RIVA AGUERO 500        EL AGUSTINO","EMERGENCIA MEDICA",SAMU-176,-12.0548204584717,-77.0041207172958
2016-008200,05-02-2016,"05:47:26 p.m.","  AV. CIRCUNVALACION (PANAMERICANA SUR) 3100       SAN BORJA","MATERIALES PELIGROSOS (INCIDENTE)","M11-1, M138-1, RES-127, SAMU-127",-12.0826757888987,-76.9853900983776
2016-008199,05-02-2016,"05:46:13 p.m.","PJ. VILLA EL SALVADOR SECTOR 2 GRUPO 16 B LT 6            VILLA EL SALVADOR","EMERGENCIA MEDICA",AMB-106,-12.2032498651276,-76.9463562852357
2016-008198,05-02-2016,"05:39:04 p.m.","  CL. CORONEL MIGUEL BAQUERO 352        LIMA","EMERGENCIA MEDICA",AMB-14,-12.0502062374154,-77.0465612062077
2016-008197,05-02-2016,"05:36:08 p.m.","AV. DE LOS CONSTRUCTORES (D) CRUCE CON AV. LOS INGENIEROS (A) LA MOLINA            LA MOLINA","EMERGENCIA MEDICA",AMB-169,-12.0630907807565,-76.9510255534276
2016-008196,05-02-2016,"05:30:33 p.m.","AV. AVIACION CRUCE CON AV. ANGAMOS ESTE (PRIMAVERA) SAN BORJA            SAN BORJA","EMERGENCIA MEDICA",AMB-11,,
2016-008195,05-02-2016,"05:25:01 p.m.","AV. FRANCISCO JAVIER MARIATEGUI CRUCE CON JR. GENERAL CORDOVA JESUS MARIA            JESUS MARIA","EMERGENCIA MEDICA",AMB-202,-12.0761066253338,-77.039185477705
2016-008194,05-02-2016,"05:16:57 p.m.","  CL. JUAN COMANDANTE FANNING 168        BELLAVISTA","MATERIALES PELIGROSOS (INCIDENTE)","AMB-7, M15-1",-12.0603576235862,-77.1277955883289
2016-008193,05-02-2016,"05:02:09 p.m.","  JR. LA CONQUISTA 145        SANTIAGO DE SURCO","EMERGENCIA MEDICA",SAMU-127,-12.0998299295415,-76.971833101787
2016-008192,05-02-2016,"04:54:25 p.m.","  JR. SANTA HONORATA 571        LIMA","EMERGENCIA MEDICA",SAMU-83,-12.0623776142472,-77.0763533132899
2016-008191,05-02-2016,"04:52:15 p.m.","CAMINOS DEL INCA / PARQUE DE LA AMISTAD            SANTIAGO DE SURCO","SERVICIO ESPECIAL",ESC-134,,
2016-008190,05-02-2016,"04:51:41 p.m.","PANAMERICANA SUR KM 88            MALA","EMERGENCIA MEDICA",AMB-111,,
2016-008189,05-02-2016,"04:50:11 p.m.",,"EMERGENCIA MEDICA",AMB-14,-12.0632848258338,-77.0510455532203
2016-008188,05-02-2016,"04:46:23 p.m.","AV. EL SOL CRUCE CON CA. PANAMERICANA SUR VILLA EL SALVADOR            VILLA EL SALVADOR","EMERGENCIA MEDICA",SAMU-120,-12.2221937627744,-76.974397461351
2016-008187,05-02-2016,"04:43:34 p.m.",,"EMERGENCIA MEDICA",AMB-7,-12.0593730698635,-77.1175085418602
2016-008186,05-02-2016,"04:41:30 p.m.","CALLE GRAU            CHANCAY","EMERGENCIA MEDICA",AMB-80,,
2016-008185,05-02-2016,"04:41:01 p.m.","  AV. ALCANFORES 864        ","EMERGENCIA MEDICA",AMB-100,-12.1277302461689,-77.0280886909256
2016-008184,05-02-2016,"04:38:29 p.m.","CARRETERAS - PANAMERICANAS ANTIGUA PANAMERICANA SUR 39            LURIN","EMERGENCIA MEDICA",AMB-129,-12.2929050378294,-76.8547343927309
2016-008183,05-02-2016,"04:24:42 p.m.","CENTRO POBLADO LA CHICCHA            ","EMERGENCIA MEDICA",AMB-44,,
2016-008182,05-02-2016,"04:19:31 p.m.","  AV. LAS BEGONIAS 785        ","EMERGENCIA MEDICA",SAMU-4,-12.096354818758,-77.0260325391477
2016-008181,05-02-2016,"04:18:29 p.m.","PLAYA LOS DELFINES            ","EMERGENCIA MEDICA","AMB-28, M4-1, RESLIG-4",,
2016-008180,05-02-2016,"04:16:16 p.m.","  JR. ANTONIO MIROQUESADA 376        LIMA","EMERGENCIA MEDICA",AMB-14,-12.0495663477684,-77.0302189786489
2016-008179,05-02-2016,"04:13:14 p.m.","PANAMERICANA SUR ANTIGUA ALT DEL MERCADO DE FRUTAS             MALA","EMERGENCIA MEDICA",AMB-111,,
2016-008178,05-02-2016,"04:11:32 p.m.","CARRETERAS - PANAMERICANAS PANAMERICANA SUR 86            ","EMERGENCIA MEDICA",AMB-111,,
2016-008177,05-02-2016,"04:04:30 p.m.","  CL. JUAN HOYLE PALACIOS 187        SAN MIGUEL","EMERGENCIA MEDICA",AMB-60,-12.0732841901991,-77.0912135109284
2016-008176,05-02-2016,"04:03:05 p.m.","  CL. LOS AMAUTAS 1007       SAN JUAN DE LURIGANCHO","EMERGENCIA MEDICA",SAMU-176,-12.025027075683,-76.9956568251669
2016-008175,05-02-2016,"03:51:59 p.m.","PUEBLO JOVEN SANTA TERESITA            ",INCENDIO,"CIST82-4, RES-82",,
2016-008174,05-02-2016,"03:50:05 p.m.","CL. ANTEQUERA CRUCE CON CL. MANUEL ATANASIO FUENTES SAN ISIDRO            SAN ISIDRO","EMERGENCIA MEDICA",SAMU-4,-12.0952588648213,-77.0307695868683
2016-008173,05-02-2016,"03:47:09 p.m.","  JR. LUIS M. SANCHEZ CERRO (MENDIBURO) 2100       JESUS MARIA","EMERGENCIA MEDICA",AMB-14,-12.0833213482333,-77.0488251266188
2016-008172,05-02-2016,"03:24:19 p.m.","PANAMERICANA SUR 240            ",INCENDIO,"CIST90-4, MED-90",,
2016-008171,05-02-2016,"03:06:50 p.m.","ZONA ELECTRO PERU             ","ACCIDENTE VEHICULAR",MED-152,,
2016-008170,05-02-2016,"03:05:49 p.m.","  JR. LOS TOPACIOS 359        LA VICTORIA","EMERGENCIA MEDICA",AMB-14,-12.077151811071,-77.02584211542
2016-008169,05-02-2016,"03:02:04 p.m.","  AV. EL SOL DE ORO (3) 7482       LOS OLIVOS","EMERGENCIA MEDICA",AMB124-2,-11.9996239277163,-77.063697974928
2016-008168,05-02-2016,"03:01:32 p.m.","  AV. OSCAR R. BENAVIDES (COLONIAL) 2000       BELLAVISTA","EMERGENCIA MEDICA",MED-18,,
2016-008167,05-02-2016,"02:58:35 p.m.","VIDENA            SAN LUIS","SERVICIO ESPECIAL",AMB-8,,
2016-008166,05-02-2016,"02:57:04 p.m.","  AV. GERMAN AMEZAGA 000        LIMA",RESCATE,M60-1,-12.054387577336,-77.0834339315042
2016-008165,05-02-2016,"02:51:09 p.m.","AH. SAN PEDRO DE ATE MZ E LOTE 12             ","EMERGENCIA MEDICA",SAMU-138,-12.0305688795036,-76.9124601031166
2016-008164,05-02-2016,"02:50:39 p.m.","UR. SAN DIEGO DE VIPOL MZ  I   LT 43            ","EMERGENCIA MEDICA",AMB124-2,-11.9490369034612,-77.0899685505044
2016-008163,05-02-2016,"02:47:44 p.m.","HOSPITAL DE RESOLA /// MARIA AUXILIADORA            ","EMERGENCIA MEDICA",MED-49,,
2016-008162,05-02-2016,"02:46:54 p.m.","  AV. AREQUIPA 2661       LINCE","EMERGENCIA MEDICA",MED-49,-12.0902248298305,-77.0337186209309
2016-008161,05-02-2016,"02:44:24 p.m.","  JR. ALGECIRAS (61) 127        ","EMERGENCIA MEDICA",SAMU-127,-12.0811763185944,-76.9962633256336
2016-008160,05-02-2016,"02:44:06 p.m.","  AV. COSTA VERDE (CIRCUITO DE PLAYAS) 000        MIRAFLORES","ACCIDENTE VEHICULAR","AMB-100, M28-1, M83-1",-12.1124672083826,-77.0519399448018
2016-008159,05-02-2016,"02:42:19 p.m.","UR. SAN PEDRO DE ANCON D            ANCON","EMERGENCIA MEDICA",AMB-163,-11.7809533994011,-77.1593301307409
2016-008158,05-02-2016,"02:39:40 p.m.","  AV. TOMAS VALLE 601        SAN MARTIN DE PORRES","EMERGENCIA MEDICA",SAMU-168,-12.0096417430492,-77.0659401742111
2016-008157,05-02-2016,"02:36:02 p.m.","  AV. GUILLERMO PRESCOTT 100        SAN ISIDRO","ACCIDENTE VEHICULAR","AMB-36, M4-1, SAMU-83",-12.0920991891915,-77.047611214177
2016-008156,05-02-2016,"02:33:01 p.m.","  AV. LAS PRADERAS 000        EL AGUSTINO",INCENDIO,"M106-3, M169-1, M21-1, SAMU-127",-12.0285863524239,-76.9642940569748
2016-008155,05-02-2016,"02:31:28 p.m.","  AV. MARISCAL JOSE LA MAR 2200       SAN MIGUEL","EMERGENCIA MEDICA","M106-3, M169-1, M21-1, SAMU-127",-12.0747667681084,-77.0808325320127
2016-008154,05-02-2016,"02:28:16 p.m.","  AV. ANGAMOS OESTE 1003       MIRAFLORES","EMERGENCIA MEDICA",AMB-16,-12.1137704929127,-77.0401724570569
2016-008153,05-02-2016,"02:26:41 p.m.","  AV. CIRCUNVALACION (VIA DE EVITAMIENTO) 000        EL AGUSTINO","ACCIDENTE VEHICULAR","M176-1, SAMU-176, SAMU-2",-12.0342368478858,-77.0092057780876
2016-008152,05-02-2016,"02:21:08 p.m.","URB SANTO DOMINGO             ","EMERGENCIA MEDICA",AMB-22,,
2016-008151,05-02-2016,"02:20:58 p.m.","  AV. DE LOS PRECURSORES 744        SANTIAGO DE SURCO",RESCATE,M11-1,-12.1184232194254,-76.9824673178702
2016-008150,05-02-2016,"02:14:27 p.m.","AV. LA MARINA CRUCE CON AV. UNIVERSITARIA SAN MIGUEL            SAN MIGUEL","EMERGENCIA MEDICA",SAMU-83,-12.0782877253793,-77.0824586374011
2016-008149,05-02-2016,"02:01:49 p.m.","  CL. CORONEL INCLAN 341        MIRAFLORES","EMERGENCIA MEDICA",AMB-16,-12.1164624010805,-77.0313572071215
2016-008148,05-02-2016,"01:52:40 p.m.","AUTODROMO LA CHUTANA            ","SERVICIO ESPECIAL",RES-125,,
2016-008147,05-02-2016,"01:52:02 p.m.","PLAYA LOS YUYOS             BARRANCO","EMERGENCIA MEDICA",AMB134-2,,
2016-008146,05-02-2016,"01:32:35 p.m.","  AV. ANDRES ARAMBURU 882        SURQUILLO","EMERGENCIA MEDICA",AMB134-2,-12.1023792700326,-77.0218000693838
2016-008145,05-02-2016,"01:17:59 p.m.","  PJ. SANTIAGO 2317       JESUS MARIA","EMERGENCIA MEDICA",AMB-100,-12.0832516722864,-77.0581048044833
2016-008144,05-02-2016,"01:15:45 p.m.","URB VIRU              BELLAVISTA","EMERGENCIA MEDICA",MED-34,,
2016-008143,05-02-2016,"12:57:42 p.m.",,"EMERGENCIA MEDICA",AMB-36,-12.060633300135,-77.0479996079519
2016-008142,05-02-2016,"12:56:02 p.m.","  AV. SANTIAGO DE SURCO (TOMAS MARSANO) 4100       SANTIAGO DE SURCO","ACCIDENTE VEHICULAR","AMB-11, RES-134, SAMU-134",-12.1390378998823,-76.9936533629436
2016-008141,05-02-2016,"12:42:00 p.m.","AV 28 JULIO             LURIGANCHO","EMERGENCIA MEDICA",AMB-32,,
2016-008140,05-02-2016,"12:40:38 p.m.","  AV. MARGINAL (VERONA) 100        ATE",INCENDIO,"ESC-134, M11-1, M4-1, RES-127, SAMU-127",-12.0837665615578,-76.9826332526
2016-008139,05-02-2016,"12:35:09 p.m.","  PJ. NICOLAS DE RIVERA EL VIEJO 118        LIMA","EMERGENCIA MEDICA",SAMU-2,-12.0451068375085,-77.0314046097264
2016-008138,05-02-2016,"12:23:46 p.m.","  AV. BOLIVAR 635        PUEBLO LIBRE","EMERGENCIA MEDICA",SAMU-14,-12.0717093097479,-77.0592474616316
2016-008137,05-02-2016,"12:20:35 p.m.","AV. ABEL BERGASSE DU PETIT THOUARS CRUCE CON JR. BARTOLOME HERRERA LINCE            LINCE","ACCIDENTE VEHICULAR","M4-1, MATPEL-4, SAMU-4",-12.0812577632724,-77.0338145609935
2016-008136,05-02-2016,"12:17:18 p.m.","UR. FUNDO LA CHALACA MZ C LT 9            CALLAO","EMERGENCIA MEDICA",AMB-60,-12.0584539720486,-77.1280828467209
2016-008135,05-02-2016,"12:14:30 p.m.",,"EMERGENCIA MEDICA",AMB134-2,-12.1439768858344,-77.0017127413368
2016-008134,05-02-2016,"12:05:50 p.m.","  JR. TACNA 298        LA PERLA","EMERGENCIA MEDICA",MED-34,-12.0682335977377,-77.1196033959618
2016-008133,05-02-2016,"11:53:38 a.m.","  CL. LAS DALIAS (3) 000        CALLAO",INCENDIO,"AMB-60, M15-1, M5-1, M7-1",-12.0533541285532,-77.1229323929296
2016-008132,05-02-2016,"11:44:24 a.m.","CL. BELEN 300        PISCO","MATERIALES PELIGROSOS (INCIDENTE)",CIST90-4,,
2016-008131,05-02-2016,"11:41:57 a.m.","  AV. UNIVERSITARIA 500        SAN MIGUEL","EMERGENCIA MEDICA",AMB-36,-12.083882810863,-77.0827375619225
2016-008130,05-02-2016,"11:40:10 a.m.","  AV. PACHACUTEC (LOS HEROES) 100        SAN JUAN DE MIRAFLORES","EMERGENCIA MEDICA",SAMU-120,-12.1515772729253,-76.9784960636518
2016-008129,05-02-2016,"11:36:42 a.m.","  AV. LOS CLAVELES (B) 000        EL AGUSTINO","EMERGENCIA MEDICA",SAMU-176,-12.0422674183366,-77.0014893706868
2016-008128,05-02-2016,"11:28:11 a.m.","  JR. MOQUEGUA (MALAMBITO)  INT 201  583        LIMA","EMERGENCIA MEDICA",SAMU-10,-12.0470512853795,-77.0386623711792
2016-008127,05-02-2016,"11:23:21 a.m.","  AV. FELIPE SANTIAGO SALAVERRY 2495       SAN ISIDRO","EMERGENCIA MEDICA",SAMU-14,-12.0905462609855,-77.0517715949755
2016-008126,05-02-2016,"11:12:24 a.m.","  JR. CONTRALMIRANTE LIZARDO MONTERO 950        SURQUILLO","EMERGENCIA MEDICA",AMB-100,-12.1111193071252,-77.0219015774484
2016-008125,05-02-2016,"11:11:04 a.m.","JR. SAN CLEMENTE (5) CRUCE CON JR. TENIENTE GENERAL FAP. JORGE CHAMOT BIGGS (1) SANTIAGO DE SURCO            SANTIAGO DE SURCO","EMERGENCIA MEDICA",AMB-28,-12.1523128650553,-76.9923874177309
2016-008124,05-02-2016,"11:07:12 a.m.","  AV. CANADA 400        LA VICTORIA","EMERGENCIA MEDICA",AMB-11,-12.0816298138101,-77.021991590649
2016-008123,05-02-2016,"11:05:18 a.m.","INSTITUCIONAL CIVICO MUNICIPALIDAD DE MAGDALENA DEL MAR            ","EMERGENCIA MEDICA",MED-36,-12.0916115842469,-77.0670203659232
2016-008122,05-02-2016,"11:01:06 a.m.","UR.LEON DE VIVERO MZ U   PUEBLO NUEVO            CHINCHA ALTA",INCENDIO,M38-4,,
2016-008121,05-02-2016,"11:00:17 a.m.","  CL. JUAN CASTILLA 1153       SAN JUAN DE MIRAFLORES","EMERGENCIA MEDICA",AMB134-2,-12.1591302972149,-76.9612470370937
2016-008120,05-02-2016,"10:59:24 a.m.","  CL. JOSE OLAYA 164        VILLA MARIA DEL TRIUNFO","EMERGENCIA MEDICA",SAMU-105,-12.1756798023962,-76.9334060289411
2016-008119,05-02-2016,"10:58:04 a.m.","PROLONGACION LEONCIO PRADO            HUACHO","EMERGENCIA MEDICA",AMB-20,,
2016-008118,05-02-2016,"10:51:02 a.m.","AV. GREGORIO ESCOBEDO (ORTIZ DE ZEVALLOS) CRUCE CON JR. HUIRACOCHA JESUS MARIA            JESUS MARIA","EMERGENCIA MEDICA",AMB-20,-12.0840758579572,-77.0516506722442
2016-008117,05-02-2016,"10:46:32 a.m.","  JR. RODOLFO RUTTE 155        MAGDALENA DEL MAR","EMERGENCIA MEDICA",AMB-36,,
2016-008116,05-02-2016,"10:46:09 a.m.","CL. GRAN PAJATEN CRUCE CON AV. CAJAMARQUILLA SAN JUAN DE LURIGANCHO            SAN JUAN DE LURIGANCHO","EMERGENCIA MEDICA",SAMU-176,-12.0228918020812,-76.9861225756491
2016-008115,05-02-2016,"10:36:27 a.m.","  JR. YAHUAR HUACA 1989       LINCE","EMERGENCIA MEDICA",AMB-100,-12.0856744377523,-77.0456385507876
2016-008114,05-02-2016,"10:28:51 a.m.","  AV. TACNA 200        LIMA","EMERGENCIA MEDICA","SAMU-10, SAMU-2",-12.0449171554695,-77.0366148303931
2016-008113,05-02-2016,"10:27:42 a.m.","  AV. JOSE PARDO 500        MIRAFLORES","EMERGENCIA MEDICA",AMB-28,-12.1191598267113,-77.0342205399756
2016-008112,05-02-2016,"10:26:22 a.m.",,"EMERGENCIA MEDICA",SAMU-4,-12.0719078131618,-77.0288995543856
2016-008111,05-02-2016,"10:21:49 a.m.","  CL. SAN PEDRO 556        VILLA MARIA DEL TRIUNFO","EMERGENCIA MEDICA",SAMU-106,-12.1713652342922,-76.9407046366073
2016-008110,05-02-2016,"10:15:48 a.m.","  JR. ZORRITOS 533        LIMA","EMERGENCIA MEDICA",SAMU-14,-12.0502022464934,-77.0476520377763
2016-008109,05-02-2016,"10:15:05 a.m.","CARRETERAS - PANAMERICANAS PANAMERICANA NORTE 30.5            PUENTE PIEDRA","EMERGENCIA MEDICA",AMB-150,-11.8647687298889,-77.0743551675291
2016-008108,05-02-2016,"10:11:59 a.m.","AV. BELEN CRUCE CON AV. JUAN ANTONIO PEZET (SAN GABRIEL) SAN ISIDRO            SAN ISIDRO","EMERGENCIA MEDICA",AMB-100,-12.1029665724452,-77.0480434281825
2016-008107,05-02-2016,"10:08:02 a.m.","AV. NARANJAL CRUCE CON PR. PARAMONGA SAN MARTIN DE PORRES            SAN MARTIN DE PORRES","EMERGENCIA MEDICA",AMB-65,-11.9613173227337,-77.0994979557511
2016-008106,05-02-2016,"10:07:37 a.m.","  AV. REPUBLICA ARGENTINA 3250       CALLAO","EMERGENCIA MEDICA",AMB-60,-12.0495919641033,-77.1105368188355
2016-008105,05-02-2016,"09:57:31 a.m.","  CL. RIO ELBA 160        LA MOLINA","EMERGENCIA MEDICA",SAMU-127,-12.1164006434138,-76.9391557235351
2016-008104,05-02-2016,"09:56:24 a.m.","PUENTE MAMACONA  KM 27.5            LURIN","EMERGENCIA MEDICA","AMB-134, M160-1",,
2016-008103,05-02-2016,"09:55:39 a.m.","  AV. PASEO DE LA REPUBLICA 3400       SAN ISIDRO","EMERGENCIA MEDICA",AMB-28,-12.097756236507,-77.0258186656012
2016-008102,05-02-2016,"09:49:29 a.m.","B83            ","EMERGENCIA MEDICA",SAMU-83,,
2016-008101,05-02-2016,"09:42:20 a.m.","GIRASOLES            ","EMERGENCIA MEDICA",AMB-115,,
2016-008100,05-02-2016,"09:41:28 a.m.","PLAYA EL SILENCIO            PUNTA HERMOSA","SERVICIO ESPECIAL",AMB-129,,
2016-008099,05-02-2016,"09:36:35 a.m.","AV.MIRAFLORES SAN CLEMENTE 500        PISCO","EMERGENCIA MEDICA",AMB-157,,
2016-008098,05-02-2016,"09:32:57 a.m.","AV GARDENIAS  164        ","EMERGENCIA MEDICA",AMB-44,,
2016-008097,05-02-2016,"09:31:04 a.m.","CL. FLORA TRISTAN (PEDRO TERRY VAILLY) CRUCE CON CL. AYACUCHO VILLA MARIA DEL TRIUNFO            VILLA MARIA DEL TRIUNFO","MATERIALES PELIGROSOS (INCIDENTE)",AMB-44,-12.1900543528276,-76.9223824600676
2016-008096,05-02-2016,"09:25:57 a.m.","AV. ARIOSTO MATELLINI CRUCE CON AV. GUARDIA PERUANA CHORRILLOS            CHORRILLOS","ACCIDENTE VEHICULAR","AMB134-2, M13-1, M6-1",-12.1764958019531,-77.0069404917705
2016-008095,05-02-2016,"09:10:47 a.m.","ENTRADA A PACHACUTEC             VENTANILLA","ACCIDENTE VEHICULAR",AMB-184,,
2016-008094,05-02-2016,"08:55:18 a.m.","JR. CONTRALMIRANTE MIGUEL GRAU (BENITO LAZO) CRUCE CON JR. LEONCIO PRADO (CAPITAN DE NAVIO ULISES DELBOY) MAGDALENA DEL             MAGDALENA DEL MAR","EMERGENCIA MEDICA",SAMU-83,-12.092680885434,-77.0731356257028
2016-008093,05-02-2016,"08:52:12 a.m.","  AV. ALFREDO MENDIOLA (PANAMERICANA NORTE) 4815       LOS OLIVOS","EMERGENCIA MEDICA",SAMU-83,-11.979283381506,-77.0663495732535
2016-008092,05-02-2016,"08:41:51 a.m.","  AV. ALEJANDRO VELASCO ASTETE 3105       SANTIAGO DE SURCO","EMERGENCIA MEDICA",AMB134-2,-12.1375070796687,-76.9910546959927
2016-008091,05-02-2016,"08:36:34 a.m.",,"EMERGENCIA MEDICA",SAMU-168,-11.9866244428386,-77.0860940656754
2016-008090,05-02-2016,"08:30:25 a.m.","SECTOR 2 GRUPO 10 MZ N LT 16             VILLA EL SALVADOR","MATERIALES PELIGROSOS (INCIDENTE)","M106-1, M155-1, MAPEL-28, SAMU-105",-12.211797874156,-76.9344151704235
2016-008089,05-02-2016,"08:14:15 a.m.","JR. HUANUCO CRUCE CON AV. 28 DE JULIO LA VICTORIA            LA VICTORIA","EMERGENCIA MEDICA",SAMU-2,-12.0614753397219,-77.0156135576699
2016-008088,05-02-2016,"08:00:15 a.m.","  AV. NACIONES UNIDAS 1300       LIMA","ACCIDENTE VEHICULAR","M10-1, M36-1, SAMU-14",-12.05050550299,-77.0602381698429
2016-008087,05-02-2016,"08:00:07 a.m.","AV. NESTOR GAMBETA             CALLAO","EMERGENCIA MEDICA",AMB-7,,
2016-008086,05-02-2016,"07:55:17 a.m.","AV. NICOLAS DE RIVERA CRUCE CON CL. LOS ALAMOS SAN ISIDRO            SAN ISIDRO","EMERGENCIA MEDICA",AMB-7,-12.0965841758689,-77.0414849305951
2016-008085,05-02-2016,"07:51:03 a.m.","OVALO CANTALAO 000        CALLAO","ACCIDENTE VEHICULAR","AMB-60, M5-1, M9-1, M9-5, MAPEL-1",-11.9975661376374,-77.1255602672897
2016-008084,05-02-2016,"07:49:48 a.m.","AV. REPUBLICA ARGENTINA CRUCE CON AV. ELMER FAUCETT CALLAO            CALLAO","ACCIDENTE VEHICULAR","AMB-60, M5-1, M9-1, M9-5, MAPEL-1",-12.048519562181,-77.0984341833826
2016-008083,05-02-2016,"07:35:24 a.m.","  JR. APOLO (I)MZ MZ A 17 LT 13 000        SANTIAGO DE SURCO","EMERGENCIA MEDICA",SAMU-134,-12.1649692573031,-76.9934375159481
2016-008082,05-02-2016,"07:33:26 a.m.","RAMON CASTILLA            AYACUCHO",INCENDIO,M63-2,,
2016-008081,05-02-2016,"07:31:10 a.m.","CALLE LOA             ANCON","SERVICIO ESPECIAL",M163-1,,
2016-008080,05-02-2016,"07:12:23 a.m.","AV. BRASIL CRUCE CON AV. DE LA POLICIA JESUS MARIA            JESUS MARIA","EMERGENCIA MEDICA",MED-36,-12.0846500285403,-77.0615049799721
2016-008079,05-02-2016,"07:03:41 a.m.","  AV. LOS EUCALIPTOS 000        SAN JUAN DE MIRAFLORES","EMERGENCIA MEDICA",SAMU-120,-12.1725823505667,-76.9809895524412
2016-008078,05-02-2016,"06:58:28 a.m.","  CL. T. ZAPATEL 120        BELLAVISTA","EMERGENCIA MEDICA",AMB-60,-12.0531792379228,-77.0884066828859
2016-008077,05-02-2016,"06:55:07 a.m.","AV. LA MOLINA (A CIENEGUILLA) CRUCE CON CL. LA PUNTA LA MOLINA            LA MOLINA","EMERGENCIA MEDICA",SAMU-127,-12.0859106493061,-76.9001815931348
2016-008076,05-02-2016,"06:50:09 a.m.","  JR. CAHUIDE 1000       LA PERLA","EMERGENCIA MEDICA",AMB-7,-12.0694536577875,-77.1240653771442
2016-008075,05-02-2016,"06:45:53 a.m.","PENAL DE ICA             ICA","SERVICIO ESPECIAL",CIST-VI,,
2016-008074,05-02-2016,"06:22:11 a.m.","  JR. ZEPITA 1447       CALLAO","EMERGENCIA MEDICA",AMB-1,-12.0522854221455,-77.1365866916168
2016-008073,05-02-2016,"06:17:41 a.m.","ENTRADA A RIO SECOM KM 23             SAYAN","ACCIDENTE VEHICULAR","AMB-20, AMB-80, M80-1, RES-20",,
2016-008072,05-02-2016,"06:02:02 a.m.","  AV. MANUEL C. DE LA TORRE 269        SANTA ANITA","EMERGENCIA MEDICA",SAMU-138,-12.0526841557344,-76.9733455259783
2016-008071,05-02-2016,"05:17:30 a.m.","  AV. EL SOL 423        VILLA MARIA DEL TRIUNFO","EMERGENCIA MEDICA",SAMU-120,-12.1660836944139,-76.9466425902096
2016-008070,05-02-2016,"04:33:44 a.m.","  AV. PACHACUTEC 3461       VILLA MARIA DEL TRIUNFO",INCENDIO,"M106-1, M155-1, SAMU-105",-12.2141346311649,-76.9223557966033
2016-008069,05-02-2016,"04:27:07 a.m.","  CL. LOS CAPULIES 315        MIRAFLORES","EMERGENCIA MEDICA",AMB-28,-12.1216729597842,-77.0092784557411
2016-008068,05-02-2016,"04:11:14 a.m.","PANAMERICANA SUR KM 84            MALA","ACCIDENTE VEHICULAR","AMB-134, M111-1, M129-1, M160-1",,
2016-008067,05-02-2016,"04:07:42 a.m.","COMISARIA DE LA PUNTA            LA PUNTA","EMERGENCIA MEDICA",MED-34,,
2016-008066,05-02-2016,"03:51:47 a.m.","  AV. FRANKLIN D. ROOSEVELT (SURCO) 554        SANTIAGO DE SURCO","EMERGENCIA MEDICA",AMB-16,-12.1469662964295,-77.0106814880903
2016-008065,05-02-2016,"03:45:58 a.m.","PR. TACNA CRUCE CON AV. CORONEL SAMUEL ALCAZAR RIMAC            RIMAC",RESCATE,"M2-1, M21-1, SAMU-2",-12.0319354842655,-77.0278815308142
2016-008064,05-02-2016,"03:43:27 a.m.","  JR. JUAN PEREYRA 200        CHORRILLOS","ACCIDENTE VEHICULAR","M13-1, M6-1, SAMU-6",-12.1704967216838,-77.019812236814
2016-008063,05-02-2016,"02:39:37 a.m.","JR. ASAMBLEA            AYACUCHO","EMERGENCIA MEDICA",MED-63,,
2016-008062,05-02-2016,"02:25:02 a.m.","CO. SAN CARLOS L LTE 12            SANTA ANITA","EMERGENCIA MEDICA",AMB-169,-12.0375911267031,-76.9588167277455
2016-008061,05-02-2016,"02:07:42 a.m.","  CL. ENRIQUE MEIGGS 231        SAN MARTIN DE PORRES","EMERGENCIA MEDICA",AMB-65,-12.0282818684413,-77.0545723033088
2016-008060,05-02-2016,"01:32:42 a.m.","  CL. LAMBAYEQUE 126        SAN MIGUEL","EMERGENCIA MEDICA","AMB-7, M7-1",-12.0731516446679,-77.1037782758503
2016-008059,05-02-2016,"01:11:29 a.m.","PJ. PAMPLONA ALTA SECTOR AMPLIACION VILLA SAN LUIS L8 LTE 2            SAN JUAN DE MIRAFLORES","EMERGENCIA MEDICA",AMB-120,-12.139082438129,-76.9727842755135
2016-008058,05-02-2016,"01:07:53 a.m.","  PR. GENERAL ARENALES 331        SAN ISIDRO","EMERGENCIA MEDICA",AMB-28,-12.102508801687,-77.0328801103317
2016-008057,05-02-2016,"12:52:47 a.m.","  CL. FRAY LUIS DE LEON 432        SAN BORJA","EMERGENCIA MEDICA",AMB-11,-12.0981058180501,-77.0047617337929
2016-008056,05-02-2016,"12:24:35 a.m.","  AV. GUARDIA CIVIL (ANTONIO VARGAS) (CONDORES) 800        CHORRILLOS","EMERGENCIA MEDICA",SAMU-120,-12.1767618299005,-76.9949190373376
2016-008055,05-02-2016,"12:16:27 a.m.","  AV. LIBERTAD 422        SAN MIGUEL","EMERGENCIA MEDICA",MED-36,-12.0874408510533,-77.0861016686877
2016-008054,05-02-2016,"12:15:40 a.m.","AV. LOS DOMINICOS CRUCE CON AV. PLAN VIAL SAN MARTIN DE PORRES            SAN MARTIN DE PORRES","EMERGENCIA MEDICA","AMB-60, AMB-65",-11.9909871769854,-77.1069988025399
2016-008053,05-02-2016,"12:04:24 a.m.","RE. LOS JAZMINES ETAPA IV MZ S LT 17            CALLAO","MATERIALES PELIGROSOS (INCIDENTE)","AMB-65, M9-5",-12.0040591432395,-77.1073798998529
2016-008052,05-02-2016,"12:04:01 a.m.",,"EMERGENCIA MEDICA",AMB-14,-12.0586692831701,-77.0547596040185
2016-008051,05-02-2016,"12:02:31 a.m.","  JR. CALIFORNIA 129        CALLAO","EMERGENCIA MEDICA",MED-34,-12.062478664276,-77.1370771466059
