ID,FECHA,HORA,DIRECCION,TIPO,UNIDADES,"CORDENADAS (lat)","CORDENADAS (lng)"
2016-003877,17-01-2016,"11:53:51 p.m.","COMISARIA DE ANCON            ","EMERGENCIA MEDICA",AMB-163,,
2016-003876,17-01-2016,"11:44:59 p.m.","B 16 100        BARRANCO","EMERGENCIA MEDICA",AMB-28,-12.1466186443294,-77.0198073800828
2016-003875,17-01-2016,"11:40:21 p.m.","  AV. EL POLO (WILCA UMU) 1100       SANTIAGO DE SURCO","EMERGENCIA MEDICA","M138-1, RES-127, SAMU-127",-12.0950687823097,-76.9680881273089
2016-003874,17-01-2016,"11:37:59 p.m.","  JR. COLON 249        CALLAO","EMERGENCIA MEDICA",AMB-7,-12.0624029161331,-77.1448600768024
2016-003873,17-01-2016,"11:28:46 p.m.","PANAMERICANA NORTE KM 168            ","ACCIDENTE VEHICULAR","AMB-20, M20-1, M73-1, M80-1, RES-73",,
2016-003872,17-01-2016,"11:25:12 p.m.","JR. AYACUCHO (PUENTE Y CORTEZ) 800        MAGDALENA DEL MAR","EMERGENCIA MEDICA",AMB-100,-12.08613495911,-77.0726612653999
2016-003871,17-01-2016,"11:16:22 p.m.","CARRETERAS - PANAMERICANAS PANAMERICANA NORTE 40            ANCON","EMERGENCIA MEDICA",AMB-150,-11.7978746891553,-77.1405871184317
2016-003870,17-01-2016,"11:14:04 p.m.","  AV. CAMINOS DEL INCA 2600       SANTIAGO DE SURCO","EMERGENCIA MEDICA",SAMU-120,-12.1371568816451,-76.9841497202041
2016-003869,17-01-2016,"11:10:52 p.m.","CL. AMANCAES CRUCE CON CL. EDUCACION INDEPENDENCIA            INDEPENDENCIA","EMERGENCIA MEDICA",SAMU-120,-11.9893743081097,-77.0414572249351
2016-003868,17-01-2016,"10:50:27 p.m.","  CL. MANCO II 100        INDEPENDENCIA","EMERGENCIA MEDICA",AMB-65,-11.9775271654607,-77.0364626667306
2016-003867,17-01-2016,"10:45:17 p.m.","RE. LOS JAZMINES ETAPA I B  LT  4             CALLAO","EMERGENCIA MEDICA",MED-9,-12.0078040595558,-77.1047968165059
2016-003866,17-01-2016,"10:40:09 p.m.","PARACAS            ",INCENDIO,"AUX-37, CIST90-4",,
2016-003865,17-01-2016,"10:38:09 p.m.","  PR. HUAMANGA 387        LA VICTORIA","EMERGENCIA MEDICA",SAMU-4,-12.0613543245752,-77.0207531081405
2016-003864,17-01-2016,"10:36:18 p.m.","  JR. TARAPACA 192        LA PERLA","EMERGENCIA MEDICA",AMB-60,-12.0667407104757,-77.1205035798252
2016-003863,17-01-2016,"10:33:55 p.m.","PLAYA LAS CONCHITAS  MZ. A LT. 5            ANCON","EMERGENCIA MEDICA",AMB-163,,
2016-003862,17-01-2016,"10:25:43 p.m.","  PJ. ANAYA (SAN JUAN) 72         BARRANCO","EMERGENCIA MEDICA",AMB-28,,
2016-003861,17-01-2016,"10:10:13 p.m.","  AV. LOS PROCERES DE LA INDEPENDENCIA (VICTOR RAUL HAYA DE LA TORRE) 300        SAN JUAN DE LURIGANCHO","EMERGENCIA MEDICA",SAMU-2,-12.0246818196705,-77.0092700653511
2016-003860,17-01-2016,"10:05:10 p.m.","  AV. BOLIVAR  CONDOMINIO JARDINES DE LA CATOLICA  EDIF  26  402  2150       PUEBLO LIBRE","EMERGENCIA MEDICA",AMB-60,-12.0706908049649,-77.076265168366
2016-003859,17-01-2016,"10:02:57 p.m.","PROLONGACION GRAU 300            CHANCAY","EMERGENCIA MEDICA",MED-163,,
2016-003858,17-01-2016,"09:59:53 p.m.","  JR. JOSE LA MAR   CONDEVILLA 3737       SAN MARTIN DE PORRES","EMERGENCIA MEDICA",MED-9,-12.0170386399387,-77.0863163275201
2016-003857,17-01-2016,"09:55:46 p.m.","  AV. SANTA ROSA DE LIMA SUR 2200       SAN JUAN DE LURIGANCHO","EMERGENCIA MEDICA",AMB-121,,
2016-003856,17-01-2016,"09:48:43 p.m.","CARRETERAS - PANAMERICANAS PANAMERICANA SUR 13            SAN JUAN DE MIRAFLORES","EMERGENCIA MEDICA",SAMU-120,-12.1708718385434,-76.9793258050375
2016-003855,17-01-2016,"09:45:05 p.m.","  AV. SAN LUIS 2400       SAN BORJA","EMERGENCIA MEDICA",SAMU-127,-12.0986898284195,-76.9949655252141
2016-003854,17-01-2016,"09:39:26 p.m.","PLAZA DE ARMAS            LIMA","SERVICIO ESPECIAL","M21-1, M3-1, MED-10",,
2016-003853,17-01-2016,"09:36:20 p.m.","AV AREQUIPA PLAZA VEA             MIRAFLORES","EMERGENCIA MEDICA",AMB-28,,
2016-003852,17-01-2016,"09:30:45 p.m.","  AV. SAN CRISTOBAL 100        RIMAC","MATERIALES PELIGROSOS (INCIDENTE)","M2-1, SAMU-2",,
2016-003851,17-01-2016,"09:26:14 p.m.","  AV. AREQUIPA 4500       MIRAFLORES","ACCIDENTE VEHICULAR","AMB-100, AMB-28, M11-1, M28-1",-12.1111322758684,-77.0301659396612
2016-003850,17-01-2016,"09:23:57 p.m.","SANTA ROSA DE CACHICHE             ICA","EMERGENCIA MEDICA",AMB-22,,
2016-003849,17-01-2016,"09:21:44 p.m.","TRANSILVANIA             COMAS","EMERGENCIA MEDICA",AMB124-2,,
2016-003848,17-01-2016,"09:12:01 p.m.","  AV. TOMAS VALLE 1900       SAN MARTIN DE PORRES","EMERGENCIA MEDICA",AMB-65,-12.0129253411206,-77.0848401068397
2016-003847,17-01-2016,"09:10:19 p.m.","AV. QUILCA CRUCE CON PR. PERU CALLAO            CALLAO","ACCIDENTE VEHICULAR",M60-1,-12.0303019713014,-77.0946732801516
2016-003846,17-01-2016,"09:09:06 p.m.","  AV. UNIVERSITARIA (BELLA UNION) 900        SAN MARTIN DE PORRES","EMERGENCIA MEDICA",AMB-161,-12.0150953435864,-77.0783376424681
2016-003845,17-01-2016,"09:08:52 p.m.","NESTOR GAMBETA    ENTRADA A MI PERU  000        ","EMERGENCIA MEDICA",AMB-150,-11.8622774859716,-77.1283358555416
2016-003844,17-01-2016,"09:08:02 p.m.","  JR. TOMAS GUIDO 657        SAN JUAN DE LURIGANCHO",INCENDIO,M4-1,-12.0863073216736,-77.0294005996759
2016-003843,17-01-2016,"09:07:52 p.m.","JR. CONTRALMIRANTE LIZARDO MONTERO CRUCE CON AV. REPUBLICA DE PANAMA SURQUILLO            SURQUILLO","EMERGENCIA MEDICA",AMB-28,-12.1108837932146,-77.018505555951
2016-003842,17-01-2016,"09:06:14 p.m.","PANAMERICANA NORTE KM  90             CHANCAY","ACCIDENTE VEHICULAR",M80-1,,
2016-003841,17-01-2016,"09:05:57 p.m.","  CL. LOS HALCONES 280        SURQUILLO","EMERGENCIA MEDICA",SAMU-4,-12.1049888685182,-77.0224570761787
2016-003840,17-01-2016,"08:41:53 p.m.","  JR. MILLER 355        CALLAO","EMERGENCIA MEDICA",AMB-1,-12.0599123120368,-77.1460104616045
2016-003839,17-01-2016,"08:40:04 p.m.","  CL. MANUEL TELLERIA 1672       LIMA","EMERGENCIA MEDICA",AMB-14,-12.0528923557549,-77.0637060401842
2016-003838,17-01-2016,"08:28:09 p.m.","AV. EL BOSQUE CRUCE CON AV. CANTO GRANDE SAN JUAN DE LURIGANCHO            SAN JUAN DE LURIGANCHO","EMERGENCIA MEDICA",SAMU-121,-11.9769012843288,-77.0097661826372
2016-003837,17-01-2016,"08:28:08 p.m.","  JR. MONTEVIDEO 200        LA PERLA","ACCIDENTE VEHICULAR","AMB-1, M34-1, M5-1, M9-1",-12.0671758776665,-77.1259224177149
2016-003836,17-01-2016,"08:23:17 p.m.","GRAU 200        ICA","EMERGENCIA MEDICA",AMB-22,,
2016-003835,17-01-2016,"08:22:24 p.m."," VILLA DE ANCON  MZ A3  LT 5            ANCON","EMERGENCIA MEDICA",AMB-163,,
2016-003834,17-01-2016,"08:19:22 p.m.","DACITAS 342        LURIGANCHO","EMERGENCIA MEDICA",AMB-32,,
2016-003833,17-01-2016,"08:17:56 p.m.","  AV. GENERAL GARZON 1308       JESUS MARIA","EMERGENCIA MEDICA",AMB-202,-12.0734568911114,-77.0507034709222
2016-003832,17-01-2016,"08:14:42 p.m.","AV. AVIACION CRUCE CON AV. 28 DE JULIO LA VICTORIA            ","EMERGENCIA MEDICA",SAMU-2,-12.0611438637611,-77.0130556157774
2016-003831,17-01-2016,"08:10:19 p.m.","UR JARDINES MZ M LOTE 9            PARAMONGA","EMERGENCIA MEDICA",AMB-81,,
2016-003830,17-01-2016,"08:07:37 p.m.","AV. 28 DEJULIO CRUCE CON AV. AREQUIPA LIMA            LIMA","EMERGENCIA MEDICA",AMB-14,-12.0642415607523,-77.0376096031686
2016-003829,17-01-2016,"08:00:58 p.m.","  AV. MANCO CAPAC 500        LA VICTORIA",INCENDIO,M4-1,-12.065301374256,-77.0290860520855
2016-003828,17-01-2016,"07:55:15 p.m.","PANAMERICANA NORTE KM 97             ",INCENDIO,M80-1,,
2016-003827,17-01-2016,"07:54:56 p.m.","PANAMERICANA SUR  KM  35             ","EMERGENCIA MEDICA",AMB-129,,
2016-003826,17-01-2016,"07:50:38 p.m.","UR. LAS MERCEDES IV ETAPA D LTE 20            ",INCENDIO,"AMB-65, M1-1, M34-1, M60-1, M65-1, M9-1",-11.9722225155738,-77.0997834237086
2016-003825,17-01-2016,"07:47:53 p.m.",,"EMERGENCIA MEDICA","M11-1, SAMU-120",-12.1417036256425,-76.9970841691545
2016-003824,17-01-2016,"07:39:42 p.m.","BAJADA DE  PLAYA HERMOZA             ANCON","EMERGENCIA MEDICA",AMB-163,,
2016-003823,17-01-2016,"07:34:56 p.m.","CL. LOS LAURELES CRUCE CON AV. 2 DE MAYO SAN ISIDRO            SAN ISIDRO","EMERGENCIA MEDICA",SAMU-4,-12.0924918526436,-77.0464222598155
2016-003822,17-01-2016,"07:28:28 p.m.","AH. MARISCAL ANDRES AVELINO CACERES SECTOR B B LT 19            SAN JUAN DE LURIGANCHO","EMERGENCIA MEDICA",AMB-121,-11.958766440736,-76.983699623655
2016-003821,17-01-2016,"07:26:51 p.m.","PLAYA HORNILLO             HUACHO",RESCATE,"AMB-20, M20-1",,
2016-003820,17-01-2016,"07:22:23 p.m.","  JR. LIBERTAD 400        CARMEN DE LA LEGUA REYNOS","EMERGENCIA MEDICA",AMB-60,-12.0415026120962,-77.095038351695
2016-003819,17-01-2016,"07:19:33 p.m.","AV. MARIA REICHE CRUCE CON AV. EDILBERTO RAMOS (MARIANO PASTOR SEVILLA) (FORESTAL) VILLA EL SALVADOR            VILLA EL SALVADOR","ACCIDENTE VEHICULAR","AMB-6, M13-1, RES-160",,
2016-003818,17-01-2016,"07:13:48 p.m.","AV. LA MARINA CRUCE CON AV. SUCRE PUEBLO LIBRE            PUEBLO LIBRE","EMERGENCIA MEDICA",AMB-202,-12.083201319933,-77.0673021486765
2016-003817,17-01-2016,"07:07:06 p.m.",,"EMERGENCIA MEDICA",SAMU-10,-12.0314332028767,-77.0551313178035
2016-003816,17-01-2016,"06:58:19 p.m.","AV. SANTIAGO DE SURCO (TOMAS MARSANO) CRUCE CON AV. SURCO SANTIAGO DE SURCO            SANTIAGO DE SURCO","ACCIDENTE VEHICULAR","M28-1, RES-134, SAMU-120",-12.1393058524895,-76.9938760770652
2016-003815,17-01-2016,"06:56:46 p.m.","PANAMERICANA NORTE KM 97            CHANCAY",INCENDIO,M80-1,,
2016-003814,17-01-2016,"06:55:19 p.m.","  CL. LOS NAZCAS 119        SAN MIGUEL","EMERGENCIA MEDICA",AMB-100,-12.0810328805415,-77.097860068682
2016-003813,17-01-2016,"06:44:49 p.m.","AV. CAMINO REAL CRUCE CON AV. VICTOR ANDRES BELAUNDE SAN ISIDRO            SAN ISIDRO","EMERGENCIA MEDICA",AMB-202,,
2016-003812,17-01-2016,"06:40:38 p.m.","CARRETERA CENTRAL    KM  34             ","EMERGENCIA MEDICA",AMB-32-2,,
2016-003811,17-01-2016,"06:40:18 p.m.","  AV. CANTO GRANDE 2100       SAN JUAN DE LURIGANCHO","MATERIALES PELIGROSOS (INCIDENTE)","M121-1, SAMU-121",-11.9946766624616,-77.0153559405583
2016-003810,17-01-2016,"06:32:31 p.m.",,"EMERGENCIA MEDICA",SAMU-14,-12.0237704920279,-77.0286960753186
2016-003809,17-01-2016,"06:30:13 p.m.","  AV. JOSE PARDO 1142       MIRAFLORES",RESCATE,RES-100,-12.1186810904939,-77.0402031318183
2016-003808,17-01-2016,"06:29:32 p.m.","CARRETERAS - PANAMERICANAS AUTOPISTA RAMIRO PRIALE 7.6            LURIGANCHO","ACCIDENTE VEHICULAR","M138-1, SAMU-138",-12.0211191647809,-76.9235591534957
2016-003807,17-01-2016,"06:28:55 p.m.","  CL. CATALINO MIRANDA (JULIO WINDER) 520        BARRANCO","MATERIALES PELIGROSOS (INCIDENTE)",MAPEL-28,-12.1401408907222,-77.0127740125525
2016-003806,17-01-2016,"06:24:43 p.m.","PARQUE DE LAS LEYENDAS 500        SAN MIGUEL","EMERGENCIA MEDICA",AMB-36,-12.0682435693142,-77.0857280366299
2016-003805,17-01-2016,"06:23:58 p.m.",,"EMERGENCIA MEDICA",AMB-60,-12.0603019641988,-77.1376766487659
2016-003804,17-01-2016,"06:23:25 p.m.","AFOBICEN            CHANCAY",INCENDIO,M80-1,,
2016-003803,17-01-2016,"06:21:01 p.m.","ANIVERSARIO DE LA CIUDAD DE LIMA              LIMA","SERVICIO ESPECIAL",AMB-4,,
2016-003802,17-01-2016,"06:20:54 p.m.","CL. BERLIN (MARISCAL RAMON CASTILLA) CRUCE CON AV. ALMIRANTE MIGUEL GRAU (BATALLA DE SANGRAR) MIRAFLORES            MIRAFLORES","MATERIALES PELIGROSOS (INCIDENTE)",AMB-100,-12.1201937964505,-77.0347625165429
2016-003801,17-01-2016,"06:04:50 p.m.","  CL. LAS TURQUESAS 1337       LOS OLIVOS","EMERGENCIA MEDICA",SAMU-168,-11.9903575846374,-77.0793070423828
2016-003800,17-01-2016,"05:57:43 p.m.","  JR. CAPAC YUPANQUI 1600       LINCE","EMERGENCIA MEDICA",AMB-202,-12.0823155940019,-77.0418514986783
2016-003799,17-01-2016,"05:57:37 p.m.","  AV. ABEL BERGASSE DU PETIT THOUARS 1828       LINCE","EMERGENCIA MEDICA",SAMU-4,-12.0828508412361,-77.033588090243
2016-003798,17-01-2016,"05:46:31 p.m.","SN JOSE            CHACLACAYO","EMERGENCIA MEDICA",AMB-32,,
2016-003797,17-01-2016,"05:45:30 p.m.",,"EMERGENCIA MEDICA",AMB-14,-12.0535548626168,-77.0491451534186
2016-003796,17-01-2016,"05:33:36 p.m.","PUERTO CHANCAY            CHANCAY","EMERGENCIA MEDICA",MED-163,,
2016-003795,17-01-2016,"05:26:45 p.m.","  AV. COSTA VERDE (CIRCUITO DE PLAYAS) 000        MIRAFLORES","EMERGENCIA MEDICA",AMB-100,-12.1363493080072,-77.0288346966699
2016-003794,17-01-2016,"05:26:23 p.m.","SAN MARTIN 1100       ICA","EMERGENCIA MEDICA",AMB-22,,
2016-003793,17-01-2016,"05:17:30 p.m.","UV. SANTA MARINA SUR  BLOC   39  DEP 105             CALLAO","EMERGENCIA MEDICA",AMB-60,-12.0517439609639,-77.1285474294819
2016-003792,17-01-2016,"05:13:25 p.m.","  JR. JUNIN 1200       LIMA","ACCIDENTE VEHICULAR","AMB-8, M2-1, M8-1",-12.051273329947,-77.0179040767608
2016-003791,17-01-2016,"05:10:28 p.m.","  CL. SAN JOSE 200        VILLA MARIA DEL TRIUNFO","ACCIDENTE VEHICULAR","RES-134, SAMU-106",-12.1652483844702,-76.950858059803
2016-003790,17-01-2016,"05:10:15 p.m.","  CL. LA PUNTA 400        LA MOLINA","EMERGENCIA MEDICA",MED-96,-12.0854217470232,-76.9002285429783
2016-003789,17-01-2016,"05:10:07 p.m.","  CL. PACHACAMAC 379        SAN JUAN DE LURIGANCHO","EMERGENCIA MEDICA",SAMU-2,-12.0289683142796,-77.0096496115239
2016-003788,17-01-2016,"05:08:44 p.m.","PANAMERICANA SUR  KM  18            VILLA EL SALVADOR","EMERGENCIA MEDICA",AMB-6,,
2016-003787,17-01-2016,"04:57:26 p.m.","  AV. AFRANIO MELLO FRANCO 627        JESUS MARIA","EMERGENCIA MEDICA",AMB-202,-12.0777966131315,-77.0482746401985
2016-003786,17-01-2016,"04:56:18 p.m.","AS. BELLO HORIZONTE (MARQUEZ DE CORPAC) MZ I LOTE 37            CHORRILLOS",INCENDIO,"M13-1, MAPEL-28",-12.2005899363553,-77.0144512318892
2016-003785,17-01-2016,"04:54:21 p.m.","  CL. LOS ABETOS 400        ATE","EMERGENCIA MEDICA",SAMU-127,-12.0800498594021,-76.9798085462838
2016-003784,17-01-2016,"04:51:47 p.m.","  CL. ONTARIO (CAMINO ONCE) 191        CHORRILLOS","EMERGENCIA MEDICA",SAMU-120,,
2016-003783,17-01-2016,"04:50:34 p.m.","  AV. ANGAMOS ESTE (PRIMAVERA) 2900       SURQUILLO","EMERGENCIA MEDICA",SAMU-4,-12.111948357983,-77.0021040766785
2016-003782,17-01-2016,"04:50:33 p.m.","CARRETERAS - PANAMERICANAS PANAMERICANA SUR 17            VILLA EL SALVADOR",INCENDIO,"AMB-6, M106-1, M120-1, M134-1, M155-1, RES-134",-12.2056967028392,-76.9746941255539
2016-003781,17-01-2016,"04:49:46 p.m.","PLAYA EL SILENCIO             PUNTA HERMOSA","EMERGENCIA MEDICA",AMB-134,,
2016-003780,17-01-2016,"04:46:58 p.m.","KM 41.5             SANTA ROSA","EMERGENCIA MEDICA",AMB-163,,
2016-003779,17-01-2016,"04:27:47 p.m.","  CL. BELLISIMA 193        CALLAO",INCENDIO,"M5-1, SAMU-168",,
2016-003778,17-01-2016,"04:26:39 p.m.","PLAZA DE ARMAS            LIMA","SERVICIO ESPECIAL","AMB-4, M3-1",,
2016-003777,17-01-2016,"04:20:21 p.m.","  AV. CORONEL FRANCISCO BOLOGNESI 000        LA PUNTA","MATERIALES PELIGROSOS (INCIDENTE)",M18-5,-12.0723408897652,-77.1644625829192
2016-003776,17-01-2016,"04:15:49 p.m.","HOSPITAL  EDGARDO REBAGLIATI            JESUS MARIA",RESCATE,RESLIG-4,-12.0784114309467,-77.0399092941712
2016-003775,17-01-2016,"04:11:33 p.m.","  AV. LOS PINOS 400        INDEPENDENCIA","EMERGENCIA MEDICA",SAMU-168,-11.997731808737,-77.0523001462596
2016-003774,17-01-2016,"04:10:18 p.m.","  CL. TENIENTE CARLOS MOORE (DIONISIO DERTEANO) 1400       LIMA","EMERGENCIA MEDICA","AMB-60, M202-1",-12.0540463057462,-77.0769684248019
2016-003773,17-01-2016,"04:05:25 p.m.","NUEVA VILLA             AYACUCHO","SERVICIO ESPECIAL",MED-200,,
2016-003772,17-01-2016,"03:59:46 p.m.","AH. EL ALTILLO J            RIMAC",RESCATE,M21-1,,
2016-003771,17-01-2016,"03:56:02 p.m.","PLAN VERANO              ","SERVICIO ESPECIAL","AMB-129, AMB-160, AMB-183, AMB-6, M111-1, M129-1, M13-1, M155-1, M183-1, RES-49",,
2016-003770,17-01-2016,"03:43:50 p.m.","AV. MONJE MZ39 LTE 8            PACHACAMAC","EMERGENCIA MEDICA",AMB-160,,
2016-003769,17-01-2016,"03:37:23 p.m.","  CL. LOS LAURELES 519        SAN ISIDRO","EMERGENCIA MEDICA",AMB-100,-12.0975342918753,-77.0456653736114
2016-003768,17-01-2016,"03:37:06 p.m.","  AV. TENIENTE FELIPE ARANCIBIA (TARAPACA) 600        RIMAC","EMERGENCIA MEDICA",SAMU-21,-12.0294115386139,-77.0350852599907
2016-003767,17-01-2016,"03:12:10 p.m.","  JR. TUPAC AMARU (JOSE MANUEL UGARTECHE) 213        PUEBLO LIBRE","EMERGENCIA MEDICA",AMB-202,-12.0781253191838,-77.0577163473136
2016-003766,17-01-2016,"03:06:21 p.m.","JR. JUAN DE ARONA CRUCE CON AV. ABEL BERGASSE DU PETIT THOUARS SAN ISIDRO            SAN ISIDRO","ACCIDENTE VEHICULAR","AMB-4, M4-1, RESLIG-4",-12.0969468199828,-77.0315135936463
2016-003765,17-01-2016,"03:05:55 p.m.","AV. MICAELA BASTIDAS CRUCE CON AV. JOSE CARLOS MARIATEGUI VILLA EL SALVADOR            VILLA EL SALVADOR","ACCIDENTE VEHICULAR","M106-1, M155-1",-12.2235536831263,-76.9371641077739
2016-003764,17-01-2016,"02:52:30 p.m.","  CL. GENARO NUMALLONA (FRANCIA) 228        CHORRILLOS","MATERIALES PELIGROSOS (INCIDENTE)","AMB134-2, MAPEL-28",-12.1681583803536,-77.0234840790214
2016-003763,17-01-2016,"02:51:30 p.m.","  AV. JULIO CESAR TELLO 986        LINCE","EMERGENCIA MEDICA",AMB-4,-12.0868617706672,-77.0424842665902
2016-003762,17-01-2016,"02:47:16 p.m.","  JR. HOYLE PALACIOS 300        EL AGUSTINO","EMERGENCIA MEDICA","M176-3, SAMU-127",-12.0495391908381,-76.9990265327815
2016-003761,17-01-2016,"02:45:07 p.m.","  AV. PASEO DE LA REPUBLICA CRUCE CL. JAVIER HERAUD 8800       ",INCENDIO,M120-1,-12.1437835786363,-76.9997496855086
2016-003760,17-01-2016,"02:38:19 p.m.","AV. JAVIER PRADO OESTE CRUCE CON CL. LOS EUCALIPTOS SAN ISIDRO            SAN ISIDRO","EMERGENCIA MEDICA",AMB-8,-12.0943108458172,-77.0484315795828
2016-003759,17-01-2016,"02:32:36 p.m.","  JR. SUCRE 557        CALLAO","EMERGENCIA MEDICA",AMB-60,-12.0601185110593,-77.140478971878
2016-003758,17-01-2016,"02:24:25 p.m.","AV CARMEN ALTO ALT FRIFO CHIPANA            ","ACCIDENTE VEHICULAR",MED-63,,
2016-003757,17-01-2016,"02:20:31 p.m.","AS. CHILLON Z1 LT 31 / 5 TA ETAPA            PUENTE PIEDRA",INCENDIO,"M150-3, M164-1",-11.9237213708982,-77.0780405778449
2016-003756,17-01-2016,"02:15:19 p.m.","  CL. BERLIN (MARISCAL RAMON CASTILLA) 500        MIRAFLORES","EMERGENCIA MEDICA",AMB-100,-12.1201818156284,-77.0352805475537
2016-003755,17-01-2016,"02:08:39 p.m.","AV. GREGORIO ESCOBEDO (ORTIZ DE ZEVALLOS) CRUCE CON JR. HUIRACOCHA JESUS MARIA            JESUS MARIA","EMERGENCIA MEDICA",AMB-202,-12.0840758579572,-77.0516506722442
2016-003754,17-01-2016,"02:06:48 p.m.","JR. CONDESUYOS CRUCE CON AV. RAMON CARCAMO LIMA            LIMA","EMERGENCIA MEDICA",SAMU-14,-12.038361970561,-77.0512610012523
2016-003753,17-01-2016,"02:06:21 p.m.","AV. PANAMERICANA NORTE (ALFREDO MENDIOLA) CRUCE CON AV. EDUARDO DE HABICH SAN MARTIN DE PORRES            SAN MARTIN DE PORRES","ACCIDENTE VEHICULAR","AMB-14, AMB-65, M168-1, M65-2",-12.0290001690289,-77.0588142501739
2016-003752,17-01-2016,"01:59:12 p.m.","CO. MANUEL CORREA G LTE 36             SANTA ANITA",INCENDIO,"AMB-8, M127-1, M176-3, RES-138",-12.0539200536409,-76.9836766042047
2016-003751,17-01-2016,"01:52:18 p.m.","AV. CAMINO REAL (ENTRADA RIO CHILLON) CRUCE CON AV. UNIVERSITARIA CARABAYLLO            CARABAYLLO",INCENDIO,"AMB-65, M164-1, M168-1, M65-2",-11.8780658101744,-77.0261945370195
2016-003750,17-01-2016,"01:44:41 p.m.","  AV. DEL AIRE (GUARDIA CIVIL) 667        LA VICTORIA","EMERGENCIA MEDICA",SAMU-4,-12.0825868894383,-77.0079602575404
2016-003749,17-01-2016,"01:43:59 p.m.","UR. JOSE BOTERIN ETAPA I   MZ.  E  LOTE  1   CALLE   LAS   MARGARITAS              ","EMERGENCIA MEDICA",AMB-60,-12.0532625374464,-77.1208695951989
2016-003748,17-01-2016,"01:38:49 p.m.",,"EMERGENCIA MEDICA",AMB134-2,-12.1206530101856,-77.0176794876262
2016-003747,17-01-2016,"01:36:28 p.m.","  AV. BRASIL 1800       PUEBLO LIBRE","EMERGENCIA MEDICA",AMB-202,-12.0773545081575,-77.0558140097265
2016-003746,17-01-2016,"01:33:31 p.m.","  AV. GENERAL CORDOVA (JOSE MARIA EGUSQUIZA ) 1031       PUEBLO LIBRE","EMERGENCIA MEDICA",AMB-36,-12.072975950777,-77.0634001117226
2016-003745,17-01-2016,"01:33:13 p.m.","  CL. JUAN CASTILLA 656        SAN JUAN DE MIRAFLORES","EMERGENCIA MEDICA",SAMU-120,-12.155822839032,-76.9693155526407
2016-003744,17-01-2016,"01:22:27 p.m.","  CL. LAS AGATAS    COOP.  HUANCAYO    243        EL AGUSTINO","EMERGENCIA MEDICA",SAMU-138,-12.0321237234269,-77.0010932370663
2016-003743,17-01-2016,"01:15:27 p.m.","  CL. LAS MORERAS (LAS MORENAS)   MZ  D LOTE  14  000        SANTA ANITA",RESCATE,RES-138,-12.032845058191,-76.955581114409
2016-003742,17-01-2016,"01:11:31 p.m.","  CL. JUAN PABLO VIZCARDO Y GUZMAN 442        COMAS","EMERGENCIA MEDICA",AMB-164,-11.9321613607799,-77.052507650086
2016-003741,17-01-2016,"01:11:29 p.m.","CL RICARDO DONOVAN  109        LOS OLIVOS","EMERGENCIA MEDICA",AMB124-2,,
2016-003739,17-01-2016,"01:09:44 p.m.","  CL. PUERTO SAMANCO    URB.  GERMAN   ASTETE 182        LA PERLA","EMERGENCIA MEDICA",AMB-60,,
2016-003737,17-01-2016,"01:01:26 p.m.","  CL. ANTARES NORTE 466        RIMAC","EMERGENCIA MEDICA",SAMU-21,-12.0274295002814,-77.036460401793
2016-003736,17-01-2016,"12:49:40 p.m.","  CL. SIHUAS CAPAC 181        INDEPENDENCIA","EMERGENCIA MEDICA",AMB-65,-11.9842153455451,-77.0563726400989
2016-003735,17-01-2016,"12:43:42 p.m.","  JR. ANDRES MAYOR RAZURI (FERNANDO CASAS) (LAS MAGNOLIAS) 207        BARRANCO","EMERGENCIA MEDICA",AMB-65,-12.1400433129817,-77.0259005906391
2016-003734,17-01-2016,"12:37:44 p.m.","KM   229               PISCO",INCENDIO,CIST90-4,,
2016-003733,17-01-2016,"12:31:31 p.m.","  AV. CESAR CANEVARO 500        SAN JUAN DE MIRAFLORES",INCENDIO,"M120-1, RES-134, SAMU-106",-12.1625514671914,-76.9688710857488
2016-003732,17-01-2016,"12:23:03 p.m.","  AV. LA PAZ 1400       SAN MIGUEL","EMERGENCIA MEDICA",AMB-36,-12.0843696809826,-77.0959298272221
2016-003731,17-01-2016,"12:21:09 p.m.","  AV. LAS VIOLETAS 100        INDEPENDENCIA","EMERGENCIA MEDICA",AMB-65,-12.0074598291851,-77.0535745102655
2016-003730,17-01-2016,"12:14:36 p.m.","  JR. VIRU 515        RIMAC","EMERGENCIA MEDICA",SAMU-21,-12.0382548029189,-77.0353396294922
2016-003729,17-01-2016,"12:10:46 p.m.","AV. METROPOLITANA (SEPARADORA INDUSTRIAL) CRUCE CON AV. PROLONGACION JAVIER PRADO ATE - VITARTE            ATE",INCENDIO,"M106-3, M138-4, RES-127, SAMU-138",,
2016-003728,17-01-2016,"12:09:19 p.m.","AV. ELMER FAUCETT CRUCE CON AV. VENEZUELA SAN MIGUEL            SAN MIGUEL","EMERGENCIA MEDICA",AMB-60,-12.063318351691,-77.0973669049202
2016-003727,17-01-2016,"12:04:12 p.m.","PANAMERICANA SUR SECTOR DORMIDO AGUA DULCE             ",INCENDIO,M20-1,,
2016-003726,17-01-2016,"11:47:54 a.m.","  AV. JAVIER PRADO ESTE 1110       SAN ISIDRO","MATERIALES PELIGROSOS (INCIDENTE)","M4-1, SAMU-4",-12.0902840088696,-77.0174140855455
2016-003725,17-01-2016,"11:34:33 a.m.","  AV. GREGORIO ESCOBEDO (ORTIZ DE ZEVALLOS) 840        JESUS MARIA","EMERGENCIA MEDICA",AMB-202,-12.0877382447849,-77.0558957131997
2016-003724,17-01-2016,"11:33:03 a.m.","  CL. GENERAL MARIANO NECOCHEA 201        VILLA MARIA DEL TRIUNFO","EMERGENCIA MEDICA","M155-1, SAMU-120",-12.200894798294,-76.926851497033
2016-003723,17-01-2016,"11:31:00 a.m.","CARRETERAS - PANAMERICANAS PANAMERICANA NORTE 37.36            PUENTE PIEDRA","EMERGENCIA MEDICA",AMB-163,-11.8178573342037,-77.1263108525106
2016-003722,17-01-2016,"11:24:59 a.m.",,"ACCIDENTE VEHICULAR",AMB-60,-12.0594766644092,-77.1324286556823
2016-003721,17-01-2016,"11:23:15 a.m.","  AV. MARISCAL AGUSTIN GAMARRA 700        CALLAO","EMERGENCIA MEDICA",AMB-207,-12.0670703617694,-77.1576238899744
2016-003720,17-01-2016,"11:20:54 a.m.","AV. HEROES DEL ALTO CENEPA (TRAPICHE) CRUCE CON AV. ALFREDO MENDIOLA (PANAMERICANA NORTE) (INFANTAS) COMAS            COMAS","EMERGENCIA MEDICA",AMB-150,-11.9304698577101,-77.0723480662819
2016-003719,17-01-2016,"11:10:39 a.m.","AH. NUEVA ESPERANZA G1            PUENTE PIEDRA","ACCIDENTE VEHICULAR","AMB-184, AMB124-2, M164-1, M168-1",-11.9471694218512,-77.0950968776255
2016-003718,17-01-2016,"11:10:33 a.m.","  JR. LOS CORALES 393        LA VICTORIA","EMERGENCIA MEDICA",SAMU-4,-12.0756266490161,-77.021764104158
2016-003717,17-01-2016,"11:08:34 a.m.","AV. LA MARINA CRUCE CON CL. CORONEL JUAN VALER SANDOVAL (CUEVA) PUEBLO LIBRE            PUEBLO LIBRE","EMERGENCIA MEDICA",AMB-36,-12.0798636803269,-77.0756809150924
2016-003716,17-01-2016,"11:04:08 a.m.","  JR. TACNA (PASCUAL DE VIVERO) 315        MAGDALENA DEL MAR","EMERGENCIA MEDICA",AMB-100,-12.0955293003362,-77.0730111180651
2016-003715,17-01-2016,"11:02:33 a.m.","  AV. LIMA (ATOCONGO) 900        VILLA MARIA DEL TRIUNFO","ACCIDENTE VEHICULAR","AMB-129, M105-2, M155-1, SAMU-106",-12.2124217778876,-76.906150012853
2016-003714,17-01-2016,"10:59:21 a.m.","  AV. JULIO CESAR TELLO 500        LINCE","EMERGENCIA MEDICA",AMB-202,-12.0863937983418,-77.0391290725167
2016-003713,17-01-2016,"10:45:53 a.m.","  PR. FLOR DE AMANCAES 000        RIMAC","ACCIDENTE VEHICULAR","M2-1, M21-1, SAMU-21",-12.0065136975867,-77.0370792543338
2016-003712,17-01-2016,"10:40:23 a.m.","HOSP GRAU            LIMA","EMERGENCIA MEDICA",AMB-65,,
2016-003711,17-01-2016,"10:36:41 a.m.","  CL. A. ABERD 612        SAN MARTIN DE PORRES","EMERGENCIA MEDICA",AMB-65,-12.030743730218,-77.0510952769459
2016-003710,17-01-2016,"10:35:01 a.m.",,"EMERGENCIA MEDICA",AMB-14,-12.0592933373104,-77.0424786012657
2016-003709,17-01-2016,"10:32:53 a.m.","  PR. LA ALAMEDA DEL CORREGIDOR 3100       LA MOLINA","EMERGENCIA MEDICA",MED-96,-12.1078709583397,-76.9449229166462
2016-003708,17-01-2016,"10:28:20 a.m.","RANCHERIA BAJA HUANDO             HUARAL","EMERGENCIA MEDICA",AMB-44,,
2016-003707,17-01-2016,"10:24:42 a.m.","  AV. MARIANO CORNEJO 1600       PUEBLO LIBRE","EMERGENCIA MEDICA",AMB-36,-12.0678725667222,-77.0690798824822
2016-003706,17-01-2016,"10:21:12 a.m.","  AV. OSCAR R. BENAVIDES (COLONIAL) 4900       BELLAVISTA","EMERGENCIA MEDICA",AMB-60,-12.0529049050999,-77.0933499722862
2016-003705,17-01-2016,"10:15:23 a.m.","  PR. 28 DE JULIO 300        LURIGANCHO","EMERGENCIA MEDICA",AMB-32,-11.9425717203961,-76.7019329127064
2016-003704,17-01-2016,"10:10:03 a.m.","  AV. DEL BIERZO (CHILLON)  ASOC.  PARQUE  PORCINO    000        ",INCENDIO,M75-5,-11.9468676872563,-77.1039357868628
2016-003703,17-01-2016,"10:09:40 a.m.","PQ  REDUCTO            MIRAFLORES","EMERGENCIA MEDICA",AMB-28,,
2016-003702,17-01-2016,"10:06:41 a.m.","  JR. FRANCISCO DE ZELA 943        JESUS MARIA","EMERGENCIA MEDICA",AMB-202,-12.0744563091764,-77.0406557134371
2016-003701,17-01-2016,"09:48:29 a.m.",,"EMERGENCIA MEDICA",AMB-1,-12.0582292249155,-77.1429964221459
2016-003700,17-01-2016,"09:42:37 a.m.",,INCENDIO,AMB-1,-12.0608641216287,-77.0421991201498
2016-003699,17-01-2016,"09:41:32 a.m.","  AV. GUZMAN BLANCO 122        LIMA",INCENDIO,"M10-1, M14-1, SAMU-14",-12.0611602869784,-77.0409353482015
2016-003698,17-01-2016,"09:37:17 a.m.","BALNEARIO COSTA AZUL            VENTANILLA","MATERIALES PELIGROSOS (INCIDENTE)","M10-1, M14-1, SAMU-14",,
2016-003697,17-01-2016,"09:26:38 a.m.",,"EMERGENCIA MEDICA",AMB-6,-12.1467655872192,-77.0201543382415
2016-003696,17-01-2016,"09:20:14 a.m.","  CL. CAYO ROCA ZELA 500        SANTIAGO DE SURCO","EMERGENCIA MEDICA",AMB-28,-12.1244691505766,-76.9912435136315
2016-003695,17-01-2016,"09:19:36 a.m.","  CL. ALFONSO UGARTE 400        BELLAVISTA","EMERGENCIA MEDICA",AMB-1,-12.0646368184852,-77.1278860975382
2016-003694,17-01-2016,"09:13:42 a.m.","AV. DANIEL ALCIDES CARRION             ","EMERGENCIA MEDICA",AMB-115,,
2016-003693,17-01-2016,"09:02:41 a.m.","AV. AREQUIPA CRUCE CON AV. JAVIER PRADO ESTE SAN ISIDRO            SAN ISIDRO","EMERGENCIA MEDICA",AMB-202,-12.0922349473979,-77.0332307025244
2016-003692,17-01-2016,"08:46:15 a.m.","AH. SAN GABRIEL SECTOR 25 DICIEMBRE  MZ.  C   LOTE  18            CARABAYLLO",INCENDIO,"CIST124-4, M150-1, M164-1",-11.8872190343777,-77.0161476299442
2016-003691,17-01-2016,"08:45:14 a.m.","  CL. ELIAS CHUNGA ZAPATA (6) 674        LA PERLA","EMERGENCIA MEDICA",AMB-1,-12.065111641461,-77.1117134645887
2016-003690,17-01-2016,"08:45:13 a.m.","PLAN VERANO             PUNTA NEGRA","SERVICIO ESPECIAL","AMB-106, AMB-183, M106-1, M111-1, M129-1, M183-1, RES-49",,
2016-003689,17-01-2016,"08:44:08 a.m.","  CL. MANUEL WAGNER 759        SAN JUAN DE MIRAFLORES","EMERGENCIA MEDICA",SAMU-120,-12.1620340538097,-76.9767201100058
2016-003688,17-01-2016,"08:41:46 a.m.","  CL. MONITOR HUASCAR (LORENZO DE VILLASECA) 274        RIMAC","EMERGENCIA MEDICA",SAMU-21,-12.0272253259948,-77.0355651026318
2016-003687,17-01-2016,"08:38:16 a.m.","BOULEVARD TUPAC AMARU             MARCONA","EMERGENCIA MEDICA",MED-152,,
2016-003686,17-01-2016,"08:27:33 a.m.","REPARTICION DE MARCONA            NAZCA","EMERGENCIA MEDICA",AMB-82,,
2016-003685,17-01-2016,"08:07:48 a.m.","CARRETERAS - PANAMERICANAS  PANAMERICANA SUR 34            LURIN","ACCIDENTE VEHICULAR","AMB-129, M129-1, RES-125",,
2016-003684,17-01-2016,"07:50:25 a.m.","AV. CARLOS IZAGUIRRE (2) CRUCE CON CL. SANTA ROSA SAN MARTIN DE PORRES            SAN MARTIN DE PORRES",INCENDIO,"M168-1, M65-1, M9-1, SAMU-168",-11.9899124955757,-77.0972541606529
2016-003683,17-01-2016,"07:50:24 a.m.","  AV. COSTA VERDE (CIRCUITO DE PLAYAS) 000        MIRAFLORES","ACCIDENTE VEHICULAR","AMB-28, RES-100",-12.1323889623654,-77.031367087099
2016-003682,17-01-2016,"07:46:17 a.m.","PAN SUR  92.5 NUEVA DIREC DE SUR A NORTE PLAYA CHOCAYA            MALA","ACCIDENTE VEHICULAR","AMB-111, AMB-133, M133-1",,
2016-003681,17-01-2016,"07:38:29 a.m.",,"EMERGENCIA MEDICA",SAMU-2,-12.0553052829784,-77.0511135393605
2016-003680,17-01-2016,"07:37:33 a.m.",,"SERVICIO ESPECIAL",AMB-207,-12.0722446076139,-77.1647296459225
2016-003679,17-01-2016,"07:32:48 a.m.","  CL. ICA  MZ.  K  LOTE  8   URB.  CANTO  CHICO   000        SAN JUAN DE LURIGANCHO","EMERGENCIA MEDICA",SAMU-121,-12.0042489342322,-77.0190009635822
2016-003678,17-01-2016,"07:31:45 a.m.","  CL. SAMOA 100        LA MOLINA","EMERGENCIA MEDICA",MED-96,,
2016-003677,17-01-2016,"07:26:14 a.m.","AV. LA UNION CRUCE CON JR. WASHINGTON LA PERLA            LA PERLA","EMERGENCIA MEDICA",AMB-1,-12.0679089493565,-77.1270874933043
2016-003676,17-01-2016,"07:12:07 a.m.",,"EMERGENCIA MEDICA",SAMU-2,-12.0552838130734,-77.0524705583612
2016-003675,17-01-2016,"07:11:03 a.m.","AV  HUALMAY            HUACHO","EMERGENCIA MEDICA",AMB-20,,
2016-003674,17-01-2016,"07:04:32 a.m.",,"EMERGENCIA MEDICA",SAMU-10,-12.0595153101093,-77.0556880865195
2016-003673,17-01-2016,"07:00:38 a.m.","  AV. LOS PROCERES 100        SANTIAGO DE SURCO","ACCIDENTE VEHICULAR","AMB-106, AMB134-2, M127-1, RES-134, SAMU-106, SAMU-120",-12.1485652522549,-76.9865926277589
2016-003672,17-01-2016,"06:57:19 a.m.","CL. FRAGATAS (D) CRUCE CON JR. LAS GAVIOTAS SANTIAGO DE SURCO            SANTIAGO DE SURCO","EMERGENCIA MEDICA",AMB134-2,-12.1663911490318,-76.9977073775563
2016-003671,17-01-2016,"06:42:03 a.m.","  JR. ALBERTO BARTON 186        ","EMERGENCIA MEDICA",AMB134-2,-12.0832117902234,-77.0250410630941
2016-003670,17-01-2016,"06:38:00 a.m.","AV. SEPARADORA INDUSTRIAL CRUCE CON AV. JOSE CARLOS MARIATEGUI VILLA EL SALVADOR            VILLA EL SALVADOR","EMERGENCIA MEDICA",AMB-155,-12.2178841671419,-76.9273852864461
2016-003669,17-01-2016,"06:36:11 a.m.","  JR. BATALLA DE AYACUCHO 156        SANTIAGO DE SURCO",INCENDIO,"AMB134-2, M16-1",-12.1465663616668,-77.0047965524485
2016-003668,17-01-2016,"06:34:46 a.m.","  DELICIAS MAZ E 1 LOTE 9  AV. VICTOR ANDRES BELAUNDE ESTE 2100       COMAS","ACCIDENTE VEHICULAR","M164-1, SAMU-168",,
2016-003667,17-01-2016,"06:16:22 a.m.","  CL. 6 DE AGOSTO 485        JESUS MARIA","EMERGENCIA MEDICA",AMB-202,-12.0738793263698,-77.0400854551538
2016-003666,17-01-2016,"06:15:44 a.m.","  CL. JESUS FAJARDO 385        SAN JUAN DE MIRAFLORES","EMERGENCIA MEDICA",AMB-106,-12.1532631633922,-76.9679297727026
2016-003665,17-01-2016,"06:09:16 a.m.",,"ACCIDENTE VEHICULAR","M120-1, M6-1, SAMU-120",-12.168484105267,-76.9914087655892
2016-003664,17-01-2016,"06:08:04 a.m.","ESTACION DEL METROPOLITANO            ","EMERGENCIA MEDICA",AMB134-2,,
2016-003663,17-01-2016,"05:45:15 a.m.","  AV. ALFREDO BENAVIDES 2900       MIRAFLORES","ACCIDENTE VEHICULAR","AMB134-2, M28-1, RES-134, SAMU-120",-12.1283737917587,-77.0041208545133
2016-003662,17-01-2016,"05:27:14 a.m.","  CL. MAYNAS 500        LIMA","MATERIALES PELIGROSOS (INCIDENTE)","RES-2, SAMU-2",-12.0485075133768,-77.0171467913357
2016-003661,17-01-2016,"05:26:42 a.m.","  CL. BARCELONA 616        SAN ISIDRO","EMERGENCIA MEDICA",AMB-202,-12.0918323618492,-77.0519450903667
2016-003660,17-01-2016,"05:17:53 a.m.","  JR. AURELIO SOUZA (GERMAN NORIEGA DEL VALLE) 400        BARRANCO","EMERGENCIA MEDICA",SAMU-6,-12.1402558486399,-77.0140885480451
2016-003659,17-01-2016,"05:03:44 a.m.","  CL. MANUEL AGUILAR DURAND 211        SANTIAGO DE SURCO","EMERGENCIA MEDICA",AMB134-2,-12.1348255822687,-76.9924207365325
2016-003658,17-01-2016,"04:45:17 a.m.","OROYA MAZ I LOTE 13 URB LA ALAMEDA             ","EMERGENCIA MEDICA",SAMU-138,,
2016-003657,17-01-2016,"04:28:14 a.m.","  AV. DEFENSORES DEL MORRO (HUAYLAS) 200        CHORRILLOS","EMERGENCIA MEDICA",SAMU-6,-12.1671028600066,-77.0261395489573
2016-003656,17-01-2016,"04:27:41 a.m.","  AV. PACHACUTEC (LOS HEROES) 200        SAN JUAN DE MIRAFLORES","EMERGENCIA MEDICA",SAMU-120,-12.152146275821,-76.9771035672273
2016-003655,17-01-2016,"04:23:33 a.m.","AV. GERARDO UNGER CRUCE CON AV. UNIVERSITARIA COMAS            COMAS","EMERGENCIA MEDICA",AMB-161,-11.9616197749129,-77.0633094560061
2016-003654,17-01-2016,"04:21:29 a.m.",,"EMERGENCIA MEDICA",SAMU-10,-12.0547483377199,-77.0459025859685
2016-003653,17-01-2016,"04:14:53 a.m.","  AV. UNIVERSITARIA 5300       COMAS","EMERGENCIA MEDICA",SAMU-168,-11.9601079918177,-77.0608734797121
2016-003652,17-01-2016,"04:10:56 a.m.","CAMINO DE REYES             ","EMERGENCIA MEDICA",MATPEL171,,
2016-003651,17-01-2016,"03:23:34 a.m.","  AV. REPUBLICA ARGENTINA 800        CALLAO",INCENDIO,"AMB-1, M5-1, M7-1",-12.0515599186737,-77.1325732189373
2016-003650,17-01-2016,"03:16:24 a.m.","AH. AMAUTA SECTOR 2 A            ATE",INCENDIO,"M106-3, M138-4, RES-138, SAMU-138",-12.0426502904423,-76.9042138309497
2016-003649,17-01-2016,"03:08:24 a.m.","  AV. GUARDIA CIVIL (DEL AIRE) 1043       SAN ISIDRO","EMERGENCIA MEDICA",AMB-8,-12.1020742007704,-77.0141434052405
2016-003648,17-01-2016,"03:04:41 a.m.","  JR. SANTA ELENA NORTE (F)   160        SANTIAGO DE SURCO","EMERGENCIA MEDICA",AMB134-2,-12.1066084507863,-76.9684262823316
2016-003647,17-01-2016,"03:00:37 a.m.","PJ. VILLA EL SALVADOR SECTOR 3 GRUPO 13 O            VILLA EL SALVADOR","EMERGENCIA MEDICA",AMB-106,-12.2147471956788,-76.9377403622309
2016-003646,17-01-2016,"02:58:53 a.m.",,"EMERGENCIA MEDICA",SAMU-120,-12.1794593016807,-76.9946545306564
2016-003645,17-01-2016,"02:40:23 a.m.","  AV. SANTA MARIA   INDUSTRIAL AURORA  200        ATE","ACCIDENTE VEHICULAR","M127-1, M138-4, SAMU-127",-12.0662868446314,-76.9826210650556
2016-003644,17-01-2016,"02:27:15 a.m.","  JR. TRUJILLO 277        CALLAO","EMERGENCIA MEDICA",AMB-1,-12.0552596372883,-77.1317490635623
2016-003643,17-01-2016,"02:25:34 a.m.","  JR. TEJADITA (AUGUSTO TAMAYO VARGAS) 299        BARRANCO","EMERGENCIA MEDICA",SAMU-6,-12.1504423428086,-77.0185595431046
2016-003642,17-01-2016,"02:19:49 a.m.","CP  LA QUEBRADA  SAN LUIS            SAN VICENTE DE CANETE",INCENDIO,M183-1,,
2016-003641,17-01-2016,"02:12:16 a.m.","  JR. PUNO 2600       COMAS",INCENDIO,CIST124-4,-11.9580398440127,-77.0365520973565
2016-003640,17-01-2016,"01:44:05 a.m.","  AV. ARNALDO MARQUEZ 1772       JESUS MARIA","EMERGENCIA MEDICA",AMB-202,-12.0778127444553,-77.0529926259364
2016-003639,17-01-2016,"01:41:30 a.m.","CASUARINAS  2DA  ETAPA             ","ACCIDENTE VEHICULAR",AMB-22,,
2016-003638,17-01-2016,"01:19:40 a.m.",,"EMERGENCIA MEDICA",AMB134-2,-12.1622653765063,-76.9880447960878
2016-003637,17-01-2016,"01:18:21 a.m.",,"EMERGENCIA MEDICA",SAMU-10,-12.0633483229908,-77.051760577267
2016-003636,17-01-2016,"01:16:44 a.m.","  CL. LOS COLIBRIES (2)   HORIZONTES DE ZARATE 910        SAN JUAN DE LURIGANCHO","EMERGENCIA MEDICA",AMB-121,-12.0150413346086,-76.9983711127
2016-003635,17-01-2016,"01:11:36 a.m.","  CL. PUERTO MALDONADO 283        SAN JUAN DE LURIGANCHO","MATERIALES PELIGROSOS (INCIDENTE)","AMB-2, M21-1",-12.0257587836559,-77.0113344436854
2016-003634,17-01-2016,"01:06:59 a.m.","  CL. PARQUE INFANTIL (24) 130        RIMAC","EMERGENCIA MEDICA","AMB-2, M21-1",-12.0256760064692,-77.032398426753
2016-003633,17-01-2016,"12:57:32 a.m.","  AV. VENUS (19) 7356       ","EMERGENCIA MEDICA",SAMU-168,-12.000103406402,-77.0655566559616
2016-003632,17-01-2016,"12:43:40 a.m.","  CL. TOMAS CATARI (10) 485        LOS OLIVOS",INCENDIO,"AMB-161, M168-1, M65-2",-12.0074630240661,-77.0626005413035
2016-003631,17-01-2016,"12:26:51 a.m.","MZ C LT 5  SAN BARTOLO            SAN BARTOLO","EMERGENCIA MEDICA",AMB-134,,
2016-003630,17-01-2016,"12:13:51 a.m.","  CL. LOS CLAVELES 100        EL AGUSTINO",INCENDIO,"M176-1, M176-3, RES-2, SAMU-2",-12.0461310270166,-77.0000931805798
2016-003629,17-01-2016,"12:06:37 a.m.","CARRETERAS - PANAMERICANAS PANAMERICANA SUR 15            SAN JUAN DE MIRAFLORES","EMERGENCIA MEDICA",SAMU-120,-12.1880695163424,-76.9739067661149
