ID,FECHA,HORA,DIRECCION,TIPO,UNIDADES,"CORDENADAS (lat)","CORDENADAS (lng)"
2016-048227,09-08-2016,"11:58:29 p.m.","  CL. RIO CHOTANO (7) URB VILLA DEL NORTE 5284       LOS OLIVOS","EMERGENCIA MEDICA",AMB-65-2,-11.9731044445461,-77.0702835967099
2016-048226,09-08-2016,"11:57:47 p.m.","HEROES CRUCE MIGUEL IGLESIAS            ","EMERGENCIA MEDICA",AMB-120,,
2016-048225,09-08-2016,"11:50:40 p.m.","CARRETERAS - PANAMERICANAS ANTIGUA PANAMERICANA SUR 46            PUNTA HERMOSA",INCENDIO,"AMB-125, M125-1",-12.3428340596691,-76.815637311369
2016-048224,09-08-2016,"11:46:54 p.m.","  AV. ALFREDO BENAVIDES 2199       MIRAFLORES","EMERGENCIA MEDICA",AMB-28,-12.1276212909666,-77.0100450355566
2016-048223,09-08-2016,"11:37:29 p.m.","  PJ. SAN JUAN 800        SAN JUAN DE MIRAFLORES","EMERGENCIA MEDICA",AMB-28,-12.1590038814279,-76.9751283415961
2016-048222,09-08-2016,"11:31:29 p.m.","MERCADO  NERY  GARCIA            AYACUCHO",INCENDIO,AMB-28,,
2016-048221,09-08-2016,"11:26:17 p.m.","  CL. PATAZ 1227       LOS OLIVOS","EMERGENCIA MEDICA",AMB-161,-11.995970031081,-77.0789962270259
2016-048220,09-08-2016,"11:23:20 p.m.","PANAMERICANA SUR KM.  425            NAZCA","ACCIDENTE VEHICULAR","AMB-200, AMB-82, CIST82-4, RES-82, RES-82-2",,
2016-048219,09-08-2016,"11:20:01 p.m.","AH. VIRGEN DEL BUEN PASO J5  LOTE 18             SAN JUAN DE MIRAFLORES","EMERGENCIA MEDICA",AMB-120,-12.140272463746,-76.9618930413824
2016-048218,09-08-2016,"11:03:52 p.m.",,"SERVICIO ESPECIAL","AMB-1, AMB-184, AUX-34, AUX-60, M1-1, M184-1, M9-1, MED-15",-11.8760681610432,-77.1279821678715
2016-048217,09-08-2016,"10:56:10 p.m.","CARRETERAS - PANAMERICANAS CARRETERA CENTRAL 28.5            LURIGANCHO",INCENDIO,M32-1,-11.9589745984014,-76.7351853447369
2016-048216,09-08-2016,"10:52:05 p.m.","HUARAL PUEBLO             PALPA",RESCATE,RES-44,,
2016-048215,09-08-2016,"10:39:57 p.m.","  JR. CANGALLO 449        LIMA","EMERGENCIA MEDICA",AMB-8,-12.0523281913963,-77.0212329704854
2016-048214,09-08-2016,"10:36:08 p.m.","  AV. GONZALES PRADA 579        MAGDALENA DEL MAR","EMERGENCIA MEDICA",AMB-83,-12.091673779896,-77.0645680783359
2016-048213,09-08-2016,"10:36:02 p.m.","AV. GENERAL GARZON CRUCE CON AV. AFRANIO MELLO FRANCO JESUS MARIA            JESUS MARIA","EMERGENCIA MEDICA",AMB-36,-12.074961691889,-77.051970923752
2016-048212,09-08-2016,"10:34:57 p.m.","  CL. LOS LINOS 265        SAN JUAN DE LURIGANCHO","EMERGENCIA MEDICA",AMB-2,-11.9971347585361,-77.0112841388445
2016-048211,09-08-2016,"10:34:15 p.m.","  AV. COSTANERA (MIRAMAR) 2700       SAN MIGUEL",INCENDIO,M7-5,-12.0802870191163,-77.1082694343808
2016-048210,09-08-2016,"10:30:05 p.m.","AH. AMPLIACION VILLAMOTO MAZ O1 LT 2            VENTANILLA","EMERGENCIA MEDICA",AMB-184,-11.8667509384213,-77.130614227696
2016-048209,09-08-2016,"10:16:45 p.m.","CARRETERAS - PANAMERICANAS PANAMERICANA NORTE 20.9            ","EMERGENCIA MEDICA",AMB-65-2,-11.9477752485988,-77.0702147488456
2016-048208,09-08-2016,"10:16:02 p.m.","AH. ENRIQUE MILLA OCHOA 130  lt 5            LOS OLIVOS","EMERGENCIA MEDICA",AMB-65-2,-11.95903294779,-77.0832979690275
2016-048207,09-08-2016,"10:12:13 p.m.","  AV. DANIEL ALCIDES CARRION MAZ D LOTE 8 000        SAN MARTIN DE PORRES","MATERIALES PELIGROSOS (INCIDENTE)","AMB-161, M161-1",-11.9944969830922,-77.0896796032378
2016-048206,09-08-2016,"10:09:27 p.m.","AV. ALFREDO BENAVIDES CRUCE CON AV. AVIACION SANTIAGO DE SURCO            SANTIAGO DE SURCO","EMERGENCIA MEDICA",AMB-11,-12.1283522738982,-77.0010034793261
2016-048205,09-08-2016,"10:08:49 p.m.","  AV. AREQUIPA 4500       MIRAFLORES","EMERGENCIA MEDICA",AMB-28,-12.1111322758684,-77.0301659396612
2016-048204,09-08-2016,"09:43:15 p.m.","CL. DANTE CRUCE CON CL. SAN DIEGO SURQUILLO            SURQUILLO","EMERGENCIA MEDICA",AMB-28,-12.1188348759354,-77.02245757452
2016-048203,09-08-2016,"09:40:17 p.m.",,"EMERGENCIA MEDICA",AMB-83,-12.0683303295786,-77.1131722836318
2016-048202,09-08-2016,"09:37:12 p.m.",,"ACCIDENTE VEHICULAR",RES-193,,
2016-048201,09-08-2016,"09:36:21 p.m.","AV. JOSE GALVEZ CRUCE CON JR. EMILIO ALTHAUS LINCE            LINCE","EMERGENCIA MEDICA",AMB-4,-12.0800548224722,-77.0297875773869
2016-048200,09-08-2016,"09:31:45 p.m.","  CL. OLAYA 130        COMAS","EMERGENCIA MEDICA",AMB-164,-11.9424623569884,-77.0538881148971
2016-048199,09-08-2016,"09:25:07 p.m.","  CL. JOSE MARTI 122        SAN MIGUEL","EMERGENCIA MEDICA",AMB-7,-12.0713993423186,-77.1017715822735
2016-048198,09-08-2016,"09:20:43 p.m.","  CL. LOS MAGISTRADOS (3) MZ 1 LOTE 31 100        LA MOLINA","EMERGENCIA MEDICA",MED-96,-12.0749433890266,-76.9545078295904
2016-048197,09-08-2016,"09:16:07 p.m.","  JR. COLON 840        CALLAO","EMERGENCIA MEDICA",AMB-1,-12.0611458989374,-77.1361226663177
2016-048196,09-08-2016,"09:13:43 p.m.","  AV. GUARDIA CIVIL SUR 1045       SANTIAGO DE SURCO",RESCATE,M134-1,-12.1689555047471,-76.9915070449835
2016-048195,09-08-2016,"09:05:25 p.m.","CARRETERAS - PANAMERICANAS PANAMERICANA NORTE 12            SAN MARTIN DE PORRES","EMERGENCIA MEDICA",AMB-65-2,-12.0268796505555,-77.0582629907892
2016-048194,09-08-2016,"09:04:50 p.m.",,"EMERGENCIA MEDICA",AMB-127,-12.0522441127659,-76.9655400934253
2016-048193,09-08-2016,"09:02:10 p.m.","  AV. GRAU 1320       LIMA","EMERGENCIA MEDICA",AMB-127,-12.0573705486113,-77.0160035594288
2016-048192,09-08-2016,"09:00:58 p.m.","  AV. GRAU 1320       LIMA","EMERGENCIA MEDICA",AMB-8,-12.0570772509254,-77.0161002974469
2016-048191,09-08-2016,"08:59:19 p.m.","  CL. DINAMARCA 256        ATE","EMERGENCIA MEDICA",AMB-169,-12.039517315848,-76.9251251110633
2016-048190,09-08-2016,"08:58:01 p.m.","AV. JORGE CHAVEZ CRUCE CON AV. SEPARADORA INDUSTRIAL VILLA EL SALVADOR            VILLA EL SALVADOR",INCENDIO,M105-1,-12.2079230590832,-76.9333564515209
2016-048189,09-08-2016,"08:55:42 p.m.","  PJ. MEXICO 737        CHORRILLOS","EMERGENCIA MEDICA",AMB6-2,-12.1765962425312,-77.023989023013
2016-048188,09-08-2016,"08:46:25 p.m.","  JR. DAVALOS (JULIO MALAGA GRENET) 338        BARRANCO","EMERGENCIA MEDICA",AMB-16,-12.1456968053897,-77.0177650633809
2016-048187,09-08-2016,"08:41:04 p.m.","  AV. VIRREY CONDE DE LEMOS 160        CALLAO","EMERGENCIA MEDICA",AMB-16,-12.049762946862,-77.0974626535341
2016-048186,09-08-2016,"08:35:21 p.m.","  JR. ANDAHUAYLAS 1100       LA VICTORIA","MATERIALES PELIGROSOS (INCIDENTE)","AMB-8, M8-1",-12.0706666011213,-77.0252135027364
2016-048185,09-08-2016,"08:30:51 p.m.","HAYA DE LA TORRE ESQ MARINA            LA PERLA","EMERGENCIA MEDICA",AMB-7,,
2016-048184,09-08-2016,"08:27:10 p.m.",,"EMERGENCIA MEDICA",AMB-2,-12.0387936199851,-77.0553074433621
2016-048183,09-08-2016,"08:13:46 p.m.","  CL. LA VICTORIA 525        PUENTE PIEDRA","MATERIALES PELIGROSOS (INCIDENTE)",M150-1,-11.866304970829,-77.0787170638946
2016-048182,09-08-2016,"08:11:04 p.m.","  AV. DE LAS ARTES NORTE 1400       SAN BORJA","EMERGENCIA MEDICA",AMB-127,-12.0898031054657,-76.9891365308008
2016-048181,09-08-2016,"08:09:59 p.m.","  CL. ISMAEL PAGADOR (LA PAZ) 100        CHORRILLOS","EMERGENCIA MEDICA",AMB6-2,-12.1721503789564,-77.0233295786971
2016-048180,09-08-2016,"08:05:43 p.m.","  AV. PERU 1500       SAN MARTIN DE PORRES","EMERGENCIA MEDICA",AMB-65-2,-12.0324483222593,-77.0620395921335
2016-048179,09-08-2016,"08:02:10 p.m.","CO. CHANCAS DE ANDAHUAYLAS D2 LOT 30            SANTA ANITA","EMERGENCIA MEDICA",AMB-169,-12.0346024932445,-76.9617116980566
2016-048178,09-08-2016,"08:01:20 p.m.",,"EMERGENCIA MEDICA",AMB-169,-12.0595526576681,-77.1399232233983
2016-048177,09-08-2016,"08:00:15 p.m.","AV. E. SANCHEZ FAJARDO (22 DE AGOSTO) (HONDURAS) CRUCE CON AV. CARABAYLLO COMAS            COMAS","EMERGENCIA MEDICA",AMB-164,-11.9509746480065,-77.0560588045113
2016-048176,09-08-2016,"07:57:55 p.m.","  AV. MADRESELVAS MZ O  000        LA MOLINA","MATERIALES PELIGROSOS (INCIDENTE)","M96-1, MED-96",-12.0860252925748,-76.8876135932754
2016-048175,09-08-2016,"07:45:00 p.m.","  AV. CESAR VALLEJO (HIPOLITO UNANUE) 1300       LINCE",INCENDIO,"M100-1, M202-1, M4-1, MED-202, RESLIG-4",-12.0879236386264,-77.0451350888922
2016-048174,09-08-2016,"07:44:22 p.m.","AVPARIS CRUCE AV EL PARQUE            ICA","ACCIDENTE VEHICULAR","M100-1, M202-1, M4-1, MED-202, RESLIG-4",,
2016-048173,09-08-2016,"07:29:30 p.m.","  AV. COSTANERA (COSTA VERDE) 000        MAGDALENA DEL MAR","EMERGENCIA MEDICA","AMB-36, RES-83",-12.0979495443583,-77.0726857479397
2016-048172,09-08-2016,"07:28:53 p.m.","  AV. ANTISUYO 400        INDEPENDENCIA","EMERGENCIA MEDICA",AMB-168,-11.9789031001006,-77.0464712538741
2016-048171,09-08-2016,"07:27:12 p.m.","  CL. MARISCAL ANTONIO JOSE DE SUCRE 411        SAN MIGUEL","EMERGENCIA MEDICA",AMB-83,-12.0903835720848,-77.078630624436
2016-048170,09-08-2016,"07:08:09 p.m.","  JR. HUANUCO 3830       SAN MARTIN DE PORRES","EMERGENCIA MEDICA",AMB-161,-12.029034450822,-77.08954273397
2016-048169,09-08-2016,"07:07:04 p.m.","  AV. PERU 1800       SAN MARTIN DE PORRES","EMERGENCIA MEDICA",AMB-65-2,-12.0322663994826,-77.0656112303296
2016-048168,09-08-2016,"07:05:10 p.m.","AV. ANDRES ARAMBURU CRUCE CON CL. PERDICES SAN ISIDRO            SAN ISIDRO","ACCIDENTE VEHICULAR","AMB-11, M11-1, M28-1",-12.1020948503751,-77.0210805853018
2016-048167,09-08-2016,"07:00:34 p.m.","AV. PLAN VIAL 000        SAN MARTIN DE PORRES","EMERGENCIA MEDICA","AMB-11, M11-1, M28-1",,
2016-048166,09-08-2016,"06:56:34 p.m.","  PJ. 24 DE JUNIO 100        VILLA MARIA DEL TRIUNFO",INCENDIO,"AMB-160, M105-1, M106-1, M120-1, M155-1",,
2016-048165,09-08-2016,"06:32:45 p.m.","PJ. NUEVO PROGRESO SECTOR RESIDENCIAL 5MZ  K LOTE 2            VILLA MARIA DEL TRIUNFO","EMERGENCIA MEDICA",AMB-155,-12.2170188055938,-76.9163201838694
2016-048164,09-08-2016,"06:32:22 p.m.","  JR. CAMANA 9          LIMA",INCENDIO,"AMB-2, M10-1, M3-1",-12.0521419792713,-77.037002554688
2016-048163,09-08-2016,"06:29:53 p.m.","MILAGRO 1            HUARAL","EMERGENCIA MEDICA",AMB-44,,
2016-048162,09-08-2016,"06:29:02 p.m.","  AV. MEJICO 1848       LA VICTORIA","EMERGENCIA MEDICA",AMB-8,-12.0707993261269,-77.0100550890622
2016-048161,09-08-2016,"06:18:06 p.m.","AV. AREQUIPA CRUCE CON AV. ANGAMOS OESTE MIRAFLORES            MIRAFLORES","EMERGENCIA MEDICA",AMB-8,-12.1137021885914,-77.0299129423239
2016-048160,09-08-2016,"05:46:33 p.m.","  JR. MANCO CAPAC 1100       CALLAO","EMERGENCIA MEDICA",AMB-8,-12.0519784320967,-77.1410720906513
2016-048159,09-08-2016,"05:36:58 p.m.","AV. TOMAS MARSANO (ATOCONGO) CRUCE CON AV. MANUEL VILLARAN SURQUILLO            SURQUILLO","ACCIDENTE VEHICULAR",AMB-28,-12.1219448652399,-77.0055995138086
2016-048158,09-08-2016,"05:33:23 p.m.","  JR. TACNA (PASCUAL DE VIVERO) 1100       MAGDALENA DEL MAR",RESCATE,AMB-28,-12.0876263439077,-77.0700991089088
2016-048157,09-08-2016,"05:22:10 p.m.","  MA. MANUEL PRADO (MANUEL PARDO) 333        ANCON","MATERIALES PELIGROSOS (INCIDENTE)",AMB-28,-11.775929097358,-77.184875220383
2016-048156,09-08-2016,"05:14:17 p.m.","PANAMERICANA SUR KM 163            HUACHO","ACCIDENTE VEHICULAR","M20-1, RES-20",,
2016-048155,09-08-2016,"05:10:01 p.m.","MANCOPACPAC  DPTO.202 378        LA VICTORIA","EMERGENCIA MEDICA","M20-1, RES-20",,
2016-048154,09-08-2016,"05:07:49 p.m.","  CL. LA CIMA 100        LA MOLINA",INCENDIO,"AMB-11, M11-1, M127-1, M138-1, M96-1",-12.0748772339451,-76.8946815992879
2016-048153,09-08-2016,"05:07:04 p.m.","  AV. MIGUEL GRAU (BUENOS AIRES) 200        CALLAO","EMERGENCIA MEDICA",MED-34,-12.0653413108929,-77.1491199053349
2016-048152,09-08-2016,"04:46:59 p.m.","  JR. CAMANA  ALAMEDA  CHABUCA GRANDA 100        LIMA","EMERGENCIA MEDICA",AMB-2,-12.0443568996266,-77.0315059956369
2016-048151,09-08-2016,"04:29:43 p.m.","  AV. BRASIL 3600       MAGDALENA DEL MAR","EMERGENCIA MEDICA",AMB-83,-12.0927638032851,-77.068139588511
2016-048150,09-08-2016,"04:24:28 p.m.","AH. HUSARES DE JUNIN MZ A LOT 1            SAN MARTIN DE PORRES","EMERGENCIA MEDICA",MED-9,-12.029285495798,-77.0737987472943
2016-048149,09-08-2016,"04:20:19 p.m.","  AV. NICOLAS DE AYLLON 886        LA VICTORIA","ACCIDENTE VEHICULAR",M127-1,-12.0633310285565,-77.0013033662431
2016-048148,09-08-2016,"04:19:30 p.m.","UR. FAUCETT MZ E LOTE 9             CALLAO",RESCATE,"M9-1, MED-9",-11.9957965530854,-77.121119970917
2016-048147,09-08-2016,"04:14:20 p.m.","  AV. LAS PALMERAS 4000       LOS OLIVOS","EMERGENCIA MEDICA",AMB-65-2,-11.9864844735795,-77.0725311347434
2016-048146,09-08-2016,"04:07:54 p.m.","  CL. LAS MORAS (LOS PACANEROS) 235        INDEPENDENCIA","EMERGENCIA MEDICA",AMB-161,-11.986592599063,-77.0592493870482
2016-048145,09-08-2016,"04:05:27 p.m.","SALUD ESSALUD HOSPITAL CENTRAL NO 2 EDGARDO REBAGLIATI  4TO PISO C  469B            JESUS MARIA","EMERGENCIA MEDICA",AMB-161,-12.0784114309467,-77.0399092941712
2016-048144,09-08-2016,"04:04:53 p.m.","PLAYA AGUA  DULCE            CHORRILLOS","EMERGENCIA MEDICA",AMB-6,,
2016-048143,09-08-2016,"03:37:41 p.m.","CARRETERAS - PANAMERICANAS PANAMERICANA NORTE 24            LOS OLIVOS",INCENDIO,"M124-1, M150-1, M184-1",-11.9199599958874,-77.0734536408396
2016-048142,09-08-2016,"03:30:38 p.m.","AH SANTA ROSA MZ L1 LOTE 7            VENTANILLA","EMERGENCIA MEDICA",AMB-75,,
2016-048141,09-08-2016,"03:12:12 p.m.","CARRETERAS - PANAMERICANAS PANAMERICANA SUR 5.9            SAN BORJA","EMERGENCIA MEDICA",AMB-127,-12.1090943212497,-76.9786911700548
2016-048140,09-08-2016,"03:04:12 p.m.","FERMIN DEL CASTILLO 371        NAZCA","EMERGENCIA MEDICA",AMB-82,,
2016-048139,09-08-2016,"03:02:35 p.m.",,"EMERGENCIA MEDICA",AMB-82,-12.0599657812058,-77.0457885828042
2016-048138,09-08-2016,"02:57:52 p.m.","CALLE CRISTOBAL COLON    800            PARAMONGA","EMERGENCIA MEDICA",AMB-81,,
2016-048137,09-08-2016,"02:40:58 p.m.","UR. PROLIMA IV ETAPA C1 LT 1            LOS OLIVOS","EMERGENCIA MEDICA",AMB-150,-11.9287657577303,-77.0770419835077
2016-048136,09-08-2016,"02:28:07 p.m.","AV. SOLAR 400        CHANCAY","EMERGENCIA MEDICA",MED-80,,
2016-048135,09-08-2016,"02:21:27 p.m.","  JR. HUANTA 1008       LIMA",INCENDIO,M2-1,-12.0544229812454,-77.0233950831486
2016-048134,09-08-2016,"02:21:23 p.m.","  AV. VIRREY CONDE DE LEMOS 500        CALLAO","MATERIALES PELIGROSOS (INCIDENTE)","AMB-83, M60-5, RES-14",-12.0493830674356,-77.0933471216073
2016-048133,09-08-2016,"02:20:23 p.m.","  PJ. MANCO CAPAC 188        INDEPENDENCIA","EMERGENCIA MEDICA",AMB-65-2,-11.9863618972543,-77.055436639053
2016-048132,09-08-2016,"02:07:21 p.m.","AH. ALMIRANTE GRAU (LOS LICENCIADOS DE VENTANILLA) Q5            VENTANILLA","EMERGENCIA MEDICA",AMB-75,-11.8786304388404,-77.1294301363332
2016-048131,09-08-2016,"02:00:51 p.m.","  CL. FRAY ANGELICO 371        SAN BORJA",INCENDIO,"AMB-11, M11-1, M127-1",-12.0954382806477,-76.9943387530095
2016-048130,09-08-2016,"02:00:01 p.m.",,"EMERGENCIA MEDICA","AMB-11, M11-1, M127-1",-12.0599657812058,-77.0457885828042
2016-048129,09-08-2016,"01:59:13 p.m.","CARRETERAS - PANAMERICANAS PANAMERICANA SUR 20            VILLA EL SALVADOR","EMERGENCIA MEDICA",AMB-6,-12.2293651142788,-76.9680084463977
2016-048128,09-08-2016,"01:54:13 p.m.","CARRETERAS - PANAMERICANAS AUTOPISTA RAMIRO PRIALE 6            LURIGANCHO","EMERGENCIA MEDICA","AMB-169, M138-1, M96-1",-12.0214507263883,-76.9290502813732
2016-048127,09-08-2016,"01:47:24 p.m.","MARIA PARADO DE BELLIDO  600        ",INCENDIO,"AMB-169, M138-1, M96-1",,
2016-048126,09-08-2016,"01:46:37 p.m.","  AV. 2 DE MAYO 300        SAN ISIDRO","EMERGENCIA MEDICA","AMB-169, M138-1, M96-1",,
2016-048125,09-08-2016,"01:39:16 p.m.","  CL. LAS CIDRAS 1221       SAN JUAN DE LURIGANCHO","EMERGENCIA MEDICA",AMB-176,-12.0141568146115,-77.0040861307593
2016-048124,09-08-2016,"01:21:08 p.m.","  CL. SAN MARTIN DE PORRES (PROGRESO) 600        ATE","ACCIDENTE VEHICULAR","AMB-169, M138-1, M96-1",-12.0262048126309,-76.9021900882801
2016-048123,09-08-2016,"01:17:37 p.m.","HOSPITAL  CARRION             CALLAO","EMERGENCIA MEDICA","AMB-169, M138-1, M96-1",,
2016-048122,09-08-2016,"01:11:25 p.m.",,"EMERGENCIA MEDICA","AMB-169, M138-1, M96-1",,
2016-048121,09-08-2016,"12:37:47 p.m.","  AV. MIRAFLORES (F. GARCIA MONTERROSI) 200        BARRANCO","EMERGENCIA MEDICA",AMB-16,-12.1428111429115,-77.0203501438666
2016-048120,09-08-2016,"12:35:29 p.m.","HOSPITAL REBAGLIATI            JESUS MARIA","EMERGENCIA MEDICA",AMB-28,,
2016-048119,09-08-2016,"12:32:50 p.m.","  JR. LONDRES 250        LA VICTORIA","EMERGENCIA MEDICA",AMB-28,-12.075410318004,-77.0280640948219
2016-048118,09-08-2016,"12:26:03 p.m.","PJ. LAS DELICIAS DE VILLA A8            CHORRILLOS",INCENDIO,M6-1,-12.1991880383142,-76.9938311407447
2016-048117,09-08-2016,"12:22:53 p.m.","  JR. JORGE CHAVEZ 523        COMAS","MATERIALES PELIGROSOS (INCIDENTE)","AMB-65-2, M124-1",-11.9594047875941,-77.0508426337157
2016-048116,09-08-2016,"12:15:12 p.m.","  AV. 26 DE NOVIEMBRE 2000       VILLA MARIA DEL TRIUNFO","EMERGENCIA MEDICA",AMB-155,-12.167849776804,-76.9193200149427
2016-048115,09-08-2016,"12:12:35 p.m.","AV. DEL EJERCITO (AUGUSTO PEREZ ARANIBAR) CRUCE CON AV. BRASIL MAGDALENA DEL MAR            MAGDALENA DEL MAR","EMERGENCIA MEDICA",AMB-155,,
2016-048114,09-08-2016,"11:59:03 a.m.","CALLE BOMBON CORONADO             ","EMERGENCIA MEDICA",MED-38,,
2016-048113,09-08-2016,"11:56:01 a.m.","  AV. SANTA ROSA (JUAN PABLO II)---URB STELLA MARIs 275        CALLAO","EMERGENCIA MEDICA",MED-9,-12.0552851071336,-77.1151240630168
2016-048112,09-08-2016,"11:50:53 a.m.","  JR. AREQUIPA 200        LURIGANCHO",INCENDIO,M32-1,-11.9346319686311,-76.6933278426456
2016-048111,09-08-2016,"11:48:11 a.m.","AH. 19 DE MAYO MZ  M  LT 19            LOS OLIVOS","EMERGENCIA MEDICA",AMB-161,-11.9760761142023,-77.0786290562907
2016-048110,09-08-2016,"11:44:27 a.m.","  PJ. ATENAS (5) 125        SAN ISIDRO",INCENDIO,"AMB-100, M100-1",-12.1075009640548,-77.0561814965117
2016-048109,09-08-2016,"11:39:41 a.m.","COLINA C/C VIA EXPRESA            MIRAFLORES","EMERGENCIA MEDICA",AMB-28,,
2016-048108,09-08-2016,"11:36:07 a.m.","JR. SAN FRANCISCO 500        CALLAO","EMERGENCIA MEDICA",AMB-28,-12.0515101254568,-77.1006051136818
2016-048107,09-08-2016,"11:33:27 a.m.","  CL. LAURA RODRIGUEZ 201        SAN MIGUEL",INCENDIO,"AMB-83, ESC-3, M100-1, M36-1, M60-5, M83-1, RES-100",-12.083910351161,-77.0849640627888
2016-048106,09-08-2016,"11:32:39 a.m.","  JR. INCLAN (ALONSO RIQUELME) 490        MAGDALENA DEL MAR","EMERGENCIA MEDICA",MED-202,-12.0954303134613,-77.0669245654593
2016-048105,09-08-2016,"11:20:54 a.m.","  CL. GRITO DE HUAURA 300        LA PERLA","EMERGENCIA MEDICA",AMB-60,-12.0668706914892,-77.1059300079618
2016-048104,09-08-2016,"11:19:16 a.m.","AV . EL EJERCITO             SAN ISIDRO","EMERGENCIA MEDICA",AMB-100,,
2016-048103,09-08-2016,"11:08:51 a.m.","TACONES             ICA","EMERGENCIA MEDICA",AMB-22,,
2016-048102,09-08-2016,"11:04:44 a.m.","BUENOS AIRES            LURIGANCHO",INCENDIO,AUX-32,,
2016-048101,09-08-2016,"11:01:46 a.m.",,"EMERGENCIA MEDICA",AMB-32,-11.9318676551824,-76.685309192089
2016-048100,09-08-2016,"10:51:26 a.m.","  CL. LOS TALLADORES   EL ARTESANO 373        ATE","MATERIALES PELIGROSOS (INCIDENTE)","AMB-176, M4-1, M96-1, MAPEL138",-12.0639184731165,-76.9659439719731
2016-048099,09-08-2016,"10:42:03 a.m.","COMERCIAL ASOCIACION DE COMERCIANTES UNIFICADOS MERCADO PACHACUTEC            VENTANILLA","EMERGENCIA MEDICA",AMB-75,-11.8341006246564,-77.1623552385079
2016-048098,09-08-2016,"10:34:28 a.m.","  CL. MANUEL MESONES MURO 155        SAN MIGUEL","EMERGENCIA MEDICA","AMB-83, RES-83",-12.079490873552,-77.0987675671887
2016-048097,09-08-2016,"10:31:55 a.m.","  JR. MANUEL IRRIBARREN (SAN MIGUEL) 200        SURQUILLO","EMERGENCIA MEDICA",AMB-100,-12.1177613095134,-77.0215790720204
2016-048096,09-08-2016,"10:31:26 a.m.",,"EMERGENCIA MEDICA",MED-202,-12.0587123159294,-77.0630690718579
2016-048095,09-08-2016,"10:29:40 a.m.","  JR. ATAHUALPA 196        CALLAO","EMERGENCIA MEDICA",AMB-60,-12.0584145158528,-77.1382090429118
2016-048094,09-08-2016,"10:27:03 a.m.","  AV. CHIMU 334        VILLA MARIA DEL TRIUNFO","EMERGENCIA MEDICA",AMB-155,-12.1703152206391,-76.9169416424903
2016-048093,09-08-2016,"10:18:32 a.m.","  AV. GARCILAZO DE LA VEGA 216        CALLAO","EMERGENCIA MEDICA",AMB-161,-12.0514753655741,-77.0962715853748
2016-048092,09-08-2016,"10:12:37 a.m.","AV. BOLIVAR CRUCE CON AV. SUCRE PUEBLO LIBRE            PUEBLO LIBRE","EMERGENCIA MEDICA",AMB-161,,
2016-048091,09-08-2016,"09:53:44 a.m.","MUNICIPALIDAD DE LA VICTORIA            LA VICTORIA","SERVICIO ESPECIAL",AMB-8,,
2016-048090,09-08-2016,"09:50:04 a.m.","  CL. ALFONSO UGARTE 391        BELLAVISTA","EMERGENCIA MEDICA",AMB-60,-12.0638104147245,-77.1275894264622
2016-048089,09-08-2016,"09:46:46 a.m.","CARRETERAS - PANAMERICANAS CARRETERA CENTRAL 23.9            CHACLACAYO","EMERGENCIA MEDICA",AMB-32,-11.9769747205528,-76.7746015227685
2016-048088,09-08-2016,"09:43:00 a.m.","SAENZ             JESUS MARIA",INCENDIO,M202-1,,
2016-048087,09-08-2016,"09:20:38 a.m.","  AV. PACHACUTEC 2200       VILLA MARIA DEL TRIUNFO","ACCIDENTE VEHICULAR","AMB-155, M106-1",-12.1673393500644,-76.951168002284
2016-048086,09-08-2016,"09:19:48 a.m.","AV LOS NATURALES            HUARAL","EMERGENCIA MEDICA",AMB-44,,
2016-048085,09-08-2016,"09:14:58 a.m.","AH. BOCANEGRA SECTOR F F4 LT8             CALLAO","EMERGENCIA MEDICA",MED-34,-12.0295342289562,-77.0966881553314
2016-048084,09-08-2016,"09:02:08 a.m.","AV. AURELIO MIROQUESADA (EL GOLF) CRUCE CON JR. LOS MANZANOS SAN ISIDRO            SAN ISIDRO","EMERGENCIA MEDICA",AMB-100,-12.0990477568299,-77.052229601559
2016-048083,09-08-2016,"08:43:51 a.m.","AH. SAGRADA FAMILIA A            CHORRILLOS",INCENDIO,"M106-1, M120-1, M134-1",-12.1979119031976,-76.9971985510838
2016-048082,09-08-2016,"08:37:24 a.m.","  AV. LOS TUSILAGOS (LOS CLAVELES) 400        SAN JUAN DE LURIGANCHO","EMERGENCIA MEDICA","M106-1, M120-1, M134-1",-12.0125668960122,-77.0087191705949
2016-048081,09-08-2016,"08:37:12 a.m.","  CL. SEBASTIAN BARRANCA 215        BELLAVISTA","EMERGENCIA MEDICA","M106-1, M120-1, M134-1",-12.0575895686415,-77.0929335174008
2016-048080,09-08-2016,"08:27:50 a.m.","SANTA MARIA            LURIGANCHO","EMERGENCIA MEDICA",AMB-32,,
2016-048079,09-08-2016,"08:17:20 a.m.","FUERTE HOYOS RUBIO            RIMAC","SERVICIO ESPECIAL",AMB-32,,
2016-048078,09-08-2016,"08:04:36 a.m.","CIRCUITO DE PLAYAS AL COSTADO DE RESTAURANTE COSTA VERDE            BARRANCO","ACCIDENTE VEHICULAR","AMB6-2, M13-1, M16-1",,
2016-048077,09-08-2016,"07:58:17 a.m.","  JR. ANTONIO MIROQUESADA 1258       LIMA","EMERGENCIA MEDICA",M2-1,-12.0531258849013,-77.0180835225544
2016-048076,09-08-2016,"07:53:02 a.m.","  AV. AURELIO MIROQUESADA (EL GOLF) 800        SAN ISIDRO","EMERGENCIA MEDICA","AMB-100, M100-1, RES-100",-12.0989004605806,-77.0473467381448
2016-048075,09-08-2016,"07:46:25 a.m.","CARREYERA HUAURA SAYAN KM 28             ","ACCIDENTE VEHICULAR",AMB-216,,
2016-048074,09-08-2016,"07:43:24 a.m.","CL. REYNOSO            SAN VICENTE DE CANETE","EMERGENCIA MEDICA",AMB-183,,
2016-048073,09-08-2016,"07:41:28 a.m.","  AV. FAUSTINO SANCHEZ CARRION (PERSHING) 280        SAN ISIDRO",RESCATE,RES-100,-12.0936453057716,-77.0521566098424
2016-048072,09-08-2016,"07:26:18 a.m.","  AV. METROPOLITANA (HUAYCARA) 000        SANTA ANITA","ACCIDENTE VEHICULAR","AMB-176, M127-1, M138-1",-12.0375946279192,-76.9538041078074
2016-048071,09-08-2016,"07:22:55 a.m.","  CL. ACUARIOS 108        VENTANILLA","EMERGENCIA MEDICA",AMB-75,-11.8873863929973,-77.1271858375496
2016-048070,09-08-2016,"07:07:08 a.m.","  AV. PRINCIPAL (C) 300        SURQUILLO","EMERGENCIA MEDICA",AMB-75,-12.1152278762239,-77.0068603956764
2016-048069,09-08-2016,"06:11:25 a.m.","  AV. VIA DE EVITAMIENTO 000        EL AGUSTINO","ACCIDENTE VEHICULAR","AMB-10, AMB-8, M138-1, M176-3",-12.0381580245366,-76.9883372944004
2016-048068,09-08-2016,"06:06:21 a.m.","  CL. CHAMOCHUMBI 108        EL AGUSTINO","EMERGENCIA MEDICA",AMB-8,-12.050489178145,-77.0006276264903
2016-048067,09-08-2016,"06:02:25 a.m.",,"EMERGENCIA MEDICA",AMB-36,-12.0879492799898,-77.0629256014488
2016-048066,09-08-2016,"05:44:15 a.m.","  MA. PAUL HARRIS (JOSE DIEZ CANSECO) 200        BARRANCO","EMERGENCIA MEDICA",AMB-28,-12.1391439300084,-77.0262470501744
2016-048065,09-08-2016,"05:38:56 a.m.","ANTOFAGASTA 2219       SAN MARTIN DE PORRES","EMERGENCIA MEDICA",AMB-161,-12.0317068233618,-77.0694495748065
2016-048064,09-08-2016,"05:22:34 a.m.","AV. PACHACUTEC (LOS HEROES) CRUCE CON AV. SAN JUAN SAN JUAN DE MIRAFLORES            SAN JUAN DE MIRAFLORES","EMERGENCIA MEDICA",AMB-106,-12.1542828095827,-76.971955588022
2016-048063,09-08-2016,"05:14:05 a.m.","  AV. SAN JUAN 460        SAN JUAN DE MIRAFLORES","EMERGENCIA MEDICA",AMB-106,-12.1658495402405,-76.9727505507749
2016-048062,09-08-2016,"05:05:15 a.m.","LAS PERLAS            ","EMERGENCIA MEDICA",AMB-32,,
2016-048061,09-08-2016,"04:59:45 a.m.","  CL. BUENOS AIRES 226        MIRAFLORES","EMERGENCIA MEDICA",AMB-28,-12.1288078468207,-77.0342352474988
2016-048060,09-08-2016,"04:09:16 a.m.","  AV. CORONEL FRANCISCO BOLOGNESI 263        INDEPENDENCIA","EMERGENCIA MEDICA",AMB-168,-12.0036459637759,-77.0567661799406
2016-048059,09-08-2016,"03:15:36 a.m.","  AV. ELMER FAUCETT 2893       CALLAO","EMERGENCIA MEDICA",AMB-168,,
2016-048058,09-08-2016,"02:26:31 a.m.","  PJ. SAN MARTIN DE PORRES 223        SAN MIGUEL","EMERGENCIA MEDICA",AMB-60,-12.0810885095294,-77.1022488127106
2016-048057,09-08-2016,"02:24:55 a.m.","  AV. REPUBLICA DE PANAMA 4600       SURQUILLO",INCENDIO,M11-1,-12.1113998230576,-77.0183240320213
2016-048056,09-08-2016,"01:57:28 a.m.","  CL. TUPAC AMARU 268        BELLAVISTA","EMERGENCIA MEDICA",AMB-1,-12.0659908506902,-77.1308894340199
2016-048055,09-08-2016,"01:17:23 a.m.","CALLE AMAPOLAS MZ D LOTE 25            LURIGANCHO","EMERGENCIA MEDICA",AMB-1,,
2016-048054,09-08-2016,"12:55:41 a.m.","CARRETERAS - PANAMERICANAS CARRETERA CENTRAL 5.83            ATE","ACCIDENTE VEHICULAR","AMB-127, AMB-8, M138-1, M96-1",-12.0333033094469,-76.9276794973891
2016-048053,09-08-2016,"12:45:59 a.m.","  JR. SAN LORENZO    BARRIO  MEDICO    186        SURQUILLO","EMERGENCIA MEDICA",AMB-28,-12.1182727912544,-77.0163575398855
2016-048052,09-08-2016,"12:33:17 a.m.",,"EMERGENCIA MEDICA",AMB-10,-12.0601015020181,-77.042415700304
2016-048051,09-08-2016,"12:21:50 a.m.","  AV. UNIVERSITARIA 633        SAN MIGUEL",INCENDIO,AMB-10,-12.0827843641789,-77.0823615709947
2016-048050,09-08-2016,"12:09:29 a.m.","AS. VALLE HERMOSO  MZ.  B  LOTE  10             PUENTE PIEDRA","ACCIDENTE VEHICULAR","AMB-75, M163-1, M184-1",-11.8294841552182,-77.1108413324112
2016-048049,09-08-2016,"12:07:14 a.m.","AV. SAN LUIS CRUCE CON AV. NICOLAS ARRIOLA LA VICTORIA            LA VICTORIA","EMERGENCIA MEDICA",AMB-8,-12.0718238561305,-77.0030526105998
