ID,FECHA,HORA,DIRECCION,TIPO,UNIDADES,"CORDENADAS (lat)","CORDENADAS (lng)"
2016-027513,24-04-2016,"11:57:30 p.m.","BAJADA DE SANTO CRISTO             NAZCA","EMERGENCIA MEDICA",AMB-82,,
2016-027512,24-04-2016,"11:52:23 p.m.","  AV. 9 DE DICIEMBRE (RIO SECO) 1000       VILLA MARIA DEL TRIUNFO",INCENDIO,M155-1,-12.171220515237,-76.9329522165476
2016-027511,24-04-2016,"11:45:06 p.m.","AV. TUPAC AMARU (GERARDO UNGER) CRUCE CON AV. LAS VIOLETAS INDEPENDENCIA            INDEPENDENCIA","EMERGENCIA MEDICA",AMB-65,-12.0080736469516,-77.0534591686872
2016-027510,24-04-2016,"11:16:43 p.m.","AV. NICOLAS ARRIOLA CRUCE CON AV. SAN EUGENIO LA VICTORIA            LA VICTORIA","EMERGENCIA MEDICA",AMB-65,,
2016-027509,24-04-2016,"11:14:11 p.m.","  AV. NICOLAS ARRIOLA (RAMON CASTILLA) 1900       SAN LUIS","EMERGENCIA MEDICA",SAMU-10,-12.0730362160308,-77.0043152993406
2016-027508,24-04-2016,"11:07:20 p.m.","  JR. DOMINGO MARTINEZ LUJAN (SAN FELIPE) 426        SURQUILLO","MATERIALES PELIGROSOS (INCIDENTE)","AMB-6, M28-1",-12.1158033093978,-77.0160700503358
2016-027507,24-04-2016,"11:02:18 p.m.","CL. VILLA MERCEDES CRUCE CON AV. JUAN E. PAZOS SANTIAGO DE SURCO            SANTIAGO DE SURCO","EMERGENCIA MEDICA",AMB-13,-12.1510146230484,-77.0148096350402
2016-027506,24-04-2016,"10:58:33 p.m.","  AV. CANADA 1006       LA VICTORIA","EMERGENCIA MEDICA",AMB-13,-12.0826298180082,-77.0154270973581
2016-027505,24-04-2016,"10:54:05 p.m.","JR. LLOQUE YUPANQUI            JESUS MARIA","EMERGENCIA MEDICA",MED-202,,
2016-027504,24-04-2016,"10:53:32 p.m.","AV. LA CULTURA            NAZCA","EMERGENCIA MEDICA",MED-202,,
2016-027503,24-04-2016,"10:49:18 p.m.","  CL. RIO SANTA 109        ","EMERGENCIA MEDICA",SAMU-83,-12.0684045273177,-77.0729345201299
2016-027502,24-04-2016,"10:38:19 p.m.","AS. VALLE HERMOSO O            PUENTE PIEDRA",INCENDIO,"M163-2, M75-1, MED-163",-11.8239165888924,-77.1060072312785
2016-027501,24-04-2016,"10:27:46 p.m.",,"EMERGENCIA MEDICA",SAMU-4,-12.0793979731649,-76.992750273021
2016-027500,24-04-2016,"10:07:19 p.m.","  AV. GENERAL CESAR CANEVARO 871        LINCE","EMERGENCIA MEDICA",MED-202,-12.0845570618525,-77.0421921168079
2016-027499,24-04-2016,"10:02:39 p.m.","AS. CASUARINAS DE COPACABANA A            PUENTE PIEDRA",INCENDIO,"AMB-150, M150-1, M163-1, M184-1",,
2016-027498,24-04-2016,"09:57:13 p.m.","LA CAPILLA / PROLONG. TACNA            RIMAC","EMERGENCIA MEDICA","AMB-150, M150-1, M163-1, M184-1",,
2016-027497,24-04-2016,"09:56:37 p.m.","  AV. PANAMERICANA NORTE (ALFREDO MENDIOLA) 976        SAN MARTIN DE PORRES","EMERGENCIA MEDICA","AMB-65, SAMU-161",-12.0197839816809,-77.0596018343315
2016-027496,24-04-2016,"09:54:40 p.m.","ALFONSO UGARTE 200        BARRANCA","EMERGENCIA MEDICA","AMB-65, SAMU-161",,
2016-027495,24-04-2016,"09:53:24 p.m.","  CL. CARLOS ARRIETA 973        LIMA","EMERGENCIA MEDICA",SAMU-4,-12.0734499165864,-77.0325433388283
2016-027494,24-04-2016,"09:41:57 p.m.","  AV. HUANDOY - SANTA ANA CRUCE CON FRATERNIDAD 000        LOS OLIVOS","EMERGENCIA MEDICA",AMB124-2,-11.9476092140196,-77.0771252432932
2016-027493,24-04-2016,"09:37:48 p.m.","AV. LOS JARDINES ESTE (JUAN VELASCO) (3) CRUCE CON AV. 13 DE ENERO SAN JUAN DE LURIGANCHO            SAN JUAN DE LURIGANCHO","EMERGENCIA MEDICA",SAMU-121,-12.0040458180116,-77.0023976308905
2016-027492,24-04-2016,"09:30:19 p.m.","  CL. ANTONIO SANCHEZ 227        SAN MARTIN DE PORRES","EMERGENCIA MEDICA",SAMU-21,-12.0296730329031,-77.0458737659686
2016-027491,24-04-2016,"09:28:35 p.m.","CARRETERA CENTRAL             ","EMERGENCIA MEDICA",AMB-32,,
2016-027490,24-04-2016,"09:20:23 p.m."," SAN JACINTA MZ D LT 4 CP. ZAPALLAL ALTOCL.            PUENTE PIEDRA","EMERGENCIA MEDICA",AMB-150,-11.8380743605144,-77.0971031576589
2016-027489,24-04-2016,"09:13:33 p.m.","  CL. LOS CHASQUIS 550        SAN JUAN DE LURIGANCHO","EMERGENCIA MEDICA",SAMU-21,-12.0257208079497,-77.006501599475
2016-027488,24-04-2016,"09:00:15 p.m.","AV. LIMA (ATOCONGO) 000        VILLA MARIA DEL TRIUNFO","EMERGENCIA MEDICA",AMB-129,-12.2003345117943,-76.908584617458
2016-027487,24-04-2016,"08:57:20 p.m.","COLEGIO SANTA ROSA            ",RESCATE,RES-81,,
2016-027486,24-04-2016,"08:52:53 p.m.",,"EMERGENCIA MEDICA",AMB134-2,-12.1397467764434,-76.999432898782
2016-027485,24-04-2016,"08:50:24 p.m.","  AV. REPUBLICA DE PANAMA 649        CALLAO","EMERGENCIA MEDICA",AMB-1,-12.0542203259746,-77.1335870092623
2016-027484,24-04-2016,"08:33:33 p.m.","TUMI DE HUARA            HUACHO","EMERGENCIA MEDICA",AMB-1,,
2016-027483,24-04-2016,"08:31:42 p.m.","  CL. OLLANTAYTAMBO 600        INDEPENDENCIA",INCENDIO,"AMB-65, M124-1, M161-1, RESLIG-161",-11.9785593228494,-77.0427975613195
2016-027482,24-04-2016,"08:24:11 p.m.","CARRETERAS - PANAMERICANAS PANAMERICANA NORTE 39.5            SANTA ROSA","ACCIDENTE VEHICULAR","AMB-150, AMB-164, M150-1, M184-1, MED-163",-11.8002371999846,-77.138102389307
2016-027481,24-04-2016,"08:20:34 p.m.","  AV. LA ATARJEA UR SERENZA  100        EL AGUSTINO","EMERGENCIA MEDICA",SAMU-138,-12.0336734684641,-76.9888956489279
2016-027480,24-04-2016,"08:11:11 p.m.","  AV. MAR PACIFICO SUR 100        SAN BARTOLO","MATERIALES PELIGROSOS (INCIDENTE)",AMB-129,-12.3869173322215,-76.7799824727047
2016-027479,24-04-2016,"08:10:57 p.m.","  AV. ANGAMOS ESTE (PRIMAVERA) 1500       SURQUILLO","EMERGENCIA MEDICA",AMB-6,-12.1128837873185,-77.0156435857356
2016-027478,24-04-2016,"08:09:28 p.m.","JOSE OLAYA 100        HUACHO","EMERGENCIA MEDICA",AMB-20,,
2016-027477,24-04-2016,"08:06:29 p.m.","  JR. TARATA 569        LA PERLA","EMERGENCIA MEDICA",AMB-9,-12.0691768393852,-77.1234683440358
2016-027476,24-04-2016,"08:00:15 p.m.","  AV. CORONEL SAMUEL ALCAZAR 300        RIMAC","ACCIDENTE VEHICULAR","AMB-65, M10-1, RES-21",-12.0306354920159,-77.0291225208687
2016-027475,24-04-2016,"07:57:26 p.m.","AH. TUPAC AMARU DE VILLA A3            CHORRILLOS",INCENDIO,"AMB-13, M6-1, RES-28",-12.192593795276,-76.9857271388746
2016-027474,24-04-2016,"07:50:10 p.m.","  AV. ALIPIO PONCE 389        CHORRILLOS","EMERGENCIA MEDICA",AMB134-2,-12.1748596485929,-76.9918441268141
2016-027473,24-04-2016,"07:48:26 p.m.","CASUARINAS PRIMERA ETAPA W11            ","EMERGENCIA MEDICA",AMB-22,,
2016-027472,24-04-2016,"07:48:20 p.m.","AH. SAN HILARION ALTO MZ L LT 19            VENTANILLA","EMERGENCIA MEDICA",SAMU-21,-11.9949668029265,-77.0206869984595
2016-027471,24-04-2016,"07:44:01 p.m.","  CL. ATALAYA ESQ GAMBETA  000        CALLAO","EMERGENCIA MEDICA",AMB-1,-12.0479779763531,-77.1357579613592
2016-027470,24-04-2016,"07:43:36 p.m.","  MA. ARMENDARIZ 120        MIRAFLORES","EMERGENCIA MEDICA",AMB-13,-12.1365884987432,-77.0268463421608
2016-027469,24-04-2016,"07:35:46 p.m.","PJ. VILLA EL SALVADOR SECTOR 1 GRUPO 4  MZ  D            VILLA EL SALVADOR","MATERIALES PELIGROSOS (INCIDENTE)",M120-1,-12.1947820417048,-76.9421158450887
2016-027468,24-04-2016,"07:30:04 p.m.","AV. SUCRE (INDEPENDENCIA) CRUCE CON JR. CUZCO (JOSE BARRENECHEA) MAGDALENA DEL MAR            MAGDALENA DEL MAR","EMERGENCIA MEDICA",MED-202,-12.0894608772999,-77.0695855505112
2016-027467,24-04-2016,"07:26:38 p.m.","AV. ISABEL LA CATOLICA CRUCE CON JR. ANDAHUAYLAS LA VICTORIA            LA VICTORIA","EMERGENCIA MEDICA",MED-202,-12.0697890293213,-77.0253266667448
2016-027466,24-04-2016,"07:25:19 p.m.","  CL. CONDEBAMBA 257        VILLA MARIA DEL TRIUNFO","MATERIALES PELIGROSOS (INCIDENTE)","AMB-155, M155-1",-12.1666042837647,-76.9188710083699
2016-027465,24-04-2016,"07:19:37 p.m.","RECREACION ESTADIO MONUMENTAL DEL CLUB UNIVERSITARIO DE DEPORTES            ATE","EMERGENCIA MEDICA","AMB-155, M155-1",-12.0554509979873,-76.9360218411511
2016-027464,24-04-2016,"07:15:11 p.m.","  AV. EL SOL OESTE (JORGE SOUZA) 175        BARRANCO","EMERGENCIA MEDICA",AMB-28,-12.1395836528907,-77.022451156198
2016-027463,24-04-2016,"07:14:21 p.m.",,"EMERGENCIA MEDICA",AMB-28,-12.1776153755458,-76.9643000153806
2016-027462,24-04-2016,"07:09:31 p.m.","  JR. APURIMAC (CUEVA) 224        LIMA","EMERGENCIA MEDICA",SAMU-10,-12.0513998673858,-77.0333039447989
2016-027461,24-04-2016,"07:04:52 p.m.",,"ACCIDENTE VEHICULAR",AMB-157,,
2016-027460,24-04-2016,"07:01:09 p.m.","  AV. AREQUIPA 1100       LIMA","EMERGENCIA MEDICA",AMB-4,-12.0761782714983,-77.0357761137811
2016-027459,24-04-2016,"06:56:51 p.m.","  AV. LOS PROCERES DE LA INDEPENDENCIA (VICTOR RAUL HAYA DE LA TORRE) 800        SAN JUAN DE LURIGANCHO","EMERGENCIA MEDICA",SAMU-121,-12.0193483230192,-77.0039885384743
2016-027458,24-04-2016,"06:53:20 p.m.","  JR. HUASCARAN 830        LA VICTORIA","EMERGENCIA MEDICA",SAMU-4,-12.0677697779141,-77.027907594704
2016-027457,24-04-2016,"06:52:38 p.m.","UV. SANTA MARINA SUR BLOCK 37  DPTO 208            CALLAO","EMERGENCIA MEDICA",AMB-1,-12.0523884914678,-77.1281030757384
2016-027456,24-04-2016,"06:38:00 p.m.","AV. SEPARADORA INDUSTRIAL (SANTA FELICIA) CRUCE CON CL. FORESTALES LA MOLINA            LA MOLINA",INCENDIO,AMB-1,-12.0619585220423,-76.954692514882
2016-027455,24-04-2016,"06:32:53 p.m.","AV. ACAPULCO (B) CRUCE CON AV. NICOLAS DE PIEROLA ATE - VITARTE            ATE","EMERGENCIA MEDICA",AMB-1,-12.0298687936727,-76.8926906346518
2016-027454,24-04-2016,"06:32:34 p.m.","MATEO PUMACAHUA COMITE 33            ","MATERIALES PELIGROSOS (INCIDENTE)",AMB-1,,
2016-027453,24-04-2016,"06:32:06 p.m.","  AV. ALFREDO BENAVIDES 430        MIRAFLORES","EMERGENCIA MEDICA",MED-100,-12.1247202717976,-77.0286125464954
2016-027452,24-04-2016,"06:29:48 p.m.","  AV. LOS PROCERES 100        SANTIAGO DE SURCO","EMERGENCIA MEDICA",AMB134-2,-12.1485652522549,-76.9865926277589
2016-027451,24-04-2016,"06:27:12 p.m.","  AV. COSTANERA (COSTA VERDE) 000        MAGDALENA DEL MAR","ACCIDENTE VEHICULAR","AMB-28, M36-1, RES-28",-12.1010595003851,-77.0677513620488
2016-027450,24-04-2016,"06:22:49 p.m.","CALLE   DE  LA  PUENTE   UCEDA   CDRA.  2              SANTA ANITA","EMERGENCIA MEDICA",AMB-138,,
2016-027449,24-04-2016,"06:21:35 p.m.","  AV. ARNALDO MARQUEZ 1575       JESUS MARIA","EMERGENCIA MEDICA",MED-202,-12.0761342508565,-77.05149586039
2016-027448,24-04-2016,"06:18:38 p.m.","  AV. GUARDIA PERUANA 1179       CHORRILLOS","EMERGENCIA MEDICA",MED-202,-12.1820378086102,-77.0002315807717
2016-027447,24-04-2016,"06:10:31 p.m.","CL. LOS TUMBOS 200        INDEPENDENCIA","EMERGENCIA MEDICA",AMB124-2,-11.9963099560703,-77.0530339582575
2016-027446,24-04-2016,"06:08:49 p.m.","  CL. FLORA TRISTAN (MANUEL GAMERO) 493        SAN ISIDRO","EMERGENCIA MEDICA",MED-100,-12.0949953555402,-77.0575790880877
2016-027445,24-04-2016,"06:07:40 p.m.","  AV. PERU 2900       SAN MARTIN DE PORRES","EMERGENCIA MEDICA",AMB-9,-12.0317964083515,-77.0770778962446
2016-027444,24-04-2016,"06:02:54 p.m.","AV. TOMAS VALLE CRUCE CON AV. UNIVERSITARIA (BELLA UNION) SAN MARTIN DE PORRES            SAN MARTIN DE PORRES","EMERGENCIA MEDICA",SAMU-161,-12.012542076361,-77.0803406745526
2016-027443,24-04-2016,"06:00:34 p.m.","AV. ARICA  1300       BARRANCA","EMERGENCIA MEDICA",SAMU-161,,
2016-027442,24-04-2016,"05:57:36 p.m.","  CL. LOS GERANIOS 183        CARMEN DE LA LEGUA REYNOS","EMERGENCIA MEDICA",AMB-32,-11.9484190021818,-76.7219912777067
2016-027441,24-04-2016,"05:52:16 p.m.","AV. ELMER FAUCETT CRUCE CON AV. PIURA (LA CHALACA) CALLAO            ","EMERGENCIA MEDICA",AMB-32,-12.0451630779689,-77.0988173382096
2016-027440,24-04-2016,"05:51:39 p.m.","  JR. GALDIANO Y MENDOZA 638        LIMA","EMERGENCIA MEDICA",AMB-32,,
2016-027439,24-04-2016,"05:41:54 p.m.","  AV. VENEZUELA 2379       BELLAVISTA","EMERGENCIA MEDICA",AMB-1,-12.0622802545086,-77.0961733804901
2016-027438,24-04-2016,"05:39:31 p.m.","AV DOS DE MAYO CDRA 5            ","ACCIDENTE VEHICULAR",MED-38,,
2016-027437,24-04-2016,"05:37:06 p.m.","EL VALLE BAJO            SAN VICENTE DE CANETE","EMERGENCIA MEDICA",RES-49,,
2016-027436,24-04-2016,"05:36:00 p.m.","  CL. JUAN GABRIEL CHARIARSE 1189       SAN JUAN DE MIRAFLORES","MATERIALES PELIGROSOS (INCIDENTE)","M120-1, SAMU-120",-12.1595273578755,-76.9614135344321
2016-027435,24-04-2016,"05:35:22 p.m.","  CL. AREQUIPA 132        INDEPENDENCIA","EMERGENCIA MEDICA",AMB-168,-11.9973779578325,-77.0493766765282
2016-027434,24-04-2016,"05:33:02 p.m.","AV. MANUEL VILLARAN CRUCE CON AV. AVIACION SURQUILLO            SURQUILLO","EMERGENCIA MEDICA","AMB-28, SAMU-16",-12.1201257418812,-76.9985065080526
2016-027433,24-04-2016,"05:27:41 p.m.","AV. ALFREDO MENDIOLA (PANAMERICANA NORTE) CRUCE CON AV. ANGELICA GAMARRA LOS OLIVOS            LOS OLIVOS","EMERGENCIA MEDICA","AMB-28, SAMU-16",,
2016-027432,24-04-2016,"05:26:42 p.m.","  CL. ANGULO 1634       LIMA","EMERGENCIA MEDICA",AMB-65,-12.0366962291504,-77.0640977364031
2016-027431,24-04-2016,"05:13:46 p.m.","  JR. SANCHO DE RIVERA 1184       LIMA","EMERGENCIA MEDICA",SAMU-10,-12.040753919771,-77.0406637785277
2016-027430,24-04-2016,"05:04:17 p.m.","AV. MARCO POLO 200        CALLAO","EMERGENCIA MEDICA",AMB-1,-12.0631457212,-77.1427172368596
2016-027429,24-04-2016,"04:54:20 p.m.","AH. BUENOS AIRES DE VILLA             CHORRILLOS","EMERGENCIA MEDICA","AMB-13, SAMU-6",-12.1878548723793,-77.0019690057942
2016-027428,24-04-2016,"04:45:59 p.m.","CL 28 DE JULIO            ","SERVICIO ESPECIAL",AUX-37,,
2016-027427,24-04-2016,"04:44:12 p.m.","  AV. SOL DE NARANJAL  MZ.  A  LOTE  URB.  MAYORAZGO  II 000        SAN MARTIN DE PORRES",INCENDIO,"AMB124-2, M124-1, M161-1, RESLIG-161",-11.9666014232418,-77.1032867664909
2016-027426,24-04-2016,"04:37:14 p.m.","CARRETERAS - PANAMERICANAS ANTIGUA PANAMERICANA SUR 36.5            LURIN","EMERGENCIA MEDICA",AMB-129,-12.2763482901903,-76.870617211253
2016-027425,24-04-2016,"04:34:23 p.m.","  AV. CORONEL REYNALDO DE VIVANCO 451        SANTIAGO DE SURCO","EMERGENCIA MEDICA",AMB-6,-12.1194665599084,-76.9820332708438
2016-027424,24-04-2016,"04:32:28 p.m.","  JR. SAN MARTIN DE PORRES MZ F7 LT 10 000        CHORRILLOS","EMERGENCIA MEDICA",SAMU-6,-12.186632895105,-77.0040663673763
2016-027423,24-04-2016,"04:20:52 p.m.","AH. 10 DE OCTUBRE             SAN JUAN DE LURIGANCHO",INCENDIO,"M121-1, M176-3, M2-1, M21-1, RES-2, SAMU-121",-11.9469898360993,-76.9870411537803
2016-027422,24-04-2016,"04:13:49 p.m.","CO. LA SAGRADA FAMILIA MZ  A  LT 1            SAN JUAN DE LURIGANCHO","EMERGENCIA MEDICA","M121-1, M176-3, M2-1, M21-1, RES-2, SAMU-121",-11.9761738738319,-76.9884139159612
2016-027421,24-04-2016,"04:12:55 p.m.","AV. CENTRAL CRUCE JR. EDUCACION             SAN JUAN DE LURIGANCHO","EMERGENCIA MEDICA",SAMU-2,,
2016-027420,24-04-2016,"04:04:34 p.m.","AV. COMANDANTE ESPINAR CRUCE CON CL. 2 DE MAYO (PEDRO LLULLANDO) MIRAFLORES            MIRAFLORES","EMERGENCIA MEDICA",AMB-28,-12.1179568043183,-77.0370365303267
2016-027419,24-04-2016,"04:01:51 p.m.","AV. CENTRAL CRUCE CON AV. VELASCO ALVARADO VILLA EL SALVADOR            VILLA EL SALVADOR","EMERGENCIA MEDICA","SAMU-106, SAMU-120",-12.2066928836563,-76.9374979367561
2016-027418,24-04-2016,"03:58:06 p.m.","  AV. AYACUCHO (HOJA REDONDA) 100        SANTIAGO DE SURCO","EMERGENCIA MEDICA",AMB134-2,-12.1417775525807,-77.001579526236
2016-027417,24-04-2016,"03:48:22 p.m.","  AV. SANTA ROSA (SANTA TERESA) 212        CHORRILLOS","EMERGENCIA MEDICA",AMB-13,-12.1655992826731,-77.0248750431809
2016-027416,24-04-2016,"03:46:26 p.m.","  JR. ENRIQUE CAMPOS  URB. LAS  GARDENIAS    273        SANTIAGO DE SURCO","MATERIALES PELIGROSOS (INCIDENTE)",M120-1,-12.1257259081616,-76.9846898237806
2016-027415,24-04-2016,"03:45:14 p.m.","UR. SANTA MARINA NORTE ETAPA II             CALLAO","EMERGENCIA MEDICA",AMB-9,-12.04712820713,-77.1320778461732
2016-027414,24-04-2016,"03:42:23 p.m.","CENTRO RECREACIONAL HUERTOS DE MI AMADA            ","EMERGENCIA MEDICA",RES-193,,
2016-027413,24-04-2016,"03:39:27 p.m.","ALFONSO  UGARTE  MERCADO   VIEJO              BARRANCA","EMERGENCIA MEDICA",RES-193,,
2016-027412,24-04-2016,"03:33:30 p.m.","  JR. RUBENS 255        SAN BORJA","MATERIALES PELIGROSOS (INCIDENTE)","M127-1, SAMU-4",-12.0913802577187,-76.9967055390716
2016-027411,24-04-2016,"03:32:08 p.m.",,"EMERGENCIA MEDICA","M127-1, SAMU-4",-12.1646636212685,-76.9734542578619
2016-027410,24-04-2016,"03:31:44 p.m.","JR. LOS ALGARROBOS  241        ATE","EMERGENCIA MEDICA","M127-1, SAMU-4",,
2016-027409,24-04-2016,"03:25:47 p.m.","  CL. MICAELA BASTIDAS  VALLECITO   ALTO    197        VILLA MARIA DEL TRIUNFO","EMERGENCIA MEDICA",SAMU-106,-12.1529823229205,-76.9541730711959
2016-027408,24-04-2016,"03:25:44 p.m.","  AV. FRAY BARTOLOME DE LAS CASAS 206        SAN MARTIN DE PORRES","EMERGENCIA MEDICA",AMB-65,-12.0119622875492,-77.0550451652978
2016-027407,24-04-2016,"03:24:58 p.m.","INSTITUCIONAL OTROS CEMENTERIO BAQUIJANO Y CARRILLO            CALLAO","EMERGENCIA MEDICA",AMB-1,-12.0572236580332,-77.1183167707896
2016-027406,24-04-2016,"03:16:26 p.m.","UR. CALIFORNIA             LURIGANCHO","EMERGENCIA MEDICA",AMB-115-2,-11.9559664017755,-76.7265381640723
2016-027405,24-04-2016,"03:13:12 p.m.","AV. EDILBERTO RAMOS (MARIANO PASTOR SEVILLA) (FORESTAL) CRUCE CON AV. 1 DE MAYO VILLA EL SALVADOR            VILLA EL SALVADOR","EMERGENCIA MEDICA",SAMU-105,-12.1981070763285,-76.9579487309924
2016-027404,24-04-2016,"03:08:10 p.m.","CL. M. QUIMPER ALTOS 23            SAN MARTIN DE PORRES","EMERGENCIA MEDICA",SAMU-21,-12.031645433948,-77.0463883077456
2016-027403,24-04-2016,"03:05:29 p.m.","  JR. RICARDO FLORES 368        LA VICTORIA","MATERIALES PELIGROSOS (INCIDENTE)","AMB-4, M4-1",-12.084232352145,-77.0227385786973
2016-027402,24-04-2016,"03:02:29 p.m.","  JR. RICARDO FLORES 368        LA VICTORIA","MATERIALES PELIGROSOS (INCIDENTE)",MATPEL-4,-12.084232352145,-77.0227385786973
2016-027401,24-04-2016,"03:01:39 p.m.","UR. CIUDAD DEL PESCADOR SECTOR II (JOSE GALVEZ) F 9            BELLAVISTA",INCENDIO,"AMB-9, M60-1, M60-5, RES-15",,
2016-027400,24-04-2016,"02:53:33 p.m.","  JR. QUIROGA 355        SANTIAGO DE SURCO","EMERGENCIA MEDICA",AMB134-2,-12.1174927869699,-76.9940151081967
2016-027399,24-04-2016,"02:46:32 p.m.","AV.  SAN CRISTOBAL    478        RIMAC","EMERGENCIA MEDICA",AMB-21,-12.0401909748068,-77.0197862293839
2016-027398,24-04-2016,"02:33:11 p.m.","ESTADIO MUNICIPAL MARCONA            MARCONA","SERVICIO ESPECIAL",MED-152,,
2016-027397,24-04-2016,"02:29:25 p.m.","  AV. JOSE GALVEZ 2482       LINCE","EMERGENCIA MEDICA",SAMU-4,-12.0865326862763,-77.0288746226466
2016-027396,24-04-2016,"02:24:23 p.m.","ESTADIO ALIANZA LIMA             LA VICTORIA","SERVICIO ESPECIAL",AMB-8,,
2016-027395,24-04-2016,"02:17:37 p.m.","AV. AVIACION CRUCE CON AV. ANGAMOS ESTE (PRIMAVERA) SURQUILLO            SURQUILLO","EMERGENCIA MEDICA",AMB-6,-12.1119638617864,-77.0002995722806
2016-027394,24-04-2016,"02:16:50 p.m.","  JR. TAMARUGAL 257        CALLAO","EMERGENCIA MEDICA",AMB-1,-12.052298843346,-77.1019951273342
2016-027393,24-04-2016,"02:12:14 p.m.","  CL. PORTUGUES 119        RIMAC","EMERGENCIA MEDICA",AMB-21,-12.0344858738775,-77.026597052617
2016-027392,24-04-2016,"02:07:53 p.m.","  AV. TUPAC AMARU 000        COMAS","ACCIDENTE VEHICULAR","AMB-168, M124-1, RESLIG-161",-11.9723487982024,-77.057349142669
2016-027391,24-04-2016,"02:07:39 p.m."," CLUB  EL   PUEBLO                 ICA","EMERGENCIA MEDICA","AMB-168, M124-1, RESLIG-161",,
2016-027390,24-04-2016,"02:05:58 p.m.","  AV. 27 DE DICIEMBRE (PACHACUTEC) 000        VILLA MARIA DEL TRIUNFO",INCENDIO,M120-1,-12.1884119834514,-76.9267630653644
2016-027389,24-04-2016,"02:01:44 p.m.","  CL. SAN PEDRO 228        VILLA MARIA DEL TRIUNFO","EMERGENCIA MEDICA",SAMU-105,-12.1657671444701,-76.919751301813
2016-027388,24-04-2016,"01:59:42 p.m.","  AV. SAN CESAR PANDO EGUSQUIZA (SANTO TORIBIO) 200        VILLA MARIA DEL TRIUNFO","EMERGENCIA MEDICA",AMB134-2,-12.1559883472215,-76.9555671028521
2016-027387,24-04-2016,"01:52:50 p.m.",,"EMERGENCIA MEDICA",AMB-2,-12.0545198342913,-77.0429871182138
2016-027386,24-04-2016,"01:51:48 p.m.","  JR. MARISCAL RAMON CASTILLA (MANCO INCA) 875        RIMAC","EMERGENCIA MEDICA",AMB-21,-12.0329793244697,-77.0428541019546
2016-027385,24-04-2016,"01:51:29 p.m.","AV. PROCERES DE LA INDEPENDENCIA CDRA  32            SAN JUAN DE LURIGANCHO","EMERGENCIA MEDICA",AMB-21,,
2016-027384,24-04-2016,"01:40:51 p.m.","  AV. JOSE GABRIEL CHARIARSE 151        MIRAFLORES","EMERGENCIA MEDICA",AMB-6,-12.1285543306481,-77.0235507193227
2016-027383,24-04-2016,"01:28:32 p.m.","MILITAR POLICIAL ESCUELA MILITAR DE CHORRILLOS            CHORRILLOS","ACCIDENTE VEHICULAR","AMB-13, M120-1, M16-1",-12.160066858334,-77.018547263868
2016-027382,24-04-2016,"01:23:22 p.m.","CARRETERAS - PANAMERICANAS PANAMERICANA NORTE 13 4100       SAN MARTIN DE PORRES","EMERGENCIA MEDICA","AMB-65, M65-1",-12.0178586239397,-77.0596661507388
2016-027381,24-04-2016,"01:21:04 p.m.","  JR. IQUIQUE 154        CALLAO","EMERGENCIA MEDICA",AMB-1,-12.0533653382926,-77.0996661164551
2016-027380,24-04-2016,"01:18:55 p.m.","  AV. CHIMPU OCLLO 351        ","EMERGENCIA MEDICA",AMB-164,-11.8986188118071,-77.0320536656102
2016-027379,24-04-2016,"01:13:24 p.m.","  JR. LLOQUE YUPANQUI 1714       JESUS MARIA","EMERGENCIA MEDICA",SAMU-4,-12.0789638924921,-77.047622616749
2016-027378,24-04-2016,"01:08:09 p.m.","  AV. ARMENDARIZ 350        MIRAFLORES","EMERGENCIA MEDICA",AMB-28,-12.1335990064476,-77.0271414252941
2016-027377,24-04-2016,"01:07:31 p.m.","COOP. PABLO PATRON MZ F LT 12             LURIGANCHO","MATERIALES PELIGROSOS (INCIDENTE)",AMB-28,,
2016-027376,24-04-2016,"01:07:10 p.m.","PANAMEICANA SUR KM 101.5            ","EMERGENCIA MEDICA","AMB-111, M111-1",,
2016-027375,24-04-2016,"01:00:25 p.m.","AH. JOSE OLAYA BALANDRA I  MZ ,J  LOTE  5            CHORRILLOS","MATERIALES PELIGROSOS (INCIDENTE)","AMB-111, M111-1",-12.181277210642,-77.0213170402638
2016-027374,24-04-2016,"12:55:07 p.m.","CASTRO VIRREYNA            ICA","EMERGENCIA MEDICA",AMB-22,,
2016-027373,24-04-2016,"12:51:28 p.m.","AV. ALMIRANTE LORD COCHRANE CRUCE CON AV. ALFEREZ ALFREDO SALAZAR MIRAFLORES            MIRAFLORES","EMERGENCIA MEDICA",AMB-22,-12.109089705526,-77.039783187369
2016-027372,24-04-2016,"12:49:41 p.m.","CL. ALMIRANTE LORD COCHRANE CRUCE CON CL. ALFREDO SALAZAR SAN ISIDRO            SAN ISIDRO","EMERGENCIA MEDICA",MED-100,-12.1090578297468,-77.0397556052409
2016-027371,24-04-2016,"12:49:10 p.m.",,"EMERGENCIA MEDICA",SAMU-14,-12.0524674534493,-77.0770024640157
2016-027370,24-04-2016,"12:46:41 p.m.","AV. ELMER FAUCETT CRUCE CON AV. LA MARINA SAN MIGUEL            ","EMERGENCIA MEDICA",AMB-7,-12.0734255827676,-77.0998952900454
2016-027369,24-04-2016,"12:42:33 p.m.","HOSPITAL KAELIN            VILLA MARIA DEL TRIUNFO","EMERGENCIA MEDICA",AMB-7,,
2016-027368,24-04-2016,"12:39:17 p.m.","ESTADIO MUNICIPAL DE CHACLACAYO            ","EMERGENCIA MEDICA",AMB-115-2,,
2016-027367,24-04-2016,"12:38:08 p.m.","PR. ALEJANDRO BERTELLO CRUCE CON AV. CANTA CALLAO (PLAN VIAL) CALLAO            CALLAO","EMERGENCIA MEDICA",AMB-1,-11.9970661191126,-77.1124976869998
2016-027366,24-04-2016,"12:37:46 p.m.","CO. 7 DE AGOSTO MAZ A LOTE 5            CALLAO","EMERGENCIA MEDICA","AMB-7, SAMU-161",-11.9988231320488,-77.1138244198066
2016-027365,24-04-2016,"12:34:56 p.m.","  CL. 11 386        LA MOLINA","EMERGENCIA MEDICA",SAMU-96,-12.0853339282153,-76.929605855572
2016-027364,24-04-2016,"12:29:33 p.m.","  JR. HUARI 278        LIMA","EMERGENCIA MEDICA",SAMU-161,-12.0467068158862,-77.0130272025181
2016-027363,24-04-2016,"12:19:47 p.m.","  CL. LOS JILGUEROS (5) 125        CALLAO","EMERGENCIA MEDICA",SAMU-161,-12.0137293002615,-77.0889335975762
2016-027362,24-04-2016,"12:19:39 p.m.","CO. 7 DE AGOSTO MZ A LOTE 5             CALLAO","EMERGENCIA MEDICA",SAMU-161,,
2016-027361,24-04-2016,"12:17:13 p.m.","  AV. JAVIER PRADO ESTE 1155       LA VICTORIA","EMERGENCIA MEDICA",SAMU-4,-12.0897063444019,-77.0165672898733
2016-027360,24-04-2016,"12:12:36 p.m.","  JR. TOMAS GUIDO 273        LINCE","EMERGENCIA MEDICA",SAMU-4,-12.0868952759494,-77.0335160670969
2016-027359,24-04-2016,"12:09:32 p.m.","  JR. PARURO 1255       LIMA","EMERGENCIA MEDICA",SAMU-2,-12.0554746418697,-77.025594415888
2016-027358,24-04-2016,"12:08:39 p.m.","  AV. MANUEL VICENTE VILLARAN 330        MIRAFLORES","EMERGENCIA MEDICA",SAMU-2,,
2016-027357,24-04-2016,"12:02:55 p.m.","JR. MANUEL CANDAMO CRUCE CON AV. IGNACIO MERINO LINCE            LINCE","EMERGENCIA MEDICA",SAMU-4,-12.0822187661725,-77.0328266136401
2016-027356,24-04-2016,"11:57:38 a.m.","CANTA CALLAO 000        SAN MARTIN DE PORRES","ACCIDENTE VEHICULAR","AMB-168, AMB124-2, M124-1, RES-21, SAMU-161",,
2016-027355,24-04-2016,"11:57:36 a.m.","  JR. SANTA FE 707        SAN MARTIN DE PORRES",INCENDIO,"AMB-168, AMB124-2, M124-1, RES-21, SAMU-161",,
2016-027354,24-04-2016,"11:55:45 a.m.","  AV. COMANDANTE ESPINAR 700        MIRAFLORES","EMERGENCIA MEDICA","AMB-168, AMB124-2, M124-1, RES-21, SAMU-161",-12.1129773470518,-77.0367965407159
2016-027353,24-04-2016,"11:54:31 a.m.","  AV. CAMINOS DEL INCA 2100       SANTIAGO DE SURCO","EMERGENCIA MEDICA",SAMU-120,-12.1321955986862,-76.9827592779834
2016-027352,24-04-2016,"11:53:55 a.m.","  AV. SANTIAGO DE SURCO (TOMAS MARSANO) 4700       SANTIAGO DE SURCO","EMERGENCIA MEDICA","AMB134-2, M120-1, SAMU-120",-12.1450000077334,-76.9886300532848
2016-027351,24-04-2016,"11:53:25 a.m.","  JR. SANTA FE 716        SAN MARTIN DE PORRES","MATERIALES PELIGROSOS (INCIDENTE)","AMB-65, M161-1, M65-1",-12.0338827491609,-77.066616389979
2016-027350,24-04-2016,"11:20:18 a.m.","  JR. MARTE 404        LIMA","EMERGENCIA MEDICA",AMB-36,-12.0671661959072,-77.0692344985104
2016-027349,24-04-2016,"11:10:23 a.m.","  CL. CARLOS ALCORTA (ARGENTINA) 400        CHORRILLOS","EMERGENCIA MEDICA",AMB-13,-12.1682008454637,-77.0216895355663
2016-027348,24-04-2016,"11:10:07 a.m.","  AV. ALFREDO BENAVIDES 2000       MIRAFLORES","EMERGENCIA MEDICA",AMB-6,-12.1274671867408,-77.0110023432985
2016-027347,24-04-2016,"10:57:42 a.m.","  AV. DEL EJERCITO (AUGUSTO PEREZ ARANIBAR) 100        MIRAFLORES","EMERGENCIA MEDICA","AMB-100, AMB-4",-12.1184323159496,-77.0432280801711
2016-027346,24-04-2016,"10:53:34 a.m.","  CL. SAN IGNACIO 366        COMAS","EMERGENCIA MEDICA",AMB124-2,-11.9089888328302,-77.0407676190205
2016-027345,24-04-2016,"10:46:08 a.m.",,"EMERGENCIA MEDICA",AMB-36,-12.0618956257036,-77.0586782607595
2016-027344,24-04-2016,"10:42:37 a.m.","AH. LAS LOMAS DE SAN JUAN B2 OTE 8            SAN JUAN DE MIRAFLORES","MATERIALES PELIGROSOS (INCIDENTE)","M120-1, SAMU-120",-12.1415896690081,-76.9797590345639
2016-027343,24-04-2016,"10:37:59 a.m.","  CL. ANTEQUERA 899        SAN ISIDRO","EMERGENCIA MEDICA",AMB-4,-12.0947485492907,-77.0274065210374
2016-027342,24-04-2016,"10:36:24 a.m.","  CL. HANAN CUZCO 799        ","EMERGENCIA MEDICA",AMB-168,-11.9811664155939,-77.0401876698071
2016-027341,24-04-2016,"10:32:37 a.m.","  CL. TERCERA 819        CALLAO","EMERGENCIA MEDICA",AMB-1,-12.0499083415818,-77.1362041146008
2016-027340,24-04-2016,"10:28:41 a.m.","  CL. SANTO TOMAS MZ P6 LT 13 100        CHORRILLOS","EMERGENCIA MEDICA",SAMU-6,-12.2021278163248,-77.0140915713052
2016-027339,24-04-2016,"10:22:55 a.m.","  AV. LAS GLADIOLAS 324        INDEPENDENCIA","EMERGENCIA MEDICA",AMB-65,-11.9979498619875,-77.0525391238879
2016-027338,24-04-2016,"10:19:46 a.m.","JR INCLAN            ","EMERGENCIA MEDICA",AMB-28,,
2016-027337,24-04-2016,"10:12:40 a.m.",,INCENDIO,M44-1,,
2016-027336,24-04-2016,"09:49:17 a.m.","UR. SESQUICENTENARIO F 11            CALLAO","MATERIALES PELIGROSOS (INCIDENTE)","M161-1, SAMU-161",-12.0078889593911,-77.0968056450415
2016-027335,24-04-2016,"09:43:06 a.m.","  AV. GRIMALDO DEL SOLAR 664        MIRAFLORES","EMERGENCIA MEDICA",AMB-28,-12.1288048463645,-77.0260315617324
2016-027334,24-04-2016,"09:38:29 a.m.","  AV. LOS PROCERES DE LA INDEPENDENCIA (CANTO GRANDE) 1800       SAN JUAN DE LURIGANCHO","ACCIDENTE VEHICULAR","M121-1, M2-1, SAMU-176, SAMU-2",-12.0026731548634,-77.007702106192
2016-027333,24-04-2016,"09:22:59 a.m.","  AV. SAN CRISTOBAL 106        RIMAC","EMERGENCIA MEDICA",SAMU-21,-12.03843202134,-77.0220739649679
2016-027332,24-04-2016,"09:15:26 a.m.","  CL. FRAY LUIS DE LEON (13) MAZ O LT 4 200        LA MOLINA","EMERGENCIA MEDICA",SAMU-21,-12.061748265538,-76.9427760950242
2016-027331,24-04-2016,"09:04:12 a.m.","AV. PACASMAYO CRUCE CON AV. CANTA CALLAO (PLAN VIAL) CALLAO            CALLAO","EMERGENCIA MEDICA",AMB-168,-11.9943380830719,-77.110102749166
2016-027330,24-04-2016,"08:56:29 a.m.","AH. SARITA COLONIA SECTOR I MZ N LOTE 4            CALLAO",RESCATE,RES-15,-12.0226188424943,-77.1360472182908
2016-027329,24-04-2016,"08:44:16 a.m.","  AV. IQUITOS 1800       LINCE","EMERGENCIA MEDICA",AMB-4,-12.0821090875345,-77.0283634859781
2016-027328,24-04-2016,"08:40:28 a.m.","  CL. TAMBUMACHAY 139        SANTIAGO DE SURCO","EMERGENCIA MEDICA",AMB-4,-12.1146718961916,-76.9938084490389
2016-027327,24-04-2016,"08:31:17 a.m.","CARRETERAS - PANAMERICANAS CARRETERA CENTRAL 9            ATE","EMERGENCIA MEDICA",AMB-169,-12.0203537349427,-76.9026830988318
2016-027326,24-04-2016,"08:23:19 a.m.","  JR. HUANCAYO 288        LIMA","EMERGENCIA MEDICA",AMB-169,-12.062111016869,-77.0392727389796
2016-027325,24-04-2016,"08:20:46 a.m.","FABRICA LINDNEY            CALLAO","SERVICIO ESPECIAL","AUX-9, M9-5",,
2016-027324,24-04-2016,"08:03:35 a.m.","AV. A (MARIA ELENA MOYANO) CRUCE CON AV. JOSE OLAYA BALANDRA VILLA EL SALVADOR            VILLA EL SALVADOR","EMERGENCIA MEDICA",SAMU-105,-12.2309043986927,-76.9432928322891
2016-027323,24-04-2016,"08:02:53 a.m.","  PJ. GAMARRITA CHICA 121        CALLAO","EMERGENCIA MEDICA",AMB-1,-12.063166572342,-77.1531065765618
2016-027322,24-04-2016,"07:54:52 a.m.","  AV. VENEZUELA 1000       BELLAVISTA","EMERGENCIA MEDICA",MED-5,-12.0639583648792,-77.1120806410866
2016-027321,24-04-2016,"07:54:43 a.m.",,"EMERGENCIA MEDICA",AMB-28,-12.1420570265402,-77.0126471933815
2016-027320,24-04-2016,"07:50:17 a.m.","CUARTEL  HOYOS RUBIO            ","SERVICIO ESPECIAL",AMB-8,,
2016-027319,24-04-2016,"07:44:25 a.m.","  JR. RISSO 100        LINCE","MATERIALES PELIGROSOS (INCIDENTE)","AMB-4, MATPEL-4",-12.0890458366992,-77.0307330286339
2016-027318,24-04-2016,"07:43:44 a.m.","  JR. IQUIQUE 049        ","EMERGENCIA MEDICA",SAMU-21,-12.0513019164443,-77.0440504155734
2016-027317,24-04-2016,"07:40:27 a.m.","EMPRESA LINDEY             CALLAO","SERVICIO ESPECIAL","AMB-1, AUX-60, M1-1, M1-5, M184-1, M60-1",,
2016-027316,24-04-2016,"07:36:18 a.m.","  JR. MIGUEL ANGEL 343        SAN BORJA","EMERGENCIA MEDICA",AMB-6,-12.0913098304813,-76.9995121054281
2016-027315,24-04-2016,"07:20:33 a.m.","AV. SALAVERRY CRUCE CON AV. FRANCISCO JAVIER MARIATEGUI JESUS MARIA            JESUS MARIA","EMERGENCIA MEDICA",MED-202,-12.0765397529469,-77.0422985616677
2016-027314,24-04-2016,"07:15:56 a.m.","  CL. LA FLORIDA 300        CHACLACAYO","EMERGENCIA MEDICA",AMB-115-2,-11.9692902145338,-76.7472969783706
2016-027313,24-04-2016,"07:14:09 a.m.","  AV. DEFENSORES DEL MORRO (HUAYLAS) 2200       CHORRILLOS","ACCIDENTE VEHICULAR","AMB-13, M13-1, SAMU-6",-12.1810522878363,-77.0125105686801
2016-027312,24-04-2016,"07:11:48 a.m.","  AL. DE LOS CONQUISTADORES (2) 415        LA MOLINA","EMERGENCIA MEDICA",MED-96,-12.1020917145996,-76.9371693313616
2016-027311,24-04-2016,"07:10:29 a.m.","UNIVERISIDAD NACIONAL DE INGENIERIA            SAN MARTIN DE PORRES","SERVICIO ESPECIAL",M83-1,,
2016-027310,24-04-2016,"06:57:06 a.m.",,"SERVICIO ESPECIAL",M11-1,,
2016-027309,24-04-2016,"06:46:26 a.m.","  CL. SANTA CLARITA 191        ATE","EMERGENCIA MEDICA",AMB-169,-12.0234417948494,-76.9050166793196
2016-027308,24-04-2016,"06:43:42 a.m.","AV. ANCASH CRUCE CON AV. JOSE DE LA RIVA AGUERO EL AGUSTINO            EL AGUSTINO","EMERGENCIA MEDICA",SAMU-138,-12.0405689373239,-76.9975297858853
2016-027307,24-04-2016,"06:01:13 a.m.","  AV. GRAU 100        LIMA","ACCIDENTE VEHICULAR","M2-1, RES-8, SAMU-10, SAMU-2, SAMU-8",-12.0570583191592,-77.0155009776238
2016-027306,24-04-2016,"05:51:45 a.m.","  CL. MIGUEL GRAU 666        BELLAVISTA","EMERGENCIA MEDICA",MED-5,-12.0644290876029,-77.1287900443818
2016-027305,24-04-2016,"05:47:12 a.m.","AV. LAS 200 MILLAS CRUCE CON AV. SEPARADORA AGROINDUSTRIAL (MARIA ELENA MOYANO) VILLA EL SALVADOR            VILLA EL SALVADOR","EMERGENCIA MEDICA",AMB-155,-12.2378490346093,-76.9373711532701
2016-027304,24-04-2016,"04:54:16 a.m.",,"EMERGENCIA MEDICA",AMB-120,-12.1729496718384,-76.945088589499
2016-027303,24-04-2016,"04:53:58 a.m.","RES            ","EMERGENCIA MEDICA",AMB-44,,
2016-027302,24-04-2016,"04:28:01 a.m.","AV. GERMAN AGUIRRE UGARTE CRUCE CON JR. LEONCIO PRADO SAN MARTIN DE PORRES            SAN MARTIN DE PORRES","EMERGENCIA MEDICA",SAMU-161,-12.0187144819645,-77.0803817318407
2016-027301,24-04-2016,"04:20:18 a.m.","LETICIA 400        PISCO","EMERGENCIA MEDICA",AUX-37,,
2016-027300,24-04-2016,"04:08:47 a.m.","SAYAN            SAYAN","EMERGENCIA MEDICA",AMB-216,,
2016-027299,24-04-2016,"03:07:20 a.m.","  AV. AVIACION 4200       SURQUILLO","EMERGENCIA MEDICA",AMB-216,-12.1185453936112,-76.9982514310985
2016-027298,24-04-2016,"03:04:10 a.m.","UR. SANTA ROSITA H            ATE","EMERGENCIA MEDICA",AMB-169,-12.0247177767725,-76.9321142189663
2016-027297,24-04-2016,"03:02:31 a.m.","LOTIZADORA EL ESPINAR CARRETERA RETES            HUARAL","EMERGENCIA MEDICA",AMB-169,,
2016-027296,24-04-2016,"02:59:03 a.m.","  AV. LOS PROCERES DE LA INDEPENDENCIA (CANTO GRANDE) 1433       SAN JUAN DE LURIGANCHO","EMERGENCIA MEDICA",SAMU-121,-12.0107515941526,-77.0031739025185
2016-027295,24-04-2016,"02:45:30 a.m.","  JR. MARTIN ARANGURI 400        COMAS",INCENDIO,M124-1,-11.9471598513766,-77.0627989100642
2016-027294,24-04-2016,"02:43:16 a.m.",,"EMERGENCIA MEDICA",MED-202,-12.062701102117,-77.0524172377278
2016-027293,24-04-2016,"02:28:57 a.m.",,"EMERGENCIA MEDICA","MED-202, SAMU-10",-12.062494862091,-77.0487530801354
2016-027292,24-04-2016,"02:28:35 a.m.","  JR. CAILLOMA 800        LIMA","EMERGENCIA MEDICA",SAMU-10,-12.0505863777038,-77.0375662370422
2016-027291,24-04-2016,"02:17:19 a.m.","  CL. HURINCUZCO 100        INDEPENDENCIA","EMERGENCIA MEDICA",SAMU-168,-11.9866748243787,-77.0539826283333
2016-027290,24-04-2016,"02:06:10 a.m.","  AV. MORRO SOLAR 100        SANTIAGO DE SURCO",INCENDIO,M11-1,-12.1106561554375,-76.9791309595575
2016-027289,24-04-2016,"02:03:10 a.m.","SAN JERONIMO SAN MIGUEL            SAYAN","EMERGENCIA MEDICA",AMB-216,,
2016-027288,24-04-2016,"02:02:41 a.m.","  AV. LOS LIRIOS (VIA SUR LIBRE) 189        SAN JUAN DE MIRAFLORES","EMERGENCIA MEDICA",AMB-216,,
2016-027287,24-04-2016,"01:59:02 a.m.","AV. AVIACION CRUCE CON AV. MANUEL VILLARAN SURQUILLO            SURQUILLO","EMERGENCIA MEDICA",AMB-6,-12.1201257418812,-76.9985065080526
2016-027286,24-04-2016,"01:56:49 a.m.","AH. LOS ROSALES DE PRO D            LOS OLIVOS","EMERGENCIA MEDICA","AMB-168, M124-1, RESLIG-161",-11.9485216853259,-77.0765030952694
2016-027285,24-04-2016,"01:53:36 a.m.","AH. LOS JAZMINES DEL NARANJAL LL            LOS OLIVOS","EMERGENCIA MEDICA",SAMU-161,-11.982431282662,-77.0833364370116
2016-027284,24-04-2016,"01:52:43 a.m.","  CL. TORRES PAZ 989        LIMA","EMERGENCIA MEDICA",AMB-4,-12.0733081086688,-77.0315451650951
2016-027283,24-04-2016,"01:52:09 a.m.","  JR. LAS ESMERALDAS 380        LA VICTORIA","EMERGENCIA MEDICA",SAMU-4,-12.0798563411705,-77.0249476009275
2016-027282,24-04-2016,"01:44:36 a.m.","  JR. EDUARDO ASTETE MENDOZA (14) 243        SANTIAGO DE SURCO","EMERGENCIA MEDICA",AMB-28,-12.1344614679375,-77.0150654478828
2016-027281,24-04-2016,"01:32:09 a.m.","  CL. ALEJANDRO DEUSTUA 161        COMAS","EMERGENCIA MEDICA",AMB124-2,-11.9317703793186,-77.0487306382489
2016-027280,24-04-2016,"01:17:29 a.m.","  CL. MERCURIO (G) 7433       LOS OLIVOS","EMERGENCIA MEDICA",SAMU-168,-11.9997878475267,-77.0632011747043
2016-027279,24-04-2016,"01:04:00 a.m.","AV. FLORA TRISTAN SUR (COLECTORA) CRUCE CON AV. CORONEL JUAN PASCAL PRINGLES (LA FONTANA) LA MOLINA            LA MOLINA",INCENDIO,"M127-1, M169-1, M96-1, MED-96",-12.072486768746,-76.941348561667
2016-027278,24-04-2016,"12:47:46 a.m.","  CL. LAS PALOMAS 289        LA MOLINA","EMERGENCIA MEDICA",MED-96,-12.0923700394621,-76.9348081252351
2016-027277,24-04-2016,"12:35:04 a.m.","  AV. JAVIER PRADO ESTE 5400       LA MOLINA","EMERGENCIA MEDICA",SAMU-138,-12.074467508047,-76.9622906698991
2016-027276,24-04-2016,"12:28:51 a.m.","  AV. LAS GAVIOTAS 1000       CHORRILLOS","EMERGENCIA MEDICA",AMB134-2,-12.1675259648999,-76.9983846781474
2016-027275,24-04-2016,"12:11:22 a.m.","  PQ. GUILLERMO BILLINGHURST 140        CALLAO","EMERGENCIA MEDICA",MED-5,-12.0538179889498,-77.1035966587387
