ID,FECHA,HORA,DIRECCION,TIPO,UNIDADES,"CORDENADAS (lat)","CORDENADAS (lng)"
2016-014368,28-02-2016,"11:57:04 p.m.","UV. SANTA MARINA NORTE             CALLAO","EMERGENCIA MEDICA",MED-5,-12.053888942236,-77.1287030100662
2016-014367,28-02-2016,"11:55:46 p.m.","  CL. GRITO DE HUAURA  URB GERMAN ASTE   317        LA PERLA","EMERGENCIA MEDICA",AMB-7,-12.0668733176989,-77.1061442013053
2016-014366,28-02-2016,"11:48:33 p.m.","  CL. 1 215        COMAS","MATERIALES PELIGROSOS (INCIDENTE)","AMB-65, M150-3",-11.9685099855265,-77.0584446516463
2016-014365,28-02-2016,"11:47:13 p.m.",,"EMERGENCIA MEDICA",AMB-202,-12.0668893671672,-77.0487561011275
2016-014364,28-02-2016,"11:41:55 p.m.",,"EMERGENCIA MEDICA",AMB-4,-12.1073954069083,-77.04369557102
2016-014363,28-02-2016,"11:34:35 p.m.","  CL. ALMIRANTE MIGUEL GRAU SEMINARIO 345        RIMAC","EMERGENCIA MEDICA",AMB-2,-12.0384066102384,-77.0169948201836
2016-014362,28-02-2016,"11:34:22 p.m.","LAS BALSAS  MZ  B  LT  8  SAN JUAN BAUTISTA            CHORRILLOS","EMERGENCIA MEDICA",AMB-13,,
2016-014361,28-02-2016,"11:33:39 p.m.","  CL. MORRO DE ARICA 000        SAN JUAN DE MIRAFLORES","EMERGENCIA MEDICA",AMB-120,-12.1760674783238,-76.9676890906812
2016-014360,28-02-2016,"11:29:01 p.m.","  AV. ABEL BERGASSE DU PETIT THOUARS 4470       MIRAFLORES","EMERGENCIA MEDICA",AMB-28,-12.1067743262644,-77.0298735815317
2016-014359,28-02-2016,"11:29:00 p.m.","AV. JOSE LOPEZ PAZOS CRUCE CON JR. MIGUEL GRAU CARMEN DE LA LEGUA REYNOSO            CARMEN DE LA LEGUA REYNOS","EMERGENCIA MEDICA",AMB-9,-12.0403475106917,-77.0974294464298
2016-014358,28-02-2016,"11:26:45 p.m.","  AV. RAMON VARGAS MACHUCA 550        SAN JUAN DE MIRAFLORES","EMERGENCIA MEDICA",SAMU-120,-12.1649394512306,-76.9714749720555
2016-014357,28-02-2016,"11:21:28 p.m.","UR. SANTO DOMINGO III ETAPA             CARABAYLLO","EMERGENCIA MEDICA",SAMU-120,-11.880765537539,-77.0333944512916
2016-014356,28-02-2016,"11:16:15 p.m.","CARRETERAS - PANAMERICANAS CARRETERA CENTRAL 11            ATE","EMERGENCIA MEDICA",MED-96,-12.0146478251639,-76.8852089692402
2016-014355,28-02-2016,"11:05:02 p.m.","CH. ANTONIA MORENO DE CACERES SECTOR 1 (CIUDAD DEL DEPORTE)             VENTANILLA","EMERGENCIA MEDICA",AMB-184,-11.8865188375483,-77.1255097079172
2016-014354,28-02-2016,"11:04:18 p.m.","  PJ. SINCHI ROCA 000        RIMAC","EMERGENCIA MEDICA",AMB-184,-12.0384453783946,-77.018691425414
2016-014353,28-02-2016,"11:03:04 p.m.","PUERTA  5 DE UNI            INDEPENDENCIA","EMERGENCIA MEDICA",AMB-65,,
2016-014352,28-02-2016,"11:01:26 p.m.","PJ. VILLA EL SALVADOR SECTOR 6 GRUPO 5A D            VILLA EL SALVADOR","EMERGENCIA MEDICA",AMB-129,-12.2193880736321,-76.9489037097692
2016-014351,28-02-2016,"10:57:14 p.m.","  AV. OSCAR BENAVIDES (COLONIAL) 2600       LIMA","EMERGENCIA MEDICA",AMB-14,-12.0500272018883,-77.076113712563
2016-014350,28-02-2016,"10:54:05 p.m.","AH. LOS JAZMINES DEL NARANJAL D 4100       LOS OLIVOS","EMERGENCIA MEDICA",AMB-168,-11.9801383693109,-77.0814709131682
2016-014349,28-02-2016,"10:50:31 p.m.","AV. REVOLUCION CRUCE CON AV. TALARA VILLA EL SALVADOR            VILLA EL SALVADOR",INCENDIO,"AMB-155, M106-3, M155-1",-12.225937280454,-76.9291956953431
2016-014348,28-02-2016,"10:47:00 p.m.","AV SAN LUIS  1133       SAN LUIS","EMERGENCIA MEDICA",AMB-4,,
2016-014347,28-02-2016,"10:42:39 p.m.","JR. PUNO CRUCE CON AV. TUPAC AMARU COMAS            COMAS","EMERGENCIA MEDICA",AMB-4,-11.952967997797,-77.0512202348296
2016-014346,28-02-2016,"10:40:54 p.m.","STA. ROSA  CRUCE  GARRO            SAN VICENTE DE CANETE","ACCIDENTE VEHICULAR",M49-1,,
2016-014345,28-02-2016,"10:37:28 p.m.","  JR. LA LIBERTAD 3676       SAN MARTIN DE PORRES","EMERGENCIA MEDICA",AMB-9,-12.0269453184158,-77.0856523691257
2016-014344,28-02-2016,"10:34:34 p.m.","  AV. 26 DE NOVIEMBRE  NUEVA ESPERANZA 500        VILLA MARIA DEL TRIUNFO","EMERGENCIA MEDICA",SAMU-105,-12.1747632884565,-76.9359025352464
2016-014343,28-02-2016,"10:30:24 p.m.","PJ. PAMPLONA ALTA SECTOR 12 DE NOVIEMBRE E4 LOTE 25            SAN JUAN DE MIRAFLORES","EMERGENCIA MEDICA",AMB-120,-12.1377414035375,-76.9678816439176
2016-014342,28-02-2016,"10:30:22 p.m.","  CL. LA CASUARINA (10) 169        SURQUILLO","EMERGENCIA MEDICA",AMB-11,-12.1210168820888,-77.0015416238585
2016-014341,28-02-2016,"10:28:38 p.m.","CARRETERAS - PANAMERICANAS PANAMERICANA SUR 7.08            SANTIAGO DE SURCO","ACCIDENTE VEHICULAR","AMB-138, AMB134-2, M11-1, M28-1",-12.1191792484116,-76.9771858467498
2016-014340,28-02-2016,"10:22:11 p.m.","  PJ. PIURA 000        CALLAO","EMERGENCIA MEDICA",MED-5,-12.0434990250104,-77.1031459200663
2016-014339,28-02-2016,"10:12:00 p.m.","AV. VICTOR MALASQUEZ  UR  LA PORTADA 2  MANCHAY            LA MOLINA","ACCIDENTE VEHICULAR","M127-1, SAMU-127",,
2016-014338,28-02-2016,"10:11:27 p.m.","UR. MARTIR OLAYA   MZ  C  LT               LURIN","EMERGENCIA MEDICA","M127-1, SAMU-127",-12.3059188824606,-76.839953044291
2016-014337,28-02-2016,"10:06:00 p.m.","CL.LA COMPUERTA 230        ","EMERGENCIA MEDICA","AMB-138, MED-96",,
2016-014336,28-02-2016,"10:02:23 p.m.","AV. CESAR VALLEJO CRUCE CON AV. REVOLUCION VILLA EL SALVADOR            VILLA EL SALVADOR","EMERGENCIA MEDICA","AMB134-2, SAMU-105",-12.2131942050992,-76.9368333811531
2016-014335,28-02-2016,"09:59:31 p.m.","  AV. BELISARIO SUAREZ PSJ  ENRIQUE DEL VILLA  625  800        HUACHO","EMERGENCIA MEDICA","AMB134-2, SAMU-105",-12.1618448059863,-76.9682165507209
2016-014334,28-02-2016,"09:55:26 p.m.","AV. UNIVERSITARIA CRUCE CON AV. METROPOLITANA COMAS            ","EMERGENCIA MEDICA",AMB124-2,-11.9614339512738,-77.0627617023139
2016-014333,28-02-2016,"09:53:27 p.m.","CH. ANTONIA MORENO DE CACERES SECTOR 2 (CIUDAD DEL DEPORTE)             VENTANILLA","EMERGENCIA MEDICA",AMB-184,-11.8889972230007,-77.1204367101269
2016-014332,28-02-2016,"09:49:45 p.m.","PR. PEDRO MIOTTA CRUCE CON AV. RAMON VARGAS MACHUCA SAN JUAN DE MIRAFLORES            SAN JUAN DE MIRAFLORES","EMERGENCIA MEDICA",AMB-120,-12.1665853618771,-76.9780542873021
2016-014331,28-02-2016,"09:42:55 p.m.","PR. LA MAR CRUCE CON AV. JAIME BAUSATE Y MEZA (BOLIVAR) LA VICTORIA            LA VICTORIA","EMERGENCIA MEDICA",AMB-8,-12.0632537627513,-77.0196945800125
2016-014330,28-02-2016,"09:41:05 p.m.","  AV. JOSE GRANDA 3600       SAN MARTIN DE PORRES","EMERGENCIA MEDICA",AMB-9,-12.0218295949942,-77.0853469033493
2016-014329,28-02-2016,"09:38:24 p.m.","AV. 28 DE JULIO  2725       LA VICTORIA","EMERGENCIA MEDICA",AMB-4,,
2016-014328,28-02-2016,"09:37:18 p.m.","UR. LOS HUERTOS DE TUNGASUCA   CALLE  SAN ANDRES  MZ  B  LT   6 200        CARABAYLLO","MATERIALES PELIGROSOS (INCIDENTE)","AMB124-2, M150-1",,
2016-014327,28-02-2016,"09:35:57 p.m.","AA HH VILLA PROGRESO            CHANCAY","EMERGENCIA MEDICA","AMB124-2, M150-1",,
2016-014326,28-02-2016,"09:32:10 p.m.","AL. CORONEL ANDRES RAZURI CRUCE CON CL. OLAYA (2) SANTIAGO DE SURCO            SANTIAGO DE SURCO","EMERGENCIA MEDICA","AMB124-2, M150-1",-12.1504227011627,-76.9867870694348
2016-014325,28-02-2016,"09:31:27 p.m.","  JR. AREQUIPA 3181       SAN MARTIN DE PORRES","EMERGENCIA MEDICA",AMB-9,-12.0337565323275,-77.0812169180464
2016-014324,28-02-2016,"09:31:21 p.m.","FUNDO CADENAS              HUACHO",INCENDIO,M20-1,,
2016-014323,28-02-2016,"09:29:26 p.m.","FUNDO LA CADENA  CP 9 DE OCTUBRE            SAYAN",INCENDIO,M20-1,,
2016-014322,28-02-2016,"09:29:14 p.m.","CARRETERA CENTRAL KM 35            LURIGANCHO","EMERGENCIA MEDICA",M20-1,,
2016-014321,28-02-2016,"09:22:37 p.m.","  JR. TENIENTE CARLOS JIMENEZ CHAVEZ 296        CHORRILLOS","EMERGENCIA MEDICA",AMB134-2,-12.1759503552155,-76.9971065451013
2016-014320,28-02-2016,"09:22:05 p.m.","CARRETERAS - PANAMERICANAS PANAMERICANA SUR 13            SAN JUAN DE MIRAFLORES","EMERGENCIA MEDICA",AMB-120,-12.1708718385434,-76.9793258050375
2016-014319,28-02-2016,"09:20:25 p.m.","  JR. AREQUIPA 3181       SAN MARTIN DE PORRES","EMERGENCIA MEDICA",AMB-65,-12.0337565323275,-77.0812169180464
2016-014318,28-02-2016,"09:18:05 p.m.","  AV. JACARANDA 000        LURIN","EMERGENCIA MEDICA",AMB-129,-12.2496278671598,-76.8961355336697
2016-014317,28-02-2016,"09:09:55 p.m.","AH. LOS ROSALES DE PRO N            LOS OLIVOS","EMERGENCIA MEDICA",AMB-129,-11.9476419299681,-77.0759428697944
2016-014316,28-02-2016,"09:07:19 p.m.","  AV. DOMINGO NIETO (SAN JOSE) 532        PUEBLO LIBRE","EMERGENCIA MEDICA",AMB-202,-12.0823974729818,-77.066402262414
2016-014315,28-02-2016,"09:04:18 p.m.","  CL. CONTRALMIRANTE VILLAR 200        CALLAO","EMERGENCIA MEDICA",MED-34,-12.0615554560286,-77.1367511025559
2016-014314,28-02-2016,"09:01:08 p.m.","  JR. MANUEL LORENZO AGUIRRE (12) 250        SANTIAGO DE SURCO",RESCATE,M11-1,-12.1347536181557,-77.0160701741392
2016-014313,28-02-2016,"08:58:04 p.m.","  AV. AREQUIPA  PISO  4  3830       MIRAFLORES","EMERGENCIA MEDICA",AMB-28,-12.1040533433332,-77.0313840553088
2016-014312,28-02-2016,"08:56:22 p.m.","AV. SOL DE NARANJAL CRUCE CON CA. CALLAO - CANTA SAN MARTIN DE PORRES            SAN MARTIN DE PORRES","EMERGENCIA MEDICA",AMB-65,-11.9738326764925,-77.088588295623
2016-014311,28-02-2016,"08:55:21 p.m.","GRAU  400        BARRANCO","SERVICIO ESPECIAL",AMB-16,,
2016-014310,28-02-2016,"08:48:47 p.m.","  JR. SAN LUIS 200        CHORRILLOS","EMERGENCIA MEDICA",AMB-6,-12.191986328262,-77.0089221445957
2016-014309,28-02-2016,"08:48:09 p.m.","ENTRADA  HOTEL SAN MARCELO            ",INCENDIO,AMB-6,,
2016-014308,28-02-2016,"08:45:18 p.m.","ASOCIACION    LEAN  KARP            ICA","ACCIDENTE VEHICULAR",AMB-22,,
2016-014307,28-02-2016,"08:43:58 p.m.","  JR. JOSE LEON PINELO 200        COMAS","EMERGENCIA MEDICA",AMB124-2,-11.9387012897926,-77.0529731499168
2016-014306,28-02-2016,"08:38:14 p.m.","AV. URUGUAY CRUCE CON AV. ALFONSO UGARTE LIMA            ","EMERGENCIA MEDICA","SAMU-10, SAMU-2",,
2016-014305,28-02-2016,"08:35:43 p.m.","CL. VALLE SAGRADO DE LOS INCAS 200        INDEPENDENCIA","EMERGENCIA MEDICA",AMB-65,-11.9815603270956,-77.0408219821187
2016-014304,28-02-2016,"08:33:58 p.m.","  CL. VIVIANO PAREDES 851        SAN JUAN DE MIRAFLORES","EMERGENCIA MEDICA",AMB-120,-12.1622271849964,-76.9696372231348
2016-014303,28-02-2016,"08:33:41 p.m.",,"EMERGENCIA MEDICA",AMB-1,-12.0582292249155,-77.1429964221459
2016-014302,28-02-2016,"08:32:47 p.m.","AV. REVOLUCION CRUCE CON AV. MARIA REICHE VILLA EL SALVADOR            VILLA EL SALVADOR","EMERGENCIA MEDICA","AMB-155, SAMU-105",-12.2430308975319,-76.9181175143753
2016-014301,28-02-2016,"08:23:24 p.m.","CARRETERAS - PANAMERICANAS PANAMERICANA NORTE 37.36            PUENTE PIEDRA","EMERGENCIA MEDICA",AMB-184,-11.8178573342037,-77.1263108525106
2016-014300,28-02-2016,"08:21:30 p.m.","AV. JUPITER (A) 600        VENTANILLA",INCENDIO,AMB-184,-11.8873425717125,-77.1262399788239
2016-014299,28-02-2016,"08:12:20 p.m.","COLEGIO CHAMPAGNAT            ",INCENDIO,M32-1,,
2016-014298,28-02-2016,"08:07:59 p.m.","UR. LAS FRESAS C LRTE 38            CALLAO","EMERGENCIA MEDICA",MED-5,-12.0036281432585,-77.1126284344623
2016-014297,28-02-2016,"08:06:29 p.m.","  CL. DANIEL VELEZ 437        SAN JUAN DE MIRAFLORES","EMERGENCIA MEDICA",MED-5,-12.1470676643477,-76.9744975311306
2016-014296,28-02-2016,"08:04:39 p.m.","  JR. SANTO CRISTO (A) 000        ","EMERGENCIA MEDICA",MED-5,-12.1494796542207,-77.004396034748
2016-014295,28-02-2016,"08:01:49 p.m.","  JR. ANCASH 390        LIMA","EMERGENCIA MEDICA",MED-5,-12.0457856634506,-77.0275341300668
2016-014294,28-02-2016,"08:01:33 p.m.","PANAMERICANA SUR KM 212             PISCO","ACCIDENTE VEHICULAR","AMB-37, AUX-37",,
2016-014293,28-02-2016,"07:55:03 p.m.","AV. UNIVERSITARIA NORTE CRUCE CON AV. SANTIAGO ANTUNEZ DE MAYOLO LOS OLIVOS            LOS OLIVOS","EMERGENCIA MEDICA",AMB-9,-11.996302482394,-77.0847221380775
2016-014292,28-02-2016,"07:47:38 p.m.","AV. MIGUEL GRAU 100        SAN MARTIN DE PORRES","EMERGENCIA MEDICA",AMB-65,-12.0305001749752,-77.0443234339908
2016-014291,28-02-2016,"07:46:01 p.m.","URB SANTO DOMINGO IV ETAPA MZW1 LTE 19 000        COMAS","EMERGENCIA MEDICA",AMB-65,-11.8990790113474,-77.043001685487
2016-014290,28-02-2016,"07:43:52 p.m.","AV. MANGOMARCA CRUCE CON PR. LAS LOMAS SAN JUAN DE LURIGANCHO            SAN JUAN DE LURIGANCHO","EMERGENCIA MEDICA",AMB-21,-12.0138637641801,-76.9862485791845
2016-014289,28-02-2016,"07:43:37 p.m.","  CL. DULIO POGGI (22) 754        LA PERLA","MATERIALES PELIGROSOS (INCIDENTE)","M60-5, MED-5",-12.0749634659414,-77.1120254230167
2016-014288,28-02-2016,"07:43:08 p.m.","  PJ. ANCASH MZ S LT 8 000        CHORRILLOS","EMERGENCIA MEDICA",AMB-13,-12.1689741973378,-76.99618983757
2016-014287,28-02-2016,"07:34:14 p.m.","  AV. AREQUIPA 1388       LIMA",RESCATE,AMB-13,-12.0781996535644,-77.0352675935238
2016-014286,28-02-2016,"07:32:06 p.m.","  AV. ARNALDO MARQUEZ 1100       JESUS MARIA","EMERGENCIA MEDICA",AMB-13,-12.0719224088405,-77.0481337789538
2016-014285,28-02-2016,"07:30:43 p.m.","  AV. LA PAZ 100        MIRAFLORES","EMERGENCIA MEDICA",AMB-11,-12.1195884465962,-77.0267092389409
2016-014284,28-02-2016,"07:26:39 p.m.","AH CARRIZALES             VENTANILLA","EMERGENCIA MEDICA",AMB-184,,
2016-014283,28-02-2016,"07:25:01 p.m.","  AV. CORONEL FRANCISCO BOLOGNESI 862        SANTA ANITA","EMERGENCIA MEDICA",AMB-138,-12.0478972313825,-76.972773612011
2016-014282,28-02-2016,"07:24:33 p.m.","  CL. SAN MARCOS 304        PUEBLO LIBRE","EMERGENCIA MEDICA",AMB-60,-12.0795328395599,-77.071371113113
2016-014281,28-02-2016,"07:12:19 p.m.","  AV. TALARA 745        JESUS MARIA","EMERGENCIA MEDICA",AMB-28,-12.0718883916238,-77.0420845999371
2016-014280,28-02-2016,"07:10:06 p.m.",,"EMERGENCIA MEDICA",MED-200,,
2016-014279,28-02-2016,"07:02:20 p.m.","  AV. JAVIER LUNA PIZARRO 784        LA VICTORIA","EMERGENCIA MEDICA",SAMU-2,-12.0673827762449,-77.027176627985
2016-014278,28-02-2016,"06:59:01 p.m.","CESAR VALLEJO             VILLA MARIA DEL TRIUNFO","EMERGENCIA MEDICA",SAMU-2,,
2016-014277,28-02-2016,"06:52:55 p.m.","  AV. LAS CAMELIAS 781        SAN ISIDRO","EMERGENCIA MEDICA",AMB-202,-12.0970547935938,-77.0286595621544
2016-014276,28-02-2016,"06:47:26 p.m.","  CL. DOMINGO VALLE RIESTRA (G) 200        BELLAVISTA","EMERGENCIA MEDICA",AMB-1,-12.0606430709232,-77.1138062163542
2016-014275,28-02-2016,"06:45:59 p.m.","B-124             COMAS","EMERGENCIA MEDICA",AMB124-2,,
2016-014274,28-02-2016,"06:45:18 p.m.","  AV. MALAMBITO (MANUEL DE LA FUENTE CHAVEZ) 475        BARRANCO","EMERGENCIA MEDICA",SAMU-16,-12.1505730280859,-77.0173864867478
2016-014273,28-02-2016,"06:42:09 p.m.","  AV. FRANCISCO PIZARRO 520        RIMAC","EMERGENCIA MEDICA",AMB-21,-12.0373910404306,-77.033980752183
2016-014272,28-02-2016,"06:38:36 p.m.","  JR. PARURO 824        LIMA","EMERGENCIA MEDICA",SAMU-10,-12.0520271930236,-77.0249481808218
2016-014271,28-02-2016,"06:37:59 p.m.","SAN JUAN BAUTISTA            ICA","SERVICIO ESPECIAL",SAMU-10,,
2016-014270,28-02-2016,"06:32:01 p.m.","AH LAS GARDENIAS MZ N LTE 14            ANCON","EMERGENCIA MEDICA",SAMU-10,,
2016-014269,28-02-2016,"06:24:59 p.m.","JR. NEVADO HUASCARAN (LUIS PARDO) 200        SAN JUAN DE LURIGANCHO",INCENDIO,"M2-1, M21-1, RES-21, SAMU-121",-11.9827116681711,-77.0162749106025
2016-014268,28-02-2016,"06:21:11 p.m.","AV. TUPAC AMARU (GERARDO UNGER) CRUCE CON AV. CARLOS IZAGUIRRE INDEPENDENCIA            INDEPENDENCIA","EMERGENCIA MEDICA",AMB-65,-11.989077099808,-77.0571774037826
2016-014267,28-02-2016,"06:21:01 p.m.","  AV. ALEJANDRO VELASCO ASTETE 1300       SANTIAGO DE SURCO","ACCIDENTE VEHICULAR","AMB-11, AMB134-2, M11-1, M127-1",-12.1178728280087,-76.983907887988
2016-014266,28-02-2016,"06:18:01 p.m.","  CL. LOS PORTALES (APURIMAC) (L) 4100       SAN MARTIN DE PORRES","EMERGENCIA MEDICA",SAMU-161,-12.0321308189613,-77.0945392421581
2016-014265,28-02-2016,"06:17:11 p.m.","LOMAS DE ZAPALLAL             PUENTE PIEDRA","EMERGENCIA MEDICA",SAMU-161,,
2016-014264,28-02-2016,"06:04:49 p.m.","DANTE  1028       MIRAFLORES","SERVICIO ESPECIAL",AUX-28,,
2016-014263,28-02-2016,"05:57:39 p.m.","  CL. ENRIQUE OPPENHEIMER 327        SAN JUAN DE MIRAFLORES","EMERGENCIA MEDICA",SAMU-120,-12.1687763675936,-76.9738082375353
2016-014262,28-02-2016,"05:46:27 p.m.","UR. SAN DIEGO DE VIPOL II ETAPA J LTE 25            SAN MARTIN DE PORRES","EMERGENCIA MEDICA",SAMU-161,-11.9451707561343,-77.0909119421828
2016-014261,28-02-2016,"05:46:21 p.m.","  JR. AYACUCHO (PUENTE Y CORTEZ) 600        MAGDALENA DEL MAR","EMERGENCIA MEDICA",SAMU-161,-12.0869593290457,-77.0704410727204
2016-014260,28-02-2016,"05:42:08 p.m.","PJ. CARACAS CRUCE CON CL. DIEGO DE ALMAGRO JESUS MARIA            ","SERVICIO ESPECIAL","AUX14-1, M202-2",-12.0849558182447,-77.0569178267755
2016-014259,28-02-2016,"05:40:04 p.m.","CL. GENERAL SIMON BOLIVAR CRUCE CON CL. TUPAC YUPANQUI VILLA MARIA DEL TRIUNFO            VILLA MARIA DEL TRIUNFO","EMERGENCIA MEDICA","AUX14-1, M202-2",-12.189377797149,-76.9344084890658
2016-014258,28-02-2016,"05:29:39 p.m.","COMISARIA DE SAN ANTONIO             SURQUILLO","SERVICIO ESPECIAL",ESC-28,,
2016-014257,28-02-2016,"05:22:57 p.m.","JR. TRUJILLO CRUCE CON JR. CAJAMARCA RIMAC            RIMAC","EMERGENCIA MEDICA",ESC-28,-12.04004291138,-77.0291058658775
2016-014256,28-02-2016,"05:19:53 p.m.","CL. 28 DE JULIO CRUCE CON AV. LAS AMERICAS INDEPENDENCIA            INDEPENDENCIA",INCENDIO,"M161-1, M21-1, M65-2, RES-21, SAMU-161",-11.9930031397534,-77.0490457434432
2016-014255,28-02-2016,"05:10:25 p.m.","AV. ANGAMOS ESTE (PRIMAVERA) CRUCE CON AV. AVIACION SAN BORJA            SAN BORJA","EMERGENCIA MEDICA",AMB-11,-12.1110426097379,-77.0003732955998
2016-014254,28-02-2016,"05:02:35 p.m.","  JR. LOS JAZMINES 339        LINCE","EMERGENCIA MEDICA",AMB-4,-12.0897363342369,-77.026922613178
2016-014253,28-02-2016,"05:01:54 p.m.","UR. EL RETABLO III ETAPA C            COMAS","EMERGENCIA MEDICA",AMB124-2,-11.9372521981513,-77.0616515671699
2016-014252,28-02-2016,"05:01:26 p.m.",,"EMERGENCIA MEDICA",SAMU-14,-12.0610603758981,-77.0579551077536
2016-014251,28-02-2016,"04:57:10 p.m.","PLAYA  LAS   TOTORITAS  /  EVENTO DE VERANO NEGRO            CHINCHA ALTA","SERVICIO ESPECIAL",M38-4,,
2016-014250,28-02-2016,"04:53:38 p.m.",,"EMERGENCIA MEDICA",AMB-14,-12.0591723356983,-77.0505835904326
2016-014249,28-02-2016,"04:50:55 p.m.","AV. JOSE OLAYA BALANDRA CRUCE CON AV. JOSE MARIA ARGUEDAS (LOS ALAMOS) VILLA EL SALVADOR            VILLA EL SALVADOR","ACCIDENTE VEHICULAR","M106-3, M155-1, SAMU-120",-12.224960927505,-76.9330599508726
2016-014248,28-02-2016,"04:48:56 p.m.","  AV. RAUL FERRERO REBAGLIATI (LA RINCONADA) 100        LA VICTORIA","EMERGENCIA MEDICA","M106-3, M155-1, SAMU-120",,
2016-014247,28-02-2016,"04:46:06 p.m.","PLAZA DE ARMAS SAN JUAN BAUTISTA            ","EMERGENCIA MEDICA",AMB-22,,
2016-014246,28-02-2016,"04:42:35 p.m.","  JR. PAITA 400        RIMAC","EMERGENCIA MEDICA",SAMU-21,-12.0388032089201,-77.0300885768177
2016-014245,28-02-2016,"04:41:18 p.m.","CARRETERA CANTA KM 26 ENTRADA DE PUNCHAUCA            CANTA","EMERGENCIA MEDICA",AMB-164,,
2016-014244,28-02-2016,"04:39:35 p.m.","  PJ. CAJAMARCA 261        CALLAO","EMERGENCIA MEDICA","AMB-1, MED-5, SAMU-161",-11.9975763645488,-77.1184281538687
2016-014243,28-02-2016,"04:35:22 p.m.","  PJ. LAS PALMAS URB JOSE GALVEZ  100        VILLA MARIA DEL TRIUNFO","EMERGENCIA MEDICA",AMB-155,-12.2231520030637,-76.9086653129004
2016-014242,28-02-2016,"04:33:09 p.m.","  AV. OSCAR R. BENAVIDES (COLONIAL) 2300       BELLAVISTA","EMERGENCIA MEDICA",MED-5,-12.0580899776263,-77.1190639282031
2016-014241,28-02-2016,"04:27:58 p.m.","EDIFICIO LOS OLIVOS             JESUS MARIA","EMERGENCIA MEDICA",AMB-202,-12.0869211734781,-77.0502170991259
2016-014240,28-02-2016,"04:23:42 p.m.","AS. VIRGEN DEL CARMEN A1            ATE","EMERGENCIA MEDICA",AMB-169,-12.0370739882967,-76.9282685088608
2016-014239,28-02-2016,"04:23:05 p.m.","B32             LURIGANCHO","EMERGENCIA MEDICA",AMB-32,,
2016-014238,28-02-2016,"04:20:03 p.m.","LAS GAMBUZINAS            LURIGANCHO","EMERGENCIA MEDICA",AMB-32,,
2016-014237,28-02-2016,"04:19:35 p.m.",,"EMERGENCIA MEDICA",AMB-150-2,-11.8769524408766,-77.0862989344901
2016-014236,28-02-2016,"04:09:48 p.m.","PLAN VERANO            PUNTA HERMOSA","SERVICIO ESPECIAL","AMB-120, AMB-129, AMB-13, M111-1, M160-1, M183-1, M6-1, MED-49",,
2016-014235,28-02-2016,"04:02:08 p.m.","  AV. MADRESELVAS 100        LA MOLINA","EMERGENCIA MEDICA",MED-96,-12.0856878111168,-76.8877725784935
2016-014234,28-02-2016,"04:00:00 p.m.","CL. JOAN MIRO (15) CRUCE CON AV. PASEO DE LA REPUBLICA CHORRILLOS            CHORRILLOS","EMERGENCIA MEDICA",SAMU-134,-12.1797568279791,-77.0094375122027
2016-014233,28-02-2016,"03:55:28 p.m.","  AV. REVOLUCION (ANDRES BELAUNDE) 3000       COMAS","EMERGENCIA MEDICA",AMB-164,-11.9133468351487,-77.0090336191004
2016-014232,28-02-2016,"03:55:12 p.m.","AV ARICA CRUCE CARRETERA CENTRAL             LURIGANCHO","EMERGENCIA MEDICA",AMB-164,,
2016-014231,28-02-2016,"03:54:35 p.m.","METROPOLITANO ESTACION MATELLINI             CHORRILLOS","EMERGENCIA MEDICA","AMB-28, AMB134-2",,
2016-014230,28-02-2016,"03:51:05 p.m.","PANAMERICANA SUR KM 299            ","ACCIDENTE VEHICULAR",AMB-22,,
2016-014229,28-02-2016,"03:50:16 p.m.","  AV. CIRCUNVALACION (PANAMERICANA SUR) 1600       SAN LUIS","EMERGENCIA MEDICA",AMB-22,-12.0687673930638,-76.9953156924681
2016-014228,28-02-2016,"03:46:14 p.m.",,"EMERGENCIA MEDICA",SAMU-2,-12.0647873274137,-77.0506945772473
2016-014227,28-02-2016,"03:43:18 p.m.","AH. VILLA ALTA B            CHORRILLOS","EMERGENCIA MEDICA",SAMU-2,,
2016-014226,28-02-2016,"03:35:45 p.m.","AS. 200 MILLAS MZ G LT 7            CALLAO",INCENDIO,"AMB-9, M161-1, M60-5, M9-1",-11.9947171174072,-77.1226215997748
2016-014225,28-02-2016,"03:34:00 p.m.","AH. MARISCAL CACERES SECTOR III ETAPA 1RA, 2DA Y 3RA H1 LTE 4            SAN JUAN DE LURIGANCHO","EMERGENCIA MEDICA","AMB-21, SAMU-121",-11.942171684959,-76.9845012578121
2016-014224,28-02-2016,"03:32:37 p.m.","JR. AUGUSTO WIESE (CARABAYA) CRUCE CON AV. NICOLAS DE PIEROLA (LA COLMENA) LIMA            LIMA","EMERGENCIA MEDICA",SAMU-21,-12.0525062892451,-77.0344155372521
2016-014223,28-02-2016,"03:24:38 p.m.",,"EMERGENCIA MEDICA",SAMU-21,-12.0606578418762,-77.0463635895276
2016-014222,28-02-2016,"03:17:48 p.m.","JR. SEBASTIAN BARRANCA CRUCE CON AV. AVIACION LA VICTORIA            LA VICTORIA",INCENDIO,"M202-1, M4-1, M8-1, MATPEL-4, SAMU-14, SAMU-2",-12.0664098870415,-77.012370550466
2016-014221,28-02-2016,"03:05:29 p.m.","  CL. INCA ROCA 700        INDEPENDENCIA","EMERGENCIA MEDICA","M202-1, M4-1, M8-1, MATPEL-4, SAMU-14, SAMU-2",-11.9789463201949,-77.042385799165
2016-014220,28-02-2016,"03:03:07 p.m.","PLAZA DE ARMAS             ","EMERGENCIA MEDICA","M202-1, M4-1, M8-1, MATPEL-4, SAMU-14, SAMU-2",,
2016-014219,28-02-2016,"03:00:50 p.m.","CASUARINAS             ","EMERGENCIA MEDICA",RES-49,,
2016-014218,28-02-2016,"02:57:55 p.m.","UR. ALAMEDA DE LA RIVERA MZ M LTE 10            ATE","EMERGENCIA MEDICA",AMB-169,-12.0249625742633,-76.9414568840891
2016-014217,28-02-2016,"02:57:52 p.m.","  PJ. FAUSTINO SANCHEZ CARRION (JOSE FIANSON) 100        BARRANCO","EMERGENCIA MEDICA",SAMU-16,-12.1485978746733,-77.0205305348971
2016-014216,28-02-2016,"02:53:12 p.m.","CAMINO REAL CON BUENOS AIRES            PUENTE PIEDRA","SERVICIO ESPECIAL",SAMU-16,,
2016-014215,28-02-2016,"02:51:30 p.m.","SECTOR 1 GRUPO 9 MZ A LT 8            ","EMERGENCIA MEDICA",SAMU-105,,
2016-014214,28-02-2016,"02:38:01 p.m.","  AV. JOSE DE LA RIVA AGUERO 100        EL AGUSTINO","EMERGENCIA MEDICA",SAMU-2,-12.0584622448549,-77.0071241888444
2016-014213,28-02-2016,"02:34:25 p.m.","  AV. MARTIR JOSE OLAYA 412        CHORRILLOS","EMERGENCIA MEDICA",AMB-16,-12.1669538705457,-77.0254840793554
2016-014212,28-02-2016,"02:33:07 p.m.","  AV. CAQUETA 367        SAN MARTIN DE PORRES","EMERGENCIA MEDICA",AMB-21,-12.0339873365947,-77.0439621315577
2016-014211,28-02-2016,"02:30:31 p.m.","  AV. DE LAS ARTES NORTE 539        SAN BORJA","EMERGENCIA MEDICA",AMB-11,-12.0907353441303,-77.0020963937152
2016-014210,28-02-2016,"02:29:23 p.m.","PLAN VERANO 2016 ATHILLO             BARRANCA","SERVICIO ESPECIAL",AMB-11,,
2016-014209,28-02-2016,"02:21:43 p.m.","  AV. INCA GARCILAZO DE LA VEGA (WILSON) 1044       LIMA","EMERGENCIA MEDICA",AMB-14,-12.0524573786819,-77.0386351921498
2016-014208,28-02-2016,"02:21:25 p.m.","MARIANO JOSE DE ARCE            SAN ISIDRO","EMERGENCIA MEDICA",AMB-100,,
2016-014207,28-02-2016,"02:16:31 p.m.","  AV. LA MARINA 2500       SAN MIGUEL","EMERGENCIA MEDICA",AMB-100,-12.077745414125,-77.090734545049
2016-014206,28-02-2016,"02:16:26 p.m.",,"EMERGENCIA MEDICA",SAMU-16,-12.1314804779885,-77.0259895919295
2016-014205,28-02-2016,"02:01:57 p.m.","  PJ. SAN ROBERTO 123        LINCE","EMERGENCIA MEDICA",AMB-4,-12.0820199356266,-77.0276585887479
2016-014204,28-02-2016,"01:57:10 p.m.","MARIA PARADO DE BELLIDO             EL AGUSTINO","EMERGENCIA MEDICA",SAMU-21,-12.0507450512323,-76.9968402223279
2016-014203,28-02-2016,"01:54:27 p.m.","CALLE AYACUCHO            ","EMERGENCIA MEDICA",AMB-157,,
2016-014202,28-02-2016,"01:51:51 p.m.","AV. UNIVERSITARIA CRUCE CON AV. VICTOR ANDRES BELAUNDE OESTE COMAS            COMAS","ACCIDENTE VEHICULAR","M161-1, M65-2, SAMU-161",-11.9351018430645,-77.0566826525402
2016-014201,28-02-2016,"01:48:35 p.m.","UR. SANTO DOMINGO X ETAPA             CARABAYLLO","EMERGENCIA MEDICA",AMB124-2,-11.8761563263798,-77.0356686342686
2016-014200,28-02-2016,"01:47:34 p.m.","CIRCUITO DE PLAYA MALECON DE MAGDALENA             MAGDALENA DEL MAR","SERVICIO ESPECIAL","AMB-36, M36-1",,
2016-014199,28-02-2016,"01:45:02 p.m.","  JR. CONDOROMA 460        SANTIAGO DE SURCO","EMERGENCIA MEDICA","AMB-36, M36-1",-12.1172585588298,-76.9950707934946
2016-014198,28-02-2016,"01:44:55 p.m.","  JR. GERONA (65) 128        SAN LUIS","EMERGENCIA MEDICA",AMB-11,-12.0807017666113,-76.9972821025311
2016-014197,28-02-2016,"01:41:11 p.m.","CARRETERAS - PANAMERICANAS CARRETERA CENTRAL 33            LURIGANCHO",INCENDIO,AMB-11,,
2016-014196,28-02-2016,"01:34:49 p.m.","JR. LIBERTAD (LUIS E. MARQUEZ) CRUCE CON JR. INDEPENDENCIA (PEDRO SOLARI) BARRANCO            BARRANCO","MATERIALES PELIGROSOS (INCIDENTE)","AMB-16, M13-1",-12.1552267805717,-77.0207195696403
2016-014195,28-02-2016,"01:32:20 p.m.","  CL. JUSTO NAVEDA 1153       SAN JUAN DE MIRAFLORES","EMERGENCIA MEDICA",SAMU-120,-12.1552026248296,-76.971590052632
2016-014194,28-02-2016,"01:30:29 p.m.","PANAMERICANA SUR KILOMETRO 171             ","ACCIDENTE VEHICULAR","M38-4, M38-5, MED-49, RES-49",,
2016-014193,28-02-2016,"01:27:28 p.m.","  JR. BRASIL 618        LA PERLA","EMERGENCIA MEDICA",MED-18,-12.0700897913509,-77.125797100495
2016-014192,28-02-2016,"01:22:33 p.m.","  PJ. PARQUE NACIONES UNIDAS 144        MIRAFLORES",RESCATE,RES-100,-12.1120268363992,-77.044946246021
2016-014191,28-02-2016,"01:20:26 p.m.","CAJERO DEL BANCO CONTINENTAL             BARRANCO",RESCATE,RES-16,,
2016-014190,28-02-2016,"01:16:32 p.m.","PANAMERICANA SUR ANTIGUA KILOMETRO 33            ","EMERGENCIA MEDICA",AMB-129,,
2016-014189,28-02-2016,"01:16:04 p.m.","  AV. LOS ALISOS (3) 1800       ","EMERGENCIA MEDICA",SAMU-161,-11.9824351956199,-77.089644201389
2016-014188,28-02-2016,"01:14:40 p.m.","AV. HUANDOY CRUCE CON AV. LOS ALISOS LOS OLIVOS            LOS OLIVOS","EMERGENCIA MEDICA",AMB124-2,-11.982433961787,-77.0857289682689
2016-014187,28-02-2016,"01:13:32 p.m.","AV. NESTOR GAMBETA  ALT MI PERU            VENTANILLA","ACCIDENTE VEHICULAR",AMB-75,,
2016-014186,28-02-2016,"12:56:51 p.m.","CL. ALFONSO UGARTE CRUCE CON AV. JOSE GALVEZ BELLAVISTA            BELLAVISTA","EMERGENCIA MEDICA",MED-18,-12.0670639029108,-77.1287566313611
2016-014185,28-02-2016,"12:52:39 p.m.","CL. BERNARDO ALCEDO 176        SAN MARTIN DE PORRES","EMERGENCIA MEDICA",AMB-9,-12.0199250560427,-77.0868362540608
2016-014184,28-02-2016,"12:47:38 p.m.","AV. INDEPENDENCIA 1801       EL AGUSTINO",INCENDIO,"M2-1, M3-1, RES-10, SAMU-10",-12.0293765996331,-76.9949794445317
2016-014183,28-02-2016,"12:47:28 p.m.","CARRETERAS - PANAMERICANAS PANAMERICANA SUR 15            SAN JUAN DE MIRAFLORES","ACCIDENTE VEHICULAR","M106-3, M11-1, SAMU-134",-12.1880695163424,-76.9739067661149
2016-014182,28-02-2016,"12:46:49 p.m.","  CL. CHICLAYO (JUAN B. LASTRES) 337        MIRAFLORES","EMERGENCIA MEDICA",AMB-100,-12.1149003439804,-77.0318635780748
2016-014181,28-02-2016,"12:41:18 p.m.","ITED DE SAN ISIDRO             ","EMERGENCIA MEDICA",AMB-100,,
2016-014180,28-02-2016,"12:37:24 p.m.","  AV. MANUEL PRADO ESTE 400        CARABAYLLO",INCENDIO,"AMB124-2, M150-1, M164-1, RESLIG-150",-11.875394089552,-77.0121593858346
2016-014179,28-02-2016,"12:32:46 p.m.","SAN MATEO     KM  90              ","DESASTRES NATURALES",AMB-32-2,,
2016-014178,28-02-2016,"12:28:55 p.m.",,"EMERGENCIA MEDICA",AMB-36,-12.0636712400897,-77.0516232093177
2016-014177,28-02-2016,"12:28:20 p.m.","  JR. RICARDO FLORES 343        LA VICTORIA","EMERGENCIA MEDICA",AMB-4,-12.084232352145,-77.0227385786973
2016-014176,28-02-2016,"12:24:59 p.m.","  CL. DELTA   UR JUAN XXIII 000        SAN BORJA","EMERGENCIA MEDICA",AMB-11,-12.1083464806315,-76.9975858672421
2016-014175,28-02-2016,"12:20:33 p.m.","ARMENDARIZ 1041       MIRAFLORES","EMERGENCIA MEDICA",AMB-28,,
2016-014174,28-02-2016,"12:16:15 p.m.","CL. JORGE BASADRE CRUCE CON CL. PABLO NERUDA SANTA ANITA            SANTA ANITA","EMERGENCIA MEDICA",AMB-28,-12.0429187619056,-76.9738761755528
2016-014173,28-02-2016,"12:15:22 p.m.",,"EMERGENCIA MEDICA",AMB-13,-12.183904263432,-77.0027235454976
2016-014172,28-02-2016,"12:03:50 p.m.","CLNICA   SAN   JUAN BAUTISTA              ","EMERGENCIA MEDICA",AMB-21,,
2016-014171,28-02-2016,"12:03:35 p.m.",,"ACCIDENTE VEHICULAR","AMB-65, M161-1, M9-1",-11.9767205341488,-77.0381973272958
2016-014170,28-02-2016,"12:02:09 p.m.","  JR. UCAYALI 789        LIMA","EMERGENCIA MEDICA",AMB-2,-12.0512809687203,-77.0252224024952
2016-014169,28-02-2016,"12:00:19 p.m.","  AV. ABRAHAM LINCOLN 200        PUEBLO LIBRE","EMERGENCIA MEDICA",AMB-2,,
2016-014168,28-02-2016,"11:58:43 a.m.","  JR. CONTRALMIRANTE MIGUEL GRAU (BENITO LAZO) 513        MAGDALENA DEL MAR","EMERGENCIA MEDICA",AMB-83,-12.0924868864684,-77.0736615779792
2016-014167,28-02-2016,"11:58:13 a.m.","SAN NICOLAS             ","EMERGENCIA MEDICA",AMB-83,,
2016-014166,28-02-2016,"11:53:22 a.m.","AV. LOS PROCERES (EULOGIO FERNANDINI) CRUCE CON AV. ALFREDO MENDIOLA (PANAMERICANA NORTE) LOS OLIVOS            LOS OLIVOS","EMERGENCIA MEDICA",AMB124-2,-11.9375661973267,-77.0721663084035
2016-014165,28-02-2016,"11:50:39 a.m.",,"EMERGENCIA MEDICA",AMB-2,-12.0492669227422,-76.9993666547889
2016-014164,28-02-2016,"11:49:49 a.m.","PEDREGAL             ","EMERGENCIA MEDICA",AMB-32,,
2016-014163,28-02-2016,"11:48:50 a.m.","AV. RAMON CARCAMO CRUCE CON JR. CONDESUYOS LIMA            LIMA","EMERGENCIA MEDICA",SAMU-10,-12.038361970561,-77.0512610012523
2016-014162,28-02-2016,"11:44:24 a.m.",,"EMERGENCIA MEDICA",AMB-22,,
2016-014161,28-02-2016,"11:43:28 a.m.","UR. CIUDAD DEL PESCADOR SECTOR III J3            BELLAVISTA","EMERGENCIA MEDICA",MED-5,-12.0630010403323,-77.109223953925
2016-014160,28-02-2016,"11:41:47 a.m.","AH. HIJOS DE VILLA LOS REYES A LT 12            VENTANILLA","EMERGENCIA MEDICA",AMB-75,-11.8308844014162,-77.1279854904922
2016-014159,28-02-2016,"11:31:41 a.m.","  CL. FERNANDO EL CATOLICO (14) 192        LA MOLINA","EMERGENCIA MEDICA",AMB-169,-12.0619325018554,-76.9472235456817
2016-014158,28-02-2016,"11:27:04 a.m.","MUNICIPALIDAD DE CARABAYLLO             ","SERVICIO ESPECIAL",M164-1,,
2016-014157,28-02-2016,"11:27:03 a.m.","AV. EL PARQUE (LIMA) CRUCE CON AV. PACHACUTEC (ATOCONGO) VILLA EL SALVADOR            VILLA EL SALVADOR","ACCIDENTE VEHICULAR","AMB-155, M106-3, M155-1",-12.2302228526433,-76.9098486838205
2016-014156,28-02-2016,"11:23:43 a.m.","PJ. EL PALOMAR J            PUENTE PIEDRA","EMERGENCIA MEDICA",SAMU-150,-11.881229069438,-77.0771276604449
2016-014155,28-02-2016,"11:22:33 a.m.","  JR. DE LA UNION 400        LIMA","EMERGENCIA MEDICA",SAMU-10,-12.0466221880246,-77.0316823789721
2016-014154,28-02-2016,"11:21:26 a.m.","  JR. SURIMANA   URB.   TUPAC  AMARU   343        SAN LUIS","EMERGENCIA MEDICA",AMB-4,-12.0795585618146,-77.0065635478388
2016-014153,28-02-2016,"11:19:52 a.m.","AV. MICAELA BASTIDAS CRUCE CON AV. JORGE CHAVEZ VILLA EL SALVADOR            VILLA EL SALVADOR","EMERGENCIA MEDICA",AMB-4,-12.2136047987242,-76.943145514234
2016-014152,28-02-2016,"11:19:07 a.m.","  CL. 6 DE AGOSTO (RUBEN DARIO) 212        VILLA MARIA DEL TRIUNFO","EMERGENCIA MEDICA","AMB-106, AMB-155",-12.1750110730636,-76.9440356997571
2016-014151,28-02-2016,"11:14:18 a.m.","LAGUNA  DE  CHILCA              CHILCA","EMERGENCIA MEDICA",AMB-133,,
2016-014150,28-02-2016,"11:13:43 a.m.","  AV. ABEL BERGASSE DU PETIT THOUARS 5586       MIRAFLORES","EMERGENCIA MEDICA",SAMU-16,-12.118687833648,-77.0281195660988
2016-014149,28-02-2016,"11:05:47 a.m.","  AV. PACHACUTEC (LOS HEROES) 300        ","EMERGENCIA MEDICA",SAMU-120,-12.152222777243,-76.9755410454743
2016-014148,28-02-2016,"11:03:41 a.m.",,"EMERGENCIA MEDICA",SAMU-161,-12.0088423761794,-77.0883135242404
2016-014147,28-02-2016,"11:00:42 a.m.","  AV. PEDRO SILVA 1090       SAN JUAN DE MIRAFLORES","EMERGENCIA MEDICA",AMB134-2,-12.1673198102629,-76.9644040771086
2016-014146,28-02-2016,"10:56:14 a.m.","PACIFICO  SUR   CDR A 5             PUNTA NEGRA","EMERGENCIA MEDICA",AMB134-2,,
2016-014145,28-02-2016,"10:55:54 a.m.","INDEPENDENCIA CRUCE 9 DE DICIEMBRE             ","EMERGENCIA MEDICA",AMB-73,,
2016-014144,28-02-2016,"10:55:03 a.m.","  JR. POMALCA (CORICANCHA) 208        SANTIAGO DE SURCO","EMERGENCIA MEDICA",SAMU-134,-12.108959080163,-76.974030451714
2016-014143,28-02-2016,"10:54:46 a.m.","  PJ. JOSE MORALES ALPACA 085        PUEBLO LIBRE","EMERGENCIA MEDICA",AMB-83,-12.0822522775032,-77.061799747836
2016-014142,28-02-2016,"10:54:15 a.m.","  JR. ODRIOZOLA   URB.  SANTA  CATALINA   154        LA VICTORIA","EMERGENCIA MEDICA",AMB-83,-12.0835388175739,-77.025332083512
2016-014141,28-02-2016,"10:51:54 a.m.","CALLE   LIMA   CRUCE  VILELA               BARRANCA","EMERGENCIA MEDICA",AMB-73,,
2016-014140,28-02-2016,"10:49:31 a.m.","  AV. OSCAR BENAVIDES (COLONIAL) 2579       LIMA","EMERGENCIA MEDICA",SAMU-14,-12.0498952210327,-77.0748954469541
2016-014139,28-02-2016,"10:47:13 a.m.","PLAZA DE ARMAS            HUACHO","EMERGENCIA MEDICA",SAMU-14,,
2016-014138,28-02-2016,"10:46:44 a.m.","CH. PALOMINO M  SEGUNDA ETAPA            LIMA","EMERGENCIA MEDICA",AMB-60,-12.0610687883312,-77.0708627320661
2016-014137,28-02-2016,"10:46:17 a.m.","  CL. CESAR VALLEJO    URB.  JUAN  PABLO    II 200        CALLAO","EMERGENCIA MEDICA",AMB-60,,
2016-014136,28-02-2016,"10:44:51 a.m.","  AV. PROGRESO 693        VILLA MARIA DEL TRIUNFO","EMERGENCIA MEDICA",SAMU-120,-12.1415919892858,-76.9432362946369
2016-014135,28-02-2016,"10:41:04 a.m.","  CL. INGENIERO ALBERTO URQUIAGA 107        SAN BORJA","EMERGENCIA MEDICA",AMB-28,-12.1109056172831,-77.0030845522586
2016-014134,28-02-2016,"10:39:32 a.m.","  CL. PORTUGUES 163        RIMAC","EMERGENCIA MEDICA",SAMU-21,-12.0344858738775,-77.026597052617
2016-014133,28-02-2016,"10:35:27 a.m.","CL. ELVIRA GARCIA Y GARCIA 2100       LIMA","EMERGENCIA MEDICA",AMB-14,-12.0527533222583,-77.0696025648646
2016-014132,28-02-2016,"10:34:02 a.m.","  AV. LIMA (LA VICTORIA) 400        BARRANCO","EMERGENCIA MEDICA",AMB-13,-12.1474733398017,-77.0179885306398
2016-014131,28-02-2016,"10:30:34 a.m.","  JR. SOLDADO CABADA (CONDESA) 65         BARRANCO","EMERGENCIA MEDICA",AMB-16,-12.1375208365634,-77.0202995539151
2016-014130,28-02-2016,"10:29:03 a.m.","  AV. MICAELA BASTIDAS (MIGUEL IGLESIAS)  MZ.  W  LOTW  14  LADERAS  DE  VILLA  000        VILLA EL SALVADOR","EMERGENCIA MEDICA",SAMU-106,-12.1899538080388,-76.9573524599446
2016-014129,28-02-2016,"10:20:57 a.m.","BASE  125            PUNTA NEGRA","EMERGENCIA MEDICA",AMB-160,,
2016-014128,28-02-2016,"10:19:49 a.m.","  JR. MANUEL RAIGADA (LAZARETO TIRADO) 1098       CALLAO","EMERGENCIA MEDICA",MED-34,-12.0569933011604,-77.1349911946099
2016-014127,28-02-2016,"10:17:15 a.m.","CARRETERAS - PANAMERICANAS PANAMERICANA NORTE 27.5            PUENTE PIEDRA","EMERGENCIA MEDICA",MED-34,,
2016-014126,28-02-2016,"10:17:11 a.m.","CARRETERAS - PANAMERICANAS PANAMERICANA NORTE 27.5            PUENTE PIEDRA","EMERGENCIA MEDICA",MED-34,,
2016-014125,28-02-2016,"10:14:14 a.m.","PANAMERICANA SUR KM. 57             PUCUSANA","ACCIDENTE VEHICULAR","M125-1, RES-125",,
2016-014124,28-02-2016,"10:10:17 a.m.","PANAMERICANA SUR KM 126 ALT PLAYA LOS LOBOS            ","ACCIDENTE VEHICULAR","M111-1, MED-49",,
2016-014123,28-02-2016,"10:05:53 a.m.","AUTODROMO LA CHUTANA             ","SERVICIO ESPECIAL",RES-125,,
2016-014122,28-02-2016,"10:04:50 a.m.","CO. SANTA APOLONIA A  LT 2            SAN MARTIN DE PORRES","EMERGENCIA MEDICA",AMB-9,-12.00282631866,-77.0934586530862
2016-014121,28-02-2016,"09:50:00 a.m.","  JR. SINCHI ROCA 2375       LINCE","EMERGENCIA MEDICA",AMB-4,-12.0855613446341,-77.0447796228632
2016-014120,28-02-2016,"09:38:54 a.m.","UR. CIUDAD DEL PESCADOR SECTOR II B2 lote  5            BELLAVISTA","MATERIALES PELIGROSOS (INCIDENTE)","M7-5, MED-5",-12.0603243826658,-77.1057361753951
2016-014119,28-02-2016,"09:32:48 a.m.","PARROQUIA LA GUADALUPE             ","EMERGENCIA MEDICA",AMB-44,,
2016-014118,28-02-2016,"09:27:57 a.m.","CALLE   JASMIN    218        PISCO","EMERGENCIA MEDICA",AMB-157,,
2016-014117,28-02-2016,"09:25:58 a.m.","CL. MONTE REAL CRUCE CON JR. MONTE FLOR SANTIAGO DE SURCO            SANTIAGO DE SURCO","EMERGENCIA MEDICA","AMB-11, M11-1",-12.1117183688859,-76.9833319330945
2016-014116,28-02-2016,"09:19:30 a.m.","  AV. MORALES DUAREZ 1204       CARMEN DE LA LEGUA REYNOS","EMERGENCIA MEDICA",AMB-60,-12.037813634525,-77.0868341739906
2016-014115,28-02-2016,"09:18:18 a.m.","UR LOS ROSALES   MZ C LT 5 A             SAN MARTIN DE PORRES","EMERGENCIA MEDICA",AMB-65,,
2016-014114,28-02-2016,"09:15:52 a.m.","  CL. ELVIRA GARCIA Y GARCIA 3855       SAN MARTIN DE PORRES","EMERGENCIA MEDICA",AMB-9,-12.0223182541649,-77.0878338127059
2016-014113,28-02-2016,"09:15:22 a.m.","UR. SAGITARIO  MAZ A LOTE 52             SANTIAGO DE SURCO","EMERGENCIA MEDICA",AMB134-2,-12.1645627865796,-76.9963539644266
2016-014112,28-02-2016,"09:12:24 a.m.","AV, SAN CARLOS CON PROCERES            ","ACCIDENTE VEHICULAR","M10-1, M21-1, RES-100, RES-3, SAMU-121, SAMU-2",,
2016-014111,28-02-2016,"09:08:37 a.m.","PLAN VERANO            ","SERVICIO ESPECIAL","AMB-160, M111-1, M129-1, M13-1, M183-1, MED-49, RES-16",,
2016-014110,28-02-2016,"09:07:16 a.m.","  CL. LAS GROSELLAS (LOS NARDOS) (28) 731        SAN JUAN DE LURIGANCHO","EMERGENCIA MEDICA","AMB-160, M111-1, M129-1, M13-1, M183-1, MED-49, RES-16",-12.0167433550531,-77.0104905609609
2016-014109,28-02-2016,"09:03:37 a.m.","CARRETERAS - PANAMERICANAS PANAMERICANA SUR 28            LURIN","EMERGENCIA MEDICA",SAMU-105,-12.2664374110484,-76.9053543785826
2016-014108,28-02-2016,"09:02:13 a.m.","  JR. LAS GARZAS (6)  AZCARRUZ ALTO 1000       SAN JUAN DE LURIGANCHO","EMERGENCIA MEDICA",AMB-121,-12.0157858985084,-77.0011110955756
2016-014107,28-02-2016,"08:54:44 a.m.","  CL. MANUEL AMAT Y JUNIET 141        SANTIAGO DE SURCO","EMERGENCIA MEDICA",SAMU-134,-12.1446319592937,-76.9942913419073
2016-014106,28-02-2016,"08:52:45 a.m.","UR. VIRGEN DE LA PUERTA             LOS OLIVOS","EMERGENCIA MEDICA",SAMU-161,-12.0100812691799,-77.0740254823743
2016-014105,28-02-2016,"08:49:10 a.m.","P Q  ELVIRA GARCIA  Y GARCIA              SAN MARTIN DE PORRES","EMERGENCIA MEDICA",AMB-9,,
2016-014104,28-02-2016,"08:43:38 a.m.","  CL. FRANCISCO BOLOGNESI 500        BELLAVISTA","EMERGENCIA MEDICA",AMB-9,-12.063196663656,-77.1293440709718
2016-014103,28-02-2016,"08:39:46 a.m.","CARRETERAS - PANAMERICANAS PANAMERICANA NORTE 22            COMAS","EMERGENCIA MEDICA",SAMU-161,-11.9377560484273,-77.0712830697602
2016-014102,28-02-2016,"08:37:39 a.m.","  PJ. LAS BRISAS 380        LA VICTORIA","EMERGENCIA MEDICA",AMB-11,-12.0813500615391,-77.0068282023023
2016-014101,28-02-2016,"08:34:49 a.m.","AV. LOS INSURGENTES CRUCE CON AV. LA MARINA LA PERLA            LA PERLA","EMERGENCIA MEDICA",AMB-11,-12.0723272588525,-77.1055395510436
2016-014100,28-02-2016,"08:32:06 a.m.","PANAMERICANA NORTE KM 107            ","SERVICIO ESPECIAL",AMB-11,,
2016-014099,28-02-2016,"08:31:57 a.m.","JR. ARISTIDES  DEL CARPIO  1844       LIMA","EMERGENCIA MEDICA",AMB-60,,
2016-014098,28-02-2016,"08:31:17 a.m.","  AV. PACASMAYO 3600       SAN MARTIN DE PORRES","EMERGENCIA MEDICA",AMB-60,,
2016-014097,28-02-2016,"08:29:02 a.m.","  JR. LA VERACIDAD (16) (17) 8126       LOS OLIVOS","EMERGENCIA MEDICA",AMB-164,-11.9323948480243,-77.0756972247931
2016-014096,28-02-2016,"08:18:59 a.m.","  AV. CAMINO REAL 200        SAN ISIDRO","EMERGENCIA MEDICA",AMB-164,-12.0959468158016,-77.0355560557537
2016-014095,28-02-2016,"08:15:22 a.m.","  JR. WASHINGTON 991        LIMA","MATERIALES PELIGROSOS (INCIDENTE)","AMB-14, M3-1",-12.0519371025765,-77.0397855133252
2016-014094,28-02-2016,"08:11:54 a.m.","  PJ. BAHIA DE PISCO 144        SAN MIGUEL","EMERGENCIA MEDICA",AMB-60,-12.0694940620477,-77.1034714913587
2016-014093,28-02-2016,"08:03:20 a.m.","  AV. LOS QUECHUAS 300        ATE","EMERGENCIA MEDICA",AMB-60,-12.0740598954529,-76.9864707144983
2016-014092,28-02-2016,"08:02:15 a.m.","AV. PANAMERICANA NORTE CRUCE CON AV. CARLOS IZAGUIRRE INDEPENDENCIA            INDEPENDENCIA","EMERGENCIA MEDICA",AMB-60,,
2016-014091,28-02-2016,"08:01:58 a.m.","AV. SEPARADORA INDUSTRIAL (SANTA FELICIA) CRUCE CON AV. HUAROCHIRI (MELGAREJO) ATE - VITARTE            ","ACCIDENTE VEHICULAR","AMB-169, M127-1, M169-1",-12.0567341051965,-76.944692034667
2016-014090,28-02-2016,"07:58:33 a.m.","AH. VISTA AL MAR   MZ.  B  LOTE   3   CALLE   LAS  BRISAS              ","EMERGENCIA MEDICA",SAMU-120,-12.1905047317629,-76.9596292827064
2016-014089,28-02-2016,"07:58:09 a.m.","CO. LA LIBERTAD E LT 17 A            LOS OLIVOS","EMERGENCIA MEDICA",AMB-9,-12.0013879055224,-77.0825662191173
2016-014088,28-02-2016,"07:57:55 a.m.","  JR. SOLEDAD 487        LINCE","EMERGENCIA MEDICA",AMB-11,-12.0902998542809,-77.0310470757257
2016-014087,28-02-2016,"07:56:51 a.m.","MUNICIPALIDAD DE SAN LUIS             ","SERVICIO ESPECIAL",RES-8,,
2016-014086,28-02-2016,"07:55:24 a.m.","PANAMERICANA SUR  ALT PTE SAN PEDRO             LURIN","ACCIDENTE VEHICULAR","AMB-134, M125-1, SAMU-6",,
2016-014085,28-02-2016,"07:55:16 a.m.","PENTAGONITO             ","SERVICIO ESPECIAL","AMB-134, M125-1, SAMU-6",,
2016-014084,28-02-2016,"07:37:09 a.m.","BASE LAS PALAMAS             ","SERVICIO ESPECIAL","CIST-XXIV, ESC-134",,
2016-014083,28-02-2016,"07:36:28 a.m.","  JR. ANCASH 1415       LIMA","EMERGENCIA MEDICA",AMB-2,-12.0452377433764,-77.0134881137917
2016-014082,28-02-2016,"07:33:59 a.m.","  CL. JUAN DE BETANZOS 187        SAN MIGUEL","EMERGENCIA MEDICA",AMB-36,-12.0826733527035,-77.083146094959
2016-014081,28-02-2016,"07:31:49 a.m.","CARRETERAS - PANAMERICANAS PANAMERICANA SUR 30            LURIN","ACCIDENTE VEHICULAR","AMB-129, AMB-134, AMB-160, M125-1, M129-1, SAMU-6",-12.2761077343792,-76.889902557307
2016-014080,28-02-2016,"07:31:15 a.m.","CARRETERAS - PANAMERICANAS PANAMERICANA SUR 22            VILLA EL SALVADOR","ACCIDENTE VEHICULAR","AMB-160, M106-3, M155-1, SAMU-106",-12.2381510847331,-76.9521460827182
2016-014079,28-02-2016,"07:30:03 a.m.","CO. LOS CONSTRUCTORES             LA MOLINA","EMERGENCIA MEDICA",MED-96,-12.1082735836039,-76.9348162468879
2016-014078,28-02-2016,"07:16:14 a.m.","PLAN VERANO NORTE            CHANCAY","SERVICIO ESPECIAL","AMB-163, AMB-216, M20-1, M73-1",,
2016-014077,28-02-2016,"07:15:52 a.m.","  AV. EL CENTENARIO  PAMPLONA ALTA  000        SAN JUAN DE MIRAFLORES","EMERGENCIA MEDICA","AMB134-2, SAMU-134",-12.140255399473,-76.960901576149
2016-014076,28-02-2016,"07:12:54 a.m.","  JR. ENRIQUE LEON GARCIA 328        LA VICTORIA","EMERGENCIA MEDICA","AMB134-2, SAMU-134",-12.084520858712,-77.0219841078623
2016-014075,28-02-2016,"07:01:21 a.m.","PANAMERICANA SUR KM 128            SAN VICENTE DE CANETE","ACCIDENTE VEHICULAR",MED-49,,
2016-014074,28-02-2016,"06:56:32 a.m.","CALLE MEJICO CRUCE ROMA            ICA","EMERGENCIA MEDICA",AMB-22,,
2016-014073,28-02-2016,"06:45:36 a.m.","  JR. LUCANAS 241        LIMA","EMERGENCIA MEDICA",SAMU-10,-12.0541551524812,-77.0197198371251
2016-014072,28-02-2016,"06:40:38 a.m.","AV. PANAMERICANA NORTE (ALFREDO MENDIOLA) 300        SAN MARTIN DE PORRES","ACCIDENTE VEHICULAR","AMB-65, M161-1, RES-3",-12.0276265947117,-77.0584174667856
2016-014071,28-02-2016,"06:40:37 a.m.","B 160             PACHACAMAC","EMERGENCIA MEDICA",AMB-160,,
2016-014070,28-02-2016,"06:33:57 a.m.","AV. HAYA DE LA TORRE (7 DE ENERO) CRUCE CON CL. ELIAS CHUNGA ZAPATA (6) LA PERLA            LA PERLA","EMERGENCIA MEDICA",AMB-7,-12.0645299121007,-77.1085245955189
2016-014069,28-02-2016,"06:24:16 a.m.","CARRETERAS - PANAMERICANAS ANTIGUA PANAMERICANA SUR 43            PUNTA HERMOSA","EMERGENCIA MEDICA",AMB-7,,
2016-014068,28-02-2016,"06:18:40 a.m.","  AV. COSTANERA (COSTA VERDE) 000        MAGDALENA DEL MAR","EMERGENCIA MEDICA",AMB-36,-12.1038872702284,-77.0638401329936
2016-014067,28-02-2016,"06:08:13 a.m.","  CL. ANTON SANCHEZ 128        RIMAC","EMERGENCIA MEDICA",AMB-21,-12.0300430042981,-77.0293865528342
2016-014066,28-02-2016,"05:51:45 a.m.","FUNDO MADRIGAL             PISCO",INCENDIO,CIST-37,,
2016-014065,28-02-2016,"05:37:13 a.m.","CARRETERAS - PANAMERICANAS PANAMERICANA SUR 19            VILLA EL SALVADOR","ACCIDENTE VEHICULAR","AMB-120, AMB-13, M13-1, M6-1, SAMU-120",-12.2227719750406,-76.974339014509
2016-014064,28-02-2016,"05:35:53 a.m.","CARRETERAS - PANAMERICANAS PANAMERICANA SUR 5            SAN BORJA","EMERGENCIA MEDICA",SAMU-127,-12.1007186472599,-76.9798047568618
2016-014063,28-02-2016,"05:03:27 a.m.","  JR. ENRIQUE LEON GARCIA 253        VILLA EL SALVADOR","EMERGENCIA MEDICA",AMB-4,-12.0837958395414,-77.0220821073253
2016-014062,28-02-2016,"04:48:38 a.m.","  CL. JOSE GALVEZ 262        COMAS","EMERGENCIA MEDICA",AMB-168,-11.965022890057,-77.0532951013136
2016-014061,28-02-2016,"04:38:03 a.m.","AV 28 DE JULIO 180        ",INCENDIO,M20-1,,
2016-014060,28-02-2016,"04:14:41 a.m.","  CL. LOMA BLANCA (C) 257        SANTIAGO DE SURCO","EMERGENCIA MEDICA",AMB134-2,-12.133212878064,-76.9888652898108
2016-014059,28-02-2016,"04:10:29 a.m.","  JR. ITALIA (JOSE LUIS RAINUSSO) 160        MIRAFLORES","EMERGENCIA MEDICA",AMB-28,-12.1244203137856,-77.0343625863104
2016-014058,28-02-2016,"04:04:51 a.m.","AV. NARANJAL CRUCE CON AV. UNIVERSITARIA NORTE LOS OLIVOS            LOS OLIVOS",INCENDIO,"AMB-168, M161-1, M168-1, RES-124",-11.9779986641284,-77.0778391322062
2016-014057,28-02-2016,"03:42:04 a.m.","  AV. LAS FLORES DE PRIMAVERA (LAS FLORES) PAR 21  000        SAN JUAN DE LURIGANCHO","EMERGENCIA MEDICA","AMB-168, M161-1, M168-1, RES-124",-11.9990336215272,-77.0143628943266
2016-014056,28-02-2016,"03:17:47 a.m.","AV. LOS ALISOS (3) CRUCE CON AV. LOS PLATINOS (A) SAN MARTIN DE PORRES            SAN MARTIN DE PORRES","EMERGENCIA MEDICA",AMB-168,-11.9829207844231,-77.0826245878199
2016-014055,28-02-2016,"03:07:43 a.m.","AV. JAVIER PRADO ESTE CRUCE CON AV. SAN LUIS SAN BORJA            SAN BORJA","ACCIDENTE VEHICULAR","AMB-11, M127-1, RES-127",-12.0864878494348,-76.9966909381168
2016-014054,28-02-2016,"03:04:41 a.m.","  AV. MONTE DE LOS OLIVOS (EL BOSQUE) 210        SANTIAGO DE SURCO","EMERGENCIA MEDICA",AMB134-2,-12.1339096869303,-76.986459728337
2016-014053,28-02-2016,"03:01:38 a.m.","PANAMERICA NORTE             HUACHO","ACCIDENTE VEHICULAR",AMB-20,,
2016-014052,28-02-2016,"02:39:46 a.m.","GRL SUAREZ            MIRAFLORES",RESCATE,AUX-28,,
2016-014051,28-02-2016,"02:35:49 a.m.","  CL. VICTOR FAJARDO  INT 5 867        BELLAVISTA","EMERGENCIA MEDICA",MED-5,-12.0654098106358,-77.1311839285839
2016-014050,28-02-2016,"02:34:05 a.m.","  AV. SAN NICOLAS CON AV. SOL DE NARAJAL            SAN MARTIN DE PORRES","EMERGENCIA MEDICA",MED-5,-11.9680251801777,-77.1141458084362
2016-014049,28-02-2016,"02:20:12 a.m.","PJE. EL AMOR            ICA",INCENDIO,MED-5,,
2016-014048,28-02-2016,"02:16:09 a.m.","  AV. CHINCHAYSUYO 600        INDEPENDENCIA",INCENDIO,"AMB-168, M168-1",-11.9772753404397,-77.0483288613619
2016-014047,28-02-2016,"01:55:16 a.m.","RICARDO PALMA  S/N FABRICA BATAZOL             LURIGANCHO","ACCIDENTE VEHICULAR","AMB-168, M168-1",,
2016-014046,28-02-2016,"01:51:10 a.m.","  PQ. SANTA ISABEL 150        PUEBLO LIBRE","EMERGENCIA MEDICA",AMB-83,-12.0800561106752,-77.0705713940511
2016-014045,28-02-2016,"01:47:27 a.m.","  AV. MARTIR JOSE OLAYA 600        CHORRILLOS","EMERGENCIA MEDICA",AMB-13,-12.1683423305424,-77.0268520331154
2016-014044,28-02-2016,"01:45:07 a.m.","  CL. JOSE URDANIVIA GINES (23) 200        SAN BORJA","EMERGENCIA MEDICA",SAMU-127,-12.0817397605928,-76.9911055740225
2016-014043,28-02-2016,"01:41:24 a.m.","  CL. ANTON SANCHEZ 128        RIMAC","EMERGENCIA MEDICA",AMB-21,-12.0300430042981,-77.0293865528342
2016-014042,28-02-2016,"01:38:28 a.m.","  JR. PATIVILCA 1          PUEBLO LIBRE","EMERGENCIA MEDICA",AMB-36,-12.0733410998339,-77.0709825267818
2016-014041,28-02-2016,"01:31:10 a.m.","  JR. JUNIN 3049       SAN MARTIN DE PORRES","EMERGENCIA MEDICA",AMB-9,-12.0312290129041,-77.0789923152701
2016-014040,28-02-2016,"01:23:30 a.m.","  JR. ALFONSO UGARTE 400        SANTIAGO DE SURCO","EMERGENCIA MEDICA",AMB-16,-12.1498064405287,-77.0161958393534
2016-014039,28-02-2016,"01:08:59 a.m.","AV. CENTRAL CRUCE CON AV. TANTAMAYO SAN MARTIN DE PORRES            SAN MARTIN DE PORRES",INCENDIO,"AMB-168, M150-3, M168-1, M9-1",-11.9619221410135,-77.094389345568
2016-014038,28-02-2016,"01:06:11 a.m.","URB. SAN MIGUEL B 128            ICA",INCENDIO,"AMB-168, M150-3, M168-1, M9-1",,
2016-014037,28-02-2016,"12:57:22 a.m.","  CL. JOSE SANTOS ATAHUALPA (30) 119        COMAS","EMERGENCIA MEDICA",AMB-164,-11.9281398355027,-77.0518306059484
2016-014036,28-02-2016,"12:56:08 a.m.","  AV. MONTE DE LOS OLIVOS (EL BOSQUE) 210        SANTIAGO DE SURCO","EMERGENCIA MEDICA",AMB134-2,-12.1339096869303,-76.986459728337
2016-014035,28-02-2016,"12:50:34 a.m.","  CL. JOSE FAUSTINO SANCHEZ CARRION 205        INDEPENDENCIA","EMERGENCIA MEDICA",AMB-168,-11.9949313626441,-77.0533950674694
2016-014034,28-02-2016,"12:47:25 a.m.","UR. CIUDAD DEL PESCADOR SECTOR II MZ O2 LT 28            BELLAVISTA","EMERGENCIA MEDICA",MED-5,-12.0618272047449,-77.1054781069301
2016-014033,28-02-2016,"12:43:59 a.m.","PJ. VILLA EL SALVADOR SECTOR 1 GRUPO 16 I            VILLA EL SALVADOR","EMERGENCIA MEDICA",MED-5,-12.1929053535113,-76.9549570337204
2016-014032,28-02-2016,"12:43:34 a.m.","COMERCIAL MERCADO 12 DE MAYO            VILLA EL SALVADOR","EMERGENCIA MEDICA","AMB-106, SAMU-105",-12.1916804359286,-76.9552502110396
2016-014031,28-02-2016,"12:35:38 a.m.","AV. LIMA (LA VICTORIA) CRUCE CON JR. TIRAVANTI (VICTOR LAYNES) BARRANCO            BARRANCO","ACCIDENTE VEHICULAR","AMB-16, M13-1, M13-2",-12.1443238623587,-77.0159505420601
2016-014030,28-02-2016,"12:31:45 a.m.","  AV. JOSE PARDO 100        MIRAFLORES","EMERGENCIA MEDICA",AMB-28,-12.1190438301117,-77.029297098706
2016-014029,28-02-2016,"12:29:28 a.m.","AV. FRANCISCO JAVIER MARIATEGUI CRUCE CON JR. SINCHI ROCA JESUS MARIA            JESUS MARIA","EMERGENCIA MEDICA",AMB-4,-12.0768158427906,-77.0444095996916
2016-014028,28-02-2016,"12:22:27 a.m.","AH. JUAN PABLO II  J2 LT 18            SAN JUAN DE LURIGANCHO","ACCIDENTE VEHICULAR","M138-1, RES-21, SAMU-121",-11.9850027161491,-76.975803992993
2016-014027,28-02-2016,"12:18:14 a.m.","  JR. HUAMACHUCO 1600       JESUS MARIA","EMERGENCIA MEDICA",AMB-36,-12.0782795267082,-77.0507549075491
2016-014026,28-02-2016,"12:02:26 a.m.","PARADERO GRAU            CHACLACAYO","EMERGENCIA MEDICA",AMB-115,,
