ID,FECHA,HORA,DIRECCION,TIPO,UNIDADES,"CORDENADAS (lat)","CORDENADAS (lng)"
2016-012372,21-02-2016,"11:53:12 p.m.","VIZCACHERA ANEXO 2 JICAMARCA            SAN JUAN DE LURIGANCHO",INCENDIO,"M121-1, M138-4",,
2016-012371,21-02-2016,"11:52:11 p.m.","  JR. HUASCARAN 1200       LA VICTORIA","EMERGENCIA MEDICA",AMB-8,-12.0717078167535,-77.0273530826838
2016-012370,21-02-2016,"11:51:26 p.m.","  JR. PUNO 3386       SAN MARTIN DE PORRES","EMERGENCIA MEDICA",AMB-60,-12.0355776421296,-77.0849467204101
2016-012369,21-02-2016,"11:50:06 p.m.","  AV. REVOLUCION (ANDRES BELAUNDE) 2100       COMAS","EMERGENCIA MEDICA",AMB-164,-11.9131090473282,-77.0210477522247
2016-012368,21-02-2016,"11:47:13 p.m.","ALTILLO            ","ACCIDENTE VEHICULAR",AMB-80,,
2016-012367,21-02-2016,"11:41:06 p.m.","  CL. SALAZAR BONDY 2050       SAN MARTIN DE PORRES",RESCATE,AMB-80,-12.005954593669,-77.0844444051482
2016-012366,21-02-2016,"11:36:18 p.m.",,"EMERGENCIA MEDICA",SAMU-10,-12.0567233797247,-77.048141093914
2016-012365,21-02-2016,"11:35:26 p.m.","  AV. ZARUMILLA 700        SAN MARTIN DE PORRES","EMERGENCIA MEDICA",AMB-65,-12.0339778047901,-77.0516213657805
2016-012364,21-02-2016,"11:35:21 p.m.","  AV. INDEPENDENCIA (ALCIDES VIGO HURTADO) MZ D LOTYE 60 000        SAN MARTIN DE PORRES","EMERGENCIA MEDICA",AMB-65,,
2016-012363,21-02-2016,"11:31:30 p.m.","  JR. ISOLINA SOTO 670        SAN MARTIN DE PORRES","EMERGENCIA MEDICA",AMB-9,-12.0198585986056,-77.0766448526517
2016-012362,21-02-2016,"11:10:11 p.m.","  JR. CORONEL FRANCISCO BOLOGNESI (ENRIQUE LLOSA) 200        MAGDALENA DEL MAR","EMERGENCIA MEDICA",AMB-202,-12.0925743412986,-77.0701985896506
2016-012361,21-02-2016,"11:07:32 p.m.","ELECTRA 173        CHORRILLOS","EMERGENCIA MEDICA",SAMU-6,,
2016-012360,21-02-2016,"10:49:38 p.m.","CL. ABRAHAM VALDELOMAR G16            ICA","EMERGENCIA MEDICA",AMB-22,,
2016-012359,21-02-2016,"10:38:46 p.m.","  CL. NICOLAS COPERNICO (1) MAZ A LT 14 100        LA MOLINA","EMERGENCIA MEDICA",MED-96,-12.0615518749877,-76.9460924967054
2016-012358,21-02-2016,"10:35:43 p.m.","AV CAHUAS CDRA 600            ","EMERGENCIA MEDICA",AMB-44,,
2016-012357,21-02-2016,"10:25:52 p.m.","UR. SANTO DOMINGO III ETAPA M1            CARABAYLLO","MATERIALES PELIGROSOS (INCIDENTE)","AMB-164, M164-1",-11.8803157584876,-77.0338515833467
2016-012356,21-02-2016,"10:22:54 p.m.","  JR. MARISCAL WILLIAM MILLER 1874       LINCE","EMERGENCIA MEDICA",AMB-202,-12.0833260460762,-77.0370640796717
2016-012355,21-02-2016,"10:12:19 p.m.","AV. EVITAMIENTO (CIRCUNVALACION) 000        RIMAC","EMERGENCIA MEDICA",SAMU-10,-12.0407855148016,-77.0175601787174
2016-012354,21-02-2016,"10:11:02 p.m.","AV. RAUL FERRERO REBAGLIATI (LA RINCONADA) CRUCE CON AV. LOS FRESNOS (LOS FICUS) LA MOLINA            LA MOLINA","ACCIDENTE VEHICULAR","AMB-11, M127-1, RES-127",-12.0892314865743,-76.9479179164066
2016-012353,21-02-2016,"10:09:17 p.m.","CL BUENOS AIRES CASETA DE SERENAZGO             ","EMERGENCIA MEDICA",AMB-32,,
2016-012352,21-02-2016,"10:06:55 p.m.","CL BALAGUER             ","ACCIDENTE VEHICULAR","MED32, RES-115",,
2016-012351,21-02-2016,"10:03:54 p.m.","AH. HIJOS DE VILLA LOS REYES F LOTE 12            VENTANILLA","EMERGENCIA MEDICA",AMB-75,-11.8326236561534,-77.1264880602711
2016-012350,21-02-2016,"09:56:54 p.m.",,"EMERGENCIA MEDICA",AMB-8,-12.0523903345605,-77.0536361157181
2016-012349,21-02-2016,"09:51:00 p.m.","  CL. LOS PINOS MAZ C LOTE 4 1000       CHACLACAYO","EMERGENCIA MEDICA",AMB-115,-11.9786228277435,-76.7656185145368
2016-012348,21-02-2016,"09:50:16 p.m.","  AV. LIMA (ATOCONGO) 846        VILLA MARIA DEL TRIUNFO","EMERGENCIA MEDICA",AMB-155,-12.2104908453646,-76.9061158502353
2016-012347,21-02-2016,"09:47:04 p.m.","  CL. 6 DE AGOSTO 1019       JESUS MARIA","MATERIALES PELIGROSOS (INCIDENTE)","AMB-202, M202-1",-12.0738198058878,-77.0455085693591
2016-012346,21-02-2016,"09:45:44 p.m.","PQ. ECHENIQUE            LURIGANCHO","EMERGENCIA MEDICA",MED32,,
2016-012345,21-02-2016,"09:38:38 p.m.","  AV. REDUCTO 1271       MIRAFLORES","EMERGENCIA MEDICA",AMB134-2,-12.1312504054064,-77.0236423726943
2016-012344,21-02-2016,"09:37:55 p.m.","  JR. MURILLO 202        SAN BORJA","EMERGENCIA MEDICA",AMB-11,-12.0915303006159,-76.9988805554461
2016-012343,21-02-2016,"09:36:55 p.m.","  CL. LIBERTAD 000        LURIGANCHO","EMERGENCIA MEDICA",MED32,-11.9720812990978,-76.7712605839552
2016-012342,21-02-2016,"09:31:01 p.m.","  AV. NICOLAS DE PIEROLA 000        ","EMERGENCIA MEDICA",MED32,-12.0301487648938,-76.8925365760645
2016-012341,21-02-2016,"09:30:45 p.m.","  AV. CIRCUNVALACION 1300       LA VICTORIA","EMERGENCIA MEDICA",AMB-8,-12.0667543507761,-76.9977623373999
2016-012340,21-02-2016,"09:18:33 p.m.","  JR. JOSE MANUEL ITURREGUI (GENERAL MANUEL VELARDE) 1000       SURQUILLO","EMERGENCIA MEDICA",AMB-11,-12.1084178265562,-77.01946158712
2016-012339,21-02-2016,"09:18:12 p.m.","  CL. MARIANO PASTOR SEVILLA 200        PUEBLO LIBRE",INCENDIO,M36-1,-12.0732753965691,-77.0661592971682
2016-012338,21-02-2016,"09:15:25 p.m.","HACIENDA CARABELLO            ICA","EMERGENCIA MEDICA","AMB-22, M22-1",,
2016-012337,21-02-2016,"09:14:59 p.m.","PLAYA PARAISO             ","SERVICIO ESPECIAL","AUX-20, RES-20",,
2016-012336,21-02-2016,"09:14:27 p.m.","CL. ARICA  419        NAZCA","EMERGENCIA MEDICA",AMB-82,,
2016-012335,21-02-2016,"09:11:27 p.m.",,"EMERGENCIA MEDICA",AMB-8,-12.0481542958608,-77.026096330797
2016-012334,21-02-2016,"09:08:56 p.m.","  AV. DEFENSORES DEL MORRO (HUAYLAS) 1700       CHORRILLOS","EMERGENCIA MEDICA",AMB-120,-12.1779058784728,-77.0157124679678
2016-012333,21-02-2016,"09:08:52 p.m.","  AV. DEFENSORES DEL MORRO (HUAYLAS) 2000       CHORRILLOS","EMERGENCIA MEDICA",SAMU-6,-12.1801940399885,-77.0136409282369
2016-012332,21-02-2016,"09:07:52 p.m.","  CL. LOS HEROS 110        BELLAVISTA","EMERGENCIA MEDICA",AMB-9,-12.0610524929724,-77.1313378428488
2016-012331,21-02-2016,"09:00:57 p.m.","  CL. 2 DE MAYO 235        SAN MIGUEL","EMERGENCIA MEDICA",AMB-60,-12.0790655065597,-77.1057956042106
2016-012330,21-02-2016,"08:59:31 p.m.","  AV. SANTA CRUZ (ELIAS RENAN) 814        MIRAFLORES","EMERGENCIA MEDICA",AMB134-2,-12.1103650752346,-77.0373226016002
2016-012329,21-02-2016,"08:58:39 p.m.","CAMINO A LIMA            ",INCENDIO,M44-1,,
2016-012328,21-02-2016,"08:52:37 p.m.","  JR. HUARI 507        LIMA","EMERGENCIA MEDICA",AMB-8,-12.0501475250325,-77.0138887368255
2016-012327,21-02-2016,"08:52:25 p.m.","CARRETERA HUARAL LIMA ALT DEL PUENTE CHANCAY            ","EMERGENCIA MEDICA",AMB-44,,
2016-012326,21-02-2016,"08:49:05 p.m.","CARRETERAS - PANAMERICANAS PANAMERICANA SUR 24            VILLA EL SALVADOR","ACCIDENTE VEHICULAR","M106-3, M155-1, SAMU-105",-12.2464653171637,-76.9358703916604
2016-012325,21-02-2016,"08:39:05 p.m.","CARRETERAS - PANAMERICANAS PANAMERICANA NORTE 33.88            PUENTE PIEDRA","ACCIDENTE VEHICULAR","AMB-75, M150-1, RES-124, SAMU-168",-11.8421784127606,-77.1022266388089
2016-012324,21-02-2016,"08:32:14 p.m.",,"EMERGENCIA MEDICA",SAMU-121,,
2016-012323,21-02-2016,"08:31:44 p.m.","AV. ACOMAYO  1          ICA","EMERGENCIA MEDICA",AMB-22,,
2016-012322,21-02-2016,"08:25:10 p.m.","AV. AREQUIPA CRUCE CON AV. ANGAMOS OESTE MIRAFLORES            MIRAFLORES","EMERGENCIA MEDICA",AMB-202,-12.1137021885914,-77.0299129423239
2016-012321,21-02-2016,"08:21:58 p.m.","  AV. ENRIQUE MEIGGS (22 DE DICIEMBRE) 900        LIMA","EMERGENCIA MEDICA",AMB-65,-12.0398194183015,-77.0555817584269
2016-012320,21-02-2016,"08:19:43 p.m.","  CL. ANDRES LUNA SEMINARIO (LOUIS SULLIVAN) (1) 212        SURQUILLO","EMERGENCIA MEDICA",AMB134-2,-12.1155402287613,-77.0073467095501
2016-012319,21-02-2016,"08:18:15 p.m.","AV CHANCAY CDRA 5            HUARAL","EMERGENCIA MEDICA",AMB-44,,
2016-012318,21-02-2016,"08:13:15 p.m.","  JR. BATALLA DE TARAPACA (CAPITAN DE NAVIO OCTAVIO CAVERO) 150        BARRANCO","EMERGENCIA MEDICA",SAMU-6,-12.1528563583163,-77.021810541264
2016-012317,21-02-2016,"08:09:25 p.m.","AV. UNIVERSITARIA CRUCE CON AV. MARISCAL JOSE LA MAR SAN MIGUEL            SAN MIGUEL","EMERGENCIA MEDICA",AMB-202,-12.0749157685693,-77.080331639401
2016-012316,21-02-2016,"08:05:19 p.m.","PANAMERICA NORTE KM 155            HUAURA","ACCIDENTE VEHICULAR",AMB-20,,
2016-012315,21-02-2016,"08:04:31 p.m.","PAN NORTE KM  158             HUACHO","ACCIDENTE VEHICULAR",AMB-20,,
2016-012314,21-02-2016,"08:03:30 p.m.","  CL. ANTONIO RAYMONDI  304        BELLAVISTA","EMERGENCIA MEDICA",MED-5,-12.055953431335,-77.0943395384827
2016-012313,21-02-2016,"07:51:43 p.m.","  AV. NICOLAS AYLLON 1100       ATE","EMERGENCIA MEDICA",AMB-8,-12.0635928650033,-76.9975218558312
2016-012312,21-02-2016,"07:48:25 p.m.","AV. LOS DOMINICOS CRUCE CON AV. TOMAS VALLE CALLAO            CALLAO","EMERGENCIA MEDICA","AMB-65, AMB-9",-12.0133589873002,-77.0953341122726
2016-012311,21-02-2016,"07:40:38 p.m.","  AV. REDUCTO 1555       MIRAFLORES",RESCATE,M11-1,-12.1341387997287,-77.0234457703087
2016-012310,21-02-2016,"07:39:04 p.m.",,"EMERGENCIA MEDICA",AMB-202,-12.0574703660089,-77.0452190671474
2016-012309,21-02-2016,"07:36:17 p.m.","  CL. SANTA ANA (CALLAO) 100        SAN MIGUEL","MATERIALES PELIGROSOS (INCIDENTE)",M83-1,-12.089126066045,-77.0755310545982
2016-012308,21-02-2016,"07:30:34 p.m.","  AV. TUPAC AMARU KM 18.5 000        CARABAYLLO","EMERGENCIA MEDICA",AMB-164,-11.8755553491596,-77.0163422567612
2016-012307,21-02-2016,"07:29:46 p.m.","  AV. SALAVERRY 000        JESUS MARIA","EMERGENCIA MEDICA",AMB-202,-12.0702923194437,-77.0404405547934
2016-012306,21-02-2016,"07:27:44 p.m.","UNIVERSITARIA ESQ AV NARANJAL             SAN MARTIN DE PORRES","EMERGENCIA MEDICA",AMB-65,,
2016-012305,21-02-2016,"07:27:37 p.m.","AV. TOMAS VALLE CRUCE CON AV. LOS DOMINICOS CALLAO            CALLAO","EMERGENCIA MEDICA","AMB-65, AMB-9",-12.0133589873002,-77.0953341122726
2016-012304,21-02-2016,"07:22:57 p.m.",,"EMERGENCIA MEDICA","AMB-164, AMB124-2",-11.9571897861483,-77.0484155890224
2016-012303,21-02-2016,"07:21:38 p.m.","  AV. REYNALDO SAAVEDRA PINON 2500       LIMA","EMERGENCIA MEDICA",AMB-36,-12.0547335309821,-77.0706816946869
2016-012302,21-02-2016,"07:17:38 p.m.","AV. SAN LUIS CRUCE CON AV. CANADA SAN BORJA            SAN BORJA","EMERGENCIA MEDICA",SAMU-127,-12.0825834643558,-76.9973208219707
2016-012301,21-02-2016,"07:15:58 p.m.","  AV. LOS PORTALES (16) 000        LOS OLIVOS","EMERGENCIA MEDICA",AMB124-2,-11.9430341634553,-77.0742466797645
2016-012300,21-02-2016,"07:14:20 p.m.","  JR. TACNA SUR (ARICA) 572        CALLAO","EMERGENCIA MEDICA",AMB-1,-12.063238435051,-77.1350748057299
2016-012299,21-02-2016,"07:11:17 p.m.","PAN SUR ALT BALANZA            ICA","EMERGENCIA MEDICA",AMB-22,,
2016-012298,21-02-2016,"07:09:16 p.m.","  AV. EL CARMEN 414        SANTIAGO DE SURCO","EMERGENCIA MEDICA",AMB134-2,-12.1480360557427,-76.9881111536645
2016-012297,21-02-2016,"07:08:51 p.m.","AH. BUENOS AIRES DE VILLA 46            CHORRILLOS","EMERGENCIA MEDICA",SAMU-6,-12.1895106383427,-77.0006154384369
2016-012296,21-02-2016,"07:04:24 p.m.","PLAYA SAN PEDRO             LURIN","EMERGENCIA MEDICA",AMB-129,,
2016-012295,21-02-2016,"07:04:02 p.m.","  CL. M. VILLAVICENCIO 475        ","EMERGENCIA MEDICA",AMB-9,-12.0263271013588,-77.057752566062
2016-012294,21-02-2016,"07:03:12 p.m.","  JR. ABTAO 715        LA VICTORIA","EMERGENCIA MEDICA",AMB-8,-12.0657123538856,-77.0224041113087
2016-012293,21-02-2016,"07:02:18 p.m.","UR. JUAN XXIII A  LOT 81 CALLE  OMEGA             SAN BORJA","EMERGENCIA MEDICA",AMB-11,-12.1075982308803,-76.9997987557557
2016-012292,21-02-2016,"06:52:21 p.m.","PLAYA HERMOSA             MARCONA","SERVICIO ESPECIAL",MED-152,,
2016-012291,21-02-2016,"06:40:12 p.m.","AH. HEROES DEL  CENEPA MZ A LT 11            VILLA EL SALVADOR",INCENDIO,"M106-3, M155-1, SAMU-106",-12.2488631374909,-76.9313981399516
2016-012290,21-02-2016,"06:28:34 p.m.","AV SAN MARTIN AH. JUAN PABLO II  3RA ZONA            SAN JUAN DE LURIGANCHO","EMERGENCIA MEDICA","M121-1, SAMU-121",-11.9871883804293,-76.9751253611161
2016-012289,21-02-2016,"06:20:44 p.m.","JR. CRESPO Y CASTILLO 2944       SAN MARTIN DE PORRES","EMERGENCIA MEDICA",AMB-65,,
2016-012288,21-02-2016,"06:19:37 p.m.",,INCENDIO,"M155-1, SAMU-106",-12.1483942751097,-76.9496295484724
2016-012287,21-02-2016,"06:16:27 p.m.","AV. FELIPE SANTIAGO SALAVERRY CRUCE CON CL. BARCELONA SAN ISIDRO            SAN ISIDRO","EMERGENCIA MEDICA",AMB-36,-12.091637856328,-77.0523245992323
2016-012286,21-02-2016,"06:11:15 p.m.","  CL. LAS AGUILAS (1) 400        CALLAO","EMERGENCIA MEDICA",AMB-9,-12.0130234065744,-77.092304300289
2016-012285,21-02-2016,"06:10:20 p.m.","AV. AVIACION CRUCE CON AV. ANGAMOS ESTE (PRIMAVERA) SAN BORJA            SAN BORJA","EMERGENCIA MEDICA",AMB-28,-12.1110426097379,-77.0003732955998
2016-012284,21-02-2016,"06:09:45 p.m.","SARAGOSA 125        LA MOLINA","EMERGENCIA MEDICA",MED-96,,
2016-012283,21-02-2016,"06:06:33 p.m.","CARRETERA HUANTA PIQUIMACHAY            AYACUCHO","ACCIDENTE VEHICULAR",MED-63,,
2016-012282,21-02-2016,"06:03:26 p.m.","PUENTE VILLA            CHORRILLOS","ACCIDENTE VEHICULAR",AMB-6,,
2016-012281,21-02-2016,"05:51:21 p.m.","  AV. UNIVERSITARIA 709        SAN MIGUEL","EMERGENCIA MEDICA",SAMU-83,,
2016-012280,21-02-2016,"05:44:46 p.m.","MARIA RICHE             NAZCA","ACCIDENTE VEHICULAR",AMB-82,,
2016-012279,21-02-2016,"05:42:23 p.m.","BOLOGNESI             SANTA ANA DE HUAYCAHUACHO","EMERGENCIA MEDICA",AMB-138,,
2016-012278,21-02-2016,"05:36:54 p.m.",,"EMERGENCIA MEDICA",SAMU-14,-12.0523903345605,-77.0536361157181
2016-012277,21-02-2016,"05:36:49 p.m.","AV. AVIACION CRUCE CON JR. HIPOLITO UNANUE LA VICTORIA            LA VICTORIA","EMERGENCIA MEDICA",SAMU-4,-12.0650967889404,-77.0125485446774
2016-012276,21-02-2016,"05:30:57 p.m.","  CL. ABANCAY 100        SAN JUAN DE LURIGANCHO","EMERGENCIA MEDICA",SAMU-10,-12.0273690969269,-77.0128670261283
2016-012275,21-02-2016,"05:30:19 p.m.","  AV. PACHACUTEC 4577       VILLA MARIA DEL TRIUNFO","EMERGENCIA MEDICA",AMB-106,-12.1882859063616,-76.9383380728574
2016-012274,21-02-2016,"05:24:52 p.m.","CLL  CUARASAO            LA MOLINA","EMERGENCIA MEDICA",MED-96,,
2016-012273,21-02-2016,"05:15:29 p.m.","  AV. PEDRO VENTURO 500        SANTIAGO DE SURCO","EMERGENCIA MEDICA",SAMU-120,-12.1222812666443,-76.9920389099275
2016-012272,21-02-2016,"05:10:32 p.m.","AREQUIPA            PATIVILCA","EMERGENCIA MEDICA",AMB-91,,
2016-012271,21-02-2016,"05:08:26 p.m.","AV. SIMON BOLIVAR CRUCE CON AV. REVOLUCION VILLA EL SALVADOR            VILLA EL SALVADOR","EMERGENCIA MEDICA",SAMU-105,-12.2158764440554,-76.9352315846084
2016-012270,21-02-2016,"05:05:48 p.m.","EDUCACION I.E. MARIANO MELGAR NRO. 6019            VILLA MARIA DEL TRIUNFO","EMERGENCIA MEDICA",SAMU-106,-12.1788304685272,-76.9473671182474
2016-012269,21-02-2016,"05:02:40 p.m.","  AV. ANGELICA GAMARRA 1400       LOS OLIVOS","EMERGENCIA MEDICA",AMB-9,-12.0061018244516,-77.0761611340275
2016-012268,21-02-2016,"05:00:22 p.m.","  AV. ANGAMOS ESTE (PRIMAVERA) 100        SANTIAGO DE SURCO","EMERGENCIA MEDICA",SAMU-127,-12.1048337606601,-76.9652761729533
2016-012267,21-02-2016,"04:49:29 p.m.",,"EMERGENCIA MEDICA",SAMU-138,,
2016-012266,21-02-2016,"04:47:42 p.m.","UR. CIUDAD DEL PESCADOR SECTOR III T3  LT 5             BELLAVISTA","EMERGENCIA MEDICA",MED-18,-12.0599828788319,-77.1099391908035
2016-012265,21-02-2016,"04:45:17 p.m.","VIA EXPRESA ALT PTE SCHELL 000        MIRAFLORES","ACCIDENTE VEHICULAR","AMB-28, AMB134-2, M11-1, M28-1",,
2016-012264,21-02-2016,"04:27:40 p.m.","  JR. ALBERTO SECADA 300        CALLAO",INCENDIO,M5-1,-12.0634614144839,-77.144682458237
2016-012263,21-02-2016,"04:20:40 p.m.","CARRETERAS - PANAMERICANAS CARRETERA CENTRAL 2            ATE","ACCIDENTE VEHICULAR","M138-1, MED-96, RES-127",-12.0513622365589,-76.9566070965374
2016-012262,21-02-2016,"04:19:25 p.m.","  JR. JOSE GALVEZ 270        CARMEN DE LA LEGUA REYNOS","EMERGENCIA MEDICA",AMB-60,-12.03938998697,-77.0911087760854
2016-012261,21-02-2016,"04:17:19 p.m.","PLAYA  ARICA            LURIN","EMERGENCIA MEDICA",AMB-129,,
2016-012260,21-02-2016,"04:10:16 p.m.","  CL. JUAN PABLO II 200        SANTA ANITA","EMERGENCIA MEDICA",SAMU-127,-12.0342417923792,-76.9502120906304
2016-012259,21-02-2016,"04:06:06 p.m.","AH. SAN GENARO I E            ","EMERGENCIA MEDICA",SAMU-6,-12.1925195526491,-77.0180079244269
2016-012258,21-02-2016,"03:50:38 p.m.","AV. CAYETANO HEREDIA CRUCE CON AV. BRASIL JESUS MARIA            JESUS MARIA","EMERGENCIA MEDICA",AMB-4,-12.0771007478969,-77.05531001851
2016-012257,21-02-2016,"03:40:14 p.m.","  PR. EL CARMEN 231        CARABAYLLO","EMERGENCIA MEDICA",SAMU-21,-11.8852500795689,-77.0223622694473
2016-012256,21-02-2016,"03:28:36 p.m.","AV. METROPOLITANA CRUCE CON AV. DEL MAESTRO PERUANO COMAS            COMAS","EMERGENCIA MEDICA",SAMU-21,-11.9647377140643,-77.0619195402824
2016-012255,21-02-2016,"03:26:31 p.m.",,"EMERGENCIA MEDICA",AMB-60,-12.0492032401402,-77.136275102933
2016-012254,21-02-2016,"03:22:57 p.m.","URB LIBERTAD             ",INCENDIO,M49-1,,
2016-012253,21-02-2016,"03:22:34 p.m.","AV. METROPOLITANA CRUCE CON AV. DEL MAESTRO PERUANO COMAS            COMAS","EMERGENCIA MEDICA",SAMU-161,-11.9647377140643,-77.0619195402824
2016-012252,21-02-2016,"03:15:33 p.m.","URB  APARICIO  ALT  MERCADO  MASU            HUARAL",INCENDIO,M44-1,,
2016-012251,21-02-2016,"03:12:20 p.m.","PALZA DE ARMAS  DE NAZCA            NAZCA","EMERGENCIA MEDICA",AMB-82,,
2016-012250,21-02-2016,"03:08:38 p.m.","  CL. ROQUE VARGAS PRADA  DPTO 301 188        SAN BORJA","EMERGENCIA MEDICA",AMB-11,-12.1088388252116,-77.0057030828344
2016-012249,21-02-2016,"03:05:15 p.m.","AV. CENTRAL PAR 2             SAN JUAN DE LURIGANCHO",INCENDIO,"M121-1, SAMU-121",,
2016-012248,21-02-2016,"03:01:56 p.m.","CARRETERAS - PANAMERICANAS PANAMERICANA SUR 33.7            LURIN","EMERGENCIA MEDICA","M121-1, SAMU-121",-12.294052799308,-76.8612049878008
2016-012247,21-02-2016,"02:59:21 p.m.","  CL. MARCOS NICOLINI 174        SAN MARTIN DE PORRES","EMERGENCIA MEDICA",SAMU-21,,
2016-012246,21-02-2016,"02:54:36 p.m.","  PJ. PIZARRO 700        EL AGUSTINO","EMERGENCIA MEDICA",SAMU-14,-12.053041014386,-77.0050426490819
2016-012245,21-02-2016,"02:51:19 p.m.","  JR. ALBERTO SECADA 198        CALLAO","EMERGENCIA MEDICA",MED-18,-12.0637297234732,-77.1468168935523
2016-012244,21-02-2016,"02:50:06 p.m.","CL. JOSE OLAYA BALANDRA MZ D            LURIN","EMERGENCIA MEDICA",AMB-155,,
2016-012243,21-02-2016,"02:49:50 p.m.","CUTERVO CDRA 3            ICA","EMERGENCIA MEDICA",AMB-22,,
2016-012242,21-02-2016,"02:43:24 p.m.","  AV. NEPOMUCENO VARGAS 482        SAN JUAN DE MIRAFLORES","EMERGENCIA MEDICA",AMB-120,-12.1493808124309,-76.9725565619411
2016-012241,21-02-2016,"02:33:23 p.m.","  AV. GUARDIA CIVIL (ANTONIO VARGAS) (CONDORES) 951        CHORRILLOS",RESCATE,RES-16,,
2016-012240,21-02-2016,"02:27:32 p.m.","CIUDAD  DEL PESCADOR  MZ S LT 17            BELLAVISTA","EMERGENCIA MEDICA",MED-5,,
2016-012239,21-02-2016,"02:23:33 p.m.","AMAZONAS LA CDRA 1            ICA","EMERGENCIA MEDICA",AMB-22,,
2016-012238,21-02-2016,"02:19:19 p.m.","  AV. ALFREDO BENAVIDES 1500       MIRAFLORES","EMERGENCIA MEDICA",AMB-28,-12.1265760357566,-77.016681952712
2016-012237,21-02-2016,"02:19:17 p.m.","CL. 1 CENTRO COMERCIAL             VENTANILLA","EMERGENCIA MEDICA",AMB-75,,
2016-012236,21-02-2016,"02:18:36 p.m.","CARRETERAS - PANAMERICANAS CARRETERA CENTRAL 13.            ATE",INCENDIO,"M138-1, RES-127",-12.0087565732438,-76.8630691514878
2016-012235,21-02-2016,"02:16:53 p.m.","  AV. EL SOL 177        SANTIAGO DE SURCO","EMERGENCIA MEDICA","AMB-120, AMB134-2",-12.1479882114512,-76.9917596325753
2016-012234,21-02-2016,"02:16:44 p.m.","DOMINGO DE LA PAZ PACHACUTEC             ","EMERGENCIA MEDICA",AMB-207,,
2016-012233,21-02-2016,"02:13:25 p.m.","CL . ORCONA             NAZCA","ACCIDENTE VEHICULAR",AMB-82,,
2016-012232,21-02-2016,"02:12:39 p.m.","PANAMERICANA  SUR  KM 300            ICA","EMERGENCIA MEDICA",AMB-22,,
2016-012231,21-02-2016,"01:59:25 p.m.","ESTADIO NACIONAL             ","SERVICIO ESPECIAL",AMB-8,,
2016-012230,21-02-2016,"01:52:35 p.m.","CENTRO COMERCIAL SANTA CLARA             SANTA ANITA","EMERGENCIA MEDICA",AMB-169,,
2016-012229,21-02-2016,"01:50:03 p.m.","PLAYA SAN PEDRO            LURIN","EMERGENCIA MEDICA",AMB-129,,
2016-012228,21-02-2016,"01:44:46 p.m.","PLAYA  YAYA            CHILCA","EMERGENCIA MEDICA","AMB-129, AMB-134, M133-1, RES-125",,
2016-012227,21-02-2016,"01:42:11 p.m.","  JR. CORONEL JOAQUIN BERNAL 920        LINCE","EMERGENCIA MEDICA",AMB-14,-12.0877573510117,-77.0415310552753
2016-012226,21-02-2016,"01:39:56 p.m.",,"EMERGENCIA MEDICA",MED-18,-12.0607052510426,-77.1404439458856
2016-012225,21-02-2016,"01:38:19 p.m.","UV DEL RIMAC BLOCK 47 DPTO 208            RIMAC","EMERGENCIA MEDICA",SAMU-10,-12.0307117601332,-77.0342416007311
2016-012224,21-02-2016,"01:38:05 p.m.","UR. MARTIR OLAYA D            LURIN","EMERGENCIA MEDICA",SAMU-10,-12.3059188824606,-76.839953044291
2016-012223,21-02-2016,"01:38:00 p.m.","HUARANGAL            ","EMERGENCIA MEDICA",AMB-150,,
2016-012222,21-02-2016,"01:34:51 p.m.","PARDO DE ZELA CON AV AREQUIPA            LINCE","EMERGENCIA MEDICA",AMB-4,,
2016-012221,21-02-2016,"01:33:21 p.m.","  AV. 27 DE DICIEMBRE (PACHACUTEC) 400        VILLA MARIA DEL TRIUNFO","EMERGENCIA MEDICA",SAMU-120,,
2016-012220,21-02-2016,"01:27:52 p.m.","AV PERU            HUACHO","ACCIDENTE VEHICULAR",SAMU-120,,
2016-012219,21-02-2016,"01:26:21 p.m.","AV   PERU    PANAMERICANA  NUEVA             ","ACCIDENTE VEHICULAR","AMB-20, RES-20",,
2016-012218,21-02-2016,"01:23:50 p.m.","PANAMERICANA  NORTE ALT  AV. PERU            HUACHO","EMERGENCIA MEDICA","AMB-20, RES-20",,
2016-012217,21-02-2016,"01:22:01 p.m.",,"EMERGENCIA MEDICA",MED-5,-12.0593730698635,-77.1175085418602
2016-012216,21-02-2016,"01:19:04 p.m.","  CL. SAN JOSE 224        BELLAVISTA","EMERGENCIA MEDICA",AMB-60,-12.0545228430944,-77.0954170905015
2016-012215,21-02-2016,"01:10:30 p.m.","PLAYA PUNTA NEGRA            ","EMERGENCIA MEDICA","AMB-134, RES-125",,
2016-012214,21-02-2016,"01:07:43 p.m.","  PR. VILCANOTA 219        INDEPENDENCIA","EMERGENCIA MEDICA",SAMU-161,-11.9842485679728,-77.0398200640937
2016-012213,21-02-2016,"12:53:08 p.m.","CARRETERAS - PANAMERICANAS PANAMERICANA NORTE 32.5            PUENTE PIEDRA","ACCIDENTE VEHICULAR","AMB-207, M184-1, RESLIG-150, SAMU-150",-11.8510712275122,-77.0914659352169
2016-012212,21-02-2016,"12:50:57 p.m.","AV. LIMA (ATOCONGO) CRUCE CON AV. ARICA VILLA MARIA DEL TRIUNFO            VILLA MARIA DEL TRIUNFO","MATERIALES PELIGROSOS (INCIDENTE)","AMB-129, AMB-155, M106-3, M155-1, M160-1",-12.210195722189,-76.9062043956199
2016-012211,21-02-2016,"12:50:55 p.m.","PQ  LA CULTURA             ","EMERGENCIA MEDICA",AMB-44,,
2016-012210,21-02-2016,"12:49:45 p.m.","  AV. EL SOL ESTE (MANUEL LAYNES)   DTO  501  112        BARRANCO","EMERGENCIA MEDICA","AMB-28, M28-1",-12.1394823206491,-77.0216210730464
2016-012209,21-02-2016,"12:46:47 p.m.","AH. 2 DE AGOSTO F LOTE 14            COMAS","EMERGENCIA MEDICA",AMB-150,-11.8977443468113,-77.0427127126457
2016-012208,21-02-2016,"12:42:47 p.m.","  AV. 15 DE JULIO 000        ATE","EMERGENCIA MEDICA",AMB-169,-12.0107364639958,-76.8230802710774
2016-012207,21-02-2016,"12:40:47 p.m.","  CL. MARCO 318        INDEPENDENCIA","EMERGENCIA MEDICA",AMB-65,-11.9740238055558,-77.0459371065995
2016-012206,21-02-2016,"12:37:20 p.m.","AH. CIUDAD DE GOSEN MZ A1 LT 12            VILLA MARIA DEL TRIUNFO",INCENDIO,"M106-3, M11-1, M155-1, SAMU-106",,
2016-012205,21-02-2016,"12:33:10 p.m.","AV. CHIMPU OCLLO CRUCE CON AV. UNIVERSITARIA CARABAYLLO            CARABAYLLO",INCENDIO,"M150-3, M164-1, RESLIG-150, SAMU-150",-11.895125183648,-77.0372640326397
2016-012204,21-02-2016,"12:32:24 p.m.","  JR. PEDRO SOLARI (INDEPENDENCIA) 228        CHORRILLOS","EMERGENCIA MEDICA",SAMU-6,-12.1557803177738,-77.0217797580284
2016-012203,21-02-2016,"12:29:11 p.m.","  AV. SALAVERRY 884        JESUS MARIA","EMERGENCIA MEDICA",AMB-202,-12.0733643807384,-77.0415781333496
2016-012202,21-02-2016,"12:20:42 p.m.","  AV. ARNALDO MARQUEZ  PSJE   PUERTO PACOCHA  1300       JESUS MARIA","EMERGENCIA MEDICA",AMB-202,-12.0738668496348,-77.049620064804
2016-012201,21-02-2016,"11:55:03 a.m.","AH. ANGAMOS ETAPA II             VENTANILLA","EMERGENCIA MEDICA",AMB-75,-11.8965713666541,-77.1276397606024
2016-012200,21-02-2016,"11:52:31 a.m.","  CL. NUEVA CASTILLA 116        SANTIAGO DE SURCO","EMERGENCIA MEDICA",AMB-120,-12.1221277758458,-76.993535404134
2016-012199,21-02-2016,"11:50:49 a.m.","  AV. FERNANDO WIESE (PROCERES DE LA INDEPENDENCIA) 3627       SAN JUAN DE LURIGANCHO","EMERGENCIA MEDICA","SAMU-121, SAMU-21",-11.9719142151522,-76.9959801084855
2016-012198,21-02-2016,"11:50:28 a.m.","  JR. HUIRACOCHA  D TO  305 1353       JESUS MARIA","EMERGENCIA MEDICA",AMB-202,-12.0758219992995,-77.0478289237613
2016-012197,21-02-2016,"11:46:59 a.m.","  CL. JOAQUIN BERNAL 600        SAN JUAN DE MIRAFLORES",INCENDIO,M106-3,-12.1585768644962,-76.9687380300985
2016-012196,21-02-2016,"11:46:30 a.m.","SAN FRANCISCO            ","EMERGENCIA MEDICA",AMB-37,,
2016-012195,21-02-2016,"11:46:13 a.m.",,"EMERGENCIA MEDICA",AMB-22,,
2016-012194,21-02-2016,"11:46:07 a.m.",,"EMERGENCIA MEDICA",SAMU-4,-12.0831153269025,-77.0055015744181
2016-012193,21-02-2016,"11:43:20 a.m.","JR. SCHELL 600        MIRAFLORES","ACCIDENTE VEHICULAR","AMB-11, AMB-28, M11-1, M28-1",,
2016-012192,21-02-2016,"11:39:14 a.m.","  CL. PEDRO CANGA (M. VELA) 112        SANTIAGO DE SURCO","EMERGENCIA MEDICA",SAMU-120,-12.1427163656826,-76.9919900468712
2016-012191,21-02-2016,"11:31:33 a.m.","  JR. MANUEL IRRIBARREN (SAN MIGUEL) 351        SURQUILLO","EMERGENCIA MEDICA",AMB-28,-12.1168933062923,-77.0217120821586
2016-012190,21-02-2016,"11:27:36 a.m.",,"EMERGENCIA MEDICA",AMB-14,-12.0599597974918,-77.0496440965525
2016-012189,21-02-2016,"11:24:46 a.m.","AS. CALIFORNIA B            SAN MARTIN DE PORRES","EMERGENCIA MEDICA",SAMU-161,-11.9635147643873,-77.0939872623501
2016-012188,21-02-2016,"11:13:14 a.m.","  CL. RICARDO PALMA 885        BELLAVISTA","EMERGENCIA MEDICA",MED-5,-12.0571996185444,-77.0913578787499
2016-012187,21-02-2016,"11:12:47 a.m.","  AV. MORRO SOLAR    MZ  A2  LT  14    URB   MONTERRICO SUR  1700       SANTIAGO DE SURCO","EMERGENCIA MEDICA",AMB134-2,-12.1361397531699,-76.9803986707948
2016-012186,21-02-2016,"11:08:02 a.m.","  AV. TUPAC AMARU (GERARDO UNGER) 900        SAN MARTIN DE PORRES",INCENDIO,"AMB-21, M168-1, M65-2",-12.0164713987308,-77.051988496541
2016-012185,21-02-2016,"11:04:16 a.m.","  CL. LOS CISNES 300        SAN ISIDRO","EMERGENCIA MEDICA",AMB-11,-12.1006154835427,-77.0239420918141
2016-012184,21-02-2016,"11:03:51 a.m.","  CL. ANTONIO RAYMONDI 162        LOS OLIVOS","EMERGENCIA MEDICA",AMB-11,-11.9957743699616,-77.0654586839415
2016-012183,21-02-2016,"11:03:11 a.m.","AH.  VIRGEN DE FATIMA MZ Y LOTE 8            LOS OLIVOS","EMERGENCIA MEDICA",SAMU-168,-11.9823808337545,-77.0761101060179
2016-012182,21-02-2016,"11:02:32 a.m.",,"EMERGENCIA MEDICA",AMB-75,-11.8565021626285,-77.119614017584
2016-012181,21-02-2016,"10:46:50 a.m.",,"EMERGENCIA MEDICA",AMB-14,-12.066085841601,-77.051790113046
2016-012180,21-02-2016,"10:45:21 a.m.","  CL. JOSE MARIA ARGUEDAS 191        LOS OLIVOS","EMERGENCIA MEDICA",SAMU-161,-11.993344866196,-77.0669951940418
2016-012179,21-02-2016,"10:42:16 a.m.","CEMENTERIO BAQUIJANO  DEL CALLAO             CALLAO","SERVICIO ESPECIAL",RES-8,,
2016-012178,21-02-2016,"10:40:23 a.m.","CEMENTERIO EL ANGEL             EL AGUSTINO","SERVICIO ESPECIAL",M8-1,,
2016-012177,21-02-2016,"10:36:31 a.m.","AV. LOS TAMARINDOS CRUCE CON AV. MARISCAL RAMON CASTILLA (LOS TALLANES) SANTIAGO DE SURCO            SANTIAGO DE SURCO","EMERGENCIA MEDICA",AMB134-2,-12.138709465577,-77.001074116123
2016-012176,21-02-2016,"10:35:25 a.m.","  CL. JACINTOS (SAN JUAN BAUTISTA) 200        SAN MARTIN DE PORRES","EMERGENCIA MEDICA",SAMU-161,-12.0149308712751,-77.0550824947253
2016-012175,21-02-2016,"10:34:00 a.m.","AV.  PIEROLA QUIRIO             LURIGANCHO","EMERGENCIA MEDICA",AMB-32,,
2016-012174,21-02-2016,"10:29:57 a.m.","  CL. LAS CHIRAS 100        SAN MIGUEL","EMERGENCIA MEDICA",SAMU-83,-12.0860747986438,-77.0810201286415
2016-012173,21-02-2016,"10:27:57 a.m.","AV. HEROES DEL ALTO CENEPA (TRAPICHE) CRUCE CON AV. LOS INCAS (4) COMAS            COMAS","EMERGENCIA MEDICA",SAMU-83,-11.9108035604194,-77.0559071087861
2016-012172,21-02-2016,"10:19:15 a.m.","  CL. TAMBO (PICARONES) 100        CHORRILLOS","EMERGENCIA MEDICA",AMB-13,-12.1949823256232,-77.0061055216644
2016-012171,21-02-2016,"10:13:57 a.m.","  AV. VENEZUELA 2900       LIMA","EMERGENCIA MEDICA",SAMU-14,-12.058911025798,-77.0740850930223
2016-012170,21-02-2016,"10:09:37 a.m.","  AV. LAS TORRES    000        ",INCENDIO,"M168-1, M9-5, RESLIG-150, SAMU-168",-11.9549288080751,-77.0972342891497
2016-012169,21-02-2016,"10:08:41 a.m.","AV. QUILCA CRUCE CON AV. ELMER FAUCETT CALLAO            CALLAO","EMERGENCIA MEDICA",MED-5,-12.0356340317746,-77.0992149346873
2016-012168,21-02-2016,"10:00:56 a.m.",,RESCATE,M11-1,-12.1417661841255,-77.0108759372935
2016-012167,21-02-2016,"09:34:09 a.m.",,"EMERGENCIA MEDICA",AMB-22,,
2016-012166,21-02-2016,"09:29:46 a.m.","  CL. PUMAYALLA (9)  URB EL TREBOL   DPT  303  156        ","EMERGENCIA MEDICA",SAMU-161,-12.0075064483513,-77.0628754153745
2016-012165,21-02-2016,"09:24:29 a.m.","JR. ABTAO CRUCE CON JR. HUMBOLDT LA VICTORIA            LA VICTORIA","ACCIDENTE VEHICULAR","AMB-8, M2-1, M8-1, RES-8",-12.0650758517358,-77.0224826327359
2016-012164,21-02-2016,"09:22:56 a.m.","  AV. UNIVERSITARIA NORTE 3800       LOS OLIVOS","EMERGENCIA MEDICA",SAMU-168,-11.9745033176768,-77.0760528743107
2016-012163,21-02-2016,"09:22:32 a.m.","CP   IMPERIAL            IMPERIAL","EMERGENCIA MEDICA",MED-49,,
2016-012162,21-02-2016,"09:15:35 a.m.",,"EMERGENCIA MEDICA",AMB-44,,
2016-012161,21-02-2016,"09:13:13 a.m.","AV 22 AGOSTO 300        COMAS","EMERGENCIA MEDICA",AMB124-2,,
2016-012160,21-02-2016,"09:07:41 a.m.","  CL. CARLOS ALCORTA (ARGENTINA) 300        CHORRILLOS","EMERGENCIA MEDICA",SAMU-6,-12.1671458376093,-77.0216000482477
2016-012159,21-02-2016,"09:07:11 a.m.","  AV. 15 DE ENERO 669        MIRAFLORES","EMERGENCIA MEDICA",AMB-11,-12.1268174368687,-77.0195606505321
2016-012158,21-02-2016,"09:06:32 a.m.","  AV. REPUBLICA ARGENTINA 300        CALLAO","EMERGENCIA MEDICA",AMB-11,-12.0518321279014,-77.1378547143556
2016-012157,21-02-2016,"08:51:03 a.m.","UR. ZARATE             SAN JUAN DE LURIGANCHO","EMERGENCIA MEDICA",SAMU-121,,
2016-012156,21-02-2016,"08:48:25 a.m.","  JR. ABTAO 1071       LA VICTORIA","EMERGENCIA MEDICA",AMB-2,-12.0788287968624,-76.9201895822647
2016-012155,21-02-2016,"08:46:32 a.m.","AH. VILLA ALEJANDRO II D   LOTE    7             LURIN","EMERGENCIA MEDICA",AMB-155,-12.2359683118575,-76.9061580270806
2016-012154,21-02-2016,"08:45:00 a.m.","AH VICTOR RAUL            MARCONA",INCENDIO,CIST-152,,
2016-012153,21-02-2016,"08:40:56 a.m.","  CL. INDEPENDENCIA 254        SAN MIGUEL","EMERGENCIA MEDICA",SAMU-83,-12.0894083313086,-77.0839602941119
2016-012152,21-02-2016,"08:40:03 a.m.","  AV. OSCAR BENAVIDES (COLONIAL) 300        LIMA","EMERGENCIA MEDICA",SAMU-14,-12.0466234957417,-77.0461081496723
2016-012151,21-02-2016,"08:38:20 a.m.","  JR. VICENTE ANGULO   STA LUZMILA  333        COMAS","MATERIALES PELIGROSOS (INCIDENTE)","AMB-65, M150-3",-11.9478763160304,-77.0631516307756
2016-012150,21-02-2016,"08:37:11 a.m.","  AV. PACHACUTEC 4475       VILLA MARIA DEL TRIUNFO","EMERGENCIA MEDICA",SAMU-106,-12.1871933249064,-76.9389874760768
2016-012149,21-02-2016,"08:26:44 a.m.","LOMAS     DE  LACHAY  KM  105            ","SERVICIO ESPECIAL","AMB-80, AMB-91, M73-1, M80-1",,
2016-012148,21-02-2016,"08:25:14 a.m.","  AV. LAS CAMPANILLAS  STA MARIA  000        LURIGANCHO",INCENDIO,M32-1,-11.9501854344354,-76.7231309573674
2016-012147,21-02-2016,"08:20:18 a.m.","  CL. LA VERBENA   STA FELICIA  201        LA MOLINA","EMERGENCIA MEDICA",MED-96,-12.0655053090076,-76.9563350767195
2016-012146,21-02-2016,"08:18:02 a.m.","  AV. ANGAMOS ESTE (PRIMAVERA) 1600       SANTIAGO DE SURCO","EMERGENCIA MEDICA",MED-96,-12.1094429409773,-76.9715207011105
2016-012145,21-02-2016,"08:17:49 a.m.","  AV. ANGAMOS ESTE (PRIMAVERA) 1800       SANTIAGO DE SURCO","EMERGENCIA MEDICA","AMB-11, AMB134-2",-12.1076057864775,-76.9686387453945
2016-012144,21-02-2016,"08:17:30 a.m.","EMBAJADA  DE BOLIVIA             SAN ISIDRO","SERVICIO ESPECIAL","AMB-202, AMB-36",,
2016-012143,21-02-2016,"08:13:04 a.m.",,"SERVICIO ESPECIAL","AMB-207, M207-5",-12.0722446076139,-77.1647296459225
2016-012142,21-02-2016,"08:07:22 a.m.","ALAMOS             EL AGUSTINO","EMERGENCIA MEDICA",AMB-8,,
2016-012141,21-02-2016,"08:03:57 a.m.","PLAN VERANO 2016            PUNTA NEGRA","SERVICIO ESPECIAL","AMB-129, AMB-183, AMB-6, M111-1, M13-1, M160-1, M49-1, MAPEL106, RES-16",,
2016-012140,21-02-2016,"08:01:22 a.m.",,"EMERGENCIA MEDICA",SAMU-14,,
2016-012139,21-02-2016,"08:00:29 a.m.","CARRETERAS - PANAMERICANAS CARRETERA CENTRAL 2.5            ATE","ACCIDENTE VEHICULAR","AMB-169, M138-4, M169-1",-12.0495735901968,-76.9523697233845
2016-012138,21-02-2016,"07:54:19 a.m.","  AV. COLONIAL (OSCAR R. BENAVIDES) 2800       CALLAO","EMERGENCIA MEDICA",MED-5,-12.0563908404122,-77.1130085091775
2016-012137,21-02-2016,"07:44:28 a.m.","  AV. GERMAN AGUIRRE UGARTE 1700       SAN MARTIN DE PORRES","EMERGENCIA MEDICA",SAMU-161,-12.0184607572382,-77.0810480488481
2016-012136,21-02-2016,"07:44:22 a.m.","  CL. RICARDO HERRERA 800        LIMA","EMERGENCIA MEDICA",AMB-14,,
2016-012135,21-02-2016,"07:37:27 a.m.","  JR. MONTE FLOR 194        SANTIAGO DE SURCO","EMERGENCIA MEDICA",AMB134-2,-12.1140893244285,-76.9792054009803
2016-012134,21-02-2016,"07:36:34 a.m.","  JR. LOS ALAMOS 169        INDEPENDENCIA","EMERGENCIA MEDICA",AMB-65,-12.0031034442446,-77.0505240535594
2016-012133,21-02-2016,"07:35:28 a.m.","AREQUIPA CON ARAMBURU             SAN ISIDRO","SERVICIO ESPECIAL","AMB-28, AMB-4, USAR-I",,
2016-012132,21-02-2016,"07:34:11 a.m.","PJ. VILLA MERCEDES F            LOS OLIVOS","EMERGENCIA MEDICA",SAMU-168,-12.0060458662032,-77.0789219975153
2016-012131,21-02-2016,"07:32:52 a.m.","  AV. GUARDIA REPUBLICANA (LA CAPILLA) 1000       RIMAC","EMERGENCIA MEDICA",AMB-2,-12.0287274329525,-77.0376515550971
2016-012130,21-02-2016,"07:32:00 a.m.",,"SERVICIO ESPECIAL","AUX-32, RES-32",,
2016-012129,21-02-2016,"07:21:13 a.m.","CALLE  GRAU            ","EMERGENCIA MEDICA",AMB-80,,
2016-012128,21-02-2016,"07:20:00 a.m.","  CL. DOMINGO ELIAS 1075       SURQUILLO","EMERGENCIA MEDICA",SAMU-4,-12.1120683274922,-77.0208066104866
2016-012127,21-02-2016,"07:19:54 a.m.","AV. HEROES DEL CENEPA ESTE (BAYOVAR) CRUCE CON AV. FERNANDO WIESE (PROCERES DE LA INDEPENDENCIA) SAN JUAN DE LURIGANCHO            SAN JUAN DE LURIGANCHO","ACCIDENTE VEHICULAR","AMB-169, M121-1, M169-1",-11.959058283369,-76.9867241372782
2016-012126,21-02-2016,"07:01:26 a.m.","OLAYA CON LA E             VILLA EL SALVADOR","EMERGENCIA MEDICA",SAMU-120,,
2016-012125,21-02-2016,"06:59:01 a.m.","  AV. PACHACUTEC 3100       VILLA MARIA DEL TRIUNFO","ACCIDENTE VEHICULAR","AMB-106, M155-1, RES-16",-12.1755839403536,-76.9460507681308
2016-012124,21-02-2016,"06:51:22 a.m.","  CL. VICTOR ALZAMORA 277        SURQUILLO","EMERGENCIA MEDICA",AMB-11,,
2016-012123,21-02-2016,"06:47:52 a.m.","  CL. LA CARABELA 000        ANCON","ACCIDENTE VEHICULAR","AMB-163, M163-1, M184-1",-11.7764432000607,-77.1825292047228
2016-012122,21-02-2016,"06:47:01 a.m.","EL MILAGRO CRUCE 28 DE JULIO  LADO ESTE AH SANTA MARIA              ","EMERGENCIA MEDICA",AMB-20,,
2016-012121,21-02-2016,"06:45:23 a.m.","CARRETERAS - PANAMERICANAS PANAMERICANA SUR 10.2            SANTIAGO DE SURCO","EMERGENCIA MEDICA",AMB134-2,,
2016-012120,21-02-2016,"06:40:54 a.m.","COSTA VERDE PLAYA 3 PICOS             ","ACCIDENTE VEHICULAR","AMB-28, M100-1, M28-1",,
2016-012119,21-02-2016,"06:29:27 a.m.","  JR. ALFONSO TEJADA DIAZ 481        EL AGUSTINO","EMERGENCIA MEDICA",AMB-138,-12.0490606528113,-76.9982531905899
2016-012118,21-02-2016,"06:20:36 a.m.","  AV. TRUJILLO  MZ  .   A- 4   LOTE  25   MI PERU   000        VENTANILLA","EMERGENCIA MEDICA",AMB-75,-11.8537793001989,-77.1253041486966
2016-012117,21-02-2016,"06:19:10 a.m.","AAHH  LEANDRA  ORTEGA    MZ  A  3  LOTE  8             VENTANILLA","EMERGENCIA MEDICA",AMB-163,,
2016-012116,21-02-2016,"05:56:30 a.m.","  AV. MIGUEL GRAU (JOSE CARLOS MARIATEGUI) 1500       ATE","EMERGENCIA MEDICA",AMB-169,-12.0253346361395,-76.9064057712726
2016-012115,21-02-2016,"05:40:30 a.m.","  AV. PRINCIPAL (C) 315        SURQUILLO","EMERGENCIA MEDICA",AMB-11,-12.1152278762239,-77.0068603956764
2016-012114,21-02-2016,"05:39:09 a.m.","  AV. AREQUIPA 1000       LIMA","EMERGENCIA MEDICA",AMB-202,-12.0750929188487,-77.0357216449663
2016-012113,21-02-2016,"05:21:01 a.m.","  CL. CAHUIDE 105        BELLAVISTA","EMERGENCIA MEDICA",AMB-7,-12.0665688995614,-77.1321065938521
2016-012112,21-02-2016,"05:18:31 a.m.","REST. MALIBUR            SUPE PUERTO",INCENDIO,M73-1,,
2016-012111,21-02-2016,"05:06:26 a.m.","  AV. RICARDO ELIAS APARICIO (LA ALAMEDA)   URB.  PORTADA  DE  LA  PLANICIE  595        ","EMERGENCIA MEDICA",MED-96,-12.07665330837,-76.9156487367799
2016-012110,21-02-2016,"04:56:57 a.m.",,"EMERGENCIA MEDICA",AMB134-2,-12.1445355370747,-76.9955258362939
2016-012109,21-02-2016,"04:54:49 a.m.","  AV. PASEO DE LA REPUBLICA 000        CHORRILLOS","EMERGENCIA MEDICA",AMB-13,-12.1706127265337,-77.0176917499518
2016-012108,21-02-2016,"04:27:26 a.m.","AV. NICOLAS DE PIEROLA (SALVADOR ALLENDE) (DEFENSORES DE LIMA) CRUCE CON AV. EL TRIUNFO VILLA MARIA DEL TRIUNFO            VILLA MARIA DEL TRIUNFO","EMERGENCIA MEDICA",AMB-106,-12.1670631387574,-76.9499661096171
2016-012107,21-02-2016,"04:22:04 a.m.","CARRETERAS - PANAMERICANAS PANAMERICANA NORTE 37.36            PUENTE PIEDRA","EMERGENCIA MEDICA","AMB-163, M75-1",-11.8178573342037,-77.1263108525106
2016-012106,21-02-2016,"04:18:03 a.m.","AV. UNIVERSITARIA CRUCE CON AV. CHIMPU OCLLO CARABAYLLO            ","EMERGENCIA MEDICA",AMB-150,-11.895125183648,-77.0372640326397
2016-012105,21-02-2016,"04:07:55 a.m.","AV. PACHACUTEC (LOS HEROES) CRUCE CON AV. SAN JUAN SAN JUAN DE MIRAFLORES            SAN JUAN DE MIRAFLORES","EMERGENCIA MEDICA",SAMU-120,-12.1542828095827,-76.971955588022
2016-012104,21-02-2016,"03:57:54 a.m.","AV. RAUL FERRERO REBAGLIATI (LA RINCONADA) CRUCE CON AL. DEL CORREGIDOR LA MOLINA            LA MOLINA","EMERGENCIA MEDICA",MED-96,-12.0916347544937,-76.9531365205722
2016-012103,21-02-2016,"03:48:33 a.m.","  AV. MARCELINO TORRES    SETIMA   ZONA    200        EL AGUSTINO","EMERGENCIA MEDICA",MED-96,-12.0587109688589,-77.004395785692
2016-012102,21-02-2016,"03:46:41 a.m.","CARRETERAS - PANAMERICANAS PANAMERICANA SUR 22            VILLA EL SALVADOR","ACCIDENTE VEHICULAR","AMB-129, M129-1, RES-160",-12.2381510847331,-76.9521460827182
2016-012101,21-02-2016,"03:42:18 a.m.","  CL. JOSE PEZET 445        COMAS","EMERGENCIA MEDICA",AMB-65,-11.9345802756908,-77.0527736464803
2016-012100,21-02-2016,"03:30:55 a.m.","VILA  MERCADES  MZ  C LOTE  28             PUNTA NEGRA","MATERIALES PELIGROSOS (INCIDENTE)","AMB-134, M125-1",,
2016-012099,21-02-2016,"03:24:31 a.m.","PANAMERICAN  SUR  KM  231            ","ACCIDENTE VEHICULAR",MED-90,,
2016-012098,21-02-2016,"03:24:18 a.m.","  JR. CHANCAY 700        LIMA","EMERGENCIA MEDICA",SAMU-10,-12.0474661961615,-77.0395070982429
2016-012097,21-02-2016,"03:17:18 a.m.",,"EMERGENCIA MEDICA",AMB-28,,
2016-012096,21-02-2016,"03:10:17 a.m.","AV   28 DE JULIO    SAN  ANDRES            ","EMERGENCIA MEDICA",AMB-37,,
2016-012095,21-02-2016,"03:05:15 a.m.","  JR. INDEPENDENCIA (PEDRO SOLARI) 228        BARRANCO","EMERGENCIA MEDICA",AMB-16,-12.1557755269898,-77.0219220530372
2016-012094,21-02-2016,"03:03:12 a.m.","  AV. JOSE GRANDA 3353       SAN MARTIN DE PORRES","EMERGENCIA MEDICA",AMB-9,-12.0239141644802,-77.080724606508
2016-012093,21-02-2016,"02:48:50 a.m.","  AV. NICOLAS AYLLON 1912       ATE","EMERGENCIA MEDICA",AMB-138,-12.0638345830385,-76.9868639114832
2016-012092,21-02-2016,"02:40:41 a.m.","  PJ. URABAIN 150        SAN MIGUEL","EMERGENCIA MEDICA",AMB-7,-12.0891934044061,-77.0767014833623
2016-012091,21-02-2016,"02:34:29 a.m.","CARRETERAS - PANAMERICANAS PANAMERICANA SUR 4            SAN BORJA","ACCIDENTE VEHICULAR","AMB-11, M127-1, RES-127",-12.0918573048657,-76.9810896808191
2016-012090,21-02-2016,"02:26:01 a.m.","  PJ. CHABUCA GRANDA 000        BARRANCO","EMERGENCIA MEDICA",AMB-13,-12.1489633251092,-77.022833030761
2016-012089,21-02-2016,"02:25:19 a.m.","UR. COVIMA  MAZ E 2 LOPE 6            ","EMERGENCIA MEDICA",AMB-169,-12.066444668584,-76.9400522504121
2016-012088,21-02-2016,"02:22:47 a.m.","  CL. MANUEL PINO CON JOSE GALVEZ 700        LIMA","ACCIDENTE VEHICULAR","AMB-202, AMB-4, M4-1, MATPEL-4, SAMU-4",-12.0779193156151,-77.0304260602798
2016-012087,21-02-2016,"02:20:01 a.m.","  AV. MARISCAL ANDRES DE SANTA CRUZ 383        SAN LUIS","EMERGENCIA MEDICA",AMB-8,-12.0717868146292,-76.9897705724725
2016-012086,21-02-2016,"02:06:45 a.m.","  JR. SANTA ROSA (FRANCISCO MORENO) 161        SURQUILLO","EMERGENCIA MEDICA",AMB-28,-12.1186293537895,-77.0235585414157
2016-012085,21-02-2016,"01:58:03 a.m.","CAMINO RETES HUARAL            HUARAL","EMERGENCIA MEDICA",AMB-44,,
2016-012084,21-02-2016,"01:47:26 a.m.","AH. SAUL CANTORAL HUAMANI A3            SAN JUAN DE LURIGANCHO","ACCIDENTE VEHICULAR","AMB-138, M121-1, RES-21",-11.9389761773635,-77.0013275999704
2016-012083,21-02-2016,"01:44:17 a.m.","  JR. HUANTA 738        LIMA","EMERGENCIA MEDICA",AMB-2,-12.050830924277,-77.0225581592772
2016-012082,21-02-2016,"01:41:15 a.m.","  AV. PARQUE DE LAS LEYENDAS 258        SAN MIGUEL",RESCATE,RES-83,-12.0763728105383,-77.0882681199399
2016-012081,21-02-2016,"01:32:17 a.m.","  CL. LAS AZUCENAS 231        ","EMERGENCIA MEDICA",RES-83,-11.8973832622129,-77.0353703665495
2016-012080,21-02-2016,"01:28:12 a.m.","AV. ISABEL LA CATOLICA CRUCE CON JR. PARINACOCHAS LA VICTORIA            LA VICTORIA",INCENDIO,"M4-1, M8-1, MATPEL-4, SAMU-4",-12.0687012372847,-77.0170273431314
2016-012079,21-02-2016,"01:26:40 a.m.","  CL. LOS PENSAMIENTOS 160        INDEPENDENCIA","MATERIALES PELIGROSOS (INCIDENTE)",M168-1,-12.0011328506482,-77.0515373191187
2016-012078,21-02-2016,"01:22:41 a.m.","PR. ALEJANDRO BERTELLO CRUCE CON AV. CANTA CALLAO (PLAN VIAL) CALLAO            CALLAO","EMERGENCIA MEDICA",AMB-9,-11.9970661191126,-77.1124976869998
2016-012077,21-02-2016,"12:38:43 a.m.","  AV. PASO DE LOS ANDES 685        PUEBLO LIBRE","EMERGENCIA MEDICA",AMB-4,-12.0731806261171,-77.059032783238
2016-012076,21-02-2016,"12:37:37 a.m.","PARADERO SAUNA COBIAN            ",INCENDIO,"AMB-115, M32-1, RES-115",,
2016-012075,21-02-2016,"12:31:12 a.m.","  CL. LA AMAPOLA MZ I LOTE  11  200        SURQUILLO","EMERGENCIA MEDICA",AMB-11,-12.1237302689666,-77.0028200567702
2016-012074,21-02-2016,"12:26:11 a.m.",,"EMERGENCIA MEDICA",AMB-14,-12.0523023482686,-77.0445696558261
2016-012073,21-02-2016,"12:15:27 a.m.","AV. 9 DE DICIEMBRE (PASEO COLON) CRUCE CON AV. INCA GARCILAZO DE LA VEGA (WILSON) LIMA            LIMA","EMERGENCIA MEDICA",AMB-8,-12.0598235902352,-77.0379506685315
2016-012072,21-02-2016,"12:13:08 a.m.","AV. TOMAS MARSANO (ATOCONGO) CRUCE CON AV. MANUEL VICENTE VILLARAN MIRAFLORES            MIRAFLORES","EMERGENCIA MEDICA",AMB-11,-12.1221652130762,-77.0058560998662
2016-012071,21-02-2016,"12:11:06 a.m.",,"EMERGENCIA MEDICA",AMB-202,-12.051782831581,-77.0483075893152
