ID,FECHA,HORA,DIRECCION,TIPO,UNIDADES,"CORDENADAS (lat)","CORDENADAS (lng)"
2016-041982,08-07-2016,"11:49:43 p.m.","UV DEL RIMAC CHALET  27A             RIMAC","EMERGENCIA MEDICA",AMB-10,-12.0290672312332,-77.032965981863
2016-041981,08-07-2016,"11:36:30 p.m.","  AV. AREQUIPA 4944       MIRAFLORES",INCENDIO,"AMB-11, ESC-28, M28-1, MAPEL-28, RES-100",-12.1146890766989,-77.0295620932486
2016-041980,08-07-2016,"11:30:25 p.m.","  AV. GRAN CHIMU 1700       SAN JUAN DE LURIGANCHO","MATERIALES PELIGROSOS (INCIDENTE)","AMB-176, M176-3",,
2016-041979,08-07-2016,"11:29:40 p.m.","AS. MONTECARLO D            SAN MARTIN DE PORRES",INCENDIO,"AMB-65, M161-1, RESLIG-161",-11.9970578161828,-77.1047717958093
2016-041978,08-07-2016,"11:29:23 p.m.","  AV. ELMER FAUCETT 2687       CALLAO","EMERGENCIA MEDICA",MED-9,-12.0285517370927,-77.1023382238024
2016-041977,08-07-2016,"11:28:49 p.m.","AS. RESIDENCIAL MONTECARLO F            CARABAYLLO",INCENDIO,MED-9,-11.8588802893623,-77.0127554722285
2016-041976,08-07-2016,"11:25:23 p.m.","AV. LA MARINA CRUCE CON PR. CASTILLA PUEBLO LIBRE            PUEBLO LIBRE","EMERGENCIA MEDICA",AMB-83,-12.0820688020231,-77.0703655616477
2016-041975,08-07-2016,"11:24:18 p.m.","AV. PACHACUTEC ALTURA  VELASCO ALVARA            ","EMERGENCIA MEDICA",AMB-155,,
2016-041974,08-07-2016,"11:14:44 p.m.","  CL. BARRIO OBRERO 401        CALLAO","EMERGENCIA MEDICA",AMB-1,-12.0423596039801,-77.1382506998942
2016-041973,08-07-2016,"11:03:49 p.m.","  JR. ANDRES SANTIAGO VIGIL 172        CALLAO","EMERGENCIA MEDICA",MED-15,-12.0603330944516,-77.1341833788266
2016-041972,08-07-2016,"10:55:31 p.m.","  AV. PANAMERICANA SUR (CIRCUNVALACION) 3105       ATE","MATERIALES PELIGROSOS (INCIDENTE)",M127-1,-12.0812567443677,-76.9858388180199
2016-041971,08-07-2016,"10:51:51 p.m.","AV. SANCHEZ SILVA (25 DE ENERO) (2 DE OCTUBRE) CRUCE CON AV. INFANTAS (PANAMERICANA NORTE) LOS OLIVOS            LOS OLIVOS","EMERGENCIA MEDICA",AMB-65,-11.9467451856764,-77.0712981075805
2016-041970,08-07-2016,"10:50:53 p.m.","  AV. OSCAR BENAVIDES (COLONIAL) 600        LIMA","EMERGENCIA MEDICA",AMB-14,-12.0470144609504,-77.0499686046867
2016-041969,08-07-2016,"10:48:36 p.m.","  JR. CESAR VALLEJO 356        COMAS","MATERIALES PELIGROSOS (INCIDENTE)","AMB-164, M124-1",-11.9129337973176,-77.025569633109
2016-041968,08-07-2016,"10:39:30 p.m.","  AV. PANAMERICANA SUR (CIRCUNVALACION) 1803       SAN JUAN DE MIRAFLORES","EMERGENCIA MEDICA",AMB-106,-12.146588721783,-76.9818785979611
2016-041967,08-07-2016,"10:35:15 p.m.","PANAMERICAN SUR KM 217            PISCO",INCENDIO,"CIST90-4, RES-157",,
2016-041966,08-07-2016,"10:33:26 p.m.","  CL. LUIS VARELA Y ORBEGOZO (HUASCAR) 400        SURQUILLO","EMERGENCIA MEDICA",AMB-11,-12.1163410516321,-77.024962917086
2016-041965,08-07-2016,"10:21:48 p.m.","AV. DANIEL ALCIDES CARRION 500        SAN MARTIN DE PORRES","EMERGENCIA MEDICA",MED-9,-11.9956565828436,-77.0879947289042
2016-041964,08-07-2016,"09:52:43 p.m.","  AV. JOSE GALVEZ 538        LA PERLA","EMERGENCIA MEDICA",MED-15,-12.0671024196361,-77.1282630985335
2016-041963,08-07-2016,"09:45:04 p.m.","  CL. FRANZ SCHUBERT 340        SAN BORJA","EMERGENCIA MEDICA",AMB-11,-12.1016832811598,-76.992355553855
2016-041962,08-07-2016,"09:36:58 p.m.","PJ. PAMPLONA ALTA SECTOR 5 DE MAYO F6 LTE 8            SAN JUAN DE MIRAFLORES","EMERGENCIA MEDICA",AMB-106,-12.1333282921435,-76.9608602935761
2016-041961,08-07-2016,"09:34:13 p.m.","TERMINAL TERRESTRE            HUACHO","EMERGENCIA MEDICA",AMB-106,,
2016-041960,08-07-2016,"09:33:25 p.m.","TERMINAL TERRESTRE DE HUACHO            HUACHO","EMERGENCIA MEDICA",AMB-106,,
2016-041959,08-07-2016,"09:23:15 p.m.","  AV. ABEL BERGASSE DU PETIT THOUARS 4534       MIRAFLORES",INCENDIO,M28-1,-12.1081103192108,-77.0296353407034
2016-041958,08-07-2016,"09:19:21 p.m.","CARRETERAS - PANAMERICANAS PANAMERICANA NORTE 28            PUENTE PIEDRA","EMERGENCIA MEDICA",AMB-150,-11.8824523532053,-77.0685865182067
2016-041957,08-07-2016,"09:17:00 p.m.","  CL. SAMANEZ OCAMPO ESTE 200        CARABAYLLO",INCENDIO,"AMB-164, M124-1, M150-3, M164-1",-11.8727420526762,-77.013289831994
2016-041956,08-07-2016,"09:15:37 p.m.","  JR. MARIANO ANGULO 2095       LIMA","EMERGENCIA MEDICA",AMB-14,-12.0369679720829,-77.0687350628629
2016-041955,08-07-2016,"09:04:23 p.m.","  AV. JOSE DE LA RIVA AGUERO 200        EL AGUSTINO","EMERGENCIA MEDICA",AMB-14,,
2016-041954,08-07-2016,"09:01:48 p.m.","PLANTA DE TAZA DEL PUERTO             ",INCENDIO,AMB-14,,
2016-041953,08-07-2016,"09:00:06 p.m.","CARRETERAS - PANAMERICANAS PANAMERICANA SUR 30            LURIN","ACCIDENTE VEHICULAR","AMB-129, M120-1, M129-1",-12.2761077343792,-76.889902557307
2016-041952,08-07-2016,"08:59:28 p.m.","  AV. COSTANERA (MIRAMAR) 1900       SAN MIGUEL","MATERIALES PELIGROSOS (INCIDENTE)","AMB-100, M7-5",-12.0834917168359,-77.1012365112793
2016-041951,08-07-2016,"08:59:13 p.m.","CL. ESCORPIO CRUCE CON AV. SANTIAGO ANTUNEZ DE MAYOLO LOS OLIVOS            LOS OLIVOS","EMERGENCIA MEDICA","MED-9, RESLIG-161",-11.9951053050494,-77.0762717932288
2016-041950,08-07-2016,"08:58:19 p.m.","REAL  PLAZA   PRO              LOS OLIVOS","EMERGENCIA MEDICA","MED-9, RESLIG-161",,
2016-041949,08-07-2016,"08:50:17 p.m.","CARRETERAS - PANAMERICANAS PANAMERICANA SUR 25            LURIN","ACCIDENTE VEHICULAR","AMB-106, AMB-129, M105-1, M120-1, M129-1",-12.2517298174504,-76.9284627631285
2016-041948,08-07-2016,"08:40:21 p.m.","  AV. PERU 3600       SAN MARTIN DE PORRES","EMERGENCIA MEDICA","AMB-106, AMB-129, M105-1, M120-1, M129-1",,
2016-041947,08-07-2016,"08:35:14 p.m.","  AV. LOS PROCERES (EULOGIO FERNANDINI)  CDRA.  76  000        LOS OLIVOS","ACCIDENTE VEHICULAR","AMB-168, M124-1, RESLIG-161",-11.9414395714996,-77.0780472850391
2016-041946,08-07-2016,"08:33:56 p.m.","  AV. INCA GARCILAZO DE LA VEGA (WILSON) 1282       LIMA",INCENDIO,M10-1,-12.0550636768199,-77.0383797124984
2016-041945,08-07-2016,"08:24:31 p.m.","  AV. GENERAL TRINIDAD MORAN 600        LINCE","EMERGENCIA MEDICA",AMB-100,-12.0897979132973,-77.0386445640238
2016-041944,08-07-2016,"08:23:46 p.m.","  JR. LLOQUE YUPANQUI 931        JESUS MARIA","EMERGENCIA MEDICA",AMB-14,-12.0712823640855,-77.0449778356496
2016-041943,08-07-2016,"08:22:01 p.m.","  JR. COLON 300        CALLAO","EMERGENCIA MEDICA",MED-34-2,-12.0622100220891,-77.1435553475201
2016-041942,08-07-2016,"08:21:11 p.m.","B-200            ","EMERGENCIA MEDICA",MED-200,,
2016-041941,08-07-2016,"08:19:16 p.m.","  JR. DOMINGO MARTINEZ LUJAN (SAN FELIPE) 1070       SURQUILLO","EMERGENCIA MEDICA",AMB-11,-12.1102583583461,-77.0164595903772
2016-041940,08-07-2016,"08:06:15 p.m.","  AV. SALAVERRY 665        JESUS MARIA","EMERGENCIA MEDICA",MED-202,-12.0711393293673,-77.0408350504796
2016-041939,08-07-2016,"08:06:01 p.m.","  AV. PACHACUTEC (LOS HEROES) 500        SAN JUAN DE MIRAFLORES","EMERGENCIA MEDICA",AMB-106,-12.1540316479275,-76.9713117315753
2016-041938,08-07-2016,"08:02:52 p.m.","CL LOS LIRIOS             SANTA ANITA","ACCIDENTE VEHICULAR","AMB-169, M138-1",,
2016-041937,08-07-2016,"07:56:46 p.m.","PANAMERICANA SUR ENTRADA A OCUCAJE            ICA","ACCIDENTE VEHICULAR","AMB-22, M22-1",,
2016-041936,08-07-2016,"07:53:57 p.m.","UR. CENTENARIO G LOTE  1            CALLAO","EMERGENCIA MEDICA","MED-15, RES-15",-12.0523372475706,-77.1236503055786
2016-041935,08-07-2016,"07:52:21 p.m.","B 44             ","EMERGENCIA MEDICA","MED-15, RES-15",,
2016-041934,08-07-2016,"07:47:28 p.m.","  AV. CAMINO REAL 390        SAN ISIDRO","EMERGENCIA MEDICA",MED-202,-12.0972313578304,-77.0361295699528
2016-041933,08-07-2016,"07:43:28 p.m.","PANAMERICANA SUR KM 30            LURIN","EMERGENCIA MEDICA",AMB-129,,
2016-041932,08-07-2016,"07:01:31 p.m.",,"EMERGENCIA MEDICA",AMB-138,,
2016-041931,08-07-2016,"06:55:52 p.m.","  JR. FELIPE CAHAILA 876        SAN MARTIN DE PORRES","EMERGENCIA MEDICA",AMB-60,-12.015446749287,-77.0753611666166
2016-041930,08-07-2016,"06:55:42 p.m.","  AV. EDUARDO DE HABICH 610        SAN MARTIN DE PORRES","EMERGENCIA MEDICA",AMB-10,-12.0292308435534,-77.0590271554921
2016-041929,08-07-2016,"06:52:22 p.m.","URB SAN AGUSTIN             ",INCENDIO,AMB-10,,
2016-041928,08-07-2016,"06:49:04 p.m.","UV. SANTA MARINA NORTE             CALLAO","EMERGENCIA MEDICA",MED-5,-12.053888942236,-77.1287030100662
2016-041927,08-07-2016,"06:44:19 p.m.","AV. MICAELA BASTIDAS CRUCE CON AV. 1 DE MAYO VILLA EL SALVADOR            VILLA EL SALVADOR","MATERIALES PELIGROSOS (INCIDENTE)",M105-1,-12.1961398453705,-76.9536785487752
2016-041926,08-07-2016,"06:41:43 p.m.","AV. FELIPE SANTIAGO SALAVERRY CRUCE CON AV. AUGUSTO PEREZ ARANIBAR (DEL EJERCITO) SAN ISIDRO            SAN ISIDRO","EMERGENCIA MEDICA",M105-1,-12.1029388166968,-77.0584165417112
2016-041925,08-07-2016,"06:41:39 p.m.","AV. ABEL BERGASSE DU PETIT THOUARS CRUCE CON AV. PRIMAVERA (ANGAMOS ESTE) MIRAFLORES            MIRAFLORES","EMERGENCIA MEDICA",AMB-100,-12.1136278911325,-77.0286806083568
2016-041924,08-07-2016,"06:40:05 p.m.","  JR. RISSO 129        LINCE","EMERGENCIA MEDICA",AMB-14,-12.0857713256353,-77.0346115778254
2016-041923,08-07-2016,"06:32:22 p.m.","AV. DE LA FLORESTA CRUCE CON AV. ANGAMOS ESTE (PRIMAVERA) SANTIAGO DE SURCO            SANTIAGO DE SURCO","ACCIDENTE VEHICULAR","M134-1, RES-134",,
2016-041922,08-07-2016,"06:24:49 p.m.","  AV. PAUL LINDER 287        SAN BORJA","EMERGENCIA MEDICA","M134-1, RES-134",-12.1083715595722,-77.0017544444294
2016-041921,08-07-2016,"06:11:28 p.m.","IGLESIA SAN FRANCISCO             LIMA","SERVICIO ESPECIAL","M1-1, M3-1, M4-1",,
2016-041920,08-07-2016,"06:08:32 p.m.","  AV. ELMER FAUCETT 3000       CALLAO","ACCIDENTE VEHICULAR","AMB-163, AMB-168, AMB-65, M161-1, M9-1, MED-15, MED-34-2",-12.0247266417297,-77.1048997154394
2016-041919,08-07-2016,"06:02:41 p.m.","FUNDO SANTA ESPERANZA EN SANTIAGO             ICA",INCENDIO,M193-1,,
2016-041918,08-07-2016,"05:57:04 p.m.","CH. PALOMINO BLOCK O 4 DEPTO 22             LIMA","EMERGENCIA MEDICA",AMB-10,-12.0593096007549,-77.0733758036525
2016-041917,08-07-2016,"05:44:28 p.m.","JR. GENERAL PEDRO BERMUDEZ 400        PUEBLO LIBRE","EMERGENCIA MEDICA",AMB-14,-12.0717949322233,-77.0550822071643
2016-041916,08-07-2016,"05:43:32 p.m.","HUANDO S/N             ","EMERGENCIA MEDICA",AMB-44,,
2016-041915,08-07-2016,"05:40:01 p.m.","AV SANCHEZ CERRO            ","MATERIALES PELIGROSOS (INCIDENTE)",M164-1,,
2016-041914,08-07-2016,"05:38:02 p.m.","PJ. MIGUEL GRAU F            CALLAO","EMERGENCIA MEDICA",MED-5,-12.0458920787381,-77.1030861431902
2016-041913,08-07-2016,"05:32:13 p.m.","  JR. CHOTA 900        LIMA","ACCIDENTE VEHICULAR","AMB-10, M10-1, RES-3",-12.0513426501602,-77.0408782151692
2016-041912,08-07-2016,"05:21:29 p.m.","CL. RACOVICH 151        MAGDALENA DEL MAR","EMERGENCIA MEDICA","AMB-10, M10-1, RES-3",,
2016-041911,08-07-2016,"05:06:39 p.m.","  CL. LUDWIG VAN BEETHOVEN 303        SAN BORJA","EMERGENCIA MEDICA",AMB-11,-12.0988848192222,-76.9964575565603
2016-041910,08-07-2016,"04:45:08 p.m.",,"EMERGENCIA MEDICA",AMB-106,-12.1169202595187,-76.9925225168902
2016-041909,08-07-2016,"04:39:38 p.m.","AV. TOMAS MARSANO (ATOCONGO) CRUCE CON AV. REPUBLICA DE PANAMA SURQUILLO            SURQUILLO","EMERGENCIA MEDICA",AMB-106,-12.1046868490363,-77.018544582329
2016-041908,08-07-2016,"04:39:29 p.m.","  AV. REPUBLICA DE PANAMA 4000       SURQUILLO","EMERGENCIA MEDICA",AMB-106,-12.1025897768832,-77.0185585969496
2016-041907,08-07-2016,"04:35:20 p.m.","  CL. DANTE 939        ","EMERGENCIA MEDICA",AMB-16,-12.1117397967764,-77.0234366051211
2016-041906,08-07-2016,"04:35:13 p.m.","URB EL TREBOL             ","EMERGENCIA MEDICA",AMB-44,,
2016-041905,08-07-2016,"04:17:54 p.m.","CEMENTERIO DE SARAJA            ICA","SERVICIO ESPECIAL",M193-1,,
2016-041904,08-07-2016,"04:14:55 p.m.","  JR. ROUSSEAU 391        SAN BORJA","EMERGENCIA MEDICA",AMB-11,-12.0896833223228,-76.9908720824794
2016-041903,08-07-2016,"04:11:40 p.m.","AH. SAN ALBERTO   MZ  W1   LOTE  3             LOS OLIVOS",RESCATE,"AMB-10, M161-1, M9-1",-12.0095347464541,-77.0791726288458
2016-041902,08-07-2016,"04:09:33 p.m.","  JR. TACNA (PASCUAL DE VIVERO) 1150       CHORRILLOS","EMERGENCIA MEDICA","AMB-10, M161-1, M9-1",-12.0876263439077,-77.0700991089088
2016-041901,08-07-2016,"04:00:17 p.m.","JR MOQUEGUA  CENTRO POBLADO SANTA ROSA  300        PUENTE PIEDRA","EMERGENCIA MEDICA",AMB-150,,
2016-041900,08-07-2016,"03:42:34 p.m.","COLEGIO MARIA GONZALES PRADA            LURIGANCHO","EMERGENCIA MEDICA",AMB-32-2,,
2016-041899,08-07-2016,"03:36:39 p.m.","  JR. LUIS DEUCKER LAVALLE (FRANCISCO BOLOGNESI)    282        SANTIAGO DE SURCO","EMERGENCIA MEDICA",AMB-16,-12.1357694603661,-77.0124214404234
2016-041898,08-07-2016,"03:34:32 p.m.","  CL. MISIONERO ESCUDERO  CIUDAD  SATELITE   SANTA  ROSA   126        ","EMERGENCIA MEDICA",AMB-65,-12.0151118883576,-77.1017352574199
2016-041897,08-07-2016,"03:30:02 p.m.","AV. MARCOS PUENTE LLANOS (BARBADILLO) 000        ATE","EMERGENCIA MEDICA",MED-96,-12.0377758320566,-76.9166811593226
2016-041896,08-07-2016,"03:15:30 p.m.","  AV. JAVIER PRADO OESTE 2500       SAN ISIDRO","EMERGENCIA MEDICA",MED-202,-12.0939270906042,-77.0574589130153
2016-041895,08-07-2016,"03:12:03 p.m.","  JR. ALMIRANTE LORD COCHRANE 581        CALLAO","EMERGENCIA MEDICA",MED-15,-12.0651967246662,-77.1379096219109
2016-041894,08-07-2016,"03:04:38 p.m.","AV.   EL   PROGREOS   COOP.    JESUS  DEL   VALLE               HUARAL","EMERGENCIA MEDICA",AMB-44,,
2016-041893,08-07-2016,"03:02:06 p.m.","  AV. ABEL BERGASSE DU PETIT THOUARS 1700       LINCE","EMERGENCIA MEDICA",MED-202,-12.0817952953708,-77.0337390695229
2016-041892,08-07-2016,"02:57:51 p.m.","AV. 3 DE OCTUBRE (PAITA) CRUCE CON AV. EDILBERTO RAMOS (MARIANO PASTOR SEVILLA) (FORESTAL) VILLA EL SALVADOR            VILLA EL SALVADOR","EMERGENCIA MEDICA",AMB-155,-12.223427394385,-76.9426537866224
2016-041891,08-07-2016,"02:55:57 p.m.","AV. CARLOS IZAGUIRRE (2) CRUCE CON AV. UNIVERSITARIA (BELLA UNION) SAN MARTIN DE PORRES            SAN MARTIN DE PORRES","EMERGENCIA MEDICA",MED-9,-11.9919374837742,-77.0833565888351
2016-041890,08-07-2016,"02:49:37 p.m.","  CL. LAS ORQUIDEAS 600        SAN ISIDRO","EMERGENCIA MEDICA",AMB-100,-12.0938118585957,-77.0278420526953
2016-041889,08-07-2016,"02:34:35 p.m.","CL. LAS CAMELIAS (A) CRUCE CON CL. LAS ALMENDRAS (12) SAN JUAN DE MIRAFLORES            SAN JUAN DE MIRAFLORES","EMERGENCIA MEDICA",AMB-106,-12.1558317893664,-76.9807995648006
2016-041888,08-07-2016,"02:26:45 p.m.",,"EMERGENCIA MEDICA",AMB-11,-12.1439768858344,-77.0017127413368
2016-041887,08-07-2016,"02:21:55 p.m.","  AV. CANADA 200        LA VICTORIA","EMERGENCIA MEDICA",AMB-100,-12.0819828862602,-77.0248379211264
2016-041886,08-07-2016,"02:16:11 p.m.","CL. SEBASTIAN BARRANCA             LA VICTORIA","EMERGENCIA MEDICA",AMB-100,,
2016-041885,08-07-2016,"01:59:35 p.m.","PLAZA  VEA  DE  VILLA   EL   SALVADOR              VILLA EL SALVADOR","EMERGENCIA MEDICA",AMB-155,,
2016-041884,08-07-2016,"01:57:32 p.m.","  AV. CAMINOS DEL INCA 335        SANTIAGO DE SURCO","EMERGENCIA MEDICA",AMB-11,-12.1147563579077,-76.9915395118932
2016-041883,08-07-2016,"01:48:03 p.m.","  JR. GENERAL SAN ROMAN (SANTA CRUZ) 510        RIMAC","EMERGENCIA MEDICA",AMB-65,-12.0374785241624,-77.0392831953795
2016-041882,08-07-2016,"01:45:26 p.m.","  CL. FRANCISCO BOLOGNESI 200        SANTIAGO DE SURCO","EMERGENCIA MEDICA",AMB-65,,
2016-041881,08-07-2016,"01:44:20 p.m.","AV. JAVIER PRADO ESTE CRUCE CON AV. PASEO DE LA REPUBLICA SAN ISIDRO            SAN ISIDRO","ACCIDENTE VEHICULAR","M202-1, M28-1, MED-202",-12.091105831808,-77.0236435611253
2016-041880,08-07-2016,"01:43:24 p.m.","  JR. JUNIN 942        LIMA","EMERGENCIA MEDICA",AMB-10,-12.0506298263764,-77.0219476111296
2016-041879,08-07-2016,"01:37:18 p.m.","AV. PALMERAS C/N AV. ALFREDO MENDIOLA            LOS OLIVOS","EMERGENCIA MEDICA",AMB-10,,
2016-041878,08-07-2016,"01:07:10 p.m.","  CL. PIETRO TORRIGIANO (22) 486        SAN BORJA","EMERGENCIA MEDICA",AMB-11,-12.101535282653,-77.0112426999598
2016-041877,08-07-2016,"01:06:59 p.m.","AV GRAU TERCERA ZONA            ","EMERGENCIA MEDICA",AMB-22,,
2016-041876,08-07-2016,"01:06:28 p.m.","  AV. HUARANGAL (JOSE SACO ROJAS) 000        CARABAYLLO","EMERGENCIA MEDICA",AMB-150,-11.8534531720558,-77.0360109600508
2016-041875,08-07-2016,"12:58:57 p.m.","  JR. RAYMONDI (ELIAS BONNE MAISON) 543        MAGDALENA DEL MAR","MATERIALES PELIGROSOS (INCIDENTE)","M100-1, MED-202",-12.0963658289385,-77.0676090804325
2016-041874,08-07-2016,"12:44:39 p.m.","  AV. CORONEL SAMUEL ALCAZAR 490        RIMAC","MATERIALES PELIGROSOS (INCIDENTE)","AMB-65, M21-1",-12.0295463690093,-77.0303371819228
2016-041873,08-07-2016,"12:17:50 p.m.","AV. MIGUEL GRAU CRUCE CON AV. IQUITOS LA VICTORIA            LA VICTORIA","EMERGENCIA MEDICA",AMB-176,-12.0594968448068,-77.0314686342106
2016-041872,08-07-2016,"12:14:16 p.m.","  AV. ERNESTO MALINOWSKI 346        LIMA","MATERIALES PELIGROSOS (INCIDENTE)","AMB-83, M10-1, M14-1, M36-1",-12.0638535677566,-77.062796114612
2016-041871,08-07-2016,"12:11:16 p.m.","  JR. HUALLAGA 982        LIMA","EMERGENCIA MEDICA",AMB-10,-12.0514634517987,-77.0219128129173
2016-041870,08-07-2016,"12:10:11 p.m.","  AV. GENERAL JOSE DE SAN MARTIN (EL LIBERTADOR) 200        BARRANCO","EMERGENCIA MEDICA",AMB-10,-12.1440458601059,-77.0230755385798
2016-041869,08-07-2016,"11:44:44 a.m.","  CL. DANTE 100        SURQUILLO","EMERGENCIA MEDICA","AMB-100, RES-28",-12.1185653550243,-77.0224965559581
2016-041868,08-07-2016,"11:40:09 a.m.","COMERCIAL HIPERMERCADO PLAZA VEA CERES ATE            ATE","EMERGENCIA MEDICA",AMB-138,-12.0319218565383,-76.9261601477587
2016-041867,08-07-2016,"11:34:30 a.m.","HOTEL AROLAS DEL SUR            ICA","EMERGENCIA MEDICA",AMB-22,,
2016-041866,08-07-2016,"11:32:08 a.m.","CL. CUATRO BOCA S/N            PACHACAMAC","EMERGENCIA MEDICA",AMB-22,,
2016-041865,08-07-2016,"11:30:29 a.m.",,"EMERGENCIA MEDICA","AMB-14, MED-202",-12.0517798555356,-77.0523965923075
2016-041864,08-07-2016,"11:09:09 a.m.","CL. ANDALUCIA 762        PUEBLO LIBRE","EMERGENCIA MEDICA","AMB-14, MED-202",,
2016-041861,08-07-2016,"11:02:52 a.m.","  AV. SANTIAGO ANTUNEZ DE MAYOLO 1000       LOS OLIVOS","EMERGENCIA MEDICA",AMB-65,-11.9947215945353,-77.0753386844815
2016-041858,08-07-2016,"10:57:50 a.m.","  AV. AVIACION 400        LA VICTORIA","EMERGENCIA MEDICA",AMB-176,-12.0652042779077,-77.0121670961554
2016-041857,08-07-2016,"10:53:33 a.m.","UR. EL OLIVAR             CALLAO","EMERGENCIA MEDICA",MED-9,-12.0198995058528,-77.0930636181161
2016-041856,08-07-2016,"10:39:03 a.m.","  CL. PORTUGUES 177        RIMAC","EMERGENCIA MEDICA",AMB-10,-12.0344858738775,-77.026597052617
2016-041855,08-07-2016,"10:19:35 a.m.","  AV. MEXICO 230        CHORRILLOS","EMERGENCIA MEDICA",AMB-16,-12.1738903509787,-77.0209865548623
2016-041854,08-07-2016,"10:02:36 a.m.","UR. EL PINAR ETAPA PARCELA A R1            COMAS",RESCATE,AMB-16,-11.915928845395,-77.0550465264221
2016-041853,08-07-2016,"09:41:13 a.m.","UR. ALAMEDA DEL PINAR (CENTENARIO)             COMAS",RESCATE,AMB-16,-11.8987180260492,-77.0579321255904
2016-041852,08-07-2016,"09:37:05 a.m.","AV. HUAROCHIRI (BRAVO CHICO) CRUCE CON CA. CENTRAL SANTA ANITA            SANTA ANITA","ACCIDENTE VEHICULAR","AMB-138, M127-1, RES-138",-12.0484194606958,-76.9498080654674
2016-041851,08-07-2016,"09:23:01 a.m.","MADRE SELVA CRUCE LAS ACACIAS            ","ACCIDENTE VEHICULAR",AMB-22,,
2016-041850,08-07-2016,"09:16:49 a.m.","  CL. RIO TUMBES 262        SAN LUIS","EMERGENCIA MEDICA",AMB-176,-12.0749246000906,-77.002470983575
2016-041849,08-07-2016,"09:14:45 a.m.","ASOC  PARAISO MAZ C LT 3 000        ATE","EMERGENCIA MEDICA",MED-96,-12.0196845725784,-76.8103032488068
2016-041848,08-07-2016,"09:08:37 a.m.","  PR. EL SOL (SEXTA AVENIDA) 725        BARRANCO","EMERGENCIA MEDICA",AMB-16,-12.1389048553116,-77.0174845571264
2016-041847,08-07-2016,"09:06:07 a.m.","  AV. ABANCAY 500        LIMA","EMERGENCIA MEDICA",AMB-16,-12.0512316436289,-77.0285752328227
2016-041846,08-07-2016,"09:04:23 a.m.","  CL. LOS CALDEROS 188        ATE",INCENDIO,AMB-16,-12.0604218073077,-76.9522680836493
2016-041845,08-07-2016,"09:04:03 a.m.","COMATRA            ","MATERIALES PELIGROSOS (INCIDENTE)","M22-1, RES-193",,
2016-041844,08-07-2016,"08:54:08 a.m.","AV. SANTOS NEGADO  400        CHINCHA BAJA",INCENDIO,M38-4,,
2016-041843,08-07-2016,"08:52:39 a.m.","  AV. PETIT THOUARS 115        LIMA",RESCATE,M14-1,-12.0649732812247,-77.0362250258465
2016-041842,08-07-2016,"08:52:01 a.m.","DELLIPIANI 530             ","EMERGENCIA MEDICA",AMB-100,,
2016-041841,08-07-2016,"08:50:46 a.m.","PQ CACERES            ","SERVICIO ESPECIAL",M202-1,,
2016-041840,08-07-2016,"08:46:51 a.m.","JR. AZANGARO CRUCE CON JR. JUNIN LIMA            LIMA","EMERGENCIA MEDICA",AMB-10,-12.0470617434683,-77.0277065490534
2016-041839,08-07-2016,"08:00:53 a.m.","  CL. SALCEDO 167        BELLAVISTA","EMERGENCIA MEDICA",AMB-83,-12.0553571359558,-77.0910701934135
2016-041838,08-07-2016,"07:55:51 a.m.","hospital guardia civil             ","EMERGENCIA MEDICA",AMB-138,,
2016-041837,08-07-2016,"07:54:09 a.m.","AV. JAVIER PRADO ESTE CRUCE CON AV. LA MOLINA LA MOLINA            LA MOLINA","EMERGENCIA MEDICA",AMB-138,-12.0708069647454,-76.9572243033489
2016-041836,08-07-2016,"07:51:59 a.m.",,"EMERGENCIA MEDICA",AMB-14,-12.0577753582717,-77.049998111437
2016-041835,08-07-2016,"07:47:36 a.m.","ENTRADA SAN MARCELO            NAZCA","ACCIDENTE VEHICULAR",AMB-82,,
2016-041834,08-07-2016,"07:20:26 a.m.","  PJ. MADRE DE DIOS 149        ","EMERGENCIA MEDICA",MED-9,-11.9982018729866,-77.1198897293892
2016-041833,08-07-2016,"07:14:46 a.m.","PR. ALEJANDRO BERTELLO CRUCE CON AV. TOMAS VALLE CALLAO            CALLAO","EMERGENCIA MEDICA",MED-9,-12.0184270353336,-77.102041386476
2016-041832,08-07-2016,"07:02:49 a.m.","  AV. SAN JOSEmz v HHAA SICUANI 100        ATE",INCENDIO,"AMB-138, M138-1, M176-3, RES-8",-12.0671729514684,-76.9765432169798
2016-041831,08-07-2016,"06:58:19 a.m.","  AV. SANTA ROSA 400        SANTA ANITA","EMERGENCIA MEDICA","AMB-138, M138-1, M176-3, RES-8",-12.0472289141194,-76.9632903637256
2016-041830,08-07-2016,"06:36:11 a.m.","JR. MONGE MZ 39 LT 8 - PACHACAMAC            PACHACAMAC","EMERGENCIA MEDICA","AMB-138, M138-1, M176-3, RES-8",,
2016-041829,08-07-2016,"06:24:31 a.m.","  JR. AURELIO SOUZA (GERMAN NORIEGA DEL VALLE) 472        BARRANCO","EMERGENCIA MEDICA",AMB-16,-12.1402558486399,-77.0140885480451
2016-041828,08-07-2016,"06:22:24 a.m.","CL. LOS PINOS (39) CRUCE CON AV. CESAR VALLEJO (11) SAN JUAN DE MIRAFLORES            SAN JUAN DE MIRAFLORES","EMERGENCIA MEDICA",AMB-120,-12.1488308041138,-76.9631765264256
2016-041827,08-07-2016,"05:36:48 a.m.","URB DIVINO MESTRO A30            ICA","EMERGENCIA MEDICA",AMB-22,,
2016-041826,08-07-2016,"05:28:17 a.m.","  AV. ESTADOS UNIDOS 149        CALLAO","EMERGENCIA MEDICA",AMB-22,-12.0633145230368,-77.1521902254762
2016-041825,08-07-2016,"04:24:01 a.m.","UV. SANTA MARINA SUR 7               CALLAO","EMERGENCIA MEDICA",MED-5,-12.054501177298,-77.12542858395
2016-041824,08-07-2016,"04:02:30 a.m.","  CL. JOSE MARIA EGUREN 171        MAGDALENA DEL MAR","EMERGENCIA MEDICA",AMB-83,-12.0938283071026,-77.0638985832553
2016-041823,08-07-2016,"02:53:49 a.m.","CARRETERA CENTRAL KM 19.5 AV. BALAGER CONDOMINIO EL ENCANTO            ","EMERGENCIA MEDICA",AMB-83,,
2016-041822,08-07-2016,"02:26:16 a.m.","  JR. GANIMEDES (D) 000        SANTIAGO DE SURCO",INCENDIO,"AMB-120, M120-1, M134-1, RES-134",-12.1661487362266,-76.996884145469
2016-041821,08-07-2016,"02:03:25 a.m.","  PJ. MARGARITAS (P) 143        CALLAO","EMERGENCIA MEDICA","AMB-120, M120-1, M134-1, RES-134",-12.0144393761651,-77.0880776197424
2016-041820,08-07-2016,"01:41:19 a.m.","  AV. JOSE DE LA RIVA AGUERO 1300       EL AGUSTINO",INCENDIO,M2-1,-12.0489855350622,-77.0011978078391
2016-041819,08-07-2016,"01:28:29 a.m.","  AV. SALAVERRY 1700       JESUS MARIA","ACCIDENTE VEHICULAR","AMB-100, M202-1, M4-1",-12.0822666422863,-77.0453262359075
2016-041818,08-07-2016,"01:25:10 a.m.","MZ D LT. 27 URB PARAISO            CALLAO","EMERGENCIA MEDICA",AMB-65,,
2016-041817,08-07-2016,"01:19:12 a.m.","UR. SANTA GENOVEVA G LT Y            LURIN","EMERGENCIA MEDICA",AMB-129,-12.294704333329,-76.8515666343601
2016-041816,08-07-2016,"12:40:35 a.m.","  CL. BALTAZAR GRADOS 317        SAN JUAN DE MIRAFLORES","EMERGENCIA MEDICA",AMB-120,-12.1673667456851,-76.963693772702
2016-041815,08-07-2016,"12:33:08 a.m.","  JR. LAS GAVIOTAS 1200       SANTIAGO DE SURCO","EMERGENCIA MEDICA",AMB-16,-12.1666043931182,-76.9978073383262
2016-041814,08-07-2016,"12:28:11 a.m.","  AV. LA MARINA 3700       LA PERLA","EMERGENCIA MEDICA",AMB-7,-12.0722239447681,-77.105645510623
2016-041813,08-07-2016,"12:21:11 a.m.","AV LAS GRUYAS             SANTA ANITA","EMERGENCIA MEDICA",AMB-138,,
2016-041812,08-07-2016,"12:20:47 a.m.","  JR. CORONEL LEON VELARDE 500        LINCE","EMERGENCIA MEDICA",MED-202,-12.0832486323553,-77.040350317299
2016-041811,08-07-2016,"12:12:02 a.m.","  PJ. JOSE MORALES ALPACA 271        PUEBLO LIBRE","EMERGENCIA MEDICA",AMB-83,-12.0839173239158,-77.0631750791945
2016-041810,08-07-2016,"12:08:26 a.m.","  CL. LOS ALMENDROS 185        LA MOLINA","EMERGENCIA MEDICA",AMB-83,-12.0675785332047,-76.9599848221337
2016-041809,08-07-2016,"12:05:03 a.m.","  AV. LA PAZ 2800       SAN MIGUEL","EMERGENCIA MEDICA",AMB-7,-12.0783250803552,-77.1084941022339
