ID,FECHA,HORA,DIRECCION,TIPO,UNIDADES,"CORDENADAS (lat)","CORDENADAS (lng)"
2016-021083,27-03-2016,"11:54:36 p.m.","  JR. JOSE MANUEL ITURREGUI (GENERAL MANUEL VELARDE) 975        SURQUILLO","EMERGENCIA MEDICA",AMB-28,-12.1094263842052,-77.0193975981854
2016-021082,27-03-2016,"11:52:07 p.m.","AH. 28 DE NOVIEMBRE B1 LT  4            PUENTE PIEDRA","EMERGENCIA MEDICA",AMB-184,-12.052001332563,-77.0080415686431
2016-021081,27-03-2016,"11:48:47 p.m.","CL. SAN MARTIN 900        ICA","EMERGENCIA MEDICA",AMB-184,,
2016-021080,27-03-2016,"11:43:18 p.m.",,"EMERGENCIA MEDICA",M120-1,-12.2140761459703,-76.907017900826
2016-021079,27-03-2016,"11:40:53 p.m.","  AV. JOSE MARIA CORDOVA  133        VILLA MARIA DEL TRIUNFO","EMERGENCIA MEDICA",AMB-120,-12.1375564597449,-76.946120391182
2016-021078,27-03-2016,"11:34:49 p.m.","  CL. LOS MUSGOS PISO 3 128        CHORRILLOS","EMERGENCIA MEDICA",AMB-13,-12.1765449745769,-77.0084850107734
2016-021077,27-03-2016,"11:28:00 p.m.","URB LAS DALIAS            HUARAL",INCENDIO,M80-1,,
2016-021076,27-03-2016,"11:18:30 p.m.","  JR. MANUEL CISNEROS 400        ","EMERGENCIA MEDICA",M80-1,-12.0656178371305,-77.0215825661681
2016-021075,27-03-2016,"11:15:04 p.m.","  AV. CANADA 200        ","EMERGENCIA MEDICA",AMB-4,-12.0821773023558,-77.0246145860963
2016-021074,27-03-2016,"11:05:08 p.m.","  JR. ANDAHUAYLAS 673        LA VICTORIA","MATERIALES PELIGROSOS (INCIDENTE)","AMB-8, MATPEL-4",-12.0661548262557,-77.0257956160572
2016-021073,27-03-2016,"10:56:49 p.m.","AV. SUCRE CRUCE CON AV. LA MARINA PUEBLO LIBRE            PUEBLO LIBRE","EMERGENCIA MEDICA","M36-1, MED-202",-12.083201319933,-77.0673021486765
2016-021072,27-03-2016,"10:44:58 p.m.","AV. 1ER DE MAYO              VILLA EL SALVADOR","EMERGENCIA MEDICA","M36-1, MED-202",,
2016-021071,27-03-2016,"10:34:26 p.m.","  CL. MARISCAL RAMON CASTILLA 217        EL AGUSTINO","EMERGENCIA MEDICA",AMB-8,-12.0555907406325,-77.0068612446492
2016-021070,27-03-2016,"10:28:26 p.m.","  AV. PACASMAYO 500        CALLAO","EMERGENCIA MEDICA",SAMU-161,-12.0124310436516,-77.1004682266547
2016-021069,27-03-2016,"10:20:20 p.m.","  AV. TUPAC AMARU (OCROS) 229        EL AGUSTINO","MATERIALES PELIGROSOS (INCIDENTE)","AMB-8, M14-1",-12.052001332563,-77.0080415686431
2016-021068,27-03-2016,"10:19:13 p.m.","  CL. GARCILAZO DE LA VEGA 267        INDEPENDENCIA","EMERGENCIA MEDICA",AMB-168,-11.9902498735983,-77.0467621105657
2016-021067,27-03-2016,"10:15:04 p.m.","  JR. TRUJILLO 813        RIMAC","EMERGENCIA MEDICA","AMB-8, SAMU-2",-12.0364193293128,-77.0285309453545
2016-021066,27-03-2016,"09:57:35 p.m.","  CL. AGUA MARINA 200        SAN JUAN DE LURIGANCHO","EMERGENCIA MEDICA",SAMU-121,-11.9933642112017,-77.0069600290663
2016-021065,27-03-2016,"09:56:42 p.m.","  AV. TUPAC AMARU KM 18 2600       CARABAYLLO","EMERGENCIA MEDICA",SAMU-121,-11.8806906886499,-77.020268040711
2016-021064,27-03-2016,"09:55:11 p.m.","GRIFO   LOS  ANGELES            SAN JUAN DE LURIGANCHO",INCENDIO,M32-1,,
2016-021063,27-03-2016,"09:53:11 p.m.",,"EMERGENCIA MEDICA",AMB-1,-12.0582292249155,-77.1429964221459
2016-021062,27-03-2016,"09:52:59 p.m.","  CL. DANTE 581        SURQUILLO","EMERGENCIA MEDICA",AMB-28,-12.1154698249858,-77.0229810531485
2016-021061,27-03-2016,"09:52:13 p.m."," EX ZONA COMERCIAL LA BANDERA             VENTANILLA","MATERIALES PELIGROSOS (INCIDENTE)",M75-5,,
2016-021060,27-03-2016,"09:47:44 p.m.","  AV. LOS ALISOS 409        INDEPENDENCIA",INCENDIO,"AMB-65, M124-1",-11.9840584262515,-77.0639551431241
2016-021059,27-03-2016,"09:42:03 p.m.","AV. CARLOS IZAGUIRRE CRUCE CON CL. CONOCOCHA LOS OLIVOS            LOS OLIVOS","MATERIALES PELIGROSOS (INCIDENTE)","AMB-65, M161-1",-11.9919026151753,-77.0751055036555
2016-021058,27-03-2016,"09:41:54 p.m.","AV. ALFREDO MENDIOLA (PANAMERICANA NORTE) CRUCE CON AV. LOS ALISOS LOS OLIVOS            LOS OLIVOS","EMERGENCIA MEDICA",SAMU-168,-11.9840127890771,-77.0656967246574
2016-021057,27-03-2016,"09:41:21 p.m.","  CL. LOS MOGABUROS 281        JESUS MARIA","EMERGENCIA MEDICA",MED-202,-12.0661982434751,-77.0444962196512
2016-021056,27-03-2016,"09:36:21 p.m.","CALLE 29 III ETAPA            LOS OLIVOS","EMERGENCIA MEDICA",SAMU-161,,
2016-021055,27-03-2016,"09:26:00 p.m.","  CL. LOS ANDES 400        INDEPENDENCIA","ACCIDENTE VEHICULAR",SAMU-161,-11.9911950370457,-77.0618778741573
2016-021054,27-03-2016,"09:11:12 p.m.","  CL. GRAN PAJATEN 232        SAN JUAN DE LURIGANCHO","EMERGENCIA MEDICA",AMB-138,-12.0244488384642,-76.9860786942275
2016-021053,27-03-2016,"09:07:36 p.m.","  AV. VICENTE MORALES DUAREZ 2803       ","EMERGENCIA MEDICA",MED-5,-12.035849835807,-77.0769524995045
2016-021052,27-03-2016,"09:07:01 p.m."," SAN ANDRES             PISCO",INCENDIO,"AUX-37, CIST90-4",,
2016-021051,27-03-2016,"09:06:37 p.m.","  AV. CARLOS IZAGUIRRE 200        INDEPENDENCIA","EMERGENCIA MEDICA",SAMU-168,-11.9896377984058,-77.0603972382453
2016-021050,27-03-2016,"09:06:33 p.m.","AH. VICTOR GONZALES C LT 19             ","EMERGENCIA MEDICA",AMB-1,-12.0670333118156,-77.1436177020047
2016-021049,27-03-2016,"09:02:37 p.m.","  CL. ENRIQUE OPPENHEIMER 800        SAN JUAN DE MIRAFLORES","EMERGENCIA MEDICA",SAMU-106,-12.167371838081,-76.9680496161471
2016-021048,27-03-2016,"08:57:38 p.m.",,"EMERGENCIA MEDICA",AMB-8,-12.0533668213373,-77.0511835754063
2016-021047,27-03-2016,"08:44:22 p.m.","  CL. DANIEL VELEZ 437        SAN JUAN DE MIRAFLORES","EMERGENCIA MEDICA",AMB-120,-12.1463991569136,-76.9743055433413
2016-021046,27-03-2016,"08:42:25 p.m.","  AV. JAVIER LUNA PIZARRO 589        LA VICTORIA","EMERGENCIA MEDICA",AMB-120,-12.0654998629374,-77.0275411008378
2016-021045,27-03-2016,"08:41:25 p.m.","JR. MATEO SILVA CRUCE CON JR. FIDEL OLIVOS ESCUDERO LIMA            LIMA","EMERGENCIA MEDICA",AMB-80,-12.037933280128,-77.0750522550285
2016-021044,27-03-2016,"08:35:57 p.m.","TAMBO REAL             SANTIAGO DE SURCO","EMERGENCIA MEDICA",AMB-80,,
2016-021043,27-03-2016,"08:35:30 p.m.","ENTRADA A COLLAZOS             ICA","EMERGENCIA MEDICA",RES-193,,
2016-021042,27-03-2016,"08:27:40 p.m.","  CL. LOS AROMOS (7) 525        LA MOLINA","EMERGENCIA MEDICA",RES-193,-12.0956071963993,-76.9495779397072
2016-021041,27-03-2016,"08:22:55 p.m.","  AV. MANCO CAPAC 11         LA VICTORIA",INCENDIO,"AMB-2, M10-1, M4-1, M8-1",,
2016-021040,27-03-2016,"08:17:48 p.m.","TUPAC AMARU             PISCO","EMERGENCIA MEDICA","AMB-2, M10-1, M4-1, M8-1",,
2016-021039,27-03-2016,"08:17:47 p.m.","AH. VILLA LOS REYES (VENTANILLA ALTA) SECTOR II K LT 3            VENTANILLA","EMERGENCIA MEDICA",AMB-184,-11.8299090530565,-77.1262216793325
2016-021038,27-03-2016,"08:12:42 p.m.","LAS AMERICAS CDRA 2            HUARAL",INCENDIO,"M44-1, M44-6, MED-80",,
2016-021037,27-03-2016,"08:05:41 p.m.","CARRETERAS - PANAMERICANAS CARRETERA CENTRAL 4            ATE","EMERGENCIA MEDICA",AMB-138,-12.0445327759711,-76.9395711809102
2016-021036,27-03-2016,"08:00:44 p.m.","  CL. MANUEL PINO 735        LIMA","MATERIALES PELIGROSOS (INCIDENTE)","MATPEL-4, MED-202",-12.0779193156151,-77.0304260602798
2016-021035,27-03-2016,"07:48:35 p.m.","FERMIN TANGUIS            PISCO","EMERGENCIA MEDICA",AMB-37,,
2016-021034,27-03-2016,"07:46:20 p.m.","  AV. CORONEL SAMUEL ALCAZAR 600        RIMAC","EMERGENCIA MEDICA",AMB-80,-12.0285910334254,-77.0316996435417
2016-021033,27-03-2016,"07:42:40 p.m.","AJA ALTO             NAZCA",INCENDIO,CIST82-4,,
2016-021032,27-03-2016,"07:41:30 p.m.","  AV. LIBERTAD 2100       SAN MIGUEL","EMERGENCIA MEDICA",MED-5,-12.0803082880541,-77.1018206769466
2016-021031,27-03-2016,"07:40:33 p.m.","  CL. PIETRO MARCHAND 244        SAN BORJA","EMERGENCIA MEDICA",AMB-4,-12.0966728559355,-77.0030740615066
2016-021030,27-03-2016,"07:25:50 p.m.","CARRETERA FUJIMORI             HUARAL","ACCIDENTE VEHICULAR","M44-1, MED-80",,
2016-021029,27-03-2016,"07:25:44 p.m.","CARRETERAS - PANAMERICANAS PANAMERICANA NORTE 24.17            PUENTE PIEDRA","EMERGENCIA MEDICA",AMB-150,-11.9169339488857,-77.0735302587682
2016-021028,27-03-2016,"07:19:03 p.m.","  AV. SAN MARTIN 300        PUEBLO LIBRE","EMERGENCIA MEDICA",MED-100,-12.0708232197694,-77.0615852938111
2016-021027,27-03-2016,"07:17:52 p.m.","PANAMERICANA SUR KM 146            SAN VICENTE DE CANETE","ACCIDENTE VEHICULAR","AMB-183, M49-1",,
2016-021026,27-03-2016,"07:17:49 p.m.","  AV. EL SOL (LORENZO FRANGUELA) 500        RIMAC","EMERGENCIA MEDICA",AMB-2,-12.02454628183,-77.0260791058877
2016-021025,27-03-2016,"07:12:10 p.m.","  AV. JUAN LUNA PIZARRO (JORGE SWAYNE) 400        BARRANCO","EMERGENCIA MEDICA",SAMU-6,-12.1435603259469,-77.0164235430143
2016-021024,27-03-2016,"07:10:09 p.m.","AV. CHIMPU OCLLO CRUCE CON AV. UNIVERSITARIA CARABAYLLO            CARABAYLLO","EMERGENCIA MEDICA",AMB-150,-11.895125183648,-77.0372640326397
2016-021023,27-03-2016,"07:08:12 p.m.","  AV. LOS CONQUISTADORES 175        SAN ISIDRO","EMERGENCIA MEDICA",AMB-4,-12.0973770996656,-77.0359021831525
2016-021022,27-03-2016,"07:07:47 p.m.","CARRETERAS - PANAMERICANAS PANAMERICANA SUR 25            LURIN",INCENDIO,AMB-4,-12.2517298174504,-76.9284627631285
2016-021021,27-03-2016,"07:04:12 p.m.","  AV. 13 DE ENERO 1300       SAN JUAN DE LURIGANCHO","EMERGENCIA MEDICA",AMB-2,-12.0093315451438,-76.9997042681867
2016-021020,27-03-2016,"06:58:53 p.m.","  JR. SANTA FLORENCIA 564        LIMA","EMERGENCIA MEDICA",MED-202,-12.0615878716552,-77.076527900592
2016-021019,27-03-2016,"06:56:53 p.m.","CEMENTERIO  LOS LEONES            MARCONA","ACCIDENTE VEHICULAR",MED-202,,
2016-021018,27-03-2016,"06:56:52 p.m.","  JR. IQUIQUE 400        CALLAO","EMERGENCIA MEDICA",MED-5,-12.0492828378377,-77.1000285762644
2016-021017,27-03-2016,"06:53:51 p.m.","PJ. INCA PACHACUTEC SECTOR MICAELA BASTIDAS  500        VILLA MARIA DEL TRIUNFO","EMERGENCIA MEDICA",MED-5,-12.1750754443092,-76.9484939907949
2016-021016,27-03-2016,"06:53:19 p.m.","PEAJE PUNTA NEGRA            PUNTA NEGRA","EMERGENCIA MEDICA",AMB-160,,
2016-021015,27-03-2016,"06:52:49 p.m.","  AV. AREQUIPA 3170       ",RESCATE,M4-1,-12.0966898292729,-77.0327730695109
2016-021014,27-03-2016,"06:50:47 p.m.","RIVERA CHOSICA            LURIGANCHO",INCENDIO,M32-1,,
2016-021013,27-03-2016,"06:47:40 p.m.","  JR. AYACUCHO 3303       SAN MARTIN DE PORRES","EMERGENCIA MEDICA",SAMU-161,-12.0327350282595,-77.0839447980325
2016-021012,27-03-2016,"06:43:18 p.m.","ESTADIO MARCONA            MARCONA","SERVICIO ESPECIAL",MED-152,,
2016-021011,27-03-2016,"06:36:02 p.m.","  CL. LUIS ESPEJO TAMAYO MATEO ALADO 284        LIMA","EMERGENCIA MEDICA",MED-152,-12.0637418334088,-77.0617317316555
2016-021010,27-03-2016,"06:26:10 p.m.","AV. LA MOLINA 3500       LA MOLINA","ACCIDENTE VEHICULAR","M96-1, MED-96, RES-96",,
2016-021009,27-03-2016,"06:25:36 p.m.","CARRETERAS - PANAMERICANAS PANAMERICANA SUR 7            SANTIAGO DE SURCO","ACCIDENTE VEHICULAR","AMB-120, M16-1, M28-1",-12.1184481843196,-76.977199775831
2016-021008,27-03-2016,"06:23:08 p.m.","  PJ. SAN ROBERTO 148        LINCE","EMERGENCIA MEDICA",AMB-4,-12.0820199356266,-77.0276585887479
2016-021007,27-03-2016,"06:23:01 p.m.","CARRTERA PENETRACION A HUARAZ  KM  90            ","ACCIDENTE VEHICULAR","AMB-73, AMB-81",,
2016-021006,27-03-2016,"06:22:02 p.m.","  AV. MARCO POLO 664        CALLAO","EMERGENCIA MEDICA",AMB-1,-12.0657254591089,-77.1421454505686
2016-021005,27-03-2016,"06:19:59 p.m.","AUCAYAMA SAN JOSE             HUARAL",INCENDIO,"M44-1, M44-6, M80-1, MED-80, RES-44",,
2016-021004,27-03-2016,"06:17:20 p.m.","  CL. 23 147        SAN BORJA",RESCATE,RES-127,-12.0922888589505,-76.9853407834011
2016-021003,27-03-2016,"06:10:30 p.m.","AV. ANTUNEZ DE MAYOLO CRUCE CON AV. 12 DE OCTUBRE (LOS PROCERES) SAN MARTIN DE PORRES            SAN MARTIN DE PORRES","ACCIDENTE VEHICULAR","AMB-80, M9-1, M9-5, SAMU-168",-12.0008927926912,-77.0911999554136
2016-021002,27-03-2016,"06:09:48 p.m.","  AV. LA PAZ 2670       LA PERLA","EMERGENCIA MEDICA",MED-5,-12.0767601346696,-77.1115402340929
2016-021001,27-03-2016,"05:57:38 p.m.","  AV. FERNANDO WIESE (PROCERES DE LA INDEPENDENCIA) 000        SAN JUAN DE LURIGANCHO","ACCIDENTE VEHICULAR","M121-1, M21-1, SAMU-121",-11.9385458187494,-76.9746072832924
2016-021000,27-03-2016,"05:54:21 p.m.","AH. LADERAS DE CHILLON SEGUNDA EXPLANADA T            PUENTE PIEDRA",INCENDIO,M150-1,-11.9235550246477,-77.0867765206214
2016-020999,27-03-2016,"05:54:19 p.m.","  AV. LA MARINA 600        LA PERLA",INCENDIO,M5-1,-12.0686245383957,-77.114286790358
2016-020998,27-03-2016,"05:49:55 p.m.","  CL. LOS ROBLES 200        SAN ISIDRO","EMERGENCIA MEDICA",MED-202,-12.0927899486545,-77.0428937870089
2016-020997,27-03-2016,"05:49:44 p.m.","  CL. LOS PALMITOS 900        SAN JUAN DE LURIGANCHO",RESCATE,"AMB-21, M21-1",-12.0135008532932,-77.013037660625
2016-020996,27-03-2016,"05:44:29 p.m.","JR. FRANCIA CRUCE CON JR. MANUEL CISNEROS LA VICTORIA            LA VICTORIA","MATERIALES PELIGROSOS (INCIDENTE)","MATPEL-4, MED-202",-12.0709824290873,-77.020868274722
2016-020995,27-03-2016,"05:43:17 p.m.","RANCHO            HUARAL","EMERGENCIA MEDICA",MED-80,,
2016-020994,27-03-2016,"05:40:28 p.m.","AV. NICOLAS DE PIEROLA (SALVADOR ALLENDE) (DEFENSORES DE LIMA) 1200       VILLA MARIA DEL TRIUNFO","ACCIDENTE VEHICULAR","AMB-120, AMB-155, M105-2",-12.1691653205008,-76.9473386558077
2016-020993,27-03-2016,"05:33:02 p.m.","CL. SAN CARLOS CRUCE CON CL. SAN LUIS ATE - VITARTE            ","EMERGENCIA MEDICA",SAMU-176,-12.025784832925,-76.9409635648041
2016-020992,27-03-2016,"05:32:05 p.m.","  AV. MEJICO 975        LA VICTORIA","EMERGENCIA MEDICA",SAMU-176,-12.0739343082786,-77.0197635790519
2016-020991,27-03-2016,"05:29:07 p.m.","TUNAN            PARAMONGA","EMERGENCIA MEDICA",AMB-81,,
2016-020990,27-03-2016,"05:28:21 p.m.","  JR. BOLIVAR 100        ","EMERGENCIA MEDICA",AMB-1,-12.0598585686943,-77.1437672168815
2016-020989,27-03-2016,"05:22:54 p.m.","PAN NORTE KM 53 CAMINO A HUARAZ             ","ACCIDENTE VEHICULAR","AMB-91, RES-73",,
2016-020988,27-03-2016,"05:12:25 p.m.","UR. SAN DIEGO CL. SANTA MARIA REYNA MZ X            SAN MARTIN DE PORRES",INCENDIO,M124-1,-11.9466369861106,-77.0864751365121
2016-020987,27-03-2016,"05:02:34 p.m.","JR. SIMON SALGUERO CRUCE CON AV. LA MERCED SANTIAGO DE SURCO            SANTIAGO DE SURCO","EMERGENCIA MEDICA",AMB134-2,-12.1304326698811,-77.009411583149
2016-020986,27-03-2016,"04:59:16 p.m.","  AV. ESTEBAN SALMON 400        RIMAC","EMERGENCIA MEDICA",SAMU-21,-12.0371685025949,-77.0392444001373
2016-020985,27-03-2016,"04:48:03 p.m.",,"EMERGENCIA MEDICA",SAMU-10,-12.0523023482686,-77.0445696558261
2016-020984,27-03-2016,"04:44:44 p.m.","PTE  SAN PEDRO            LURIN","EMERGENCIA MEDICA",AMB-160,,
2016-020983,27-03-2016,"04:43:50 p.m.","  AV. GENERAL GARZON 924        JESUS MARIA","EMERGENCIA MEDICA",AMB-4,-12.0695647314227,-77.0474889160357
2016-020982,27-03-2016,"04:33:32 p.m.","CARRETERAS - PANAMERICANAS PANAMERICANA SUR 74            SAN VICENTE DE CANETE","ACCIDENTE VEHICULAR","AMB-111, AMB-133, M125-1, M133-1",-12.0549507069427,-77.0715273490094
2016-020981,27-03-2016,"04:33:09 p.m.","AV. CORONEL FRANCISCO BOLOGNESI CRUCE CON CA. CENTRAL SANTA ANITA            SANTA ANITA","EMERGENCIA MEDICA",SAMU-127,-12.0566039582899,-76.969098700929
2016-020980,27-03-2016,"04:22:31 p.m.","  AV. HIGUERETA 571        SANTIAGO DE SURCO",RESCATE,M16-1,-12.1230317418794,-76.9899237612318
2016-020979,27-03-2016,"04:21:44 p.m.","CL. LOS OLIVOS  400        HUACHO","EMERGENCIA MEDICA",M16-1,,
2016-020978,27-03-2016,"04:20:46 p.m.","PARQUE ANTIGUA  URB  ROSA LUZ              PUENTE PIEDRA",RESCATE,M16-1,,
2016-020977,27-03-2016,"04:17:28 p.m.",,"ACCIDENTE VEHICULAR","M202-1, MED-202, RES-14",-12.0645998470417,-77.050544586248
2016-020976,27-03-2016,"04:09:41 p.m.",,"MATERIALES PELIGROSOS (INCIDENTE)",M124-1,-11.9719806604801,-77.0760044634125
2016-020975,27-03-2016,"04:07:49 p.m.","  CL. EUSEBIO DEL LLANO ZAPATA 316        MIRAFLORES","EMERGENCIA MEDICA",MED-100,-12.1102437348434,-77.0395293017111
2016-020974,27-03-2016,"04:07:26 p.m.","  AV. EL CARMEN 167        SANTIAGO DE SURCO","EMERGENCIA MEDICA",MED-100,-12.1450828941316,-76.9904051492492
2016-020973,27-03-2016,"03:56:20 p.m.","VICTOR FAJARDO  875        BELLAVISTA","EMERGENCIA MEDICA",MED-5,,
2016-020972,27-03-2016,"03:53:36 p.m.","CARRETERAS - PANAMERICANAS ANTIGUA PANAMERICANA SUR 49            PUNTA NEGRA","ACCIDENTE VEHICULAR","M125-1, SAMU-6",-12.3619680471274,-76.7967027562552
2016-020971,27-03-2016,"03:47:18 p.m.","CALLE CHOTA 236        ","EMERGENCIA MEDICA",AMB-22,,
2016-020970,27-03-2016,"03:42:45 p.m.","  AV. GRAN CHIMU 1200       SAN JUAN DE LURIGANCHO","EMERGENCIA MEDICA",AMB-22,-12.0243596885146,-76.9915929170929
2016-020969,27-03-2016,"03:39:47 p.m.","  CL. VICTOR FAJARDO 875        BELLAVISTA","EMERGENCIA MEDICA",AMB-1,-12.0654098106358,-77.1311839285839
2016-020968,27-03-2016,"03:37:12 p.m.","  AV. ZARUMILLA 100        SAN JUAN DE LURIGANCHO","EMERGENCIA MEDICA",SAMU-21,-12.0355078102979,-77.0453382857006
2016-020967,27-03-2016,"03:31:38 p.m.","  CL. FRANCISCO QUIROZ (7) 471        BELLAVISTA","EMERGENCIA MEDICA",MED-5,-12.0598103542403,-77.1167298551353
2016-020966,27-03-2016,"03:30:32 p.m.","  AV. PEDRO DE OSMA 100        ","EMERGENCIA MEDICA",AMB-4,-12.1498695796171,-77.0217632521657
2016-020965,27-03-2016,"03:27:14 p.m.","  CL. LA LADERA (Q) 160        LA MOLINA",INCENDIO,"M96-1, MED-96",-12.0990244945919,-76.9512156473298
2016-020964,27-03-2016,"03:24:33 p.m.","  AV. JOSE CARLOS MARIATEGUI 000        LURIGANCHO","EMERGENCIA MEDICA",AMB-32,-11.924052524216,-76.6663012340792
2016-020963,27-03-2016,"03:18:53 p.m.","  AV. BETA 2108       LOS OLIVOS",RESCATE,RESLIG-161,-12.0068435612292,-77.0715051054982
2016-020962,27-03-2016,"03:18:36 p.m.","  AV. ANGAMOS ESTE (PRIMAVERA) 2421       SANTIAGO DE SURCO",RESCATE,RESLIG-161,-12.1040520519287,-76.9637629666248
2016-020961,27-03-2016,"03:07:19 p.m.","  AV. ALCANFORES 471        MIRAFLORES","EMERGENCIA MEDICA",MED-100,-12.1234191852351,-77.0278161607722
2016-020960,27-03-2016,"03:02:36 p.m.","  AV. REPUBLICA DE PANAMA 4500       SURQUILLO","EMERGENCIA MEDICA",AMB-4,-12.1103808457843,-77.0183545465635
2016-020959,27-03-2016,"02:55:26 p.m.","  AV. REPUBLICA DE PANAMA 4500       SURQUILLO","EMERGENCIA MEDICA",AMB-4,-12.1103798057192,-77.0185285414633
2016-020958,27-03-2016,"02:53:55 p.m.","ALT DE B6            CHORRILLOS","EMERGENCIA MEDICA",AMB-4,,
2016-020957,27-03-2016,"02:53:32 p.m.","PLAN VERANO SUR            PUNTA HERMOSA","SERVICIO ESPECIAL","AMB-111, AMB-120, AMB-133, AMB-160, AMB-183, M111-1, M129-1, M155-1, M16-1, M49-1, RES-6",,
2016-020956,27-03-2016,"02:51:26 p.m.","  JR. TAMARUGAL 171        CALLAO","EMERGENCIA MEDICA",MED-5,-12.0535700411291,-77.1018900890394
2016-020955,27-03-2016,"02:45:33 p.m.","AH. SAN GENARO I  RAMIREZ 100            CHORRILLOS","EMERGENCIA MEDICA",MED-5,-12.1943100478049,-77.0208923248137
2016-020954,27-03-2016,"02:42:19 p.m.","  PJ. UDIMA 110        SAN MIGUEL","EMERGENCIA MEDICA",SAMU-83,-12.0897318151868,-77.0769857536574
2016-020953,27-03-2016,"02:40:32 p.m.","  JR. LORETO 800        CALLAO","EMERGENCIA MEDICA",AMB-1,-12.0650192323122,-77.1401243923792
2016-020952,27-03-2016,"02:38:10 p.m.","AV. PARIAHUANCA CRUCE CON AV. LAS PALMERAS LOS OLIVOS            LOS OLIVOS","EMERGENCIA MEDICA",AMB-168,-11.9800305340096,-77.0724434259037
2016-020951,27-03-2016,"02:35:53 p.m.","  AV. DOMINGO NIETO (SAN JOSE) 168        PUEBLO LIBRE","EMERGENCIA MEDICA",AMB-36,-12.0850131955838,-77.06278311094
2016-020950,27-03-2016,"02:29:14 p.m.","AV. AVIACION CRUCE CON AV. DE LAS ARTES NORTE SAN BORJA            SAN BORJA",INCENDIO,"M127-1, M4-1, MATPEL-4, SAMU-127",-12.0908767924758,-77.0032395429981
2016-020949,27-03-2016,"02:28:33 p.m.","  JR. EMILIO ALTHAUS 534        LINCE","EMERGENCIA MEDICA",MED-202,-12.0802761123886,-77.0313788235218
2016-020948,27-03-2016,"02:20:44 p.m.","  JR. MANUEL PRADO (MANUEL PARDO) 328        LIMA","EMERGENCIA MEDICA",SAMU-8,-12.0481233069042,-77.0155860857776
2016-020947,27-03-2016,"02:20:18 p.m.","LOS JARDINES DE SAN ANDRES            PISCO",INCENDIO,"AUX-37, CIST90-4",,
2016-020946,27-03-2016,"02:20:00 p.m.","AV. SIMON BOLIVAR CRUCE CON AV. EDILBERTO RAMOS (MARIANO PASTOR SEVILLA) (FORESTAL) VILLA EL SALVADOR            VILLA EL SALVADOR",INCENDIO,"AMB-120, M105-2, M120-1, M155-1",-12.2210347161085,-76.9440930021591
2016-020945,27-03-2016,"02:06:31 p.m.","  JR. VAN GOGH 299        SAN BORJA","EMERGENCIA MEDICA",AMB-4,-12.087437210198,-76.9928775050729
2016-020944,27-03-2016,"02:06:31 p.m.","AH. NUEVA ESPERANZA SECTOR COMITE 8C 8E            VILLA MARIA DEL TRIUNFO","EMERGENCIA MEDICA",SAMU-105,-12.1815346034948,-76.9359600040963
2016-020943,27-03-2016,"02:04:18 p.m.","AV. SANTA BANGORDIAL (ALFA) CRUCE CON AV. ANGELICA GAMARRA LOS OLIVOS            LOS OLIVOS",INCENDIO,SAMU-105,-12.0058387326683,-77.069602856579
2016-020942,27-03-2016,"02:01:39 p.m.","CARRETERA A CHANCAY            HUARAL",INCENDIO,"M163-1, M216-4, M44-1, M44-6, M80-1, M81-1, MED-80, RES-80",,
2016-020941,27-03-2016,"01:59:58 p.m.","  PJ. WAKULSKI (WALKUSKI) 100        LIMA","EMERGENCIA MEDICA","M163-1, M216-4, M44-1, M44-6, M80-1, M81-1, MED-80, RES-80",,
2016-020940,27-03-2016,"01:55:21 p.m.","PRLG LEONCIO PRADO  113        HUACHO","EMERGENCIA MEDICA",AMB-20,,
2016-020939,27-03-2016,"01:43:06 p.m.","  AV. JORGE CHAVEZ (CARLOS HUGUET) 1802       SANTIAGO DE SURCO","EMERGENCIA MEDICA",AMB134-2,-12.1519084159257,-77.0044880734409
2016-020938,27-03-2016,"01:42:46 p.m.","  AV. AUGUSTO PEREZ ARANIBAR (DEL EJERCITO) 1500       SAN ISIDRO","EMERGENCIA MEDICA",MED-100,-12.107987837047,-77.0535390964162
2016-020937,27-03-2016,"01:37:15 p.m.","CO. ALBINO HERRERA I            CALLAO","EMERGENCIA MEDICA",AMB-168,-12.0091126497845,-77.1018406476142
2016-020936,27-03-2016,"01:37:09 p.m.","PLAN VERANO NORTE     KM   100             HUARAL","SERVICIO ESPECIAL",M44-1,,
2016-020935,27-03-2016,"01:34:02 p.m.","CL. RIO UCAYALI (3) CRUCE CON CL. RIO HUALLAGA (G) LA MOLINA            LA MOLINA","EMERGENCIA MEDICA",MED-96,-12.1023545577498,-76.9428896869047
2016-020934,27-03-2016,"01:24:06 p.m.","  JR. ABTAO 746        LA VICTORIA","EMERGENCIA MEDICA",SAMU-8,-12.0657123538856,-77.0224041113087
2016-020933,27-03-2016,"01:23:18 p.m.","AS. AYACUCHO C            SAN JUAN DE LURIGANCHO",INCENDIO,SAMU-8,-11.9898351215702,-77.015703983014
2016-020932,27-03-2016,"01:18:50 p.m.","PLAYA  SOMBRILLAS            BARRANCO","EMERGENCIA MEDICA",SAMU-8,,
2016-020931,27-03-2016,"01:13:40 p.m.","PR. TACNA CRUCE CON AV. GUARDIA REPUBLICANA (LA CAPILLA) RIMAC            RIMAC","EMERGENCIA MEDICA","AMB-21, M21-1, RES-3",-12.0348138254361,-77.0298946210442
2016-020930,27-03-2016,"01:10:22 p.m.","AH. LAMPA DE ORO I ETAPA MZ Q LT 4 100        SAN MARTIN DE PORRES","EMERGENCIA MEDICA",AMB-80,-12.0140357320496,-77.0622202883457
2016-020929,27-03-2016,"01:06:59 p.m.","CENTRO POBLADO MENOR CALTOPILLA  IMPERIAL             IMPERIAL","ACCIDENTE VEHICULAR",AMB-80,,
2016-020928,27-03-2016,"01:06:11 p.m.","  JR. WASHINGTON 552        LA PERLA","MATERIALES PELIGROSOS (INCIDENTE)","M15-1, MED-5",-12.0692886894088,-77.1275929028399
2016-020927,27-03-2016,"01:02:50 p.m.","  CL. HUAYNA CAPAC 300        VILLA MARIA DEL TRIUNFO","EMERGENCIA MEDICA","M15-1, MED-5",-12.1757877592793,-76.9484273166525
2016-020926,27-03-2016,"12:48:25 p.m.","SAN VICENTE            SAN VICENTE DE CANETE","EMERGENCIA MEDICA",AMB-183,,
2016-020925,27-03-2016,"12:46:19 p.m.","ALT PLAZA DE ARMAS             HUARAL","EMERGENCIA MEDICA",AMB-183,,
2016-020924,27-03-2016,"12:44:14 p.m.","AS. EL PALOMAR D LOTE 4            PUENTE PIEDRA","EMERGENCIA MEDICA",AMB-150,-11.882076139713,-77.075764302074
2016-020923,27-03-2016,"12:39:46 p.m.","  JR. SINCHI ROCA 2159       LINCE","EMERGENCIA MEDICA",AMB-4,-12.0835119098975,-77.0449179721764
2016-020922,27-03-2016,"12:37:39 p.m.","  JR. LAMPA 391        LIMA","EMERGENCIA MEDICA",SAMU-10,-12.0469146582361,-77.0290381084005
2016-020921,27-03-2016,"12:33:49 p.m.","  AV. MELGAREJO (E) 200        LA MOLINA","ACCIDENTE VEHICULAR","M169-1, MED-96, RES-96",-12.0714832644034,-76.9373241225107
2016-020920,27-03-2016,"12:32:49 p.m.","PANAMERICANA  SUR 132            ","EMERGENCIA MEDICA",RES-49,,
2016-020919,27-03-2016,"12:27:01 p.m.","AV.PERU CON MEXICO            ","ACCIDENTE VEHICULAR","MED-171, RES-193",,
2016-020918,27-03-2016,"12:15:37 p.m.","TURISMO CENTRO DE ATRACCION TURISTICA IGLESIA DE SAN PEDRO            LIMA","EMERGENCIA MEDICA",SAMU-2,-12.0492112620965,-77.0290406361582
2016-020917,27-03-2016,"12:04:30 p.m.","  CL. LOS PAUJILES 174        SANTA ANITA","EMERGENCIA MEDICA",AMB-138,-12.0465694063852,-76.9660622212357
2016-020916,27-03-2016,"11:58:06 a.m.","  AV. LAS CAMELIAS 781        SAN ISIDRO","EMERGENCIA MEDICA",MED-202,-12.0970547935938,-77.0286595621544
2016-020915,27-03-2016,"11:53:22 a.m.","  JR. RIMAC 889        SAN MARTIN DE PORRES","EMERGENCIA MEDICA",MED-5,-12.0343733453462,-77.0883391044149
2016-020914,27-03-2016,"11:34:36 a.m.","AV. AREQUIPA CRUCE CON AV. ANGAMOS OESTE MIRAFLORES            MIRAFLORES","EMERGENCIA MEDICA",AMB-28,-12.1137021885914,-77.0299129423239
2016-020913,27-03-2016,"11:33:54 a.m.","  AV. DEL EJERCITO (AUGUSTO PEREZ ARANIBAR)  DPT    503B 1062       MIRAFLORES","MATERIALES PELIGROSOS (INCIDENTE)","M100-1, MED-100",-12.1121023156287,-77.049610569232
2016-020912,27-03-2016,"11:25:22 a.m.","AV. SEPARADORA INDUSTRIAL CRUCE CON AV. JOSE CARLOS MARIATEGUI VILLA EL SALVADOR            VILLA EL SALVADOR","EMERGENCIA MEDICA",SAMU-105,-12.2178841671419,-76.9273852864461
2016-020911,27-03-2016,"11:22:21 a.m.","  CL. LOS ZAFIROS 229        BELLAVISTA","EMERGENCIA MEDICA",AMB-1,-12.0614236092282,-77.1225852030229
2016-020910,27-03-2016,"11:17:03 a.m.","TURISMO CENTRO DE ATRACCION TURISTICA IGLESIA DE SAN FRANCISCO            LIMA","EMERGENCIA MEDICA",SAMU-2,-12.0456949379239,-77.0279761384509
2016-020909,27-03-2016,"11:09:54 a.m.","UR. CIUDAD DEL PESCADOR SECTOR IV I4            BELLAVISTA","EMERGENCIA MEDICA",MED-5,-12.0639723964834,-77.1145969667191
2016-020908,27-03-2016,"11:04:07 a.m.","  AV. CORONEL JUAN PASCAL PRINGLES (LA FONTANA) 1385       ","EMERGENCIA MEDICA",AMB-138,-12.0728836609347,-76.9405973934355
2016-020907,27-03-2016,"11:02:52 a.m.","JR. LOS PINOS CRUCE CON JR. RICARDO PALMA COMAS            COMAS","EMERGENCIA MEDICA",AMB-168,-11.9574238045789,-77.0503866140451
2016-020906,27-03-2016,"10:53:38 a.m.","  CL. MARISCAL RAMON CASTILLA  SAN CAYETANO  217        EL AGUSTINO","EMERGENCIA MEDICA",AMB-168,-12.0555907406325,-77.0068612446492
2016-020905,27-03-2016,"10:49:17 a.m.","  CL. CENTENARIO 400        LA MOLINA","ACCIDENTE VEHICULAR","AMB-138, M169-1, RES-127",-12.065964695981,-76.9353223414071
2016-020904,27-03-2016,"10:38:38 a.m.","SAN CARLOS             ","EMERGENCIA MEDICA","AMB-138, M169-1, RES-127",,
2016-020903,27-03-2016,"10:35:59 a.m.","B  157            SAN CLEMENTE","SERVICIO ESPECIAL","AMB-138, M169-1, RES-127",,
2016-020902,27-03-2016,"10:35:03 a.m.","  AV. ANGELICA GAMARRA 900        LOS OLIVOS","MATERIALES PELIGROSOS (INCIDENTE)","M161-1, SAMU-168",-12.0064689122036,-77.0738659132642
2016-020901,27-03-2016,"10:19:00 a.m.","  AV. HORACIO URTEAGA 1423       JESUS MARIA","EMERGENCIA MEDICA",SAMU-14,-12.0757401625429,-77.0498501298207
2016-020900,27-03-2016,"10:14:35 a.m.","  AV. FERNANDO WIESE (PROCERES DE LA INDEPENDENCIA) 3700       SAN JUAN DE LURIGANCHO","ACCIDENTE VEHICULAR","M121-1, M21-1, SAMU-121, SAMU-176",-11.9677784468269,-76.9929395932853
2016-020899,27-03-2016,"10:02:55 a.m.","  JR. CORONEL FRANCISCO BOLOGNESI (ENRIQUE LLOSA) 500        MAGDALENA DEL MAR","EMERGENCIA MEDICA",AMB83-2,-12.091451323414,-77.0732965770712
2016-020898,27-03-2016,"09:52:54 a.m.","  CL. MONTE REAL  DPT   103        SANTIAGO DE SURCO","EMERGENCIA MEDICA",AMB134-2,-12.1119119681908,-76.9811270756356
2016-020897,27-03-2016,"09:51:39 a.m.","MALECON CISNERO            ","EMERGENCIA MEDICA",AMB-28,,
2016-020896,27-03-2016,"09:41:04 a.m.","  CL. CAYETANO HEREDIA 3858       LOS OLIVOS","EMERGENCIA MEDICA",AMB-28,-11.9893266066034,-77.0676838096284
2016-020895,27-03-2016,"09:34:49 a.m.","AV. MIGUEL GRAU (JOSE CARLOS MARIATEGUI) CRUCE CON AV. SAN ALFONSO ATE - VITARTE            ATE",INCENDIO,"AMB-138, M127-1, M169-1, RES-127",-12.0227854582809,-76.885990767088
2016-020894,27-03-2016,"09:34:12 a.m.","  JR. MARISCAL RAMON CASTILLA 846        SAN MIGUEL","EMERGENCIA MEDICA",SAMU-83,-12.0831203461106,-77.0789116266233
2016-020893,27-03-2016,"09:32:34 a.m.","  JR. LORETO 542        CALLAO","EMERGENCIA MEDICA",AMB-1,-12.0655720577913,-77.1443485208487
2016-020892,27-03-2016,"09:30:40 a.m.","PJ. VILLA ALEJANDRO D            LURIN","EMERGENCIA MEDICA",AMB-155,-12.2347115549114,-76.910724646225
2016-020891,27-03-2016,"09:21:52 a.m.","AV. SAN EUGENIO CRUCE CON AV. SANTA CATALINA LA VICTORIA            LA VICTORIA","EMERGENCIA MEDICA",AMB-4,-12.0848098342864,-77.0185285581271
2016-020890,27-03-2016,"09:18:56 a.m.","ESTADIO NACIONAL LAS AMERICAS            ","SERVICIO ESPECIAL",AMB-4,,
2016-020889,27-03-2016,"09:12:28 a.m.","DISCOTECA LAS ROCAS            ","EMERGENCIA MEDICA",MED-38,,
2016-020888,27-03-2016,"08:56:19 a.m.","CL.CHANCAYLLO            CHANCAY","EMERGENCIA MEDICA",MED-80,,
2016-020887,27-03-2016,"08:54:49 a.m.","CAMPO DE MARTE            ","SERVICIO ESPECIAL",MED-202,,
2016-020886,27-03-2016,"08:54:45 a.m.","  JR. COPACABANA 350        PUEBLO LIBRE","EMERGENCIA MEDICA",SAMU-14,-12.0706738843131,-77.0583891087215
2016-020885,27-03-2016,"08:49:19 a.m.","  JR. DOMINGO PONTE 814        MAGDALENA DEL MAR","EMERGENCIA MEDICA",SAMU-83,-12.0928538083751,-77.0637831176984
2016-020884,27-03-2016,"08:40:19 a.m.","AV. ESMERALDA CRUCE CON JR. LAS GARZAS (ALAMEDA PICAFLORES) SAN BORJA            SAN BORJA","EMERGENCIA MEDICA",SAMU-127,-12.107842673823,-76.9825014986524
2016-020883,27-03-2016,"08:37:11 a.m.","PLAN VERANO            PUNTA NEGRA","SERVICIO ESPECIAL","AMB-111, AMB-13, AMB-155, AMB-160, M105-2, M129-1, M16-1, RES-6",,
2016-020882,27-03-2016,"08:35:04 a.m.","  JR. ANCASH 400        LIMA","EMERGENCIA MEDICA",SAMU-2,-12.0463669933291,-77.0265933246199
2016-020881,27-03-2016,"08:28:43 a.m.","  PJ. GEORGE BERNARD SHAW 000        SANTIAGO DE SURCO","EMERGENCIA MEDICA",AMB134-2,-12.1351781967739,-76.998443918375
2016-020880,27-03-2016,"08:26:07 a.m.",,"EMERGENCIA MEDICA",RES-193,,
2016-020879,27-03-2016,"08:15:47 a.m.","  AV. FAUSTINO SANCHEZ CARRION (PERSHING) 1035       JESUS MARIA","EMERGENCIA MEDICA",RES-193,-12.0921658150996,-77.054375582135
2016-020878,27-03-2016,"08:14:11 a.m.","  CL. EL AMARGON  UR  LAS PALMERAS 4061       LOS OLIVOS","EMERGENCIA MEDICA",SAMU-168,-11.9880721672213,-77.0748311421281
2016-020877,27-03-2016,"08:08:07 a.m.","  JR. CLEMENTE PALMA (MANCO CAPAC) 470        MIRAFLORES","EMERGENCIA MEDICA",AMB-28,-12.1275108368642,-77.0303105707472
2016-020876,27-03-2016,"08:05:32 a.m.","SECTOR SANTA ROSA            SAN CLEMENTE","EMERGENCIA MEDICA",AMB-157,,
2016-020875,27-03-2016,"08:00:26 a.m.","AH. JOSE GALVEZ   AV LOS ANGELES  MZ  B  LT  2             VILLA MARIA DEL TRIUNFO","EMERGENCIA MEDICA","M120-1, M155-1, SAMU-105",-12.1975668356841,-76.9103487431225
2016-020874,27-03-2016,"07:47:24 a.m.","  AV. EVITAMIENTO (CIRCUNVALACION) 000        RIMAC","ACCIDENTE VEHICULAR","AMB-21, M10-1, RES-3",-12.0398490649814,-77.0359347681055
2016-020873,27-03-2016,"07:38:17 a.m.","  AV. MICAELA BASTIDAS   SAN ANGUSTIN   100        COMAS","EMERGENCIA MEDICA","AMB-21, M10-1, RES-3",-11.9335760245135,-77.0470713009996
2016-020872,27-03-2016,"07:38:15 a.m.","  AV. 12 DE OCTUBRE (LOS PROCERES) 320        SAN MARTIN DE PORRES","EMERGENCIA MEDICA",AMB-80,-12.016614923029,-77.0866030938308
2016-020871,27-03-2016,"07:31:10 a.m.","CA. CENTRAL (VICTOR RAUL HAYA DE LA TORRE) 000        ATE","ACCIDENTE VEHICULAR","M138-1, M169-1",-12.0182283599104,-76.8960622587216
2016-020870,27-03-2016,"07:29:43 a.m.","CARRETERAS - PANAMERICANAS PANAMERICANA SUR 4            SAN BORJA","ACCIDENTE VEHICULAR","AMB-138, RES-127",-12.0918573048657,-76.9810896808191
2016-020869,27-03-2016,"07:17:04 a.m.","  AV. UNIVERSITARIA (BELLA UNION) 3700       SAN MARTIN DE PORRES","EMERGENCIA MEDICA",SAMU-161,-11.9930960167,-77.0835682258562
2016-020868,27-03-2016,"07:10:12 a.m.","UR. LA TABOADITA (TABOADITA PACIFICO) A1  LT  42            BELLAVISTA","EMERGENCIA MEDICA",MED-5,-12.0565872915112,-77.1107422763541
2016-020867,27-03-2016,"07:05:53 a.m.","AV. 200 MILLAS CRUCE CON AV. LOS TOPOGRAFOS VENTANILLA            VENTANILLA","EMERGENCIA MEDICA",AMB-184,-11.8494144796327,-77.1371200186608
2016-020866,27-03-2016,"07:01:14 a.m.","AV. TACNA CRUCE CON AV. NICOLAS DE PIEROLA (LA COLMENA) LIMA            LIMA","ACCIDENTE VEHICULAR","M10-1, RES-3, SAMU-10",-12.0486462676632,-77.0391636971565
2016-020865,27-03-2016,"06:59:46 a.m.","AV. 12 DE OCTUBRE CRUCE CON CL. CESAR VALLEJO CHORRILLOS            CHORRILLOS","EMERGENCIA MEDICA","AMB-13, AMB134-2",-12.1977602792084,-76.9960823030454
2016-020864,27-03-2016,"06:58:30 a.m.","AH. SAGRADA FAMILIA G            CHORRILLOS","EMERGENCIA MEDICA","AMB-13, SAMU-6",-12.1981733083392,-76.9958843757105
2016-020863,27-03-2016,"06:57:11 a.m.","  CL. JULIO CALERO (IGNACIO SEMINARIO) (SANTA FE) 844        CHORRILLOS",RESCATE,RES-6,-12.1750832527187,-77.0235350923538
2016-020862,27-03-2016,"06:30:13 a.m.","CA. CENTRAL (VICTOR RAUL HAYA DE LA TORRE) CRUCE CON AV. SEPARADORA INDUSTRIAL (A) ATE - VITARTE            ATE","ACCIDENTE VEHICULAR","AMB-138, M138-1, M169-1",-12.044487722916,-76.9385907320004
2016-020861,27-03-2016,"06:19:32 a.m.","  JR. VALENCIA 450        PUEBLO LIBRE","EMERGENCIA MEDICA",MED-202,-12.0684657082297,-77.0709369642059
2016-020860,27-03-2016,"06:12:12 a.m.","  JR. MORRO SOLAR (6 DE ENERO) 000        CHORRILLOS","EMERGENCIA MEDICA","RES-6, SAMU-6",-12.1732693575329,-77.0264255632461
2016-020859,27-03-2016,"06:10:16 a.m.","URB MIGUEL GRAU  MZ  S  LT  7            CALLAO","EMERGENCIA MEDICA",MED-5,-12.046529499725,-77.1021157698092
2016-020858,27-03-2016,"06:04:43 a.m.","RELIGIOSO CAPILLA SAN FRANCISCO DE ASIS PARADERO 8            SAN JUAN DE LURIGANCHO","EMERGENCIA MEDICA",SAMU-121,-11.9710579596892,-77.0019704554547
2016-020857,27-03-2016,"05:50:32 a.m.","  JR. AYACUCHO (PUENTE Y CORTEZ) 870        MAGDALENA DEL MAR","EMERGENCIA MEDICA",SAMU-121,-12.0862048134733,-77.0725026040266
2016-020856,27-03-2016,"05:26:51 a.m.","  AV. ARENALES 600        LIMA","EMERGENCIA MEDICA",MED-202,-12.0709717401204,-77.0375629733362
2016-020855,27-03-2016,"05:23:06 a.m.","AV. LA ENCALADA (APU KONTIKI) CRUCE CON AV. ANGAMOS ESTE (PRIMAVERA) SANTIAGO DE SURCO            SANTIAGO DE SURCO","ACCIDENTE VEHICULAR","AMB134-2, RES-127, RES-134",-12.1099383397696,-76.9728406923477
2016-020854,27-03-2016,"05:12:27 a.m.","VIVANCO CON TORRE TAGLE            PUEBLO NUEVO","SERVICIO ESPECIAL","AMB-36, ESC-202, M36-1",,
2016-020853,27-03-2016,"05:09:00 a.m.","  JR. ARICA 389        LA PERLA","EMERGENCIA MEDICA","AMB-36, ESC-202, M36-1",,
2016-020852,27-03-2016,"05:07:13 a.m.","AV. LA PAZ CRUCE CON AV. ARMENDARIZ MIRAFLORES            MIRAFLORES","ACCIDENTE VEHICULAR","AMB-28, M16-1, M28-1",-12.1350788250583,-77.0249996392747
2016-020851,27-03-2016,"05:00:14 a.m.","  JR. JOSE REMY BARUA urb. elio 2731       LIMA","EMERGENCIA MEDICA",AMB-36,-12.0565126165923,-77.0721560244989
2016-020850,27-03-2016,"04:57:52 a.m.","  AV. 2 DE MAYO 1181       SAN ISIDRO","EMERGENCIA MEDICA",AMB-4,-12.091995258849,-77.0425866146296
2016-020849,27-03-2016,"04:28:33 a.m.","CARRETERAS - PANAMERICANAS PANAMERICANA NORTE 32.1            PUENTE PIEDRA","ACCIDENTE VEHICULAR","AMB-150, M184-1, M207-5",-11.8540045316541,-77.087817353998
2016-020848,27-03-2016,"04:18:59 a.m.",,"EMERGENCIA MEDICA","RES-127, SAMU-127",,
2016-020847,27-03-2016,"04:14:02 a.m.","AV. JOSE OLAYA BALANDRA CRUCE CON AV. CENTRAL VILLA EL SALVADOR            VILLA EL SALVADOR","EMERGENCIA MEDICA",AMB-155,-12.2221347750381,-76.9281705971025
2016-020846,27-03-2016,"03:45:50 a.m.","  JR. HUANCAVELICA 670        LIMA","EMERGENCIA MEDICA",AMB-21,-12.0448720728189,-77.0378689979362
2016-020845,27-03-2016,"03:31:38 a.m.","CARREETERA CHICHA BAJA KM. 3             CHINCHA BAJA","ACCIDENTE VEHICULAR","M38-4, MED-38",,
2016-020844,27-03-2016,"03:10:12 a.m.",,"EMERGENCIA MEDICA",SAMU-10,-12.0549888055732,-77.0471615689069
2016-020843,27-03-2016,"02:59:44 a.m.","AV.  CENTENARIO            HUACHO",INCENDIO,M20-1,,
2016-020842,27-03-2016,"02:39:20 a.m.","CALLE 6 MAZ E LOTE 28 UR. RESIDENCIAL LA LIBERTAD             SANTIAGO DE SURCO",INCENDIO,RES-134,-12.1690781099464,-76.9929889482207
2016-020841,27-03-2016,"02:38:51 a.m.","CO. COMUNIDAD SAN ANTONIO   DE JICAMARCA ALT.   COLEGIO  SANTO  DOIMINGO            LURIGANCHO","MATERIALES PELIGROSOS (INCIDENTE)","M121-1, SAMU-2",-11.9725190669749,-76.9418428377673
2016-020840,27-03-2016,"02:38:25 a.m.","  AV. HUSARES DE JUNIN 1135       JESUS MARIA","EMERGENCIA MEDICA",MED-202,-12.0797072595477,-77.0449796109969
2016-020839,27-03-2016,"02:37:57 a.m.","  PJ. PADRE URRACA   MARANGA   169        SAN MIGUEL","EMERGENCIA MEDICA",MED-202,,
2016-020838,27-03-2016,"02:23:14 a.m.","AV. VICTOR ANDRES BELAUNDE CRUCE CON AV. CAMINO REAL SAN ISIDRO            SAN ISIDRO","EMERGENCIA MEDICA",AMB-4,-12.0964827654872,-77.0358012395825
2016-020837,27-03-2016,"02:21:06 a.m.","  AV. REPUBLICA ARGENTINA 5824       CALLAO","EMERGENCIA MEDICA",MED-5,-12.0474983643603,-77.0868124418428
2016-020836,27-03-2016,"01:44:09 a.m.","  AV. LOS SAUCES MAZ K LOTE 35  100        ATE","EMERGENCIA MEDICA",SAMU-127,-12.0687443155018,-76.9852470807772
2016-020835,27-03-2016,"01:39:47 a.m.","  AV. LA PLANICIE (JOSE LEON BARANDEARAN) 830        LA MOLINA","EMERGENCIA MEDICA",AMB-169,-12.0785896718246,-76.9146698685672
2016-020834,27-03-2016,"01:39:25 a.m.","JR. LAS   GAVIOTAS   CDRA.  13   URB.   SAGITARIO               SANTIAGO DE SURCO","EMERGENCIA MEDICA",AMB-13,,
2016-020833,27-03-2016,"01:04:51 a.m.","  JR. LIBERTAD 1556       PUEBLO LIBRE","EMERGENCIA MEDICA",AMB-36,-12.0849139226992,-77.0667744990931
2016-020832,27-03-2016,"12:50:30 a.m.","  CL. HURTADO DE MENDOZA  URB.   COLONIAL  280        CALLAO","EMERGENCIA MEDICA",MED-5,-12.0513720366117,-77.0969205368355
2016-020831,27-03-2016,"12:41:26 a.m.","  AV. DOLORES BRIGIDA SILVA DE OCHOA (FERIA DEL PACIFICO) 300        SAN MIGUEL","EMERGENCIA MEDICA",AMB-7,-12.0793623043709,-77.0873976023747
2016-020830,27-03-2016,"12:30:49 a.m.","PANAMERICANA SUR KILOMETRO 198             ","EMERGENCIA MEDICA",MED-38,,
2016-020829,27-03-2016,"12:29:35 a.m.","PANAMERICANA  SUR  KM.  142              ","ACCIDENTE VEHICULAR",AMB-183,,
2016-020828,27-03-2016,"12:26:06 a.m.","  CL. CORNEJO 149        SANTIAGO DE SURCO","MATERIALES PELIGROSOS (INCIDENTE)",AMB-183,-12.1470775700658,-77.0059529399136
2016-020827,27-03-2016,"12:25:38 a.m.","  CL. CORNEJO 149        SANTIAGO DE SURCO","MATERIALES PELIGROSOS (INCIDENTE)","AMB134-2, M16-1",-12.1470775700658,-77.0059529399136
2016-020826,27-03-2016,"12:22:30 a.m.","CH. MARBELLA EDIFICIO  P  DPTO.  302               MAGDALENA DEL MAR","EMERGENCIA MEDICA",AMB-36,-12.1044537774142,-77.0608035102868
2016-020825,27-03-2016,"12:21:36 a.m.","B-32            ","EMERGENCIA MEDICA",AMB-32-2,,
2016-020824,27-03-2016,"12:21:06 a.m.","AS. HIJOS DE APURIMAC  K LT 26            ATE","EMERGENCIA MEDICA",AMB-169,-12.0212562925968,-76.8689573541762
2016-020823,27-03-2016,"12:08:14 a.m.","  AV. ALBERTO DEL CAMPO (LIZARDO MONTERO) 468        SAN ISIDRO","EMERGENCIA MEDICA",MED-100,-12.0971288717113,-77.0576224079377
