ID,FECHA,HORA,DIRECCION,TIPO,UNIDADES,"CORDENADAS (lat)","CORDENADAS (lng)"
2016-017995,14-03-2016,"11:36:28 p.m.","MZ  F  LT  2  ASOC  8  IMPERIAL            IMPERIAL","EMERGENCIA MEDICA",AMB-183,,
2016-017994,14-03-2016,"11:34:41 p.m.","OVALO LAS PALOMAS            VILLA EL SALVADOR","EMERGENCIA MEDICA",AMB-155,,
2016-017993,14-03-2016,"11:29:02 p.m.","  CL. 3 110        SAN ISIDRO","EMERGENCIA MEDICA",MED-100,-12.1069958085101,-77.0570580278448
2016-017992,14-03-2016,"11:28:01 p.m.",,INCENDIO,"M10-1, M14-1, MED-10, RES-3",-12.0601622980612,-77.057175081546
2016-017991,14-03-2016,"11:26:27 p.m.","  CL. LA CARIDAD (30) 787        LOS OLIVOS","MATERIALES PELIGROSOS (INCIDENTE)","M150-3, RESLIG-161, SAMU-161",-11.9316702568212,-77.0760195699372
2016-017990,14-03-2016,"11:25:30 p.m.","  CL. KOTOSH 1262       SAN JUAN DE LURIGANCHO","EMERGENCIA MEDICA",AMB-2,-12.0120987879369,-76.985129598464
2016-017989,14-03-2016,"11:23:49 p.m.","AH. 30 DE MAYO D LOTE 6            CARABAYLLO","EMERGENCIA MEDICA",AMB-2,-11.8642591428265,-77.0091603058791
2016-017988,14-03-2016,"11:18:38 p.m.","AV. UNIVERSITARIA NORTE CRUCE CON AV. ANGELICA GAMARRA LOS OLIVOS            LOS OLIVOS","EMERGENCIA MEDICA",AMB-9,-12.0065540708883,-77.0822939597217
2016-017987,14-03-2016,"11:16:30 p.m.","  CL. SACSAYHUAMAN (31) 135        LA MOLINA","MATERIALES PELIGROSOS (INCIDENTE)",M138-1,-12.1124621882458,-76.9377178081847
2016-017986,14-03-2016,"11:12:22 p.m.","  CL. PUCALA (JANAN PACHAS) 357        SANTIAGO DE SURCO","MATERIALES PELIGROSOS (INCIDENTE)","AMB134-2, RES-127",-12.112364456914,-76.9743378949912
2016-017985,14-03-2016,"11:09:57 p.m.","  CL. LUIS BERNALES GARCIA (RICARDO ANGULO RAMIREZ) (LOS CENCERILLOS) 461        SAN ISIDRO","EMERGENCIA MEDICA",AMB-4,-12.093046804518,-77.0144720572075
2016-017984,14-03-2016,"10:49:37 p.m.","AV. TOMAS VALLE CRUCE CON AV. 12 DE OCTUBRE (LOS PROCERES) SAN MARTIN DE PORRES            SAN MARTIN DE PORRES","EMERGENCIA MEDICA",SAMU-161,-12.0096226275633,-77.0876976268929
2016-017983,14-03-2016,"10:42:21 p.m.","CARRETERAS - PANAMERICANAS PANAMERICANA SUR 13            SAN JUAN DE MIRAFLORES",RESCATE,RES-134,-12.1708718385434,-76.9793258050375
2016-017982,14-03-2016,"10:41:40 p.m.","  AV. CIRCUNVALACION (PANAMERICANA SUR) 1700       SAN LUIS","EMERGENCIA MEDICA",AMB-4,-12.0703724169878,-76.9946058822723
2016-017981,14-03-2016,"10:34:44 p.m.","LEON DE VIVERO MZ E LOTE 12            CHINCHA ALTA","EMERGENCIA MEDICA",AMB-38,,
2016-017980,14-03-2016,"10:30:02 p.m.","  AV. BALTAZAR LA TORRE 750        SAN ISIDRO","EMERGENCIA MEDICA",MED-100,-12.1000608794625,-77.055620589217
2016-017979,14-03-2016,"10:29:04 p.m.","LADERA DE CHILLON MZ F LOTE 336            ","EMERGENCIA MEDICA",MED-100,,
2016-017978,14-03-2016,"10:19:45 p.m.","  AV. MARCO POLO 700        CALLAO","EMERGENCIA MEDICA",AMB-9,-12.0662837882901,-77.1420556554726
2016-017977,14-03-2016,"10:16:55 p.m.","  AV. SANTA ROSA  PIEDRA LIZA  LETRA A  147        RIMAC","EMERGENCIA MEDICA",AMB-9,-12.0377264079603,-77.0148236046327
2016-017976,14-03-2016,"10:12:57 p.m.","AV. ANGAMOS ESTE (PRIMAVERA) CRUCE CON AV. CENTRAL (A) SANTIAGO DE SURCO            SANTIAGO DE SURCO","EMERGENCIA MEDICA",AMB134-2,-12.1052013677431,-76.9653146843764
2016-017975,14-03-2016,"10:10:59 p.m.","  JR. 25 DE MARZO  NUEVO LURIN  000        LURIN",INCENDIO,AMB134-2,-12.2943619443411,-76.854100693521
2016-017974,14-03-2016,"10:05:33 p.m.","  JR. HUANUCO 2658       LA VICTORIA","EMERGENCIA MEDICA",AMB-8,-12.0757283570346,-77.0149015634294
2016-017973,14-03-2016,"09:48:51 p.m.","  CL. SAN FRANCISCO 1061       VILLA MARIA DEL TRIUNFO","EMERGENCIA MEDICA",AMB-120,-12.1646215005481,-76.9434235689787
2016-017972,14-03-2016,"09:41:37 p.m.","  CL. JOSE OLAYA BALANDRA 141        SAN MIGUEL","EMERGENCIA MEDICA",MED-5,-12.079961630294,-77.1041617243842
2016-017971,14-03-2016,"09:38:46 p.m.","  CL. LOMA DEL PILAR 418        SANTIAGO DE SURCO","EMERGENCIA MEDICA",SAMU-134,-12.1384446439972,-76.9905161094871
2016-017970,14-03-2016,"09:33:55 p.m.","  AV. LOS FRESNOS (PORTADA DEL SOL) (PRINCIPAL) 1200       LA MOLINA","EMERGENCIA MEDICA",AMB-169,-12.1030403710517,-76.9418023676072
2016-017969,14-03-2016,"09:29:15 p.m.","AV. 26 DE NOVIEMBRE 1900       VILLA MARIA DEL TRIUNFO","EMERGENCIA MEDICA",AMB-155,-12.1673984110378,-76.9204257830458
2016-017968,14-03-2016,"09:28:23 p.m.","CLINICA SAN GABRIEL            ","EMERGENCIA MEDICA",AUX-9,,
2016-017967,14-03-2016,"09:14:58 p.m.","  AV. OSCAR BENAVIDES (COLONIAL) 900        LIMA","ACCIDENTE VEHICULAR","AMB-14, AMB-36, AMB-80, M3-1, M60-1, SAMU-10",-12.0476452824228,-77.0543317130327
2016-017966,14-03-2016,"09:12:33 p.m.","ASAMBLEA MCAL CACERES            AYACUCHO","EMERGENCIA MEDICA",MED-63,,
2016-017965,14-03-2016,"09:00:58 p.m.","  JR. HUANCAVELICA 648        LIMA","EMERGENCIA MEDICA",MED-63,-12.0448720728189,-77.0378689979362
2016-017964,14-03-2016,"08:59:19 p.m.",,"EMERGENCIA MEDICA",AMB-14,-12.0579975534862,-77.0397641141211
2016-017963,14-03-2016,"08:57:37 p.m.","  JR. HUANTA 200        LIMA",INCENDIO,"AMB-8, M10-1, M2-1, M3-1, M4-1",-12.0463008440474,-77.0213472033554
2016-017962,14-03-2016,"08:53:39 p.m.","AV. 28 DEJULIO CRUCE CON JR. WASHINGTON LIMA            LIMA","EMERGENCIA MEDICA",AMB-14,-12.0644051950919,-77.0387838469132
2016-017961,14-03-2016,"08:53:01 p.m.","  JR. PASCUAL DE ANDAGOYA 159        SAN MIGUEL","EMERGENCIA MEDICA",AMB-7,-12.0805257776925,-77.100045443127
2016-017960,14-03-2016,"08:41:27 p.m.","3 SECTOR DEPORTE             VENTANILLA","EMERGENCIA MEDICA",AMB-184,,
2016-017959,14-03-2016,"08:40:57 p.m.","  JR. HUANCAVELICA 1132       LIMA","EMERGENCIA MEDICA",SAMU-10,-12.0417648206335,-77.0435247829264
2016-017958,14-03-2016,"08:37:50 p.m.","PISCO            PISCO",INCENDIO,"AUX-37, CIST-37",,
2016-017957,14-03-2016,"08:28:46 p.m.","VIA EXPRESA GRAU ALT. PTE ANDAHUAYLAS            LIMA","ACCIDENTE VEHICULAR","AMB-8, M10-1, RES-3",-12.058767769563,-77.0268850337832
2016-017956,14-03-2016,"08:26:17 p.m.","JR. MANCO CAPAC               AYACUCHO","EMERGENCIA MEDICA","AMB-8, M10-1, RES-3",,
2016-017955,14-03-2016,"08:24:23 p.m.","AV. ELMER FAUCETT CRUCE CON AV. QUILCA CALLAO            CALLAO","EMERGENCIA MEDICA",AMB-9,-12.0356340317746,-77.0992149346873
2016-017954,14-03-2016,"08:20:52 p.m.","AV. SEPARADORA INDUSTRIAL CRUCE CON AV. VELASCO ALVARADO VILLA EL SALVADOR            VILLA EL SALVADOR","ACCIDENTE VEHICULAR","AMB-120, M105-2, M106-3",-12.2052083123346,-76.9349824696035
2016-017953,14-03-2016,"08:14:36 p.m.","  JR. WILLIAN KING 180        PUEBLO LIBRE","EMERGENCIA MEDICA",AMB-36,-12.0792093241723,-77.0745562486716
2016-017952,14-03-2016,"08:12:44 p.m.",,"EMERGENCIA MEDICA",AMB-32,,
2016-017951,14-03-2016,"08:05:49 p.m.","  AV. LUIS BRAILLE 1361       LIMA","EMERGENCIA MEDICA",SAMU-10,-12.051377802764,-77.0668956267655
2016-017950,14-03-2016,"07:55:31 p.m.","  AV. LOS INSURGENTES 700        LA PERLA","EMERGENCIA MEDICA",AMB-7,-12.0675018959435,-77.1041017618541
2016-017949,14-03-2016,"07:51:59 p.m.",,INCENDIO,RES-127,-12.0856912855912,-76.8883131173047
2016-017948,14-03-2016,"07:49:38 p.m.","AV. ENRIQUE CANAVAL MOREYRA (CORPAC) CRUCE CON AV. REPUBLICA DE PANAMA SAN ISIDRO            SAN ISIDRO","EMERGENCIA MEDICA",AMB-4,-12.0973608264829,-77.0205946233666
2016-017947,14-03-2016,"07:39:45 p.m.","  CL. TENIENTE CARLOS MOORE (DIONISIO DERTEANO) 1505       ","EMERGENCIA MEDICA",SAMU-83,-12.0554639192553,-77.0773875654048
2016-017946,14-03-2016,"07:36:36 p.m.","BA. SUCRE (INDEPENDENCIA) 100        MAGDALENA DEL MAR","EMERGENCIA MEDICA",AMB-202,-12.0974650442038,-77.0724266204378
2016-017945,14-03-2016,"07:35:47 p.m.","  AV. LA MARINA 1375       SAN MIGUEL","EMERGENCIA MEDICA",AMB-7,-12.0799544617411,-77.0762175934412
2016-017944,14-03-2016,"07:26:12 p.m.","  AV. LIMA 3641       SAN MARTIN DE PORRES","EMERGENCIA MEDICA",AMB-9,-12.0291301328078,-77.0858342818628
2016-017943,14-03-2016,"07:24:38 p.m.","CL PEDEMONTE            PISCO","EMERGENCIA MEDICA",AMB-37,,
2016-017942,14-03-2016,"07:22:10 p.m.","  CL. LOS CHASQUIS 541        SAN JUAN DE LURIGANCHO","EMERGENCIA MEDICA","MED-10, SAMU-127",-12.0257208079497,-77.006501599475
2016-017941,14-03-2016,"07:20:59 p.m.","PANAMERICANA SUR KM 300            ICA","ACCIDENTE VEHICULAR",RES-193,,
2016-017940,14-03-2016,"07:15:41 p.m.","MALECON GRAU            ","EMERGENCIA MEDICA",AMB-6,,
2016-017939,14-03-2016,"07:15:06 p.m.","  JR. TUPAC AMARU 1024       LA PERLA","EMERGENCIA MEDICA",MED-5,-12.0685797772227,-77.1237494811296
2016-017938,14-03-2016,"07:13:15 p.m.","  AV. REPUBLICA DE CHILE 291        LIMA","EMERGENCIA MEDICA",SAMU-10,-12.0665597853077,-77.0379155470655
2016-017937,14-03-2016,"07:12:55 p.m.","  JR. DOMINGO MARTINEZ LUJAN (SAN FELIPE) 1098       SURQUILLO","EMERGENCIA MEDICA",AMB134-2,-12.1102583583461,-77.0164595903772
2016-017936,14-03-2016,"07:12:44 p.m.","  CA. RAMIRO PRIALE 000        LURIGANCHO","ACCIDENTE VEHICULAR","AMB-115-2, M169-1, RES-96",-12.0061261151718,-76.8612172309965
2016-017935,14-03-2016,"07:09:27 p.m.","AV. JAVIER PRADO ESTE CRUCE CON AV. SAN LUIS SAN BORJA            SAN BORJA","ACCIDENTE VEHICULAR","AMB-4, MATPEL-4, RES-127",-12.0864878494348,-76.9966909381168
2016-017934,14-03-2016,"07:03:23 p.m.","AV. CHIMPU OCLLO CRUCE CON AV. UNIVERSITARIA CARABAYLLO            CARABAYLLO","EMERGENCIA MEDICA",AMB-164,-11.895125183648,-77.0372640326397
2016-017933,14-03-2016,"07:01:36 p.m.","JR. AZANGARO CRUCE CON JR. HUALLAGA LIMA            LIMA","EMERGENCIA MEDICA",AMB-2,-12.0480023563579,-77.0283865142316
2016-017932,14-03-2016,"06:59:27 p.m.","  AV. VICTOR SARRIA ARZUBIAGA 1350       LIMA","MATERIALES PELIGROSOS (INCIDENTE)","AMB-14, M10-1, M3-1, RES-10",-12.0538778805569,-77.0709219316091
2016-017931,14-03-2016,"06:55:11 p.m.","AV. TOMAS VALLE CRUCE CON AV. ALFREDO MENDIOLA (PANAMERICANA NORTE) LOS OLIVOS            LOS OLIVOS","EMERGENCIA MEDICA",SAMU-168,-12.0078643900672,-77.0623459722616
2016-017930,14-03-2016,"06:53:24 p.m.","CARRETERAS - PANAMERICANAS ANTIGUA PANAMERICANA SUR 36.15            LURIN","EMERGENCIA MEDICA",AMB-160,-12.2739977413702,-76.8725539056608
2016-017929,14-03-2016,"06:52:52 p.m.","  AV. DE LOS INGENIEROS (VALLE HERMOSO) 800        SANTIAGO DE SURCO","EMERGENCIA MEDICA",AMB-120,-12.1291987119815,-76.9744822662074
2016-017928,14-03-2016,"06:31:44 p.m.","AV. MICHAEL FARADAY (MIGUEL GRAU) CRUCE CON AV. SANTA ROSA ATE - VITARTE            ATE","EMERGENCIA MEDICA",AMB-120,-12.0675332103886,-76.9796435150868
2016-017927,14-03-2016,"06:30:37 p.m.","HOSPITAL CASIMIRO ULLOA            MIRAFLORES","EMERGENCIA MEDICA",AMB-155,,
2016-017926,14-03-2016,"06:30:24 p.m.","  AV. DEL AIRE (ELEUTERIO VENTURO HUAMAN) 939        SAN LUIS","MATERIALES PELIGROSOS (INCIDENTE)",AMB-155,-12.0800638243913,-77.0023100974972
2016-017925,14-03-2016,"06:27:50 p.m.",,"EMERGENCIA MEDICA",AMB-155,-12.0604050126436,-77.1383891987485
2016-017924,14-03-2016,"06:25:27 p.m.","CL. SANTA ROSA            HUACHO",INCENDIO,M20-1,,
2016-017923,14-03-2016,"06:24:52 p.m.","DISTRITO DE LA VENTA             ICA","EMERGENCIA MEDICA",AMB-22,,
2016-017922,14-03-2016,"06:22:05 p.m.",,"EMERGENCIA MEDICA",AMB134-2,-12.1438239397963,-76.9884222131561
2016-017921,14-03-2016,"06:09:20 p.m.","  AV. GUARDIA CHALACA 1700       BELLAVISTA","EMERGENCIA MEDICA",AMB134-2,,
2016-017920,14-03-2016,"05:55:11 p.m.","  AV. ALFREDO BENAVIDES 000        MIRAFLORES","EMERGENCIA MEDICA",SAMU-134,-12.1255436347603,-77.0234496933586
2016-017919,14-03-2016,"05:52:46 p.m.",,"EMERGENCIA MEDICA",MED-5,-12.0595526576681,-77.1399232233983
2016-017918,14-03-2016,"05:48:44 p.m.","AV. BRASIL 600        JESUS MARIA","EMERGENCIA MEDICA",SAMU-14,-12.0656207407087,-77.0457654224948
2016-017917,14-03-2016,"05:46:00 p.m.","  CL. MANUEL WAGNER 300        SAN JUAN DE MIRAFLORES","EMERGENCIA MEDICA",AMB-120,-12.1689288098807,-76.9752685389217
2016-017916,14-03-2016,"05:41:43 p.m.","PJ. PACHACAMAC IV ETAPA BARRIO 2 SECTOR 1 H LTE 53            ","EMERGENCIA MEDICA",AMB-160,-12.2202928477568,-76.9223294645216
2016-017915,14-03-2016,"05:37:55 p.m.","  AV. ALEJANDRO VELASCO ASTETE OESTE 871        SAN BORJA",RESCATE,RES-127,-12.1070979891675,-76.9846233213637
2016-017914,14-03-2016,"05:36:48 p.m.","PANAMERICANA SUR KM 300            ICA","ACCIDENTE VEHICULAR",AMB-22,,
2016-017913,14-03-2016,"05:20:43 p.m.","  JR. CALIFORNIA 928        SAN MARTIN DE PORRES","EMERGENCIA MEDICA",AMB-2,-12.0157147774542,-77.0776677381598
2016-017912,14-03-2016,"05:10:16 p.m.","AV. FRANKLIN D. ROOSEVELT (SURCO) CRUCE CON PJ. LOS AQUIJES SANTIAGO DE SURCO            SANTIAGO DE SURCO","EMERGENCIA MEDICA",SAMU-16,-12.1469790587939,-77.0107904693049
2016-017911,14-03-2016,"05:00:37 p.m.","  AV. ALEJANDRO VELASCO ASTETE 2900       SANTIAGO DE SURCO","EMERGENCIA MEDICA",AMB134-2,-12.1358990313335,-76.9905851431018
2016-017910,14-03-2016,"04:57:23 p.m.","  JR. MANCO SEGUNDO 2590       LINCE","EMERGENCIA MEDICA","AMB-4, M202-1",-12.0884696834735,-77.0457690328583
2016-017909,14-03-2016,"04:45:43 p.m.","  AV. SANTA CRUZ (ELIAS RENAN) 1254       MIRAFLORES","EMERGENCIA MEDICA",AMB-28,-12.1154837626083,-77.040868916161
2016-017908,14-03-2016,"04:43:00 p.m.","  JR. BELISARIO FLORES 220        LINCE","EMERGENCIA MEDICA",SAMU-8,-12.0817717870451,-77.0375545793906
2016-017907,14-03-2016,"04:39:25 p.m.","  JR. HUASCAR 1980       JESUS MARIA","EMERGENCIA MEDICA",SAMU-14,-12.0817306691236,-77.0505169474608
2016-017906,14-03-2016,"04:35:09 p.m.","JR. PABLO BERMUDEZ CRUCE CON JR. ALMIRANTE GUISSE JESUS MARIA            JESUS MARIA","ACCIDENTE VEHICULAR","AMB-4, MATPEL-4",-12.0724729009685,-77.0393925720224
2016-017905,14-03-2016,"04:34:47 p.m.","AV BOLOGNESI             ","EMERGENCIA MEDICA",AMB-37,,
2016-017904,14-03-2016,"04:28:12 p.m.","  JR. WASHINGTON 1611       LIMA","EMERGENCIA MEDICA",AMB-37,,
2016-017903,14-03-2016,"04:28:00 p.m.","  CL. GARCIA CALDERON 200        ","ACCIDENTE VEHICULAR","AMB-7, M18-5, SAMU-83",-12.0530538161703,-77.1386190766134
2016-017902,14-03-2016,"04:27:32 p.m.","AS. LAS COLINAS MZ D LT 15            CALLAO","EMERGENCIA MEDICA",AMB-9,-12.0085826092207,-77.1023707957655
2016-017901,14-03-2016,"04:23:27 p.m.","  JR. APURIMAC 173        CALLAO","EMERGENCIA MEDICA",MED-5,-12.0645249864802,-77.144520666364
2016-017900,14-03-2016,"04:23:16 p.m.","  AV. LIBERTAD 1833       SAN MIGUEL","EMERGENCIA MEDICA",AMB-7,-12.0815078690718,-77.0991330553111
2016-017899,14-03-2016,"04:21:00 p.m.","  JR. RUFINO TORRICO 850        LIMA","EMERGENCIA MEDICA",MED-10,-12.0499635348207,-77.0381990809631
2016-017898,14-03-2016,"04:07:48 p.m.","  AV. LOS ROSALES  000        COMAS",INCENDIO,"M150-1, M184-1, SAMU-161",-11.888667173953,-77.0505914709865
2016-017897,14-03-2016,"04:07:20 p.m.",,"EMERGENCIA MEDICA","M150-1, M184-1, SAMU-161",-12.1221910202243,-77.020187672695
2016-017896,14-03-2016,"03:57:14 p.m.",,"EMERGENCIA MEDICA",SAMU-14,-12.064917730034,-77.0541593473774
2016-017895,14-03-2016,"03:55:01 p.m.","  JR. HUALLAGA 670        LIMA","EMERGENCIA MEDICA",MED-10,-12.0496540869297,-77.0257732788256
2016-017894,14-03-2016,"03:53:32 p.m.",,"EMERGENCIA MEDICA","AMB-80, SAMU-168",-11.9964513421809,-77.0544784795289
2016-017893,14-03-2016,"03:53:11 p.m.","  AV. LOS FRESNOS (PORTADA DEL SOL) (PRINCIPAL) 1938       LA MOLINA","ACCIDENTE VEHICULAR","M169-1, RES-96, SAMU-127",-12.1069771355039,-76.9399402017294
2016-017892,14-03-2016,"03:48:22 p.m.","  JR. ANCASH 692        CALLAO","EMERGENCIA MEDICA",MED-5,-12.0657243563737,-77.1384637058284
2016-017891,14-03-2016,"03:47:55 p.m.","  CL. BLONDEL 200        CHORRILLOS","EMERGENCIA MEDICA",SAMU-16,-12.1703142641763,-77.0269630402178
2016-017890,14-03-2016,"03:31:54 p.m.","CARRETERAS - PANAMERICANAS ANTIGUA PANAMERICANA SUR 52            SAN BARTOLO","EMERGENCIA MEDICA",SAMU-16,-12.3807999506703,-76.7777788843049
2016-017889,14-03-2016,"03:27:45 p.m.","  PS. PARODI 385        SAN ISIDRO","EMERGENCIA MEDICA",AMB-28,-12.0924856382389,-77.0302187680879
2016-017888,14-03-2016,"03:25:25 p.m.","CL. PEDRO VILLALOBOS 261        SAN JUAN DE MIRAFLORES","EMERGENCIA MEDICA",AMB134-2,-12.1703349957445,-76.9745208120018
2016-017887,14-03-2016,"03:24:43 p.m.","AS. VILLA NICOLASA            CHORRILLOS",INCENDIO,"M13-1, M16-1, M6-1, RES-6, SAMU-6",-12.2039535570946,-77.0215575761566
2016-017886,14-03-2016,"03:21:10 p.m.","  AV. DEL EJERCITO (AUGUSTO PEREZ ARANIBAR) 300        MAGDALENA DEL MAR","ACCIDENTE VEHICULAR","AMB-4, M14-1, RES-100",-12.097891394793,-77.0698886191511
2016-017885,14-03-2016,"03:13:29 p.m.","  JR. HUALLAGA 878        LIMA","EMERGENCIA MEDICA",MED-10,-12.0509066027202,-77.0236723971012
2016-017884,14-03-2016,"02:59:19 p.m.","  JR. LOS CORALES 128        LA VICTORIA","EMERGENCIA MEDICA",MED-10,-12.0770368405479,-77.0241270794722
2016-017883,14-03-2016,"02:56:57 p.m.","  CL. JOSE OLAYA BALANDRA 141        SAN MIGUEL","EMERGENCIA MEDICA",MED-5,-12.079961630294,-77.1041617243842
2016-017882,14-03-2016,"02:56:11 p.m.","  JR. JUNIN (RODRIGO DE MAZUELOS) 100        MAGDALENA DEL MAR","ACCIDENTE VEHICULAR","AMB-202, AMB-36, M36-1, MED-36, RES-100, SAMU-83",,
2016-017881,14-03-2016,"02:41:27 p.m.","AV. QUILCA CRUCE CON PR. PERU CALLAO            CALLAO","ACCIDENTE VEHICULAR","AMB-9, M9-5, RES-3",-12.0303019713014,-77.0946732801516
2016-017880,14-03-2016,"02:29:42 p.m.","  JR. CORONEL LEON VELARDE 176        LINCE","EMERGENCIA MEDICA","AMB-9, M9-5, RES-3",,
2016-017879,14-03-2016,"02:29:19 p.m.","CARRETERA CENTRAL KM 24.5  400        CHACLACAYO","ACCIDENTE VEHICULAR","AMB-115-2, M138-4",-11.9766342102397,-76.7733049201799
2016-017878,14-03-2016,"02:26:09 p.m.","AV. REVOLUCION CRUCE CON AV. LAS 200 MILLAS VILLA EL SALVADOR            VILLA EL SALVADOR","EMERGENCIA MEDICA",AMB-155,-12.2283816142669,-76.9277405490631
2016-017877,14-03-2016,"02:26:00 p.m.","AV. PASEO DE LA REPUBLICA CRUCE CON AV. ARIOSTO MATELLINI (COLECTORA RESIDENCIAL) CHORRILLOS            CHORRILLOS","EMERGENCIA MEDICA",SAMU-16,-12.1791408177755,-77.0100335428079
2016-017876,14-03-2016,"02:16:39 p.m.","  AV. LAS GAVIOTAS 800        CHORRILLOS","EMERGENCIA MEDICA",SAMU-134,-12.1707675366359,-77.0002676077223
2016-017875,14-03-2016,"02:08:06 p.m.","  AV. COLONIAL (OSCAR R. BENAVIDES) 4000       CALLAO","EMERGENCIA MEDICA",SAMU-134,-12.0540350499081,-77.1015280388729
2016-017874,14-03-2016,"02:02:47 p.m.","AV. CORONEL NESTOR GAMBETA (EL EMISOR) CRUCE CON AV. LOS FERROLES CALLAO            CALLAO","ACCIDENTE VEHICULAR","M1-1, M5-1, MED-5",-12.0034500661257,-77.126985526466
2016-017873,14-03-2016,"01:47:52 p.m.","  CL. EL ANIS (2) 4228       INDEPENDENCIA",INCENDIO,M150-3,-11.9843397026265,-77.0590642875531
2016-017872,14-03-2016,"01:46:32 p.m.","  CL. LA VARA DE ORO 141        SAN JUAN DE LURIGANCHO","EMERGENCIA MEDICA",SAMU-21,-12.026274613987,-76.9981011430768
2016-017871,14-03-2016,"01:38:33 p.m.","  AV. LIBERTAD 2700       SAN MIGUEL","ACCIDENTE VEHICULAR","AMB-36, M5-1, RES-100, SAMU-83",-12.0775840402696,-77.107076417445
2016-017870,14-03-2016,"01:37:17 p.m.","  AV. DEFENSORES DEL MORRO (HUAYLAS) 1277       CHORRILLOS","EMERGENCIA MEDICA","AMB-36, M5-1, RES-100, SAMU-83",,
2016-017869,14-03-2016,"01:37:14 p.m.","JR. ANTONIO BAZO CRUCE CON AV. ISABEL LA CATOLICA LA VICTORIA            LA VICTORIA","EMERGENCIA MEDICA",SAMU-8,-12.0683678145863,-77.0139175917076
2016-017868,14-03-2016,"01:36:48 p.m.","  CL. LOS MOGABUROS 223        JESUS MARIA","EMERGENCIA MEDICA",AMB-14,-12.0661982434751,-77.0444962196512
2016-017867,14-03-2016,"01:29:40 p.m.","HABANA 113  300        LA MOLINA","EMERGENCIA MEDICA",MED-96,-12.065964695981,-76.9353223414071
2016-017866,14-03-2016,"01:28:45 p.m.","  AV. AGUSTIN GAMARRA 100        SAN MIGUEL","ACCIDENTE VEHICULAR","AMB-36, M36-1, RES-100",-12.0847083188247,-77.0967004669456
2016-017865,14-03-2016,"01:21:36 p.m.","  PJ. VILLA MERCEDES (3 DE OCTUBRE) MAZ F LOTE 32  000        SANTIAGO DE SURCO","EMERGENCIA MEDICA",SAMU-16,-12.1528507160488,-77.015701864688
2016-017864,14-03-2016,"01:18:41 p.m.","AV. ELMER FAUCETT CRUCE CON AV. OSCAR R. BENAVIDES (COLONIAL) BELLAVISTA            BELLAVISTA","EMERGENCIA MEDICA",SAMU-16,,
2016-017863,14-03-2016,"01:13:50 p.m.","  CL. MARISCAL ANTONIO JOSE DE SUCRE 565        SAN MIGUEL","EMERGENCIA MEDICA",AMB-14,-12.0889713587103,-77.0778961062695
2016-017862,14-03-2016,"01:12:06 p.m.","AV. MEXICO 300        COMAS","MATERIALES PELIGROSOS (INCIDENTE)","AMB-150, M150-3",-11.9556844805116,-77.0584785798189
2016-017861,14-03-2016,"01:06:31 p.m.","  AV. LA MARINA 3001       SAN MIGUEL","EMERGENCIA MEDICA","AMB-150, M150-3",-12.0760028522441,-77.0962237904696
2016-017860,14-03-2016,"01:05:08 p.m.","AV. GUARDIA PERUANA CRUCE CON JR. JUNIN CHORRILLOS            CHORRILLOS","ACCIDENTE VEHICULAR","M13-1, RES-134, SAMU-6",-12.1826977949854,-76.9948695542141
2016-017859,14-03-2016,"12:53:16 p.m.","  JR. DE LA UNION 500        LIMA","EMERGENCIA MEDICA",SAMU-10,-12.0475689572622,-77.0323591456048
2016-017858,14-03-2016,"12:52:01 p.m.","PJ. VILLA EL SALVADOR SECTOR 2 GRUPO 6 MAZ F LOTE 6             VILLA EL SALVADOR","EMERGENCIA MEDICA",SAMU-10,-12.2012859179636,-76.9420265235037
2016-017857,14-03-2016,"12:40:54 p.m.","PANAMERICANA NORTE KM 76            ",INCENDIO,"AUX-80, M80-1",,
2016-017856,14-03-2016,"12:34:00 p.m.","AV. 28 DE JULIO CRUCE CON JR. JULIO MENDOZA MERINO LA VICTORIA            LA VICTORIA","EMERGENCIA MEDICA",AMB-14,-12.0623418321122,-77.0235505577775
2016-017855,14-03-2016,"12:21:29 p.m.","PLAYA LAS CONCHITAS            ANCON","EMERGENCIA MEDICA",AMB-163,,
2016-017854,14-03-2016,"12:10:47 p.m.","  CL. SAN PEDRO 256        SURQUILLO","EMERGENCIA MEDICA",MED-100,-12.1176217919771,-77.0194831185177
2016-017853,14-03-2016,"12:08:08 p.m.","  AV. ALEJANDRO VELASCO ASTETE OESTE 700        SAN BORJA","ACCIDENTE VEHICULAR","M28-1, RES-134, SAMU-127",-12.1055769404249,-76.9849111685503
2016-017852,14-03-2016,"12:06:14 p.m.","AH. LOS OLIVOS DE PRO  000        LOS OLIVOS","EMERGENCIA MEDICA",AMB-80,-11.9435274580356,-77.0835839705424
2016-017851,14-03-2016,"12:06:07 p.m.","  JR. LAS DALIAS   1722       LIMA","EMERGENCIA MEDICA",AMB-80,-12.0666635970612,-77.0668461806642
2016-017850,14-03-2016,"12:05:41 p.m.","  AV. ALEJANDRO BERTELLO 700        LIMA","EMERGENCIA MEDICA",AMB-14,-12.062084396816,-77.0685951610808
2016-017849,14-03-2016,"12:02:47 p.m.",,INCENDIO,AMB-14,-12.0124205285011,-77.1040168549045
2016-017848,14-03-2016,"12:00:51 p.m.","  AV. CAMPOY (PRINCIPAL) 3777       SAN JUAN DE LURIGANCHO","EMERGENCIA MEDICA",AMB-14,-12.0228925083133,-76.9639262855384
2016-017847,14-03-2016,"12:00:44 p.m.","  MA. MIGUEL CHECA EGUIGUREN (CAMPOY) 300        SAN JUAN DE LURIGANCHO","EMERGENCIA MEDICA",SAMU-176,-12.0239888161797,-76.9771785950368
2016-017846,14-03-2016,"11:57:55 a.m.","AV. CORONEL NESTOR GAMBETA (EL EMISOR) 000        CALLAO",INCENDIO,"CIST-V, M15-1, M168-1, M75-1, M9-1, SAMU-161",-11.9617731880633,-77.1272447260129
2016-017845,14-03-2016,"11:57:46 a.m.","AV  AMERICA CDRA 3             CHINCHA ALTA","EMERGENCIA MEDICA",AMB-38,,
2016-017844,14-03-2016,"11:45:26 a.m.","  AV. TALARA 300        JESUS MARIA","EMERGENCIA MEDICA",AMB-202,-12.0699859997268,-77.0458117073497
2016-017843,14-03-2016,"11:44:17 a.m.","HOSPITAL REBAGLIATI             JESUS MARIA","EMERGENCIA MEDICA",AMB-202,,
2016-017842,14-03-2016,"11:41:27 a.m.","SALUD POLICLINICO ENMANUEL            VENTANILLA","ACCIDENTE VEHICULAR",M184-1,-11.8421691552035,-77.1151492121735
2016-017841,14-03-2016,"11:40:35 a.m.","URB.   SANTA  FE    NAZCA              NAZCA","EMERGENCIA MEDICA",MED-82,,
2016-017840,14-03-2016,"11:34:59 a.m.",,INCENDIO,"M10-1, M14-1, RES-10, SAMU-10",-12.0636563341954,-77.0468666001157
2016-017839,14-03-2016,"11:33:47 a.m.","  JR. ANDAHUAYLAS 800        LIMA","EMERGENCIA MEDICA",SAMU-10,-12.0527123255922,-77.0265021922131
2016-017838,14-03-2016,"11:29:46 a.m.","  CL. LOS AMAUTAS 1005       SAN JUAN DE LURIGANCHO","EMERGENCIA MEDICA",SAMU-21,-12.025027075683,-76.9956568251669
2016-017837,14-03-2016,"11:28:42 a.m.","AAHH NICOLAS DE PIEROLA            LIMA",RESCATE,RES-32,,
2016-017836,14-03-2016,"11:25:41 a.m.","CARRETERAS - PANAMERICANAS PANAMERICANA SUR 10            SANTIAGO DE SURCO","EMERGENCIA MEDICA",SAMU-127,-12.1447309659069,-76.9819780170667
2016-017835,14-03-2016,"11:24:59 a.m.","  GA. COMERCIAL 100        MAGDALENA DEL MAR","EMERGENCIA MEDICA",AMB-36,-12.0898253395467,-77.0726111339339
2016-017834,14-03-2016,"11:21:08 a.m.","  JR. AGUSTIN GAMARRA 768        LA VICTORIA",INCENDIO,M8-1,-12.0658593111598,-77.0133375936766
2016-017833,14-03-2016,"11:14:26 a.m.","  CL. TENIENTE CARLOS MOORE (DIONISIO DERTEANO) 1505       LIMA","EMERGENCIA MEDICA",M8-1,,
2016-017832,14-03-2016,"11:11:33 a.m.","  CL. LAS AGUILAS 1294       SAN JUAN DE LURIGANCHO",INCENDIO,M121-1,-12.0147473561806,-76.9958195713736
2016-017831,14-03-2016,"11:10:28 a.m.","  AV. ENRIQUE CANAVAL MOREYRA (CORPAC) 648        SAN ISIDRO","EMERGENCIA MEDICA",AMB-4,-12.0978888285335,-77.0178904859028
2016-017830,14-03-2016,"11:10:19 a.m.","UR. EL ALAMO Z LOTE  21              COMAS","EMERGENCIA MEDICA",AMB-4,-11.9346333352263,-77.0671630106097
2016-017829,14-03-2016,"11:08:09 a.m.","  JR. ANCASH 3529       SAN MARTIN DE PORRES","MATERIALES PELIGROSOS (INCIDENTE)","AMB-80, M60-1",-12.0281774536745,-77.084729087713
2016-017828,14-03-2016,"11:06:07 a.m.","  CL. PUCALLPA 300        CALLAO","EMERGENCIA MEDICA",SAMU-83,-12.0474642827189,-77.1315273029496
2016-017827,14-03-2016,"11:00:18 a.m.","  AV. RAMIRO PRIALE ALT MIRADOR 1  000        SAN JUAN DE LURIGANCHO","EMERGENCIA MEDICA",SAMU-176,,
2016-017826,14-03-2016,"10:50:32 a.m.","  JR. MARISCAL RAMON CASTILLA 400        CALLAO","EMERGENCIA MEDICA",MED-5,-12.0603149214892,-77.1432324265192
2016-017825,14-03-2016,"10:50:24 a.m.","  AV. MEJICO 2400       LA VICTORIA","EMERGENCIA MEDICA",MED-5,,
2016-017824,14-03-2016,"10:46:10 a.m.","AS. SAN FRANCISCO DE CAYRAN LOTE 3 MZ.  G1  LOTE   7   CALLE  10              SAN MARTIN DE PORRES","EMERGENCIA MEDICA",AMB-9,-11.9923939829589,-77.0878829897905
2016-017823,14-03-2016,"10:43:46 a.m.","DOMINGO TORERO            HUACHO",INCENDIO,"AUX-20, M20-1",,
2016-017822,14-03-2016,"10:40:00 a.m.","AV.   CENTENARIO      CDAR.  13              HUACHO","EMERGENCIA MEDICA",AMB-20,,
2016-017821,14-03-2016,"10:39:08 a.m.","PJ. CAMINO REAL DE MATAZANGO 000        ","MATERIALES PELIGROSOS (INCIDENTE)","M176-1, SAMU-127",-12.0759364823745,-76.9736618294503
2016-017820,14-03-2016,"10:38:43 a.m.","AV. UNIVERSITARIA (BELLA UNION) CRUCE CON AV. TOMAS VALLE SAN MARTIN DE PORRES            SAN MARTIN DE PORRES","EMERGENCIA MEDICA",SAMU-161,-12.012542076361,-77.0803406745526
2016-017819,14-03-2016,"10:25:31 a.m.","  CL. LOS CIBELES 191        RIMAC",INCENDIO,M21-1,-12.0340061437413,-77.0318029010135
2016-017818,14-03-2016,"10:24:01 a.m.","  JR. LOS ROBLES (LUIS DE LA CUBA) 227        CHORRILLOS","EMERGENCIA MEDICA",SAMU-6,-12.177395827265,-77.0104160789983
2016-017817,14-03-2016,"10:14:09 a.m.","ESCUELA  DEL EJERCITO DE ANCON             ",INCENDIO,"AMB-150, M163-1, M207-5",,
2016-017816,14-03-2016,"10:13:53 a.m.","  AV. 2 DE MAYO 500        CALLAO","EMERGENCIA MEDICA",MED-5,-12.0569270541536,-77.1424030986915
2016-017815,14-03-2016,"10:12:21 a.m.","  JR. MOORE (GARCIA DE SALCEDO) 420        MAGDALENA DEL MAR","EMERGENCIA MEDICA",MED-100,-12.096049808254,-77.0669696142852
2016-017814,14-03-2016,"10:11:17 a.m.","  AV. ALEJANDRO VELASCO ASTETE OESTE 300        SAN BORJA","EMERGENCIA MEDICA",SAMU-127,-12.0950020384784,-76.9854587668661
2016-017813,14-03-2016,"10:07:28 a.m.","  PS. LA CASTELLANA 580        SANTIAGO DE SURCO","EMERGENCIA MEDICA","AMB-120, M13-1",-12.1350127685928,-77.0042595865147
2016-017812,14-03-2016,"10:02:47 a.m.","PANAMERICANA SUR KM. 314            ICA","ACCIDENTE VEHICULAR",AMB-22,,
2016-017811,14-03-2016,"09:56:56 a.m.","  AV. DIEGO DE AGUERO (YUNGAY) 391        SAN MIGUEL","EMERGENCIA MEDICA",SAMU-83,-12.0930949147879,-77.0767710505889
2016-017810,14-03-2016,"09:51:14 a.m.","PR. LUCANAS (PARINACOCHAS) CRUCE CON AV. JAIME BAUSATE Y MEZA (BOLIVAR) LA VICTORIA            LA VICTORIA","EMERGENCIA MEDICA",SAMU-8,-12.0631418355964,-77.0187305538848
2016-017809,14-03-2016,"09:38:47 a.m.","IZQUIERDA  100        SAYAN",INCENDIO,M216-4,,
2016-017808,14-03-2016,"09:25:26 a.m.","AV. SUCRE CRUCE CON AV. LA MARINA PUEBLO LIBRE            PUEBLO LIBRE","EMERGENCIA MEDICA",SAMU-83,-12.083201319933,-77.0673021486765
2016-017807,14-03-2016,"09:23:48 a.m.","  CL. ZEPITA 354        CHORRILLOS","EMERGENCIA MEDICA",SAMU-6,-12.1692352804168,-77.0284535719772
2016-017806,14-03-2016,"09:20:01 a.m.","AV. DE LAS ARTES NORTE CRUCE CON AV. CESAR MORELLI SAN BORJA            SAN BORJA","EMERGENCIA MEDICA",AMB-4,-12.0909668823996,-77.0038915745691
2016-017805,14-03-2016,"09:18:24 a.m.","  JR. CATALINO MIRANDA (JULIO WINDER) 339        SANTIAGO DE SURCO","EMERGENCIA MEDICA",AMB-28,-12.1389795347523,-77.013998514929
2016-017804,14-03-2016,"09:12:58 a.m.","CALLE PISCO            ","EMERGENCIA MEDICA",MED-200,,
2016-017803,14-03-2016,"09:00:30 a.m.","  AV. GENERAL JOSE DE SAN MARTIN (EL LIBERTADOR) 200        BARRANCO","EMERGENCIA MEDICA",SAMU-16,-12.1440458601059,-77.0230755385798
2016-017802,14-03-2016,"08:48:39 a.m.","  AV. RICARDO BENTIN (GALAXIAS) 621        RIMAC","EMERGENCIA MEDICA",SAMU-16,-12.0283822892658,-77.0351371019533
2016-017801,14-03-2016,"08:48:37 a.m.","  CL. RIO NANAY  VALLE  HERMOSO   245        EL AGUSTINO",INCENDIO,"M176-1, M2-1",-12.0413099807244,-76.9889936713407
2016-017800,14-03-2016,"08:46:46 a.m.","CALLE 20            VENTANILLA",RESCATE,M75-1,,
2016-017799,14-03-2016,"08:43:04 a.m.",,"EMERGENCIA MEDICA",AMB-80,-11.9501078238355,-77.0634930877694
2016-017798,14-03-2016,"08:42:00 a.m.","  JR. ANTONIO MIROQUESADA 1368       LIMA","EMERGENCIA MEDICA",AMB-2,-12.0528732913585,-77.0154028660395
2016-017797,14-03-2016,"08:38:48 a.m.","  AV. DEL RIO 155        PUEBLO LIBRE","EMERGENCIA MEDICA",AMB-202,-12.0671860854555,-77.0545226337322
2016-017796,14-03-2016,"08:36:48 a.m.","  JR. HUIRACOCHA 1688       JESUS MARIA","EMERGENCIA MEDICA",AMB-4,-12.0789555347468,-77.0499812182744
2016-017795,14-03-2016,"08:36:15 a.m.","AV. SANTIAGO DE SURCO (TOMAS MARSANO) CRUCE CON AV. ALFREDO BENAVIDES SANTIAGO DE SURCO            SANTIAGO DE SURCO","MATERIALES PELIGROSOS (INCIDENTE)",AMB-4,-12.12840051682,-77.0012177332477
2016-017794,14-03-2016,"08:36:09 a.m.","  AV. AVIACION 5100       SANTIAGO DE SURCO",INCENDIO,"AMB-28, M13-1, M28-1, RES-134",-12.1279465422206,-77.0004924828058
2016-017793,14-03-2016,"08:34:12 a.m.","  AV. JOSE CARLOS MARIATEGUI 523        VILLA MARIA DEL TRIUNFO","EMERGENCIA MEDICA",AMB-120,-12.1569532955473,-76.9543442150911
2016-017792,14-03-2016,"08:33:54 a.m.",,"EMERGENCIA MEDICA",AMB-120,-12.1432993821326,-77.0027270058806
2016-017791,14-03-2016,"08:28:49 a.m.","  JR. MADRE DE DIOS 200        SAN JUAN DE LURIGANCHO","EMERGENCIA MEDICA",AMB-21,-12.0257134921515,-77.0109042133678
2016-017790,14-03-2016,"08:26:14 a.m.","  CL. 6 DE AGOSTO 907        JESUS MARIA","EMERGENCIA MEDICA",SAMU-14,-12.0738277956556,-77.0447105724746
2016-017789,14-03-2016,"08:24:49 a.m.","CARRETERAS - PANAMERICANAS ANTIGUA PANAMERICANA SUR 37.5            LURIN",INCENDIO,"M105-2, M160-1",-12.2830385178678,-76.8648033216926
2016-017788,14-03-2016,"08:19:00 a.m.","  AV. FERROCARRIL   AA. HH   JOSE GALVEZ   616        VILLA MARIA DEL TRIUNFO","EMERGENCIA MEDICA","M105-2, M160-1",-12.2088996553955,-76.9036125197313
2016-017787,14-03-2016,"08:16:51 a.m.","AS. NUEVO SOL EL PINAR MZ  B  LT 5-B            COMAS","EMERGENCIA MEDICA","M105-2, M160-1",-11.9070165259126,-77.0524104393923
2016-017786,14-03-2016,"08:14:53 a.m.","  AV. PASO DE LOS ANDES 900        PUEBLO LIBRE","ACCIDENTE VEHICULAR","AMB-36, M36-1",-12.0703837823333,-77.0591886447787
2016-017785,14-03-2016,"08:14:21 a.m.",,"EMERGENCIA MEDICA",AMB-120,-12.1439768858344,-77.0017127413368
2016-017784,14-03-2016,"08:12:54 a.m.","  CL. LOS NARCIZOS (1A) 195        SANTIAGO DE SURCO","EMERGENCIA MEDICA",AMB134-2,-12.1042882155427,-76.965222385517
2016-017783,14-03-2016,"08:11:20 a.m.","  AV. LA MOLINA 100        ATE","EMERGENCIA MEDICA",AMB134-2,-12.0562685422354,-76.9637504635734
2016-017782,14-03-2016,"08:06:43 a.m.","  PR. LA MAR 518        LA VICTORIA","EMERGENCIA MEDICA",SAMU-10,-12.0640637652206,-77.0195970572913
2016-017781,14-03-2016,"08:00:34 a.m.","VILLA LIBERTADORES            ","EMERGENCIA MEDICA",MED-63,,
2016-017780,14-03-2016,"07:47:17 a.m.","  AV. JUAN E. PAZOS 400        SANTIAGO DE SURCO","EMERGENCIA MEDICA","M13-1, SAMU-16",-12.1501604302695,-77.0167298326062
2016-017779,14-03-2016,"07:46:56 a.m.","COLEGIO FELIPE SANTIAGO ESTENOS            CHACLACAYO","SERVICIO ESPECIAL","M13-1, SAMU-16",,
2016-017778,14-03-2016,"07:45:20 a.m.","  AV. HUSARES DE JUNIN 374        JESUS MARIA","EMERGENCIA MEDICA",AMB-202,-12.0768802954652,-77.0515240317267
2016-017777,14-03-2016,"07:43:00 a.m.","  AV. BUENOS AIRES 1530       PUENTE PIEDRA","EMERGENCIA MEDICA",AMB-150,-11.855023469513,-77.0881077339976
2016-017776,14-03-2016,"07:42:24 a.m.","  AV. DE LOS PRECURSORES   VALLE  HERMOSO   453        SANTIAGO DE SURCO","EMERGENCIA MEDICA",AMB134-2,-12.1148740453692,-76.979013865186
2016-017775,14-03-2016,"07:42:18 a.m.","FUNDO BARBADILLO             ATE","SERVICIO ESPECIAL",M169-1,,
2016-017774,14-03-2016,"07:40:47 a.m.","  JR. MARIANO ANGULO 2573       LIMA","EMERGENCIA MEDICA",AMB-80,-12.0372587964886,-77.0734278482111
2016-017773,14-03-2016,"07:39:36 a.m.","  AV. SUCRE 900        PUEBLO LIBRE","EMERGENCIA MEDICA",AMB-80,-12.0805190444919,-77.0661598019015
2016-017772,14-03-2016,"07:39:34 a.m.","  AV. SUCRE 1000       PUEBLO LIBRE","EMERGENCIA MEDICA",SAMU-83,-12.0815555557535,-77.0666122250317
2016-017771,14-03-2016,"07:34:30 a.m.","URB.   CASA  HUERTAS   MZ.  C-1  LOTE  3             SURQUILLO","EMERGENCIA MEDICA",AMB-28,,
2016-017770,14-03-2016,"07:28:55 a.m.","  JR. IGNACIO MARIATEGUI 112        BARRANCO","MATERIALES PELIGROSOS (INCIDENTE)","M13-1, SAMU-16",-12.1472653545393,-77.0188450531613
2016-017769,14-03-2016,"07:27:28 a.m.",,"EMERGENCIA MEDICA",SAMU-8,-12.0786633124614,-76.9921750912039
2016-017768,14-03-2016,"07:21:26 a.m.","  PR. FLOR DE AMANCAES 000        RIMAC","EMERGENCIA MEDICA",SAMU-21,-12.0163588490552,-77.0298105747763
2016-017767,14-03-2016,"07:07:00 a.m.","AV. PARINACOCHAS CRUC SEBASTIAN BARRANCA  100        ","EMERGENCIA MEDICA",AMB-8,,
2016-017766,14-03-2016,"06:55:42 a.m.","UR. LAS DELICIAS DE VILLA C7            CHORRILLOS","EMERGENCIA MEDICA",SAMU-6,-12.1960765039334,-76.9937784507918
2016-017765,14-03-2016,"06:53:18 a.m.","  AV. EL SOL (3) BLOCK I 201 397        CALLAO","EMERGENCIA MEDICA",SAMU-6,-12.0521575822624,-77.1089652260496
2016-017764,14-03-2016,"06:47:23 a.m.","  CL. MONITOR HUASCAR NORTE 600        RIMAC","EMERGENCIA MEDICA",AMB-21,-12.0246136125755,-77.0368371905212
2016-017763,14-03-2016,"06:39:01 a.m.","  CL. MIGUEL DE CERVANTES SAAVEDRA (9) 150        LA MOLINA","EMERGENCIA MEDICA",MED-96,-12.0605073305387,-76.9434770781925
2016-017762,14-03-2016,"06:32:38 a.m.","  CL. LAS ANEMONAS (LOS GIRASOLES) 1259       SAN JUAN DE LURIGANCHO","EMERGENCIA MEDICA",MED-10,-12.0086630063569,-77.0101515287261
2016-017761,14-03-2016,"06:25:07 a.m.","JR. PAITA CRUCE CON CL. LA CHIRA (PIURA) RIMAC            RIMAC","EMERGENCIA MEDICA",MED-10,-12.036983847876,-77.0298886547594
2016-017760,14-03-2016,"05:06:39 a.m.","  CL. PEDRO VILLALOBOS 287        SAN JUAN DE MIRAFLORES","EMERGENCIA MEDICA",AMB-120,-12.1703733075765,-76.9745340546264
2016-017759,14-03-2016,"04:57:22 a.m.","  AV. ALFREDO BENAVIDES 1330       MIRAFLORES","EMERGENCIA MEDICA",AMB-28,-12.1262964326263,-77.018527381761
2016-017758,14-03-2016,"04:09:07 a.m.","UR. TILDA MZ K  LOTE 12            ATE","MATERIALES PELIGROSOS (INCIDENTE)",M138-1,-12.0320546350953,-76.9378569403521
2016-017757,14-03-2016,"04:00:24 a.m.","AV. CESAR VALLEJO CRUCE CON AV. MICAELA BASTIDAS VILLA EL SALVADOR            VILLA EL SALVADOR","EMERGENCIA MEDICA",SAMU-106,-12.2160245785901,-76.9416806796672
2016-017756,14-03-2016,"03:10:15 a.m.","  CL. VICTOR ALZAMORA 433        SURQUILLO","EMERGENCIA MEDICA",AMB134-2,-12.1160779141202,-77.0135903099106
2016-017755,14-03-2016,"03:00:02 a.m.","  AV. PERU 16         SAN MARTIN DE PORRES","EMERGENCIA MEDICA",AMB-80,-12.0323248372552,-77.0630186261375
2016-017754,14-03-2016,"02:58:05 a.m.","CARRETERA LIBERTADORES DE HUARI KM 106            PISCO","ACCIDENTE VEHICULAR","AMB-22, AMB-37, AUX-37, MED-38",,
2016-017753,14-03-2016,"02:46:45 a.m.","  CL. RUY DIAZ 355        CALLAO","EMERGENCIA MEDICA",MED-5,-12.0505686962886,-77.0953826500074
2016-017752,14-03-2016,"02:40:10 a.m.","  AV. DEL RIO 323        PUEBLO LIBRE","EMERGENCIA MEDICA",AMB-14,-12.0711593969718,-77.0551677756841
2016-017751,14-03-2016,"02:35:14 a.m.","  AV. MARISCAL RAMON CASTILLA 725        SANTIAGO DE SURCO","EMERGENCIA MEDICA",AMB-28,-12.1344928153268,-77.0099753921848
2016-017750,14-03-2016,"02:22:25 a.m.","JR. CUSCO CRUCE CON JR. HUARAZ (CHICLAYO) SAN MARTIN DE PORRES            SAN MARTIN DE PORRES","EMERGENCIA MEDICA",AMB-9,-12.0344907884977,-77.0932146744437
2016-017749,14-03-2016,"02:15:07 a.m.","PASAJE  LOS ALAMOS MZ U LOTE 9            AYACUCHO",INCENDIO,AMB-9,,
2016-017748,14-03-2016,"02:14:42 a.m.","  JR. VICTOR LARCO HERRERA 1391       MAGDALENA DEL MAR","EMERGENCIA MEDICA",MED-100,-12.088492842187,-77.0638146064923
2016-017747,14-03-2016,"02:07:18 a.m.","  AV. PEDRO SILVA 624        SAN JUAN DE MIRAFLORES","EMERGENCIA MEDICA",AMB-120,-12.1674537408591,-76.9705110601219
2016-017746,14-03-2016,"01:59:23 a.m.","AV. EL SOL (3) ALT RIELES DEL TREN 200        CALLAO","EMERGENCIA MEDICA",AMB-120,-12.047200365825,-77.1094136052334
2016-017745,14-03-2016,"01:56:01 a.m.","CL. LEONCIO PRADO  100        HUACHO",INCENDIO,M20-1,,
2016-017744,14-03-2016,"01:40:33 a.m.",,"EMERGENCIA MEDICA",M20-1,-12.1428244265238,-77.003395317792
2016-017743,14-03-2016,"01:40:03 a.m.","PJ. BELLA UNION (SANTA CRUZ)  MZ D  LT 3            CALLAO","EMERGENCIA MEDICA",MED-5,-12.0440018796981,-77.1167404939477
2016-017742,14-03-2016,"01:38:41 a.m.","AV. CIRCUNVALACION (PANAMERICANA SUR) 000        SAN BORJA","ACCIDENTE VEHICULAR","AMB134-2, MATPEL-4, RES-127",-12.0918599497353,-76.9810282171054
2016-017741,14-03-2016,"01:35:01 a.m.","CARRETERAS - PANAMERICANAS AV TUPAC AMARU 11            COMAS","EMERGENCIA MEDICA",SAMU-168,-11.9529372424463,-77.0513854616688
2016-017740,14-03-2016,"01:27:25 a.m.","  AV. ARNALDO MARQUEZ 1928       JESUS MARIA","EMERGENCIA MEDICA",AMB-202,-12.0799876791107,-77.0547882242628
2016-017739,14-03-2016,"01:25:53 a.m.","  AV. 2 DE MAYO 200        CALLAO","EMERGENCIA MEDICA",AMB-202,-12.0598605487047,-77.1427820169446
2016-017738,14-03-2016,"01:04:26 a.m.","AS. LOS JARDINES DE CHILLON LL2 LT 15            PUENTE PIEDRA","EMERGENCIA MEDICA",AMB-150,-11.9319948146151,-77.0843014025464
2016-017737,14-03-2016,"01:03:32 a.m.","CAMINO TIERRA PROMETIDA            ICA","EMERGENCIA MEDICA",AMB-22,,
2016-017736,14-03-2016,"12:33:26 a.m.","AS. RESIDENCIAL LOS PORTALES  MZ A LT 11            SANTIAGO DE SURCO","EMERGENCIA MEDICA",AMB134-2,-12.1605396438686,-76.9920081218347
2016-017735,14-03-2016,"12:03:37 a.m.","CARRETERAS - PANAMERICANAS PANAMERICANA SUR 17            VILLA EL SALVADOR","ACCIDENTE VEHICULAR","AMB-120, M105-2, RES-134",-12.2056967028392,-76.9746941255539
2016-017734,14-03-2016,"12:00:49 a.m.","  CL. 23 (23 DE DICIEMBRE) 297        INDEPENDENCIA","EMERGENCIA MEDICA",AMB-80,-12.0131988193735,-77.0464086235693
