ID,FECHA,HORA,DIRECCION,TIPO,UNIDADES,"CORDENADAS (lat)","CORDENADAS (lng)"
2016-015532,04-03-2016,"11:54:25 p.m.","  CL. REATEGUI 598        SAN MARTIN DE PORRES","MATERIALES PELIGROSOS (INCIDENTE)","M161-1, SAMU-168",-12.0129775977173,-77.0725282303029
2016-015531,04-03-2016,"11:43:22 p.m.","  JR. LORETO 636        CALLAO","EMERGENCIA MEDICA",AMB-1,-12.065389156155,-77.142954735689
2016-015530,04-03-2016,"11:40:42 p.m.","CAQUETA 100        SAN MARTIN DE PORRES","ACCIDENTE VEHICULAR","AMB-80, M65-2",,
2016-015529,04-03-2016,"11:35:36 p.m.","CESAR  VALLE  MZ  C  LT  11            LA PERLA",RESCATE,SNOR-7,,
2016-015528,04-03-2016,"11:31:41 p.m.","  JR. PEDRO HERAUD (MONTERO BERNALES) 264        BARRANCO","EMERGENCIA MEDICA",AMB-28,-12.1403548069223,-77.015589067056
2016-015527,04-03-2016,"11:30:17 p.m.","CALLE CHOTA  100        ICA","EMERGENCIA MEDICA",AMB-22,,
2016-015526,04-03-2016,"11:21:34 p.m.","UR. CIUDAD DEL PESCADOR SECTOR I I1 LOTE 3            BELLAVISTA","EMERGENCIA MEDICA",MED-5,-12.0572913403401,-77.1046291085157
2016-015525,04-03-2016,"11:21:22 p.m.","PANAMERICANA SUR ANTIGUA KM 34             PACHACAMAC",INCENDIO,M160-1,,
2016-015524,04-03-2016,"11:15:14 p.m.","  CL. CORCEGA (28) 100        CHORRILLOS","EMERGENCIA MEDICA",M160-1,,
2016-015523,04-03-2016,"10:52:15 p.m.","  JR. CARAZ (JULIO MALAGA GRENET) 163        BARRANCO","EMERGENCIA MEDICA",AMB-28,-12.1459762559537,-77.0172203792913
2016-015522,04-03-2016,"10:50:08 p.m.","  PR. AYACUCHO (ISABEL CHIMPU OCLLO) 490        SAN MIGUEL",INCENDIO,"AMB-7, M36-1, M83-1, RES-100",,
2016-015521,04-03-2016,"10:45:00 p.m.","  AV. GERMAN AGUIRRE UGARTE 1500       SAN MARTIN DE PORRES","EMERGENCIA MEDICA",AMB-60,-12.0188417500349,-77.080042557177
2016-015520,04-03-2016,"10:36:24 p.m.","  CL. SANCHEZ CERRO 315        INDEPENDENCIA","EMERGENCIA MEDICA",AMB-60,-12.0044076550577,-77.0575605698217
2016-015519,04-03-2016,"10:31:34 p.m.","  AV. HORACIO URTEAGA 1839       JESUS MARIA","EMERGENCIA MEDICA",AMB-202,-12.0794030836707,-77.0529471580779
2016-015518,04-03-2016,"10:30:56 p.m.","  JR. CHOTA 900        LIMA","EMERGENCIA MEDICA",AMB-14,-12.0520443227987,-77.0408215440079
2016-015517,04-03-2016,"10:28:45 p.m.","  AV. LOS QUECHUAS 1200       ATE","EMERGENCIA MEDICA",AMB-138,-12.0757971129711,-76.9770537473015
2016-015516,04-03-2016,"10:27:55 p.m.","AV. ABANCAY CRUCE CON AV. GRAU LIMA            LIMA","EMERGENCIA MEDICA",SAMU-2,-12.0589102436014,-77.0299518490839
2016-015515,04-03-2016,"10:16:41 p.m.","  CL. LOS POETAS (D) 202        CHORRILLOS","EMERGENCIA MEDICA",SAMU-6,-12.1736033628496,-77.0087475419093
2016-015514,04-03-2016,"10:16:10 p.m.","  AV. DEL EJERCITO (AUGUSTO PEREZ ARANIBAR) 400        MIRAFLORES","EMERGENCIA MEDICA",SAMU-6,-12.116384123362,-77.0452693374931
2016-015513,04-03-2016,"10:15:39 p.m.","AV. NICOLAS AYLLON CRUCE CON AV. CIRCUNVALACION (PANAMERICANA SUR) SAN LUIS            SAN LUIS","EMERGENCIA MEDICA",AMB-8,-12.0635140965508,-76.9997144844876
2016-015512,04-03-2016,"10:12:50 p.m.","  AV. DEL EJERCITO (AUGUSTO PEREZ ARANIBAR) 500        MIRAFLORES","EMERGENCIA MEDICA",AMB-28,-12.1156700308838,-77.0459747560754
2016-015511,04-03-2016,"10:10:32 p.m.","AV. HEROES DEL ALTO CENEPA (TRAPICHE) CRUCE CON AV. GERARDO UNGER COMAS            COMAS","EMERGENCIA MEDICA",AMB124-2,-11.9300236214606,-77.0694919626028
2016-015510,04-03-2016,"10:04:20 p.m.","PAN SUR KM  160             ASIA","ACCIDENTE VEHICULAR",M49-1,,
2016-015509,04-03-2016,"10:01:23 p.m.","KM 160 DE LA PANAMERICANA SUR             CHINCHA ALTA","ACCIDENTE VEHICULAR",M49-1,,
2016-015508,04-03-2016,"09:54:40 p.m.","  CL. ROMULO ASSERETO GARGUREVICH (1) 215        CALLAO","EMERGENCIA MEDICA",MED-5,-12.0576744004058,-77.1251211084892
2016-015507,04-03-2016,"09:48:11 p.m.","  CL. LOS CEDROS 200        SAN ISIDRO",INCENDIO,"AMB-83, M100-1, M202-1, M4-1, MATPEL-4",,
2016-015506,04-03-2016,"09:48:10 p.m.","AV. GENERAL TRINIDAD MORAN CRUCE CON JR. ALMIRANTE MARTIN GUISSE LINCE            LINCE","EMERGENCIA MEDICA",AMB-4,-12.0897347794452,-77.0382156111162
2016-015505,04-03-2016,"09:38:09 p.m.","CENTRO COMERCIAL ELQUINDE            ICA","ACCIDENTE VEHICULAR",AMB-4,,
2016-015504,04-03-2016,"09:32:33 p.m.","PANAMERICANA SUR KM 170            ","ACCIDENTE VEHICULAR","M49-1, MED-49",,
2016-015503,04-03-2016,"09:29:44 p.m.","AV. EL SOL CRUCE CON AV. GUARDIA CIVIL (ANTONIO VARGAS) (CONDORES) CHORRILLOS            CHORRILLOS","EMERGENCIA MEDICA",AMB-6,-12.1782408380556,-76.9964095577497
2016-015502,04-03-2016,"09:26:53 p.m.","  AV. GENERAL FRANCISCO VALLE RIESTRA 350        SAN ISIDRO","EMERGENCIA MEDICA",AMB-4,-12.0995009819007,-77.0536632807523
2016-015501,04-03-2016,"09:24:45 p.m.","SANCHEZ CERRO             ","EMERGENCIA MEDICA",AMB-216,,
2016-015500,04-03-2016,"09:17:24 p.m.","CARRETERAS - PANAMERICANAS CARRETERA CENTRAL 23.6            CHACLACAYO","EMERGENCIA MEDICA",AMB-115-2,-11.9775208568986,-76.7773126391738
2016-015499,04-03-2016,"09:16:58 p.m.",,"EMERGENCIA MEDICA",AMB-2,-12.0417957707122,-77.0294665638418
2016-015498,04-03-2016,"09:15:00 p.m.","  AV. SAN JUAN 300        SAN JUAN DE MIRAFLORES","EMERGENCIA MEDICA",AMB-120,-12.1676652109044,-76.9722687075739
2016-015497,04-03-2016,"09:06:31 p.m.","HU. CASA BLANCA             PACHACAMAC","EMERGENCIA MEDICA",AMB-129,-12.2145247083513,-76.8693329718842
2016-015496,04-03-2016,"09:00:53 p.m.","  CL. 4 264        CALLAO","EMERGENCIA MEDICA",AMB-1,-12.0539656475279,-77.1084180327694
2016-015495,04-03-2016,"08:55:04 p.m.","  JR. YAPURA 152        ","EMERGENCIA MEDICA",AMB-202,-12.0510484373365,-77.0464688919776
2016-015494,04-03-2016,"08:51:48 p.m.","  AV. LAS AMERICAS 257        LA VICTORIA","EMERGENCIA MEDICA",AMB-202,-12.0788208341469,-77.0260815817473
2016-015493,04-03-2016,"08:51:42 p.m.","  JR. INAMBARI 600        LIMA","EMERGENCIA MEDICA",AMB-8,-12.0552323407766,-77.0297092903539
2016-015492,04-03-2016,"08:48:11 p.m.","PJ. VILLA EL SALVADOR SECTOR 3 GRUPO 17 A LTE 1            VILLA EL SALVADOR","EMERGENCIA MEDICA",AMB-155,-12.225670733046,-76.9296010907707
2016-015491,04-03-2016,"08:47:36 p.m.","AV. COLECTORA CRUCE HUANCARAES            SANTA ANITA",RESCATE,AMB-155,,
2016-015490,04-03-2016,"08:44:15 p.m.","  PJ. ISLA CORCOVADO 245        SAN MIGUEL","EMERGENCIA MEDICA",MED-5,-12.0681218570942,-77.1030307321776
2016-015489,04-03-2016,"08:41:15 p.m.","HUACHO            HUACHO","EMERGENCIA MEDICA",MED-5,,
2016-015488,04-03-2016,"08:29:02 p.m.","AV. CAJAMARQUILLA CRUCE CON CL. PIRAMIDE DEL SOL SAN JUAN DE LURIGANCHO            SAN JUAN DE LURIGANCHO","EMERGENCIA MEDICA",AMB-2,-12.0225597444191,-77.0017386173785
2016-015487,04-03-2016,"08:22:10 p.m.","BELEN  231        CHANCAY",INCENDIO,AMB-2,,
2016-015486,04-03-2016,"08:20:27 p.m.","UR. CIUDAD SATELITE MZ 60 LT 7            VENTANILLA","EMERGENCIA MEDICA",AMB-75,-11.8721193562606,-77.1164299508937
2016-015485,04-03-2016,"08:18:24 p.m.","  JR. SALAZAR BONDY 1510       LIMA","EMERGENCIA MEDICA",AMB-75,-12.0640196339743,-77.0644347739623
2016-015484,04-03-2016,"08:09:56 p.m.",,"EMERGENCIA MEDICA",AMB-28,-12.1058476238746,-77.005949690221
2016-015483,04-03-2016,"08:04:47 p.m.","CA. WIRACOCHA            VISTA ALEGRE","EMERGENCIA MEDICA",MED-200,,
2016-015482,04-03-2016,"08:04:29 p.m.","JR. HUMBOLDT CRUCE CON JR. HUANUCO LA VICTORIA            LA VICTORIA","EMERGENCIA MEDICA",AMB-8,-12.0641148047505,-77.0152345260329
2016-015481,04-03-2016,"08:03:57 p.m.","CL SAN IDELFONSO            ","MATERIALES PELIGROSOS (INCIDENTE)",M38-4,,
2016-015480,04-03-2016,"08:00:49 p.m.","  AV. SEBASTIAN UGARTE Y MOSCOSO (LUIS MANNARELLI) 300        SAN ISIDRO","EMERGENCIA MEDICA",AMB-202,-12.0952213486231,-77.0556205901779
2016-015479,04-03-2016,"07:55:07 p.m.","  JR. SALAVERRY 100        CALLAO","EMERGENCIA MEDICA","AMB-1, MED-34",-12.0609189936846,-77.14589107755
2016-015478,04-03-2016,"07:50:37 p.m.","  JR. CUSCO 100        CALLAO","ACCIDENTE VEHICULAR","AMB-1, M5-1, M7-1",-12.0595029249913,-77.1384665095854
2016-015477,04-03-2016,"07:45:37 p.m.","  AV. TUPAC AMARU KM.19 19         CARABAYLLO","ACCIDENTE VEHICULAR","AMB-164, M150-1, RES-124",-11.8755553491596,-77.0163422567612
2016-015476,04-03-2016,"07:42:28 p.m.","AV. GRAN CHIMU CRUCE CON CL. LA VARA DE ORO SAN JUAN DE LURIGANCHO            SAN JUAN DE LURIGANCHO","EMERGENCIA MEDICA",SAMU-2,-12.0249108425873,-76.9984465426756
2016-015475,04-03-2016,"07:42:27 p.m.","AV. CAMINOS DEL INCA CRUCE CON JR. ISMAEL BIELICH FLORES (26) SANTIAGO DE SURCO            SANTIAGO DE SURCO","ACCIDENTE VEHICULAR","M16-1, RES-134, SAMU-134",-12.1356601793804,-76.9839149681951
2016-015474,04-03-2016,"07:38:22 p.m.","  AV. DEFENSORES DEL MORRO (HUAYLAS) 1600       CHORRILLOS",INCENDIO,"M13-1, M6-1",-12.1773465958141,-77.0162479620494
2016-015473,04-03-2016,"07:34:46 p.m.","AV MARIA PARADO DE BELLIDO             ",INCENDIO,M20-1,,
2016-015472,04-03-2016,"07:29:23 p.m.","  CL. MANUELA ESTACIO (LOS ANGELES) 204        SAN MIGUEL","EMERGENCIA MEDICA",AMB-83,-12.086009883462,-77.0871465751244
2016-015471,04-03-2016,"07:24:19 p.m.","  JR. ANCASH 1439       LIMA","EMERGENCIA MEDICA",AMB-2,-12.0452377433764,-77.0134881137917
2016-015470,04-03-2016,"07:04:27 p.m.","  JR. VAN DYCK 281        SAN BORJA","EMERGENCIA MEDICA",AMB-4,-12.0887188245813,-76.9925411328413
2016-015469,04-03-2016,"06:56:31 p.m.","  AV. COLOMBIA 973        PUEBLO LIBRE","EMERGENCIA MEDICA",AMB-36,-12.0689739335596,-77.0591561426387
2016-015468,04-03-2016,"06:56:05 p.m.","  AV. COMANDANTE ESPINAR 200        MIRAFLORES","EMERGENCIA MEDICA",AMB-28,-12.117457356422,-77.0368295764418
2016-015467,04-03-2016,"06:55:35 p.m.","PSJE INDEPENDENCIA             HUACHO","EMERGENCIA MEDICA",AMB-28,,
2016-015466,04-03-2016,"06:55:08 p.m.","CENTRO PROBLADO MENOR CASABLANCA             ","EMERGENCIA MEDICA",AMB-28,,
2016-015465,04-03-2016,"06:52:49 p.m.","  JR. CAMANA 616        LIMA","EMERGENCIA MEDICA",AMB-28,-12.0488289864617,-77.0347112954632
2016-015464,04-03-2016,"06:47:30 p.m.","  JR. CAMANA 616        LIMA","EMERGENCIA MEDICA",AMB-14,-12.0488289864617,-77.0347112954632
2016-015463,04-03-2016,"06:42:59 p.m.","AV. CANTO GRANDE 3100       SAN JUAN DE LURIGANCHO",RESCATE,"M176-3, SAMU-121",-11.9758292479304,-77.0094151881852
2016-015462,04-03-2016,"06:34:57 p.m.","  AV. EL SOL 130        SANTIAGO DE SURCO","EMERGENCIA MEDICA",AMB134-2,-12.1477276824613,-76.9912399234872
2016-015461,04-03-2016,"06:30:41 p.m.","AV. LA MERCED CRUCE CON AV. ALFREDO BENAVIDES MIRAFLORES            MIRAFLORES",RESCATE,M11-1,-12.1277025844379,-77.0095638944731
2016-015460,04-03-2016,"06:28:43 p.m.","AV. UNIVERSITARIA NORTE CRUCE CON CL. LOS OLIVOS (27) LOS OLIVOS            LOS OLIVOS","EMERGENCIA MEDICA",AMB-9,-11.9816263397986,-77.0783932773755
2016-015459,04-03-2016,"06:12:46 p.m.","  AV. REPUBLICA DEL PERU 400        COMAS","EMERGENCIA MEDICA",SAMU-168,-11.9589625109372,-77.0556541622134
2016-015458,04-03-2016,"06:09:25 p.m.","  AV. GENERAL ERNESTO MONTAGNE 470        MIRAFLORES","EMERGENCIA MEDICA",SAMU-16,-12.1248069572106,-77.012803192436
2016-015457,04-03-2016,"06:00:07 p.m.","  JR. TRUJILLO 876        RIMAC","EMERGENCIA MEDICA",SAMU-16,-12.0364193293128,-77.0285309453545
2016-015456,04-03-2016,"05:52:21 p.m.",,"EMERGENCIA MEDICA",AMB134-2,-12.1407988682651,-76.9989285610404
2016-015455,04-03-2016,"05:51:42 p.m.",,INCENDIO,M1-1,-12.0582292249155,-77.1429964221459
2016-015454,04-03-2016,"05:49:43 p.m.","ESTADIO SOLIS GARCIA             LURIGANCHO","EMERGENCIA MEDICA",AMB-32-2,,
2016-015453,04-03-2016,"05:48:19 p.m.",,"EMERGENCIA MEDICA",AMB-32-2,-12.0366217500035,-77.0285097514547
2016-015452,04-03-2016,"05:45:48 p.m.","  AV. HIGUERETA 339        SANTIAGO DE SURCO","EMERGENCIA MEDICA",SAMU-134,-12.1257231016601,-76.991110426745
2016-015451,04-03-2016,"05:41:12 p.m.","CARRETERAS - PANAMERICANAS PANAMERICANA NORTE 31.8            PUENTE PIEDRA","EMERGENCIA MEDICA",AMB-75,-11.855537428717,-77.0857569427918
2016-015450,04-03-2016,"05:41:02 p.m.","JR. IQUITOS CRUCE CON MA. RIMAC SAN MARTIN DE PORRES            SAN MARTIN DE PORRES",INCENDIO,"M60-5, M9-1",-12.0370337450268,-77.0879622433398
2016-015449,04-03-2016,"05:29:21 p.m.","MANI ALTO            SAYAN","ACCIDENTE VEHICULAR","M60-5, M9-1",,
2016-015448,04-03-2016,"05:27:12 p.m.",,"ACCIDENTE VEHICULAR","M10-1, M14-1",-12.0548653074472,-77.0456200947931
2016-015447,04-03-2016,"05:26:56 p.m.","AV. CORONEL JOSE LEAL CRUCE CON JR. CARLOS ALAYZA Y ROEL (MIGUEL IGLESIAS) LINCE            LINCE","EMERGENCIA MEDICA",AMB-4,-12.084941813683,-77.0363985798061
2016-015446,04-03-2016,"05:22:07 p.m.",,"EMERGENCIA MEDICA",SAMU-105,-12.2032908183747,-76.949374472265
2016-015445,04-03-2016,"05:21:39 p.m.","  AV. NICOLAS AYLLON 2100       ATE","EMERGENCIA MEDICA",AMB-4,-12.0630532292056,-76.9820796185925
2016-015444,04-03-2016,"05:12:39 p.m.","  JR. RENOVACION 1248       LA VICTORIA","EMERGENCIA MEDICA",SAMU-8,-12.0729283130071,-77.0257515981615
2016-015443,04-03-2016,"05:06:43 p.m.","AV. CARLOS GONZALES POSADA 000        SAN MIGUEL",RESCATE,RES-83,-12.0753612317281,-77.0913404458722
2016-015442,04-03-2016,"04:57:29 p.m.","  AV. 26 DE NOVIEMBRE 1416       VILLA MARIA DEL TRIUNFO","EMERGENCIA MEDICA",SAMU-106,-12.1690129231653,-76.9280156368526
2016-015441,04-03-2016,"04:53:09 p.m.","  AV. SAN MARTIN 685        PUEBLO LIBRE","EMERGENCIA MEDICA",AMB-36,-12.0726030327109,-77.0616140527449
2016-015440,04-03-2016,"04:50:30 p.m.","  JR. TEOFILO CASTILLO 355        LA VICTORIA","MATERIALES PELIGROSOS (INCIDENTE)","M8-1, SAMU-8",-12.0728883412806,-77.0107640490073
2016-015439,04-03-2016,"04:47:32 p.m.","  AV. HILLMAN (1 OESTE) 200        SURQUILLO","EMERGENCIA MEDICA",SAMU-134,-12.1160528148039,-77.0011068492443
2016-015438,04-03-2016,"04:46:01 p.m.","  AV. PERU 1649       SAN MARTIN DE PORRES","EMERGENCIA MEDICA",SAMU-134,-12.0326098171322,-77.0630641074117
2016-015437,04-03-2016,"04:43:57 p.m.","  AV. FELIPE SANTIAGO SALAVERRY 2475       SAN ISIDRO","EMERGENCIA MEDICA",AMB-202,-12.0905462609855,-77.0517715949755
2016-015436,04-03-2016,"04:39:29 p.m.","  AV. GUARDIA REPUBLICANA (LA CAPILLA) 500        RIMAC","EMERGENCIA MEDICA",AMB-80,-12.0326151633761,-77.0325010112216
2016-015435,04-03-2016,"04:37:46 p.m.","  AV. ALFREDO BENAVIDES 181        MIRAFLORES",RESCATE,RES-16,-12.1240604618569,-77.0320203208593
2016-015434,04-03-2016,"04:37:42 p.m.","AV. 13 DE ENERO 1300       SAN JUAN DE LURIGANCHO","EMERGENCIA MEDICA",SAMU-121,-12.0091299487053,-76.9997469610593
2016-015433,04-03-2016,"04:28:19 p.m.",,"EMERGENCIA MEDICA","AMB-2, RES-3",-12.050019497202,-77.0497961034119
2016-015432,04-03-2016,"04:24:08 p.m.","AH. HUASCAR             SAN JUAN DE LURIGANCHO","EMERGENCIA MEDICA",SAMU-121,-11.9669697666191,-77.005375822195
2016-015431,04-03-2016,"04:09:48 p.m.","  JR. CARAZ (JULIO MALAGA GRENET) 163        BARRANCO","EMERGENCIA MEDICA",SAMU-121,-12.1465409527472,-77.0165958443137
2016-015430,04-03-2016,"04:05:42 p.m.","  CL. LOS DIAMANTES 278        LA PERLA","EMERGENCIA MEDICA",MED-5,-12.0659291569859,-77.1130952272383
2016-015429,04-03-2016,"04:01:57 p.m.","CL. LOS GRANADOS 135        HUARAL","EMERGENCIA MEDICA",AMB-44,,
2016-015428,04-03-2016,"03:59:23 p.m.","  AV. AREQUIPA 3570       SAN ISIDRO","EMERGENCIA MEDICA",AMB-202,-12.1016076994155,-77.0319862400975
2016-015427,04-03-2016,"03:57:34 p.m.","  JR. AREQUIPA NORTE 850        CALLAO","EMERGENCIA MEDICA",MED-5,-12.0594472012853,-77.1370798960755
2016-015426,04-03-2016,"03:56:28 p.m.","AV. FERROCARRIL (HUANCARAMA) CRUCE CON AV. LA ENCALADA (LOS WANCAS) SANTA ANITA            SANTA ANITA",INCENDIO,"AMB-169, M169-1",-12.0328228593899,-76.9646095551706
2016-015425,04-03-2016,"03:54:01 p.m.","  AV. AURELIO GARCIA Y GARCIA 1539       LIMA","EMERGENCIA MEDICA",AMB-36,-12.0558179633497,-77.0754583892505
2016-015424,04-03-2016,"03:43:19 p.m.","  JR. LARRABURE Y UNANUE  209        JESUS MARIA","EMERGENCIA MEDICA",AMB-4,-12.0698771680071,-77.0381629854687
2016-015423,04-03-2016,"03:37:32 p.m.","CARRETERAS - PANAMERICANAS ANTIGUA PANAMERICANA SUR 34.5             LURIN","EMERGENCIA MEDICA",AMB-129,-12.2661064670136,-76.8793062233031
2016-015422,04-03-2016,"03:34:19 p.m.","  PJ. RECUAY 400        LOS OLIVOS","EMERGENCIA MEDICA",AMB-80,-11.9931899232275,-77.0776300719508
2016-015421,04-03-2016,"03:31:50 p.m.","AV. SANTA ANITA CRUCE CON AL. LOS PINOS CHORRILLOS            CHORRILLOS","EMERGENCIA MEDICA",SAMU-6,-12.1893237997,-77.014238515368
2016-015420,04-03-2016,"03:31:40 p.m.","AV. MANCO CAPAC CRUCE CON AV. 28 DE JULIO LA VICTORIA            LA VICTORIA","EMERGENCIA MEDICA",AMB-2,-12.0631117514962,-77.029382612264
2016-015419,04-03-2016,"03:29:46 p.m.","AV. PACHACUTEC (LOS HEROES) CRUCE CON AV. SAN JUAN SAN JUAN DE MIRAFLORES            SAN JUAN DE MIRAFLORES","EMERGENCIA MEDICA",AMB-120,-12.1542828095827,-76.971955588022
2016-015418,04-03-2016,"03:25:27 p.m.","AV. TUPAC AMARU (GERARDO UNGER) CRUCE CON AV. CHINCHAYSUYO INDEPENDENCIA            INDEPENDENCIA","EMERGENCIA MEDICA",SAMU-168,-11.9800125661114,-77.058870586956
2016-015417,04-03-2016,"03:20:33 p.m.","  AV. TALARA 130        JESUS MARIA","EMERGENCIA MEDICA",AMB-202,-12.068730162232,-77.0475545516894
2016-015416,04-03-2016,"03:19:22 p.m.","  AV. RAFAEL ESCARDO 300        SAN MIGUEL","EMERGENCIA MEDICA",SAMU-83,-12.0801544990017,-77.0946297795003
2016-015415,04-03-2016,"03:08:06 p.m.",,"EMERGENCIA MEDICA",SAMU-176,-12.0502118244552,-76.9973237380513
2016-015414,04-03-2016,"03:03:21 p.m.","  CL. SAN JOSE 195        VILLA MARIA DEL TRIUNFO","EMERGENCIA MEDICA",SAMU-176,-12.1657883603741,-76.9516715466651
2016-015413,04-03-2016,"03:02:35 p.m.","JR. RAMON CASTILLA CRUCE CON JR. SAN MARTIN (FRANCISCO GONZALES PAVON) MAGDALENA DEL MAR            MAGDALENA DEL MAR","EMERGENCIA MEDICA",MED-36,-12.0893178526741,-77.0730985823604
2016-015412,04-03-2016,"03:02:31 p.m.","ROSARIO            ICA",INCENDIO,M22-1,,
2016-015411,04-03-2016,"02:48:31 p.m.","AV. NICOLAS DE PIEROLA (LA COLMENA) CRUCE CON JR. CAMANA LIMA            LIMA","EMERGENCIA MEDICA",AMB-2,-12.0508170686124,-77.0360708038832
2016-015410,04-03-2016,"02:45:21 p.m.","  AV. SANTA ROSA 100        ","EMERGENCIA MEDICA","AMB-169, M8-1, RES-96",-12.0523184381876,-76.9614616993663
2016-015409,04-03-2016,"02:43:24 p.m.","AV. ANGAMOS ESTE (PRIMAVERA) CRUCE CON JR. TOMASAL (ATACAPU) SANTIAGO DE SURCO            SANTIAGO DE SURCO","ACCIDENTE VEHICULAR","AMB-120, M11-1, M127-1",-12.1081254364094,-76.9693410527245
2016-015408,04-03-2016,"02:34:39 p.m.",,"EMERGENCIA MEDICA",AMB-202,-12.0676683843066,-77.0477912602014
2016-015407,04-03-2016,"02:34:28 p.m.","CARRETERAS - PANAMERICANAS ANTIGUA PANAMERICANA SUR 40            LURIN","MATERIALES PELIGROSOS (INCIDENTE)","AMB-129, M155-1",-12.2991778968522,-76.8479548244506
2016-015406,04-03-2016,"02:30:47 p.m.","AV. BOLIVAR CRUCE CON AV. ABRAHAM LINCOLN PUEBLO LIBRE            PUEBLO LIBRE","MATERIALES PELIGROSOS (INCIDENTE)",M36-1,-12.0709848890949,-77.0756769530584
2016-015405,04-03-2016,"02:30:41 p.m.","AV. ARIOSTO MATELLINI 100        CHORRILLOS","EMERGENCIA MEDICA",SAMU-16,-12.1789215434125,-77.0094983577624
2016-015404,04-03-2016,"02:24:25 p.m.","  JR. MAMA OCLLO 2090       LINCE","EMERGENCIA MEDICA",AMB-36,-12.0865015556855,-77.0437853400894
2016-015403,04-03-2016,"02:14:27 p.m.","  CL. ELEAZAR BLANCO 193        PUEBLO LIBRE","EMERGENCIA MEDICA",AMB-36,-12.0789206861194,-77.0670823143532
2016-015402,04-03-2016,"02:07:59 p.m.","CARRETERA LIBERTADORES WARI    KM  1            AYACUCHO","EMERGENCIA MEDICA",MED-63,,
2016-015401,04-03-2016,"02:06:36 p.m.","  AV. PACASMAYO 3300       SAN MARTIN DE PORRES",INCENDIO,"AMB-80, M60-5, M65-2, M9-1, RES-3",-12.0279546609196,-77.0817028456189
2016-015400,04-03-2016,"01:59:49 p.m.","AV. LOS PROCERES DE LA INDEPENDENCIA (VICTOR RAUL HAYA DE LA TORRE) CRUCE CON AV. PERU SAN JUAN DE LURIGANCHO            SAN JUAN DE LURIGANCHO","ACCIDENTE VEHICULAR","M176-3, RES-2, SAMU-121",-12.0285338360621,-77.0116205995213
2016-015399,04-03-2016,"01:57:59 p.m.","AH. SAN MARTIN DE PORRAS  MZ 160  LT  24            LOS OLIVOS","EMERGENCIA MEDICA",SAMU-168,-11.9629044266525,-77.0817801721441
2016-015398,04-03-2016,"01:40:03 p.m.","  AV. ANGAMOS OESTE 939        ","EMERGENCIA MEDICA",SAMU-127,-12.1140225376426,-77.0384794044882
2016-015397,04-03-2016,"01:33:23 p.m.","AV. ALFREDO MENDIOLA (PANAMERICANA NORTE) (INFANTAS) CRUCE CON AV. HEROES DEL ALTO CENEPA (TRAPICHE) COMAS            ","ACCIDENTE VEHICULAR","M150-3, RES-124, SAMU-161",-11.9304698577101,-77.0723480662819
2016-015396,04-03-2016,"01:30:22 p.m.","  CL. TROMPETEROS 232        PUEBLO LIBRE","EMERGENCIA MEDICA","M150-3, RES-124, SAMU-161",-12.0756049738197,-77.0747819471127
2016-015395,04-03-2016,"01:30:21 p.m.","  CL. CANCHIS    URB.   TAHUUANTINSUYO   ETAPA   1   332        INDEPENDENCIA","EMERGENCIA MEDICA",SAMU-168,-11.9799857026782,-77.0452067390231
2016-015394,04-03-2016,"01:28:26 p.m.","CALLE   JUAN   MATA    CDRA.  1               NAZCA","EMERGENCIA MEDICA",AMB-82,,
2016-015393,04-03-2016,"01:22:44 p.m.","AV. ABANCAY CRUCE CON AV. NICOLAS DE PIEROLA (LA COLMENA) LIMA            LIMA","EMERGENCIA MEDICA",AMB-82,-12.0550678325112,-77.030435112712
2016-015392,04-03-2016,"01:22:15 p.m.",,"EMERGENCIA MEDICA",SAMU-134,-12.1210994811276,-77.0193708358584
2016-015391,04-03-2016,"01:20:58 p.m.","  AL. DE LOS MISIONEROS    CIUDAD  SATELITE  SANTA  ROSA    276        ","EMERGENCIA MEDICA",SAMU-134,-12.0158893606718,-77.1008004812128
2016-015390,04-03-2016,"01:17:16 p.m.","  JR. CORONEL ALFONSO UGARTE (FEDERICO MONASTERIO) 170        MAGDALENA DEL MAR","EMERGENCIA MEDICA",AMB-36,-12.0946003512027,-77.0709456092478
2016-015389,04-03-2016,"01:14:07 p.m.","  JR. CUZCO 600        LIMA","EMERGENCIA MEDICA",AMB-36,-12.0529449829855,-77.0267420754386
2016-015388,04-03-2016,"01:12:37 p.m.","CARRETERA SAYAN HUAURA            ","ACCIDENTE VEHICULAR",AMB-20,,
2016-015387,04-03-2016,"01:04:23 p.m.","  AV. JAVIER PRADO ESTE 318        SAN ISIDRO",RESCATE,M4-1,-12.0921579848085,-77.0307551346431
2016-015386,04-03-2016,"01:00:00 p.m.","  AV. GUZMAN BLANCO 100        LIMA","EMERGENCIA MEDICA",M4-1,-12.0611602869784,-77.0409353482015
2016-015385,04-03-2016,"12:51:52 p.m.","LA PUNTA            ","EMERGENCIA MEDICA",M4-1,,
2016-015384,04-03-2016,"12:45:24 p.m.","  AV. GUZMAN BLANCO 188        LIMA","EMERGENCIA MEDICA",SAMU-8,-12.0611602869784,-77.0409353482015
2016-015383,04-03-2016,"12:42:56 p.m.","  PJ. EL MOLINO (LA MOLINA) 100        SANTIAGO DE SURCO","EMERGENCIA MEDICA",SAMU-134,-12.1090100564445,-76.9716779739023
2016-015382,04-03-2016,"12:36:12 p.m.","CARRETERAS - PANAMERICANAS CARRETERA CENTRAL 0            EL AGUSTINO","EMERGENCIA MEDICA",AMB-169,-12.058517220356,-76.9734865012628
2016-015381,04-03-2016,"12:34:32 p.m.","  AL. SUR 819        CHORRILLOS","EMERGENCIA MEDICA",AMB-169,-12.1985118649642,-77.0123275102677
2016-015380,04-03-2016,"12:32:20 p.m.","  JR. PILCOMAYO 420        ","EMERGENCIA MEDICA",MED-36,-12.0574133574305,-77.0548070945485
2016-015379,04-03-2016,"12:30:33 p.m.","PANAMERICANA SUR KILOMETRO 144            ","ACCIDENTE VEHICULAR",MED-49,,
2016-015378,04-03-2016,"12:26:48 p.m.","CENTRO POBLADO COLAN            HUARAL","MATERIALES PELIGROSOS (INCIDENTE)",M44-1,,
2016-015377,04-03-2016,"12:24:52 p.m.","  CL. MANUEL RAYGADA 114        BELLAVISTA",INCENDIO,"M15-1, M18-5, M9-1, MED-34",-12.0598297817547,-77.1138144193961
2016-015376,04-03-2016,"12:24:20 p.m.","  AV. PIURA 1161       MIRAFLORES","EMERGENCIA MEDICA",AMB-202,-12.1162703372135,-77.0405563104094
2016-015375,04-03-2016,"12:15:23 p.m.","  CL. GRANADA (6) 121        ","EMERGENCIA MEDICA",AMB-36,-12.0744480200269,-77.1089163083832
2016-015374,04-03-2016,"12:11:00 p.m.","AV LIMA S/N PARADERO 1 1/2 DE JOSE GALVEZ             ","EMERGENCIA MEDICA",AMB-155,,
2016-015373,04-03-2016,"12:10:26 p.m.","  CL. SANCHEZ CARRION (PQ. DE LA RESERVA) 875        LIMA","EMERGENCIA MEDICA","AMB-4, M4-1",-12.0718060750592,-77.0326561662061
2016-015372,04-03-2016,"12:09:04 p.m.","  JR. COLMENA 900        COMAS","EMERGENCIA MEDICA","AMB-4, M4-1",-11.9531936942813,-77.0450413680109
2016-015371,04-03-2016,"12:09:03 p.m.","MERCADO  12  DE  ABRIL            ","EMERGENCIA MEDICA","AMB-4, M4-1",,
2016-015370,04-03-2016,"12:06:09 p.m.","  AV. HORACIO URTEAGA 535        JESUS MARIA","EMERGENCIA MEDICA",SAMU-10,-12.066548834996,-77.0430273679122
2016-015369,04-03-2016,"12:01:28 p.m.","  CL. ARGENTINA (8) 207        COMAS","EMERGENCIA MEDICA",AMB-124,-11.9601858416182,-77.0584766428896
2016-015368,04-03-2016,"11:54:31 a.m.","PJ. VILLA HERMOSA MZ  X1  LT  3            EL AGUSTINO","EMERGENCIA MEDICA",SAMU-176,-12.0426921542496,-76.9869809212387
2016-015367,04-03-2016,"11:46:59 a.m.","  AV. PASEO DE LA REPUBLICA 000        CHORRILLOS",INCENDIO,"M13-1, M16-1, M6-1, RES-16, SAMU-6",-12.1690844891792,-77.0182520499632
2016-015366,04-03-2016,"11:42:08 a.m.","PLAZA DE ARMAS  DE LURIN             LURIN","EMERGENCIA MEDICA",AMB-129,,
2016-015365,04-03-2016,"11:41:17 a.m.","CARRETERA PUQUI KM 59            ","ACCIDENTE VEHICULAR","AMB-82, RES-82",,
2016-015364,04-03-2016,"11:37:32 a.m.","  JR. LAS GAVIOTAS 2121       SANTIAGO DE SURCO",RESCATE,RES-134,-12.1623645974342,-76.9955408819831
2016-015363,04-03-2016,"11:27:59 a.m.","JR.   FANNY      379        LA PUNTA","EMERGENCIA MEDICA",MED-34,,
2016-015362,04-03-2016,"11:20:54 a.m.","JR. PAITA CRUCE CON JR. VIRU RIMAC            RIMAC","ACCIDENTE VEHICULAR","M21-1, M3-1, RES-2, RES-3, SAMU-21",-12.0407900732285,-77.0302924878159
2016-015361,04-03-2016,"11:20:06 a.m.","  JR. BOLOGNESI 200        LURIN",INCENDIO,"M106-3, M155-1, SAMU-105",-12.2746517158935,-76.8695679521778
2016-015360,04-03-2016,"11:17:02 a.m.","  AV. JOSE GALVEZ BARRENECHEA (PRINCIPAL) 600        SAN ISIDRO","EMERGENCIA MEDICA",AMB-28,-12.1002405366096,-77.0121006659592
2016-015359,04-03-2016,"11:16:17 a.m.","AS. DEFENSORES DE LA PATRIA MAZ O3 LOTE 9             VENTANILLA","EMERGENCIA MEDICA",AMB-75,-11.8796463221715,-77.136748546712
2016-015358,04-03-2016,"11:13:35 a.m.","  AV. ELMER FAUCETT 3000       CALLAO","EMERGENCIA MEDICA",AMB-9,-12.0245004454617,-77.1045261750544
2016-015357,04-03-2016,"11:09:23 a.m.","CARRETERAS - PANAMERICANAS PANAMERICANA SUR 16.5            SAN JUAN DE MIRAFLORES","EMERGENCIA MEDICA",AMB-120,-12.2003762632582,-76.973764340303
2016-015356,04-03-2016,"11:09:18 a.m.","  AV. BRASIL 1458       PUEBLO LIBRE","EMERGENCIA MEDICA",AMB-14,-12.0735577459128,-77.0526501901028
2016-015355,04-03-2016,"10:53:11 a.m.","  AV. DE LOS PATRIOTAS 242        SAN MIGUEL","EMERGENCIA MEDICA",AMB-14,-12.0780713584447,-77.0957323518657
2016-015354,04-03-2016,"10:47:06 a.m.","MARIA  PARADO DE    BELLIDO    PARAMONG A            ","EMERGENCIA MEDICA",AMB-14,,
2016-015353,04-03-2016,"10:40:45 a.m.","CENTRO POBLADO CHACO BAJO            NAZCA",RESCATE,RES-82,,
2016-015352,04-03-2016,"10:39:51 a.m.",,"EMERGENCIA MEDICA",SAMU-21,-12.0481542958608,-77.026096330797
2016-015351,04-03-2016,"10:37:26 a.m.",,"EMERGENCIA MEDICA",SAMU-83,-12.0683303295786,-77.1131722836318
2016-015350,04-03-2016,"10:30:16 a.m.","  AV. OSCAR BENAVIDES (COLONIAL) 976        LIMA","EMERGENCIA MEDICA",SAMU-83,,
2016-015349,04-03-2016,"10:29:06 a.m.","  AV. FERNANDO WIESE (PROCERES DE LA INDEPENDENCIA) 2200       SAN JUAN DE LURIGANCHO","EMERGENCIA MEDICA",SAMU-121,-11.9946499108401,-77.0106441903536
2016-015348,04-03-2016,"10:28:57 a.m.","CARRETERAS - PANAMERICANAS PANAMERICANA NORTE 21.1            COMAS","EMERGENCIA MEDICA",AMB-80,-11.9455559503203,-77.0705486182235
2016-015347,04-03-2016,"10:10:18 a.m.","  CL. LOS TALADROS 127        INDEPENDENCIA",INCENDIO,AMB-80,-11.9801409884289,-77.0602206379324
2016-015346,04-03-2016,"10:10:11 a.m.","CL. LOS TALADROS 100        INDEPENDENCIA",INCENDIO,"AMB-124, CIST-21, CIST25CD1, M150-3, M161-1, M168-1, M65-2, SAMU-161",,
2016-015345,04-03-2016,"10:02:58 a.m.","JR. VIRU CRUCE CON PR. TACNA (DIEGO QUISPE TITO) RIMAC            RIMAC","EMERGENCIA MEDICA",SAMU-21,-12.0398795261816,-77.0328178681302
2016-015344,04-03-2016,"10:02:08 a.m.","  AV. AVIACION 1600       LA VICTORIA","EMERGENCIA MEDICA",SAMU-127,-12.0801452769921,-77.0087139720897
2016-015343,04-03-2016,"09:58:37 a.m.","  CL. DE LA JARA Y URETA 406        SANTIAGO DE SURCO","EMERGENCIA MEDICA",SAMU-16,-12.1321367447142,-77.013724892747
2016-015342,04-03-2016,"09:58:25 a.m.","  PQ. DEL RIO 133        PUEBLO LIBRE","MATERIALES PELIGROSOS (INCIDENTE)","AMB-36, M36-1",-12.0745520820042,-77.0567979744991
2016-015341,04-03-2016,"09:52:47 a.m.","  CL. DIEGO DE MEDINA 295        PUEBLO LIBRE","EMERGENCIA MEDICA",SAMU-83,-12.0768161444948,-77.0783541779368
2016-015340,04-03-2016,"09:51:59 a.m.","CALLE CHICAMA            CARABAYLLO","EMERGENCIA MEDICA",AMB-164,,
2016-015339,04-03-2016,"09:43:45 a.m.","  AV. FELIPE SANTIAGO SALAVERRY 2375       SAN ISIDRO","EMERGENCIA MEDICA",AMB-4,-12.0888007456187,-77.0508840803809
2016-015338,04-03-2016,"09:43:03 a.m.","  JR. PARINACOCHAS 1895       LA VICTORIA","EMERGENCIA MEDICA",SAMU-8,-12.0776328111062,-77.0176505949519
2016-015337,04-03-2016,"09:40:50 a.m.","JR. CAMANA CRUCE CON JR. CONDE DE SUPERUNDA (LIMA) LIMA            LIMA","EMERGENCIA MEDICA",SAMU-10,-12.0445794852468,-77.0316642513697
2016-015336,04-03-2016,"09:38:03 a.m.","MALARIN CRUCE ALCAZAR             ","EMERGENCIA MEDICA",SAMU-10,,
2016-015335,04-03-2016,"09:27:45 a.m.","  JR. TEMPLO TARDIO (LOS CAMPESINOS) 626        SAN JUAN DE LURIGANCHO","EMERGENCIA MEDICA",SAMU-176,-12.0157027444796,-76.9891265289321
2016-015334,04-03-2016,"09:10:26 a.m.","  JR. CAHUIDE 855        JESUS MARIA","EMERGENCIA MEDICA",AMB-202,-12.0790233585848,-77.0438297864474
2016-015333,04-03-2016,"09:05:56 a.m.","AV. TALARA  360        JESUS MARIA","EMERGENCIA MEDICA",SAMU-10,,
2016-015332,04-03-2016,"08:58:40 a.m.","HIPOLITO UNANUE  500        ","EMERGENCIA MEDICA",SAMU-106,,
2016-015331,04-03-2016,"08:55:36 a.m.","CARRETERAS - PANAMERICANAS PANAMERICANA SUR 16.4            SAN JUAN DE MIRAFLORES","EMERGENCIA MEDICA",SAMU-134,-12.2003762632582,-76.973764340303
2016-015330,04-03-2016,"08:52:03 a.m.","  CL. PEDRO RUIZ GALLO   MZ  B LOTE  7  000        CALLAO","EMERGENCIA MEDICA",MED-5,-12.0493892688982,-77.1051987194406
2016-015329,04-03-2016,"08:51:28 a.m.","CO. ALBINO HERRERA N L 26             CALLAO","EMERGENCIA MEDICA",AMB-9,-12.0093952238305,-77.1024273647836
2016-015328,04-03-2016,"08:44:56 a.m.","  JR. SANTA LUCIA   URB,   VILLA  MARINA    123        CHORRILLOS","EMERGENCIA MEDICA",SAMU-6,-12.1885696711122,-77.008833925522
2016-015327,04-03-2016,"08:40:29 a.m.","CL. SANTA ANA (CALLAO) CRUCE CON AV. JOSE DE SAN MARTIN SAN MIGUEL            SAN MIGUEL","EMERGENCIA MEDICA",SAMU-83,-12.0890345583804,-77.075751169275
2016-015326,04-03-2016,"08:38:51 a.m.","JR. LAMPA CRUCE CON JR. PUNO LIMA            LIMA","EMERGENCIA MEDICA",AMB-202,-12.0511947882828,-77.0319845596076
2016-015325,04-03-2016,"08:37:42 a.m.","av la molina cruce javier prado             ","SERVICIO ESPECIAL",RES-96,,
2016-015324,04-03-2016,"08:33:26 a.m.","  JR. DAVID ROCA VAREA SUR 299        SANTIAGO DE SURCO",RESCATE,RES-134,-12.1359417230548,-76.9940518470747
2016-015323,04-03-2016,"08:28:17 a.m.","  AV. ARGENTINA 100        LIMA","EMERGENCIA MEDICA",AMB-2,-12.0437745121679,-77.043649733297
2016-015322,04-03-2016,"08:23:17 a.m.","  AV. CAMINO DE AMANCAES 100        RIMAC","EMERGENCIA MEDICA",SAMU-21,-12.0310031037128,-77.0280698789432
2016-015321,04-03-2016,"08:19:34 a.m.",,"EMERGENCIA MEDICA",AMB134-2,,
2016-015320,04-03-2016,"08:16:57 a.m.","HOSP  SABOGAL            ","EMERGENCIA MEDICA",AMB124-2,,
2016-015319,04-03-2016,"08:08:58 a.m.","  JR. MARTIR OLAYA (PATRIA) 300        LURIN","EMERGENCIA MEDICA",AMB-129,-12.2879298493866,-76.8512697710559
2016-015318,04-03-2016,"08:05:29 a.m.","  JR. JUAN CASTRO 401        LA VICTORIA","EMERGENCIA MEDICA",SAMU-8,-12.0766963965321,-77.0186891544268
2016-015317,04-03-2016,"08:02:49 a.m.","AV. 9 DE DICIEMBRE (PASEO COLON) CRUCE CON PL. MIGUEL GRAU LIMA            LIMA","ACCIDENTE VEHICULAR","M10-1, RES-10, SAMU-10",-12.0602345083102,-77.036178651263
2016-015316,04-03-2016,"07:58:36 a.m.","  PJ. TINGUA 262        LINCE",RESCATE,"AMB-36, M4-1",-12.0880857897685,-77.0302490713618
2016-015315,04-03-2016,"07:54:33 a.m.","CARRETERAS - PANAMERICANAS CARRETERA CENTRAL 2            ATE","EMERGENCIA MEDICA","AMB-138, SAMU-176",-12.0513622365589,-76.9566070965374
2016-015314,04-03-2016,"07:52:32 a.m.","CALLE LOA  302        ANCON","EMERGENCIA MEDICA",AMB-163,,
2016-015313,04-03-2016,"07:50:02 a.m.","AV. ELMER FAUCETT CRUCE CON AV. VICENTE MORALES DUAREZ CALLAO            CALLAO","EMERGENCIA MEDICA","AMB-60, AMB-9",-12.0406772401574,-77.0998182379843
2016-015312,04-03-2016,"07:49:25 a.m.","  AV. AVIACION 2600       SAN BORJA","EMERGENCIA MEDICA",AMB-4,-12.0929621017661,-77.0027101815142
2016-015311,04-03-2016,"07:47:28 a.m.","  AV. GENERAL TRINIDAD MORAN 1100       LINCE","ACCIDENTE VEHICULAR","AMB-100, AMB-36, M202-1, MATPEL-4",-12.0903923501157,-77.0428044732862
2016-015310,04-03-2016,"07:29:01 a.m.",,"EMERGENCIA MEDICA",SAMU-14,-12.0587903058197,-77.0559986158632
2016-015309,04-03-2016,"07:28:02 a.m.","AV. SANTIAGO DE SURCO (TOMAS MARSANO) CRUCE CON AV. ANTARES (JORGE CHAVEZ) SANTIAGO DE SURCO            SANTIAGO DE SURCO","EMERGENCIA MEDICA",SAMU-134,-12.1427114798514,-76.991030347031
2016-015308,04-03-2016,"07:26:37 a.m.","  JR. GENERAL THOMAS MOYA (ARRIETA) 425        RIMAC","EMERGENCIA MEDICA",AMB-21,-12.0334343657511,-77.0425795973911
2016-015307,04-03-2016,"07:14:35 a.m.","  AV. CORONEL NESTOR GAMBETA (EL EMISOR) 1000       CALLAO","EMERGENCIA MEDICA","AMB-9, SAMU-161",-11.9580358300582,-77.1285331393933
2016-015306,04-03-2016,"07:14:30 a.m.","  AV. REPUBLICA DE PANAMA 5309       SURQUILLO","EMERGENCIA MEDICA",AMB-28,-12.1175236721531,-77.0182152891033
2016-015305,04-03-2016,"07:09:50 a.m.",,"EMERGENCIA MEDICA",AMB-80,-11.9964513421809,-77.0544784795289
2016-015304,04-03-2016,"06:46:14 a.m.","  AV. LOS PROCERES 500        SANTIAGO DE SURCO","EMERGENCIA MEDICA",SAMU-134,-12.1515906312735,-76.9889223422385
2016-015303,04-03-2016,"06:22:17 a.m.","PUNTA  HERMOSA              PUNTA HERMOSA","EMERGENCIA MEDICA",AMB-133,,
2016-015302,04-03-2016,"05:51:00 a.m.","  JR. TUPAC AMARU 1566       LA PERLA","EMERGENCIA MEDICA",AMB-7,-12.070964047429,-77.1192763645427
2016-015301,04-03-2016,"05:27:23 a.m.","  AV. TUPAC AMARU KM 21 000        CARABAYLLO","ACCIDENTE VEHICULAR","AMB-164, M150-1, M150-3, RES-124",-11.8736046297071,-77.0154578593975
2016-015300,04-03-2016,"05:25:36 a.m.","AH. LA RINCONADA DE PAMPLONA ALTA E2            SAN JUAN DE MIRAFLORES","EMERGENCIA MEDICA",SAMU-120,-12.1275755176391,-76.9596868523485
2016-015299,04-03-2016,"05:16:15 a.m.","AV. PACASMAYO CRUCE CON AV. EL OLIVAR CALLAO            CALLAO","ACCIDENTE VEHICULAR","M9-1, M9-5, SAMU-161",-12.0201397130724,-77.0968825512257
2016-015298,04-03-2016,"04:00:31 a.m.","CARRETERAS - PANAMERICANAS ANTIGUA PANAMERICANA SUR 40            LURIN",RESCATE,"AMB-155, RES-125",-12.2991778968522,-76.8479548244506
2016-015297,04-03-2016,"03:29:38 a.m.","HOSPITAL  SABOGAL             CALLAO","EMERGENCIA MEDICA","AMB-155, RES-125",,
2016-015296,04-03-2016,"03:22:23 a.m.","  AV. SANTA ANITA 600        CHORRILLOS","EMERGENCIA MEDICA",SAMU-120,-12.191630982334,-77.0149788541238
2016-015295,04-03-2016,"03:12:45 a.m.","  JR. LAS ESMERALDAS 258        LA VICTORIA","EMERGENCIA MEDICA",AMB-4,-12.077642797222,-77.0258051049343
2016-015294,04-03-2016,"02:54:28 a.m.","  AV. COSTA VERDE (CIRCUITO DE PLAYAS) 000        MIRAFLORES","ACCIDENTE VEHICULAR","AMB-28, M28-1, RES-16",-12.1323082324683,-77.0313469726395
2016-015293,04-03-2016,"02:22:12 a.m.","UR. LEONCIO PRADO             RIMAC","EMERGENCIA MEDICA","AMB-28, M28-1, RES-16",,
2016-015292,04-03-2016,"02:16:59 a.m.","JR. POSEIDON (6) CRUCE CON JR. GANIMEDES (D) SANTIAGO DE SURCO            SANTIAGO DE SURCO","MATERIALES PELIGROSOS (INCIDENTE)","M16-1, RES-16, SAMU-134",-12.1650537158195,-76.9963012742126
2016-015291,04-03-2016,"01:54:08 a.m.","  JR. ICA 712        LIMA","EMERGENCIA MEDICA",AMB-21,-12.0430496208247,-77.0385082621888
2016-015290,04-03-2016,"01:46:39 a.m.",,"EMERGENCIA MEDICA",AMB-1,-12.0582292249155,-77.1429964221459
2016-015289,04-03-2016,"01:37:15 a.m.","CARRETERAS - PANAMERICANAS ANTIGUA PANAMERICANA SUR 35            LURIN",INCENDIO,"AMB-129, AMB-155, CIST-13, CIST-XXIV, ESC-11, M106-3, M125-1, M13-1, M155-1, M160-1, M6-1, RES-125, RES-134",,
2016-015288,04-03-2016,"01:33:27 a.m.","  CL. POSEIDON 100        ATE","MATERIALES PELIGROSOS (INCIDENTE)","AMB-138, M127-1",-12.0717525546272,-76.9752373812296
2016-015287,04-03-2016,"01:32:44 a.m.","  AV. SANTA ROSA DE LIMA SUR URB  HUAYRONA 2300       SAN JUAN DE LURIGANCHO","EMERGENCIA MEDICA",AMB-2,-11.9923593012237,-77.0006296056273
2016-015286,04-03-2016,"01:05:51 a.m.","AV. SAN BORJA NORTE (ENRIQUE GARCIA SAYAN) CRUCE CON AV. AVIACION SAN BORJA            SAN BORJA","ACCIDENTE VEHICULAR","AMB-4, M11-1, MATPEL-4",-12.0940938255281,-77.002753594686
2016-015285,04-03-2016,"01:01:47 a.m.","  CL. GALLESE 130        PUEBLO LIBRE",RESCATE,"AMB-4, M11-1, MATPEL-4",-12.0804113656106,-77.0629001027994
2016-015284,04-03-2016,"12:48:11 a.m.","UR. COLLIQUE V SECTOR             COMAS","EMERGENCIA MEDICA",AMB-164,-11.9156172398027,-77.0118808265494
2016-015283,04-03-2016,"12:32:43 a.m.","  JR. EL CHACO 1670       SAN MARTIN DE PORRES","EMERGENCIA MEDICA",AMB-80,-12.0314018841832,-77.0628966174237
2016-015282,04-03-2016,"12:29:18 a.m.","  JR. JOSE PARDO 192        COMAS","EMERGENCIA MEDICA",AMB-164,-11.9350418528457,-77.0433609676431
2016-015281,04-03-2016,"12:27:47 a.m.","AV. DE LA ALAMEDA CRUCE CON AV. CENTENARIO CALLAO            CALLAO","EMERGENCIA MEDICA",MED-5,-12.0434387069296,-77.1130011879639
2016-015280,04-03-2016,"12:24:44 a.m.","CARRETERAS - PANAMERICANAS CARRETERA CENTRAL 22            CHACLACAYO","ACCIDENTE VEHICULAR","AMB-115, AMB-32, M32-1, RES-115",-11.9806617078897,-76.791940871965
2016-015279,04-03-2016,"12:08:28 a.m.","AV. AREQUIPA CRUCE CON JR. TOMAS GUIDO LINCE            LINCE","EMERGENCIA MEDICA",AMB-202,-12.0869867723469,-77.034194603354
2016-015278,04-03-2016,"12:06:46 a.m.","AV. JOSE CARLOS MARIATEGUI CRUCE CON AV. EDILBERTO RAMOS (MARIANO PASTOR SEVILLA) (FORESTAL) VILLA EL SALVADOR            VILLA EL SALVADOR","EMERGENCIA MEDICA",AMB-202,-12.2259382396479,-76.9413081542687
2016-015277,04-03-2016,"12:05:14 a.m.","AV. MAYOR JULIO BAYLETTI CRUCE CON AV. SAN LUIS SAN BORJA            SAN BORJA","EMERGENCIA MEDICA",AMB-202,,
