ID,FECHA,HORA,DIRECCION,TIPO,UNIDADES,"CORDENADAS (lat)","CORDENADAS (lng)"
2016-020534,25-03-2016,"11:55:43 p.m.","AH. MARTIRES DE SAN JUAN K LT. 9            SAN JUAN DE MIRAFLORES","EMERGENCIA MEDICA",AMB-106,-12.1680235455186,-76.9606923909604
2016-020533,25-03-2016,"11:48:47 p.m.","CARRETERAS - PANAMERICANAS CARRETERA CENTRAL 14.5            ATE",INCENDIO,"AMB-115-2, AMB-32, CIS-IV, M115-1, M138-1, M138-4, M169-1, RES-115",-12.0071298997149,-76.8540920098495
2016-020532,25-03-2016,"11:17:31 p.m.","PQUE. CENTRAL DE ANCON            ",INCENDIO,"M163-1, MED-65",,
2016-020531,25-03-2016,"11:07:40 p.m.","AV. CANTA CALLAO (PLAN VIAL) CRUCE CON PR. ALEJANDRO BERTELLO CALLAO            CALLAO","EMERGENCIA MEDICA",SAMU-161,-11.9970661191126,-77.1124976869998
2016-020530,25-03-2016,"11:06:11 p.m.","  AV. ANGAMOS 000        VENTANILLA","MATERIALES PELIGROSOS (INCIDENTE)","AMB-75, M184-1, M207-5, M75-1",-11.8338054217571,-77.1389156903909
2016-020529,25-03-2016,"11:04:00 p.m.","  JR. CONTRALMIRANTE MIGUEL GRAU (BENITO LAZO) 627        MAGDALENA DEL MAR","EMERGENCIA MEDICA","AMB-75, M184-1, M207-5, M75-1",-12.0921108228934,-77.0746940718916
2016-020528,25-03-2016,"10:46:48 p.m.","  JR. SAO PAULO 1218       SAN MARTIN DE PORRES","EMERGENCIA MEDICA",AMB-80,-12.031580615041,-77.0579641157455
2016-020527,25-03-2016,"10:35:57 p.m.",,"EMERGENCIA MEDICA",AMB-10,-12.0517041561511,-77.0548151570993
2016-020526,25-03-2016,"10:32:41 p.m.","AV. JOSE LOPEZ PAZOS CRUCE CON AV. MARIANO MELGAR CARMEN DE LA LEGUA REYNOSO            CARMEN DE LA LEGUA REYNOS","EMERGENCIA MEDICA",MED-5,-12.0397834949295,-77.0943497819685
2016-020525,25-03-2016,"10:30:56 p.m.","  AV. ANGELICA GAMARRA 1900       LOS OLIVOS","EMERGENCIA MEDICA",AMB-161,-12.0067114912187,-77.0805318968622
2016-020524,25-03-2016,"10:24:27 p.m.","  JR. CONTRALMIRANTE MIGUEL GRAU (BENITO LAZO) 517        MAGDALENA DEL MAR","EMERGENCIA MEDICA",AMB83-2,-12.0924868864684,-77.0736615779792
2016-020523,25-03-2016,"10:19:34 p.m.","  AV. PASEO DE LA REPUBLICA 4411       SURQUILLO","EMERGENCIA MEDICA",AMB-28,-12.1098336917994,-77.0259298792844
2016-020522,25-03-2016,"10:12:42 p.m.","CERRO LA CULEBRA             CHANCAY","EMERGENCIA MEDICA",MED-80,,
2016-020521,25-03-2016,"10:10:09 p.m.","  AV. LOS PROCERES DE LA INDEPENDENCIA (CANTO GRANDE) 2000       SAN JUAN DE LURIGANCHO",INCENDIO,M121-1,-11.9988980890998,-77.0094277255805
2016-020520,25-03-2016,"10:04:33 p.m.","  JR. HUANTAJAYA 195        CALLAO","EMERGENCIA MEDICA",MED-5,-12.0507412827632,-77.1010535957553
2016-020519,25-03-2016,"10:01:33 p.m.","  CL. AMAUTA 171        INDEPENDENCIA","EMERGENCIA MEDICA",AMB-65,-11.9866887954043,-77.0557918728177
2016-020518,25-03-2016,"09:57:09 p.m.","  AV. LA PAZ 310        LA PERLA",INCENDIO,M15-1,-12.0697927081957,-77.131058315665
2016-020517,25-03-2016,"09:56:23 p.m.","SANTA ROSA MZ G LT 4            CALLAO","MATERIALES PELIGROSOS (INCIDENTE)","AMB-80, M9-5",-12.0081930341245,-77.1027360317497
2016-020516,25-03-2016,"09:55:09 p.m.","AH PACIFICO II MZ F LTE 5 000        SAN JUAN DE MIRAFLORES","EMERGENCIA MEDICA",AMB134-2,-12.1731279794116,-76.9622298869194
2016-020515,25-03-2016,"09:47:19 p.m.","AH. REPUBLICA DEMOCRATICA ALEMANA  MZ J            SAN JUAN DE MIRAFLORES","EMERGENCIA MEDICA",AMB-106,-12.1790005831784,-76.9609754934518
2016-020514,25-03-2016,"09:45:50 p.m.","CARRETERAS - PANAMERICANAS PANAMERICANA NORTE 33            PUENTE PIEDRA","ACCIDENTE VEHICULAR","AMB-184, M163-1",-11.8478626223729,-77.095875282171
2016-020513,25-03-2016,"09:45:36 p.m.","PEDRO MURILLO 1064       PUEBLO LIBRE","MATERIALES PELIGROSOS (INCIDENTE)",M36-1,,
2016-020512,25-03-2016,"09:44:01 p.m.","PLAZA DE ARMAS             SAYAN","EMERGENCIA MEDICA",AMB-216,,
2016-020511,25-03-2016,"09:43:54 p.m.","  AV. TUPAC AMARU 5351       COMAS","EMERGENCIA MEDICA",AMB-164,-11.9095676776507,-77.0368185480063
2016-020510,25-03-2016,"09:41:00 p.m.","  JR. MARISCAL RAMON CASTILLA DEP G404 PLAZA ASPILLAGA 678        SAN MIGUEL","EMERGENCIA MEDICA",AMB83-2,-12.0851528242172,-77.0800100879331
2016-020509,25-03-2016,"09:30:29 p.m.","  JR. ALGECIRAS (61) 127        SAN LUIS","EMERGENCIA MEDICA",AMB-8,-12.0811763185944,-76.9962633256336
2016-020508,25-03-2016,"09:28:28 p.m.","  AV. SAN MARTIN (14) 000        CHORRILLOS","EMERGENCIA MEDICA",AMB-120,-12.1906519445882,-76.984791456444
2016-020507,25-03-2016,"09:23:13 p.m.","COMERCIAL SUPERMERCADO WONG            SAN MIGUEL","EMERGENCIA MEDICA",AMB83-2,-12.0765855541161,-77.0816455369341
2016-020506,25-03-2016,"09:22:44 p.m.","  JR. LOS MANZANOS 264        SAN ISIDRO","EMERGENCIA MEDICA",MED-100,-12.0970768415134,-77.0525160810836
2016-020505,25-03-2016,"09:18:45 p.m.","AV. JUAN LUNA PIZARRO (JORGE SWAYNE) CRUCE CON JR. ARICA (AGUSTIN T. WHILAR) BARRANCO            BARRANCO","EMERGENCIA MEDICA",AMB134-2,-12.1426327465697,-77.0156485455406
2016-020504,25-03-2016,"09:18:41 p.m.","AV. JUAN LUNA PIZARRO (JORGE SWAYNE) CRUCE CON JR. ARICA (AGUSTIN T. WHILAR) BARRANCO            BARRANCO","EMERGENCIA MEDICA",SAMU-6,-12.1426327465697,-77.0156485455406
2016-020503,25-03-2016,"09:11:35 p.m.","JR. TARAPACA CRUCE CON JR. SAN ROMAN LURIN            LURIN","ACCIDENTE VEHICULAR","AMB-129, M125-1, M155-1, RES-125",-12.2758740146169,-76.8685673348455
2016-020502,25-03-2016,"09:09:11 p.m.","PLAZA LIMA SUR             CHORRILLOS","EMERGENCIA MEDICA",AMB-13,-12.1728919706863,-77.0131028801212
2016-020501,25-03-2016,"09:08:10 p.m.","AV. JOSE GALVEZ CRUCE CON CL. COLINA BELLAVISTA            ","ACCIDENTE VEHICULAR","AMB-1, M15-1, M7-1, MED-5",-12.0657074344779,-77.1214918724318
2016-020500,25-03-2016,"09:00:21 p.m.","AS. SAN FROILAN             ",INCENDIO,"AMB-164, M150-1, M184-1, M207-5",-11.9008398194111,-77.0695322969731
2016-020499,25-03-2016,"08:57:56 p.m.","CARRETERAS - PANAMERICANAS AUTOPISTA RAMIRO PRIALE 8            LURIGANCHO","EMERGENCIA MEDICA",SAMU-121,-12.0203392959191,-76.9203523325772
2016-020498,25-03-2016,"08:50:24 p.m.","  AV. LA PAZ 900        SAN MIGUEL","EMERGENCIA MEDICA",AMB83-2,-12.0862884822794,-77.091729274546
2016-020497,25-03-2016,"08:45:15 p.m.","AV. LA MARINA CRUCE CON AV. ELMER FAUCETT SAN MIGUEL            SAN MIGUEL","EMERGENCIA MEDICA",MED-5,-12.0734255827676,-77.0998952900454
2016-020496,25-03-2016,"08:44:42 p.m.","  CL. SANTA ROSA DE LIMA 127        EL AGUSTINO","EMERGENCIA MEDICA",MED-5,-12.0465406181481,-77.0004696796572
2016-020495,25-03-2016,"08:38:50 p.m.","  AV. A CAJAMARQUILLA  PARADERO   FAME    000        LURIGANCHO",INCENDIO,"M138-1, M169-1, RES-138",-12.009983780389,-76.9052054749963
2016-020494,25-03-2016,"08:34:15 p.m.","  CL. ABUBILLAS 110        SANTA ANITA","EMERGENCIA MEDICA","M138-1, M169-1, RES-138",-12.0497069021125,-76.9630135967518
2016-020493,25-03-2016,"08:28:09 p.m.","CENTRO  POBLADO  VISTA  ALEGRE              ","EMERGENCIA MEDICA",AMB-216,,
2016-020492,25-03-2016,"08:25:28 p.m.","  AV. EVITAMIENTO (CIRCUNVALACION) 600        RIMAC","EMERGENCIA MEDICA",AMB-2,-12.0389968414968,-77.0367476451029
2016-020491,25-03-2016,"08:22:16 p.m.","PLAZA  DE  ARMAS                CHANCAY",INCENDIO,M80-1,,
2016-020490,25-03-2016,"08:20:49 p.m.","  AV. SAN LUIS 2585       SAN BORJA","MATERIALES PELIGROSOS (INCIDENTE)",M127-1,-12.0993987877564,-76.9948705517085
2016-020489,25-03-2016,"08:14:33 p.m.","AV SAN MARTIN CDRA 4 HUAURA            ","EMERGENCIA MEDICA",M127-1,,
2016-020488,25-03-2016,"08:13:50 p.m.","  JR. FEDERICO GALLESI TARICCHI (SAN MIGUEL) 100        SAN MIGUEL","EMERGENCIA MEDICA",MED-100,-12.0935864476344,-77.0770103604914
2016-020487,25-03-2016,"08:12:25 p.m.","AH. SAN FRANCISCO DE LA CRUZ I ETAPA 8A LOTE 2             SAN JUAN DE MIRAFLORES","EMERGENCIA MEDICA",AMB-120,-12.153146188974,-76.9633970303808
2016-020486,25-03-2016,"08:09:33 p.m.","AV. SAN MARTIN 468            HUAURA","EMERGENCIA MEDICA",AMB-20,,
2016-020485,25-03-2016,"08:08:43 p.m.","AV. VICTOR RAUL HAYA DE LA TORRE CRUCE CON AV. TACNA VENTANILLA            VENTANILLA","EMERGENCIA MEDICA",AMB-75,-11.8595553353167,-77.128283330345
2016-020484,25-03-2016,"08:00:03 p.m.","  AV. EL PARQUE (LIMA) 000        VILLA EL SALVADOR","EMERGENCIA MEDICA",AMB-155,-12.238150132596,-76.9126960269143
2016-020483,25-03-2016,"07:56:40 p.m.","  CA. A CIENEGUILLA KM 13 .  5 000        CIENEGUILLA","ACCIDENTE VEHICULAR","AMB-169, M96-1, RES-96",-12.0874402572133,-76.864662762359
2016-020482,25-03-2016,"07:52:56 p.m.","CL. E. DE LA BARREDA 270        SAN MARTIN DE PORRES","EMERGENCIA MEDICA",SAMU-161,-12.024611956992,-77.0828739019115
2016-020481,25-03-2016,"07:49:03 p.m.","AV. ELMER FAUCETT CRUCE CON AV. PASO DE LOS ANDES SAN MIGUEL            SAN MIGUEL","ACCIDENTE VEHICULAR","AMB-65, M60-1, M7-5",-12.0662156516953,-77.0974366880233
2016-020480,25-03-2016,"07:47:12 p.m.","  CL. BATALLON TARMA NORTE   URB.   SANTA  TERESA    143        SANTIAGO DE SURCO","EMERGENCIA MEDICA","AMB134-2, RES-134",-12.1245302805818,-76.9807467877545
2016-020479,25-03-2016,"07:41:05 p.m.","AV. TUPAC AMARU KM  23     CARABAYLLO","ACCIDENTE VEHICULAR","AMB-164, M124-1, M184-1",-11.8682995231727,-77.0122092665762
2016-020478,25-03-2016,"07:40:25 p.m.","  CL. CHACARITAS (SEXTA) (CUSCO)   URB,.   CHACARITAS   328        CALLAO","EMERGENCIA MEDICA","AMB-1, AUX-34",-12.050547810983,-77.1349410837544
2016-020477,25-03-2016,"07:38:12 p.m.","  JR. MANUEL GALDOS 185        LA PERLA","EMERGENCIA MEDICA",MED-5,-12.0699183040261,-77.1200095907837
2016-020476,25-03-2016,"07:31:11 p.m.","  AV. LA MARINA 1400       SAN MIGUEL",INCENDIO,"M36-1, M7-1, RES-83",-12.0795287373504,-77.077383951276
2016-020475,25-03-2016,"07:24:02 p.m.","CO. VIPOL NARANJAL   MZ.  F  LOTE  14              SAN MARTIN DE PORRES","EMERGENCIA MEDICA",AMB124-2,-11.9656744769071,-77.0902187963171
2016-020474,25-03-2016,"07:21:05 p.m.","PUEBLO  DE  SANTA  ANITA  PASANDO  EL  ARCO  DE PACHACAMAC             ",INCENDIO,M160-1,,
2016-020473,25-03-2016,"07:16:02 p.m.","CARRETERAS - PANAMERICANAS CARRETERA CENTRAL 23            CHACLACAYO",INCENDIO,"AMB-115-2, M115-1, M138-4, M169-1, M96-1, RES-115",-11.978546189343,-76.7829731628141
2016-020472,25-03-2016,"07:06:51 p.m.","  CL. PUTUMAYO (98) 102        SAN MIGUEL","EMERGENCIA MEDICA",AMB-36,-12.0742647235463,-77.0807906799582
2016-020471,25-03-2016,"07:06:30 p.m.","JR. LAMPA CRUCE CON JR. UCAYALI LIMA            LIMA","EMERGENCIA MEDICA",SAMU-2,-12.0483284512148,-77.0300533906719
2016-020470,25-03-2016,"07:00:39 p.m.","  CL. IGNACIO MERINO 236        LA PERLA","EMERGENCIA MEDICA",MED-5,-12.0653589974377,-77.1109510949124
2016-020469,25-03-2016,"06:58:49 p.m.","  CL. CHACARITAS (SEXTA) (CUSCO) 328        CALLAO","EMERGENCIA MEDICA",AMB-1,-12.050547810983,-77.1349410837544
2016-020468,25-03-2016,"06:50:47 p.m.","IGLESIA LAS NAZARENAS             LIMA","SERVICIO ESPECIAL",AMB-1,,
2016-020467,25-03-2016,"06:44:45 p.m.","  CL. LOS PINGUINOS 191        ","EMERGENCIA MEDICA",AMB-1,-11.9925920695298,-77.071365130343
2016-020466,25-03-2016,"06:40:10 p.m.","CARRETERAS - PANAMERICANAS PANAMERICANA SUR 88            ","ACCIDENTE VEHICULAR","AMB-111, AMB-133, M125-1, RES-125, RES-160",,
2016-020465,25-03-2016,"06:39:22 p.m.","PROCESION DEL SR DE LOS MILAGROS            CHACLACAYO","SERVICIO ESPECIAL","AMB-115, M115-1, RES-115",,
2016-020464,25-03-2016,"06:33:54 p.m.","PLAZA DE ARMAS DE VITARTE             ATE","SERVICIO ESPECIAL","AUX-169, M169-1",,
2016-020463,25-03-2016,"06:33:51 p.m.",,"EMERGENCIA MEDICA",AMB-183,,
2016-020462,25-03-2016,"06:33:42 p.m.","CARRETERA CENTRAL KM 19            CHACLACAYO","EMERGENCIA MEDICA",AMB-115-2,,
2016-020461,25-03-2016,"06:32:52 p.m.","  AV. PASEO DE LA REPUBLICA 3982       MIRAFLORES",RESCATE,"AMB-28, M4-1, RES-4",-12.1050332542007,-77.0276621454937
2016-020460,25-03-2016,"06:32:16 p.m.","CL. LAS AMERICAS CRUCE CON CL. HIPOLITO UNANUE COMAS            COMAS","EMERGENCIA MEDICA",AMB124-2,-11.9365938057363,-77.0558805913121
2016-020459,25-03-2016,"06:30:00 p.m.","  AV. UNIVERSITARIA NORTE 2700       LOS OLIVOS","EMERGENCIA MEDICA",AMB124-2,,
2016-020458,25-03-2016,"06:21:09 p.m.","  JR. TORRE TAGLE (JOSE WAGNER) 2155       PUEBLO LIBRE","EMERGENCIA MEDICA",AMB-36,-12.0788900966288,-77.0596261068738
2016-020457,25-03-2016,"06:14:39 p.m.","KM-  290   VILLA   LIBERTADORES              AYACUCHO","EMERGENCIA MEDICA",MED-63,,
2016-020456,25-03-2016,"06:13:30 p.m.","CL. CARLOS RICHARDSON (NICOLAS DE PIEROLA) CRUCE CON AV. DEFENSORES DEL MORRO (HUAYLAS) CHORRILLOS            CHORRILLOS","EMERGENCIA MEDICA",AMB-13,-12.1700018628884,-77.0231457483085
2016-020455,25-03-2016,"06:11:29 p.m.","  JR. DIEGO QUISPE TITO INGA 329        SAN MIGUEL","EMERGENCIA MEDICA",AMB83-2,-12.0842892915026,-77.0872435670821
2016-020454,25-03-2016,"06:04:14 p.m.","CARRETERAS - PANAMERICANAS CARRETERA CENTRAL 10            ATE","EMERGENCIA MEDICA",AMB-169,-12.017530882943,-76.8939401131096
2016-020453,25-03-2016,"06:03:52 p.m.","SAN FERNANDO ALTO            LURIGANCHO",INCENDIO,AMB-169,,
2016-020452,25-03-2016,"05:47:00 p.m.","JR. ICA CRUCE CON PJ. NAZCA EL AGUSTINO            EL AGUSTINO","EMERGENCIA MEDICA",SAMU-176,-12.054863898293,-77.0022012555104
2016-020451,25-03-2016,"05:42:27 p.m.","  AV. PACASMAYO 500        CALLAO","EMERGENCIA MEDICA",AMB-65,-12.0126986590306,-77.1005443030905
2016-020450,25-03-2016,"05:37:33 p.m.","PLAZA DE ARMAS DE LIMA             ","SERVICIO ESPECIAL",RES-3,,
2016-020449,25-03-2016,"05:37:05 p.m.","PANAMERICANA NORTE KM. 81             HUARAL","ACCIDENTE VEHICULAR","M44-1, M44-6, MED-65, MED-80",,
2016-020448,25-03-2016,"05:34:19 p.m.","PANAMERICANA NORTE KM. 81            HUARAL","ACCIDENTE VEHICULAR",M44-1,,
2016-020447,25-03-2016,"05:32:21 p.m.","TIERRA   PROMETIDA               ICA","EMERGENCIA MEDICA",RES-193,,
2016-020446,25-03-2016,"05:31:27 p.m.","AV RETES            HUARAL","ACCIDENTE VEHICULAR",M44-6,,
2016-020445,25-03-2016,"05:29:45 p.m.","  AV. CORDILLERA NEGRA 000        CHORRILLOS","EMERGENCIA MEDICA",SAMU-6,-12.1906717189449,-76.997106781818
2016-020444,25-03-2016,"05:28:38 p.m.","  AV. DOLORES BRIGIDA SILVA DE OCHOA (FERIA DEL PACIFICO) 181        SAN MIGUEL","EMERGENCIA MEDICA",AMB83-2,-12.0842976754813,-77.0899038984566
2016-020443,25-03-2016,"05:16:54 p.m.","PANAMERICANA NORTE KM 94            CHANCAY","EMERGENCIA MEDICA",AMB83-2,,
2016-020442,25-03-2016,"05:12:03 p.m.","PLAYA LA HERRADURA             CHORRILLOS","EMERGENCIA MEDICA",AMB-13,,
2016-020441,25-03-2016,"04:56:46 p.m.","SAN MARTIN  400        LA TINGUINA","EMERGENCIA MEDICA",RES-193,,
2016-020440,25-03-2016,"04:52:57 p.m.","  PR. JAVIER PRADO 7100       ATE","ACCIDENTE VEHICULAR","AMB-138, M96-1, RES-96",,
2016-020439,25-03-2016,"04:51:51 p.m.","  CL. LAS ANEMONAS (LOS GIRASOLES) 464        SAN JUAN DE LURIGANCHO","EMERGENCIA MEDICA",SAMU-2,-12.0216963449967,-77.0120475822367
2016-020438,25-03-2016,"04:49:26 p.m.","PASAJE LIBERTAD ALTURA DE LA VIRGEN            LURIGANCHO","EMERGENCIA MEDICA",AMB-32,,
2016-020437,25-03-2016,"04:49:04 p.m.","IGLESIA   MARIA    MAGDALENA               PUEBLO LIBRE","SERVICIO ESPECIAL","AMB-36, M36-1",,
2016-020436,25-03-2016,"04:48:04 p.m.","  AV. SAN MARTIN (GUILLERMO DANSEY) 1799       LIMA","ACCIDENTE VEHICULAR","M10-1, RES-14, SAMU-10",-12.0474973229461,-77.0643487106522
2016-020435,25-03-2016,"04:47:12 p.m.","  AV. BRASIL 4200       ","EMERGENCIA MEDICA",AMB-4,-12.0972513141237,-77.0721920848258
2016-020434,25-03-2016,"04:46:06 p.m.","AV. EL DERBY CRUCE CON AV. CRISTOBAL DE PERALTA NORTE (CIRCUNVALACION) SANTIAGO DE SURCO            SANTIAGO DE SURCO","ACCIDENTE VEHICULAR","AMB134-2, RES-127, RES-134",-12.0991150213994,-76.9795771824157
2016-020433,25-03-2016,"04:40:11 p.m.","  AV. GUILLERMO MARCONI 100        SAN ISIDRO","EMERGENCIA MEDICA",MED-202,-12.0922506623071,-77.0487290330422
2016-020432,25-03-2016,"04:38:07 p.m.","INSTITUCIONAL CIVICO MUNICIPALIDAD DE ATE VITARTE            ATE","EMERGENCIA MEDICA",AMB-169,-12.0261109247254,-76.9193321237944
2016-020431,25-03-2016,"04:32:02 p.m.","CL. SAN RAMON CRUCE CON CL. SANTO TOMAS COMAS            COMAS","EMERGENCIA MEDICA",AMB-164,-11.9036909676715,-77.0427770201766
2016-020430,25-03-2016,"04:29:09 p.m.","CL. VALLE SAGRADO DE LOS INCAS CRUCE CON AV. CORICANCHA INDEPENDENCIA            INDEPENDENCIA","EMERGENCIA MEDICA",AMB-80,-11.9808545165313,-77.0411757641339
2016-020429,25-03-2016,"04:27:16 p.m.","CL. TNT DIEGO FERRE  200        LA PUNTA","EMERGENCIA MEDICA",AUX-34,,
2016-020428,25-03-2016,"04:20:39 p.m.","  AV. JAVIER PRADO OESTE 2485       SAN ISIDRO","EMERGENCIA MEDICA",MED-100,-12.0940068860307,-77.0565917402763
2016-020427,25-03-2016,"04:11:26 p.m.","B 65             ","EMERGENCIA MEDICA",AMB-65,,
2016-020426,25-03-2016,"04:10:42 p.m.","AV. NARANJAL CRUCE CON CA. CALLAO - CANTA SAN MARTIN DE PORRES            SAN MARTIN DE PORRES","EMERGENCIA MEDICA",AMB124-2,-11.9731933366073,-77.0885330459882
2016-020425,25-03-2016,"03:59:07 p.m.","AV. GRAU CRUCE CON AV. AVIACION LIMA            LIMA",RESCATE,AMB124-2,-12.0568874348357,-77.0147836102867
2016-020424,25-03-2016,"03:58:59 p.m.","  AV. GRAU 000        LIMA",RESCATE,RES-2,-12.0566964641192,-77.0147380772012
2016-020423,25-03-2016,"03:54:18 p.m.","  CL. COMANDANTE LADISLAO ESPINAR 250        SAN MIGUEL",RESCATE,RES-83,-12.0870723479198,-77.0894835790574
2016-020422,25-03-2016,"03:40:24 p.m.","RESENDENCIAL LA ANGOSTURA            ","EMERGENCIA MEDICA",RES-193,,
2016-020421,25-03-2016,"03:37:10 p.m.","  AV. GUARDIA CIVIL (ANTONIO VARGAS) (CONDORES) 900        CHORRILLOS","ACCIDENTE VEHICULAR","AMB-120, AMB-13, M16-1, M28-1, RES-6, SAMU-105, SAMU-6",-12.1730960330549,-76.992126749801
2016-020420,25-03-2016,"03:37:10 p.m.","  JR. EDMUNDO ESCOMEL 168        LA VICTORIA","EMERGENCIA MEDICA",AMB-8,-12.0727467938711,-77.0186871071962
2016-020419,25-03-2016,"03:34:30 p.m.","  AV. 225 000        VENTANILLA","EMERGENCIA MEDICA",AMB-207,-11.8386375562233,-77.1387372387943
2016-020418,25-03-2016,"03:31:14 p.m.","  JR. ALLAMANDA   URB.  LA  FLORESTA   DE  MONTERRICO  122        ",INCENDIO,"AMB-120, RES-127, RES-134",-12.1173725993807,-76.9755026756305
2016-020417,25-03-2016,"03:26:01 p.m.","  AV. METROPOLITANA (SEPARADORA INDUSTRIAL) 000        ATE","EMERGENCIA MEDICA",AMB-138,-12.03214692059,-76.9341627952126
2016-020416,25-03-2016,"03:23:44 p.m.","  CL. JOSE MARIA VILCHEZ (TARAPACA) 100        CHORRILLOS","EMERGENCIA MEDICA",SAMU-6,-12.1668653613334,-77.0268820436595
2016-020415,25-03-2016,"03:20:32 p.m.","  AV. INCA GARCILAZO DE LA VEGA (WILSON) 1300       LIMA","EMERGENCIA MEDICA",SAMU-10,-12.0564065902881,-77.038276010806
2016-020414,25-03-2016,"03:18:26 p.m.",,INCENDIO,M60-1,-12.0409343719517,-77.0967656477597
2016-020413,25-03-2016,"03:16:44 p.m.","  CL. CATALINO MIRANDA (JULIO WINDER) 453        BARRANCO",RESCATE,M16-1,-12.1395503188496,-77.0134638474147
2016-020412,25-03-2016,"03:05:13 p.m.","  PJ. ENRIQUE LOPEZ ALBUJAR 131        LOS OLIVOS","EMERGENCIA MEDICA",AMB124-2,-11.9214059548153,-77.0738224005536
2016-020411,25-03-2016,"03:03:18 p.m.","  AV. PEDRO SILVA 521        SAN JUAN DE MIRAFLORES","EMERGENCIA MEDICA",AMB-106,-12.1677215791004,-76.9715500297204
2016-020410,25-03-2016,"02:59:39 p.m.","AH. JULIO CESAR TELLO I 2 LOTE 7             LURIN","EMERGENCIA MEDICA","AMB-129, AMB-160",-12.2454570111795,-76.8936026457144
2016-020409,25-03-2016,"02:57:12 p.m.","  JR. LAMPA 666        LIMA","EMERGENCIA MEDICA",SAMU-2,-12.0497038265177,-77.0310201628774
2016-020408,25-03-2016,"02:52:06 p.m.","AV. HUACHIPA CRUCE CON CL. LOS ROBLES LURIGANCHO (CHOSICA)            LURIGANCHO","EMERGENCIA MEDICA",AMB-169,-12.0113582393294,-76.9131741384955
2016-020407,25-03-2016,"02:51:01 p.m.","  AV. ISABEL LA CATOLICA 1400       LA VICTORIA","EMERGENCIA MEDICA",SAMU-8,-12.0685192337445,-77.0156755960075
2016-020406,25-03-2016,"02:48:13 p.m.","A.A.H.H.             PUENTE PIEDRA",INCENDIO,M150-1,,
2016-020405,25-03-2016,"02:42:40 p.m.","  AV. EDUARDO DE HABICH 200        SAN MARTIN DE PORRES","EMERGENCIA MEDICA",AMB-80,-12.0253031018655,-77.0526599557756
2016-020404,25-03-2016,"02:39:54 p.m.","  JR. ARICA (VICTOR SECADA) 379        LURIGANCHO","EMERGENCIA MEDICA",AMB-32,-11.9346346565863,-76.6952598541427
2016-020403,25-03-2016,"02:16:27 p.m.","  JR. ENRIQUE ECHENIQUE 1100       MAGDALENA DEL MAR","EMERGENCIA MEDICA",SAMU-83,-12.0856803268115,-77.0729191122303
2016-020402,25-03-2016,"02:14:44 p.m.","  AV. LOS VICUS   MZ.  I  LOTE  18    URB.    LA CAPULLANA   000        SANTIAGO DE SURCO","EMERGENCIA MEDICA",SAMU-83,-12.1352555561995,-77.0011828120854
2016-020401,25-03-2016,"02:14:22 p.m.","AV. VILLEGAS CRUCE CON AV. REPUBLICA ARGENTINA CALLAO            CALLAO","ACCIDENTE VEHICULAR","AMB-1, M15-1, M5-1, MED-5",-12.0502723243893,-77.118218530969
2016-020400,25-03-2016,"02:11:45 p.m.","CARRETERAS - PANAMERICANAS PANAMERICANA SUR 7            SANTIAGO DE SURCO","ACCIDENTE VEHICULAR","AMB134-2, RES-127, RES-134",-12.1184481843196,-76.977199775831
2016-020399,25-03-2016,"02:07:12 p.m.","CLINICA SANTA MARIA DEL SUR             ","EMERGENCIA MEDICA",AMB-160,,
2016-020398,25-03-2016,"02:02:05 p.m.","PLAYA CERRO AZUL            ","EMERGENCIA MEDICA",AMB-160,,
2016-020397,25-03-2016,"01:53:14 p.m.","ESTADIO  MUNICIPAL  DE  PACHACAMAC             PACHACAMAC","EMERGENCIA MEDICA","AMB-160, M160-1",,
2016-020396,25-03-2016,"01:48:09 p.m.","  AV. GENERAL CESAR CANEVARO 1459       LINCE","MATERIALES PELIGROSOS (INCIDENTE)","MATPEL-4, MED-202",-12.0851812929787,-77.0467915768399
2016-020395,25-03-2016,"01:45:01 p.m.","  JR. PALO SANTO (CAYRA) 536        SAN LUIS","EMERGENCIA MEDICA",AMB-4,-12.078002841028,-77.0041230582299
2016-020394,25-03-2016,"01:44:57 p.m.","  AV. PERU 1800       SAN MARTIN DE PORRES","ACCIDENTE VEHICULAR","M10-1, M65-2, SAMU-10",,
2016-020393,25-03-2016,"01:43:23 p.m.",,"EMERGENCIA MEDICA",SAMU-14,-12.0636853318279,-77.0480780953397
2016-020392,25-03-2016,"01:22:29 p.m.","FERIA  DE  CANAN  /  SEMANA  SANTA            AYACUCHO","SERVICIO ESPECIAL",MED-63,,
2016-020391,25-03-2016,"01:17:08 p.m.","URB. FONAVI            ","EMERGENCIA MEDICA",MED-80,,
2016-020390,25-03-2016,"01:12:16 p.m.","  AV. SAN JUAN 1000       SAN JUAN DE MIRAFLORES","EMERGENCIA MEDICA",MED-80,-12.1569398126557,-76.9728500985541
2016-020389,25-03-2016,"01:11:22 p.m.","  CL. SANTA CRUZ DE PACHACUTEC 288        LOS OLIVOS","EMERGENCIA MEDICA",AMB-65,-11.9932636253093,-77.0661697405704
2016-020388,25-03-2016,"12:54:35 p.m.",,"EMERGENCIA MEDICA",SAMU-16,-12.1493142447181,-76.9884404520651
2016-020387,25-03-2016,"12:52:26 p.m.","RESTAURAND CERRO AZUL            CERRO AZUL","MATERIALES PELIGROSOS (INCIDENTE)",M49-1,,
2016-020386,25-03-2016,"12:52:05 p.m.","CERRO AZUL            CERRO AZUL","MATERIALES PELIGROSOS (INCIDENTE)",M49-1,,
2016-020385,25-03-2016,"12:48:45 p.m.","  AV. EL CARMEN 414        SANTIAGO DE SURCO","EMERGENCIA MEDICA",AMB134-2,-12.1480360557427,-76.9881111536645
2016-020384,25-03-2016,"12:46:54 p.m.","  CL. ALFONSO UGARTE 124        COMAS","EMERGENCIA MEDICA",AMB124-2,-11.9453658512958,-77.0512941498641
2016-020383,25-03-2016,"12:40:26 p.m.","  AV. 26 DE NOVIEMBRE 1000       VILLA MARIA DEL TRIUNFO","EMERGENCIA MEDICA",AMB-155,-12.1723637905011,-76.9322234855114
2016-020382,25-03-2016,"12:34:39 p.m.","  AV. GENERAL VARGAS MACHUCA 400        MIRAFLORES",INCENDIO,"AMB-28, M28-1",-12.121119712123,-77.0201392397433
2016-020381,25-03-2016,"12:32:01 p.m.","TOMAS VALLE CON 12 DE OCTUBRE            ","EMERGENCIA MEDICA",AMB-80,,
2016-020380,25-03-2016,"12:28:13 p.m.","AV. JOSE MARIA ARGUEDAS (LOS ALAMOS) CRUCE CON AV. LOS ANGELES VILLA EL SALVADOR            VILLA EL SALVADOR","EMERGENCIA MEDICA",AMB-120,-12.1994576904556,-76.9484128039223
2016-020379,25-03-2016,"12:26:00 p.m.","  AV. ARNALDO MARQUEZ 657        JESUS MARIA","EMERGENCIA MEDICA",SAMU-14,-12.0669113569514,-77.0446348980512
2016-020378,25-03-2016,"12:24:47 p.m.","PLAYA CHICA             ","EMERGENCIA MEDICA",SAMU-14,,
2016-020377,25-03-2016,"12:22:48 p.m.","CALLE PISCO 643        ICA","EMERGENCIA MEDICA",SAMU-14,,
2016-020376,25-03-2016,"12:18:20 p.m.","AH. CAWACHI (CIUDAD PACHACUTEC GRUPO RESIDENCIAL 3A)             ","EMERGENCIA MEDICA",SAMU-14,-11.8419892164356,-77.1468476313124
2016-020375,25-03-2016,"12:16:51 p.m.","  CL. DE LAS LETRAS URB  LAS TORRES DE LIMATAMBO 199        SAN BORJA","EMERGENCIA MEDICA",SAMU-14,-12.0874119512347,-77.0080489445118
2016-020374,25-03-2016,"12:02:28 p.m.","  JR. GERONIMO BALAREZO (BOLOGNESI) 359        CHORRILLOS","EMERGENCIA MEDICA",SAMU-6,-12.1682913244482,-77.0286545363085
2016-020373,25-03-2016,"11:58:25 a.m.","PLAYA PUNTA NEGRA            PUNTA NEGRA","EMERGENCIA MEDICA",AMB-133,,
2016-020372,25-03-2016,"11:57:57 a.m.","CHOQUEHUANCA   1577       ",INCENDIO,AMB-133,,
2016-020371,25-03-2016,"11:54:17 a.m.","BRASIL 1800       ","EMERGENCIA MEDICA",AMB83-2,,
2016-020370,25-03-2016,"11:51:21 a.m.","AV. DANIEL ALCIDES CARRION CRUCE CON AV. 12 DE OCTUBRE (LOS PROCERES) SAN MARTIN DE PORRES            ","EMERGENCIA MEDICA",AMB-80,-11.9923929164753,-77.0933847395911
2016-020369,25-03-2016,"11:47:23 a.m.","  AV. JORGE CHAVEZ (ESPERANZA) 1039       VILLA MARIA DEL TRIUNFO","EMERGENCIA MEDICA",SAMU-106,-12.1937937021326,-76.9324713917287
2016-020368,25-03-2016,"11:42:27 a.m.","CARRETERAS - PANAMERICANAS PANAMERICANA SUR 48            SAN BARTOLO","EMERGENCIA MEDICA",SAMU-106,-12.3845184530881,-76.7710252593306
2016-020367,25-03-2016,"11:38:39 a.m.","  PJ. MARIELA CASTRO (M. CAMPOS) 600        SAN LUIS","EMERGENCIA MEDICA",AMB-4,-12.0778423311742,-77.0056680973433
2016-020366,25-03-2016,"11:34:24 a.m.",,"EMERGENCIA MEDICA",MED-96,-12.0949482403175,-76.9422210393005
2016-020365,25-03-2016,"11:25:32 a.m.","PR. TACNA CRUCE CON AV. FRANCISCO PIZARRO RIMAC            RIMAC","EMERGENCIA MEDICA",AMB-21,-12.0387507913083,-77.0324226265983
2016-020364,25-03-2016,"11:25:18 a.m.","  JR. CALLAO 448        LIMA",INCENDIO,"M10-1, SAMU-2",-12.0439432460366,-77.034873094587
2016-020363,25-03-2016,"11:21:40 a.m.","UR. SAN JUAN MASIAS MAZ Y LOTE 22 B            CALLAO","EMERGENCIA MEDICA",SAMU-161,-11.9982723648261,-77.116846571987
2016-020362,25-03-2016,"11:15:16 a.m.","  CL. 12 DE OCTUBRE (MIRAFLORES) 1019       VILLA MARIA DEL TRIUNFO","EMERGENCIA MEDICA",AMB-106,-12.1705582943279,-76.9325405400169
2016-020361,25-03-2016,"11:11:10 a.m.","  AV. AVIACION 260        SAN MIGUEL","EMERGENCIA MEDICA",MED-18,-12.0808290604354,-77.1033218739293
2016-020360,25-03-2016,"11:10:45 a.m.",,"EMERGENCIA MEDICA",SAMU-10,-12.0668828459513,-77.0507950952226
2016-020359,25-03-2016,"11:09:01 a.m.","B-20            ","EMERGENCIA MEDICA",SAMU-10,,
2016-020358,25-03-2016,"11:08:26 a.m.","  JR. SEBASTIAN BARRANCA 1158       LA VICTORIA","EMERGENCIA MEDICA",SAMU-8,-12.0666953418531,-77.0146010741155
2016-020357,25-03-2016,"11:06:56 a.m.","  PJ. SANTO TORIBIO 170        PUEBLO LIBRE","EMERGENCIA MEDICA",SAMU-8,,
2016-020356,25-03-2016,"11:04:08 a.m.","CARRETERAS - PANAMERICANAS CARRETERA CENTRAL 5.83            ATE","EMERGENCIA MEDICA",AMB-169,-12.0333033094469,-76.9276794973891
2016-020355,25-03-2016,"11:03:09 a.m.","  AV. PROLONGACION UNIVERSITARIA (Y) 000        VILLA EL SALVADOR","EMERGENCIA MEDICA",AMB-169,-12.2427551836127,-76.9311790963962
2016-020354,25-03-2016,"10:59:21 a.m.","  AV. JOSE GALVEZ BARRENECHEA (PRINCIPAL) 599        SAN ISIDRO","EMERGENCIA MEDICA",AMB-4,-12.0975013310462,-77.0124453502622
2016-020353,25-03-2016,"10:58:52 a.m.","ALAMEDA DE LOS DESCALZOS             RIMAC","EMERGENCIA MEDICA",AMB-4,,
2016-020352,25-03-2016,"10:55:16 a.m.","  JR. LOA 100        CALLAO","EMERGENCIA MEDICA",MED-5,-12.0538635464663,-77.1039049452942
2016-020351,25-03-2016,"10:53:17 a.m.","PANAMERICANA  SUR  KM.  101              ASIA","SERVICIO ESPECIAL",M183-1,,
2016-020350,25-03-2016,"10:36:27 a.m.","PANAMERICANA SUR KM 60             ","ACCIDENTE VEHICULAR","AMB-111, AMB-133, M125-1",,
2016-020349,25-03-2016,"10:34:05 a.m.","  CL. PEDRO PERALTA 147        BELLAVISTA","EMERGENCIA MEDICA",MED-5,-12.0558881304801,-77.0896333117608
2016-020348,25-03-2016,"10:28:29 a.m.","HOSP.  SABOGAL  TRASLADO A UV. #3 URB. ROMA            CALLAO","EMERGENCIA MEDICA",AMB-1,,
2016-020347,25-03-2016,"10:23:12 a.m.","  AV. JOSE DE LA RIVA AGUERO 1800       EL AGUSTINO","EMERGENCIA MEDICA",SAMU-176,-12.04219283387,-76.9974598843636
2016-020346,25-03-2016,"10:17:15 a.m.","AV. FELIPE SANTIAGO SALAVERRY CRUCE CON AV. AUGUSTO PEREZ ARANIBAR (DEL EJERCITO) SAN ISIDRO            SAN ISIDRO","EMERGENCIA MEDICA",MED-100,-12.1029388166968,-77.0584165417112
2016-020345,25-03-2016,"10:13:38 a.m.","HOSPITAL ALMENARA            LIMA","EMERGENCIA MEDICA",AMB-2,,
2016-020344,25-03-2016,"10:00:18 a.m.","PUEBLO NUEVO            CHINCHA BAJA","EMERGENCIA MEDICA",MED-38,,
2016-020343,25-03-2016,"09:57:49 a.m.","  JR. LOS JAZMINES 184        LINCE",RESCATE,"AMB-4, RES-4",-12.0900120478147,-77.0289508332115
2016-020342,25-03-2016,"09:44:22 a.m.","  JR. YUNGAY (DIEGO DE AGUERO) 632        MAGDALENA DEL MAR","EMERGENCIA MEDICA",SAMU-83,-12.0900623580597,-77.0756005997573
2016-020341,25-03-2016,"09:12:08 a.m.","PANAMERICANA NORTE KM. 195 / SEMANA SANTA             PARAMONGA","SERVICIO ESPECIAL","AMB-73, AMB-81, RES-73",,
2016-020340,25-03-2016,"09:01:45 a.m.","AA HH HORNO VIEJO             PARCONA",INCENDIO,"M193-1, RES-193",,
2016-020339,25-03-2016,"09:00:30 a.m.","  CL. LOS REYEZUELOS 125        BELLAVISTA","EMERGENCIA MEDICA",MED-5,-12.059441643441,-77.0942293360236
2016-020338,25-03-2016,"08:56:11 a.m.","  AV. MARCO POLO 200        CALLAO","EMERGENCIA MEDICA",AMB-1,-12.0626274101406,-77.1426182630486
2016-020337,25-03-2016,"08:50:06 a.m.","  JR. JUNO MZ C LOTE  7 B  100        CHORRILLOS",INCENDIO,"AMB-13, M13-1, M16-1, M6-1, RES-134",-12.1817918518819,-77.0050906809112
2016-020336,25-03-2016,"08:42:58 a.m.","  AV. REPUBLICA ARGENTINA 1100       CALLAO","EMERGENCIA MEDICA","AMB-13, M13-1, M16-1, M6-1, RES-134",,
2016-020335,25-03-2016,"08:40:05 a.m.","URB BUENOS AIRES CRUCE COLPA            ",INCENDIO,"M44-1, M44-6",,
2016-020334,25-03-2016,"08:38:24 a.m.","EL PORVENIR  --  ASILO  DE  ANCIANO            NAZCA","EMERGENCIA MEDICA",MED-200,,
2016-020333,25-03-2016,"08:35:51 a.m.","AV. CARLOS IZAGUIRRE (2) CON CANTA CALLAO 000        SAN MARTIN DE PORRES","ACCIDENTE VEHICULAR","AMB-80, M9-1, M9-5",-11.9892827142347,-77.1030407553277
2016-020332,25-03-2016,"08:28:18 a.m.","CINCUENTENARIO ANTES DE LA PLANTA ELECTRICA            ","EMERGENCIA MEDICA",AMB-20,,
2016-020331,25-03-2016,"08:28:01 a.m.","CARRETERAS - PANAMERICANAS PANAMERICANA NORTE 30            PUENTE PIEDRA",INCENDIO,"AMB124-2, M207-5, M75-1, M75-5",-11.8675103485633,-77.0724761672919
2016-020330,25-03-2016,"08:10:41 a.m.","CARRETERAS - PANAMERICANAS PANAMERICANA NORTE 21.1            COMAS","EMERGENCIA MEDICA","AMB-150, M184-1",-11.9455559503203,-77.0705486182235
2016-020329,25-03-2016,"08:09:16 a.m.","  AV. LOS PROCERES 500        RIMAC","ACCIDENTE VEHICULAR","M10-1, M21-1, SAMU-21",-12.0342998370981,-77.03988309571
2016-020328,25-03-2016,"08:04:42 a.m.","LEONCIO PRADO             ","MATERIALES PELIGROSOS (INCIDENTE)","M44-1, M44-6",,
2016-020327,25-03-2016,"08:02:17 a.m.","  AV. DEFENSORES DEL MORRO (HUAYLAS) 600        CHORRILLOS","EMERGENCIA MEDICA",AMB-13,-12.1702763055309,-77.0231010486065
2016-020326,25-03-2016,"07:46:24 a.m.","PLAZA DE ARMAS            ","SERVICIO ESPECIAL","AMB-36, M176-1, M4-1, RES-3",,
2016-020325,25-03-2016,"07:43:14 a.m.","CENTRO POBLADO RURAL EL GUAYABO            ",RESCATE,"AMB-160, RES-160",,
2016-020324,25-03-2016,"07:22:28 a.m.","AS. SANTA ELIZABETH ETAPA II L LOTE 11            SAN JUAN DE LURIGANCHO","EMERGENCIA MEDICA",SAMU-121,-11.9816245045073,-77.0155557936643
2016-020323,25-03-2016,"07:15:02 a.m.","  CL. PERUSA 1135       SAN MARTIN DE PORRES","EMERGENCIA MEDICA",SAMU-121,-12.0161888283211,-77.0590043720687
2016-020322,25-03-2016,"07:05:02 a.m.","  AV. TOMAS MARSANO (ATOCONGO) 1100       SURQUILLO","EMERGENCIA MEDICA",AMB134-2,-12.1154730278126,-77.0100520183024
2016-020321,25-03-2016,"06:55:12 a.m.","  AV. UNIVERSITARIA  CON BOLIVIA 1700       LIMA","EMERGENCIA MEDICA",AMB-36,-12.067526263784,-77.077709707689
2016-020320,25-03-2016,"06:50:14 a.m.",,"EMERGENCIA MEDICA",AMB-28,-12.118509853846,-77.0335056150539
2016-020319,25-03-2016,"06:45:06 a.m.","B 4PLAN VERANO  NORTE            HUARAL","SERVICIO ESPECIAL","AUX-80, MED-65, RESLIG-161",,
2016-020318,25-03-2016,"06:41:01 a.m.","AS. VILLA VITARTE H  LT 10            ATE",INCENDIO,M169-1,-12.0313264416465,-76.9213333400824
2016-020317,25-03-2016,"06:10:49 a.m.","UP. HUASCAR GRUPO 17 151            SAN JUAN DE LURIGANCHO","EMERGENCIA MEDICA",SAMU-121,-11.9541514129519,-77.0041324137716
2016-020316,25-03-2016,"05:21:42 a.m.","AL. SUR CRUCE CON AV. CAMINOS DEL INCA (DEFENSORES DEL MORRO) (HUAYLAS) CHORRILLOS            CHORRILLOS","EMERGENCIA MEDICA",AMB-13,-12.1902618200994,-77.0063865436501
2016-020315,25-03-2016,"05:13:52 a.m.","AV. ANGAMOS ESTE (PRIMAVERA) CRUCE CON AV. TOMAS MARSANO (ATOCONGO) SURQUILLO            SURQUILLO","EMERGENCIA MEDICA",AMB134-2,-12.1125428472611,-77.0128125729544
2016-020314,25-03-2016,"05:05:24 a.m.","  JR. MAMA OCLLO 585        LA PERLA","EMERGENCIA MEDICA",MED-5,-12.0719043143755,-77.1178405266909
2016-020313,25-03-2016,"04:59:27 a.m.","  AV. SAN LUIS 2480       SAN BORJA","EMERGENCIA MEDICA",AMB-28,-12.0986898284195,-76.9949655252141
2016-020312,25-03-2016,"04:58:39 a.m.","AS. EX TRABAJADORES DE ENATRU PERU ETAPA A B LOTE 8            CHORRILLOS","EMERGENCIA MEDICA","AMB-120, AMB-13",-12.2028169670355,-77.0198304004167
2016-020311,25-03-2016,"04:54:06 a.m.","CARRETERAS - PANAMERICANAS PANAMERICANA SUR 25            LURIN","ACCIDENTE VEHICULAR","AMB-129, M105-2, M120-1, M129-1, SAMU-105",-12.2517298174504,-76.9284627631285
2016-020310,25-03-2016,"04:44:37 a.m.","IGLESIA LAS NAZARENAS            LIMA","SERVICIO ESPECIAL","AMB-10, M21-1",,
2016-020309,25-03-2016,"03:54:58 a.m.","KM 140 PANAMERICANA SUR ANTIGUA            NUEVO IMPERIAL",INCENDIO,"AMB-10, M21-1",,
2016-020308,25-03-2016,"03:24:08 a.m.","  CL. COMANDANTE JUAN MOORE 100        MIRAFLORES","EMERGENCIA MEDICA",AMB-28,-12.1196283731889,-77.0407096419773
2016-020307,25-03-2016,"02:47:23 a.m.","  AV. DON JOSE DE SAN MARTIN (SAN MARTIN) 455        CARABAYLLO","EMERGENCIA MEDICA",AMB124-2,-11.8996040085962,-77.0326678211291
2016-020306,25-03-2016,"02:46:51 a.m.","  AV. MIGUEL GRAU (BUENOS AIRES) 1290       ","EMERGENCIA MEDICA",AMB-1,-12.0612499958978,-77.1343013686166
2016-020305,25-03-2016,"02:39:25 a.m.","  CL. CONCHUCOS 187        LIMA","EMERGENCIA MEDICA",AMB-21,-12.0445883156369,-77.0113070793792
2016-020304,25-03-2016,"02:26:45 a.m.","  CL. CHINCHAYSUYO 464        SAN JUAN DE LURIGANCHO","EMERGENCIA MEDICA",SAMU-2,-12.0246662967145,-77.0005191039829
2016-020303,25-03-2016,"02:20:19 a.m.","  JR. OROPESA 486        SAN LUIS","EMERGENCIA MEDICA",SAMU-127,-12.0804087941052,-77.0053051803009
2016-020302,25-03-2016,"02:19:01 a.m.","  JR. BARCELONA (JOSE MARIANO ARCE) 524        PUEBLO LIBRE","EMERGENCIA MEDICA",AMB-36,-12.0693959309854,-77.0671681388537
2016-020301,25-03-2016,"02:13:54 a.m.","  CL. TALLANES (Q) E-16  100        LA MOLINA","EMERGENCIA MEDICA",MED-96,-12.1116200729358,-76.9414633294686
2016-020300,25-03-2016,"01:38:00 a.m.","  PQ. ZOILA AMORETTI 567        PUEBLO LIBRE","EMERGENCIA MEDICA",MED-96,,
2016-020299,25-03-2016,"01:37:25 a.m.","JR. HUMBOLDT CRUCE CON PR. HUAMANGA LA VICTORIA            LA VICTORIA","ACCIDENTE VEHICULAR","AMB-4, M8-1, MATPEL-4, RES-4",-12.0647778451221,-77.0202906489289
2016-020298,25-03-2016,"01:25:35 a.m.","  JR. TIAHUANACO   ZARATE 1183       SAN JUAN DE LURIGANCHO","EMERGENCIA MEDICA",AMB-21,-12.0239587689316,-76.9935835512623
2016-020297,25-03-2016,"01:22:25 a.m.","AV. UNIVERSITARIA CRUCE CON AV. GUILLERMO DE LA FUENTE COMAS            COMAS","ACCIDENTE VEHICULAR","AMB124-2, M124-1",-11.9422837735444,-77.0605156518915
2016-020296,25-03-2016,"01:20:04 a.m.","  CL. PORTUGUES 165        RIMAC","EMERGENCIA MEDICA",SAMU-10,-12.0344858738775,-77.026597052617
2016-020295,25-03-2016,"01:19:13 a.m.",,"EMERGENCIA MEDICA",RES-193,,
2016-020294,25-03-2016,"01:18:11 a.m.","AH. TIERRA PROMETIDA A            CARABAYLLO","EMERGENCIA MEDICA",AMB-150,-11.8320388743452,-77.0866303432957
2016-020293,25-03-2016,"12:54:24 a.m.","COOP PABLO PATRON            LURIGANCHO","EMERGENCIA MEDICA",AMB-32,,
2016-020292,25-03-2016,"12:49:15 a.m.","  CL. LAS CALANDRIAS (7)  MZ I  LT  2  000        ATE","EMERGENCIA MEDICA",AMB-169,-12.0259497239589,-76.9453508841483
2016-020291,25-03-2016,"12:46:22 a.m.","UR. LEONCIO PRADO L  LT 7            RIMAC","EMERGENCIA MEDICA",AMB-169,-12.0322459901685,-77.0298563783542
2016-020290,25-03-2016,"12:43:29 a.m.","  JR. MOQUEGUA (MALAMBITO) 100        LIMA",INCENDIO,"AMB-10, ESC-202, M10-1, M21-1, RES-3",-12.0496016800804,-77.0345439509504
2016-020289,25-03-2016,"12:36:03 a.m.","  CL. 27 DE NOVIEMBRE (CIRO ALEGRIA) 400        VILLA MARIA DEL TRIUNFO","ACCIDENTE VEHICULAR","M105-2, M120-1, M155-1, SAMU-106",-12.1777405219842,-76.943565068259
2016-020288,25-03-2016,"12:32:46 a.m.","PAN SUR KM 289            ICA","ACCIDENTE VEHICULAR","MED-171, RES-193",,
2016-020287,25-03-2016,"12:29:19 a.m.","  JR. PROLONGACION PAZOS 336        BARRANCO","EMERGENCIA MEDICA",AMB-6,-12.1498706350354,-77.0176653205806
2016-020286,25-03-2016,"12:23:08 a.m.","  JR. JUNIN 1000       LIMA","EMERGENCIA MEDICA",AMB-21,-12.0508673696101,-77.0212400929561
2016-020285,25-03-2016,"12:16:59 a.m.","  CL. JOSE DIAZ 200        LIMA","EMERGENCIA MEDICA",AMB-21,-12.0662614714648,-77.0346188093546
2016-020284,25-03-2016,"12:08:21 a.m.","LA  PAZ 2000       SAN MIGUEL","EMERGENCIA MEDICA",AMB-36,,
2016-020283,25-03-2016,"12:04:54 a.m.","  AV. PASEO DE LA REPUBLICA 6200       MIRAFLORES","ACCIDENTE VEHICULAR","AMB-28, M16-1, M28-1",-12.1309282205445,-77.0225655512072
