ID,FECHA,HORA,DIRECCION,TIPO,UNIDADES,"CORDENADAS (lat)","CORDENADAS (lng)"
2016-033441,22-05-2016,"11:47:55 p.m.","  AV. JOSE DE LA RIVA AGUERO 200        EL AGUSTINO",INCENDIO,"AMB-10, M10-1, M8-1, RES-127",-12.0567907687978,-77.0057644510673
2016-033440,22-05-2016,"11:45:08 p.m.","AV  CERVULO GUTIERREZ MZ C LOT 12            ICA",INCENDIO,"AMB-22, M22-1",,
2016-033439,22-05-2016,"11:40:06 p.m.","AV. ELMER FAUCETT CRUCE CON AV. VENEZUELA BELLAVISTA            BELLAVISTA","EMERGENCIA MEDICA",AMB-60,-12.0623760226424,-77.0972910517164
2016-033438,22-05-2016,"11:33:54 p.m.","  AV. PABLO PATRON 200        LA VICTORIA","EMERGENCIA MEDICA",AMB-60,-12.0698443077121,-77.0017065799542
2016-033437,22-05-2016,"11:28:23 p.m.","  AV. 9 DE DICIEMBRE (RIO SECO) 700        VILLA MARIA DEL TRIUNFO","EMERGENCIA MEDICA",AMB-155,-12.173427749944,-76.936270431598
2016-033436,22-05-2016,"11:28:17 p.m.","  AV. GUARDIA CIVIL (ANTONIO VARGAS) (CONDORES) 300        CHORRILLOS","EMERGENCIA MEDICA",AMB-106,-12.1846237023984,-77.0053527979814
2016-033435,22-05-2016,"11:16:05 p.m.","  CL. MAYNAS 540        LIMA",INCENDIO,"AMB-10, AMB-202, M176-1, M3-1, M8-1",-12.0485075133768,-77.0171467913357
2016-033434,22-05-2016,"11:13:20 p.m.","AV. ANGAMOS ESTE (PRIMAVERA) CRUCE CON AV. REPUBLICA DE PANAMA SURQUILLO            SURQUILLO","ACCIDENTE VEHICULAR","AMB-28, M28-1, RES-28",,
2016-033433,22-05-2016,"11:10:14 p.m.","  AV. JOSE GALVEZ 574        ",INCENDIO,"AMB-28, M28-1, RES-28",-12.0671024196361,-77.1282630985335
2016-033432,22-05-2016,"11:10:11 p.m.","  AV. JOSE GALVEZ 574        LA PERLA",INCENDIO,"AMB-9, M1-1, RES-15",-12.0671024196361,-77.1282630985335
2016-033431,22-05-2016,"11:05:19 p.m.","AH. VILLA LOS ANDES F 1 LOTE  3  000        SAN JUAN DE LURIGANCHO","EMERGENCIA MEDICA","AMB-9, M1-1, RES-15",,
2016-033430,22-05-2016,"11:03:03 p.m.","  JR. CANTA 642        LA VICTORIA","EMERGENCIA MEDICA","AMB-9, M1-1, RES-15",-12.0664003278279,-77.0311855573626
2016-033429,22-05-2016,"11:01:20 p.m.","AV LAS CONCHITAS MZ A LOTE 15 AH CORAZON DE JESUS             ","EMERGENCIA MEDICA","AMB-9, M1-1, RES-15",,
2016-033428,22-05-2016,"10:39:24 p.m.","AV. LOS CIRUELOS CRUCE CON AV. FERNANDO WIESE (PROCERES DE LA INDEPENDENCIA) SAN JUAN DE LURIGANCHO            SAN JUAN DE LURIGANCHO","ACCIDENTE VEHICULAR","AMB-2, M121-1",-11.9829896507833,-77.0061511160312
2016-033427,22-05-2016,"10:19:20 p.m.","BARRIO SAN MARTIN PSJE LA VICTORIA SUNMPE            ",INCENDIO,"AMB-2, M121-1",,
2016-033426,22-05-2016,"10:13:01 p.m.","AV. ALEJANDRO VELASCO ASTETE CRUCE CON AV. CAMINOS DEL INCA SANTIAGO DE SURCO            SANTIAGO DE SURCO","ACCIDENTE VEHICULAR","AMB134-2, M11-1, M120-1",-12.122969984687,-76.9857421865421
2016-033425,22-05-2016,"10:07:09 p.m.","  AV. ANTISUYO 600        INDEPENDENCIA","ACCIDENTE VEHICULAR","AMB-65-2, M161-1, M65-1",-11.9750847061779,-77.0471071098567
2016-033424,22-05-2016,"10:03:54 p.m.","  CL. FRANCISCO BOLOGNESI 114        ATE","EMERGENCIA MEDICA",MED-96,-12.0218950498839,-76.8805268133324
2016-033423,22-05-2016,"09:49:53 p.m.","CALLE UNION VICTORIA            NAZCA","EMERGENCIA MEDICA",AMB-82,,
2016-033422,22-05-2016,"09:30:20 p.m.","  JR. GARCIA HURTADO DE MENDOZA (LIBERTAD) 349        RIMAC","MATERIALES PELIGROSOS (INCIDENTE)",AMB-82,,
2016-033421,22-05-2016,"09:29:26 p.m.","LA PAZ  COLEGIO  LEONCIO PRADO  17         CALLAO","SERVICIO ESPECIAL",M7-1,,
2016-033420,22-05-2016,"09:29:23 p.m.","CARRETERAS - PANAMERICANAS PANAMERICANA SUR 24            ","EMERGENCIA MEDICA",AMB-129,-12.2464653171637,-76.9358703916604
2016-033419,22-05-2016,"09:25:08 p.m.","  AV. ANGELICA GAMARRA 1500       LOS OLIVOS","EMERGENCIA MEDICA",AMB-129,-12.006670270201,-77.0796412073963
2016-033418,22-05-2016,"09:22:59 p.m.","  JR. HUMBOLDT 348        LA VICTORIA","EMERGENCIA MEDICA",AMB-129,-12.0660568164028,-77.0300640917753
2016-033417,22-05-2016,"09:21:40 p.m.","AV BALTA    CDRA  1             ","EMERGENCIA MEDICA",AMB-216,,
2016-033416,22-05-2016,"09:17:47 p.m.","AV. TANTAMAYO CRUCE CON AV. PARAMONGA SAN MARTIN DE PORRES            SAN MARTIN DE PORRES","EMERGENCIA MEDICA",MED-9,-11.9599522062336,-77.0962162520247
2016-033415,22-05-2016,"09:12:57 p.m.","  AV. LOS PINOS 200        INDEPENDENCIA","ACCIDENTE VEHICULAR","M65-2, M9-1",-11.9977352861803,-77.0533536111082
2016-033414,22-05-2016,"09:09:15 p.m.","  JR. LAS JUNCIAS 748        SAN JUAN DE LURIGANCHO","EMERGENCIA MEDICA",AMB-2,-12.0071397671373,-77.0124938491159
2016-033413,22-05-2016,"09:09:07 p.m.","  AV. VILLA MARIA 17         VILLA MARIA DEL TRIUNFO","EMERGENCIA MEDICA",AMB-155,-12.157196438764,-76.9371719568944
2016-033412,22-05-2016,"09:04:45 p.m.","SAN  CARLOS  ZARUMILLA NAZCA            NAZCA",INCENDIO,"M82-1, MED-200",,
2016-033411,22-05-2016,"09:02:06 p.m.","  AV. REPUBLICA DE VENEZUELA 1054       ","EMERGENCIA MEDICA",MED-202,-12.0548823075628,-77.0477096087657
2016-033410,22-05-2016,"09:01:51 p.m.","  JR. LAS GAVIOTAS 1100       SANTIAGO DE SURCO",INCENDIO,"AMB-28, M120-1, M134-1, M28-1",-12.1671656541738,-76.9982638864535
2016-033409,22-05-2016,"08:55:12 p.m.","TUPAC AMARU ALT DE LA FARMACIA INDEPENDENCIA            ","ACCIDENTE VEHICULAR","M65-1, RESLIG-161",,
2016-033408,22-05-2016,"08:50:42 p.m.","  CL. CABO YEN ESCOBEDO 652        SAN LUIS","EMERGENCIA MEDICA",AMB-138,-12.0752029298753,-76.9948923277
2016-033407,22-05-2016,"08:38:40 p.m.","SECTOR 3 GRUPO 13 MZ  Z LT 17            VILLA EL SALVADOR","MATERIALES PELIGROSOS (INCIDENTE)",M105-1,,
2016-033406,22-05-2016,"08:36:01 p.m.",,"EMERGENCIA MEDICA",AMB-2,-12.0558172864159,-77.0471620983955
2016-033405,22-05-2016,"08:31:47 p.m.","COMPLEJO DEPORTIVO             SAN ISIDRO","EMERGENCIA MEDICA",MED-100,,
2016-033404,22-05-2016,"08:27:41 p.m.","AV. ARENALES 700        ICA","EMERGENCIA MEDICA",AMB-22,,
2016-033403,22-05-2016,"08:22:01 p.m.","  AV. DANIEL ALCIDES CARRION 000        SAN MARTIN DE PORRES",INCENDIO,"M65-1, M9-5, MED-9, RESLIG-161",-11.9917528072715,-77.0944297093968
2016-033402,22-05-2016,"08:07:19 p.m.","  CL. CONDE DE SANTISTEBAN 142        SANTIAGO DE SURCO","EMERGENCIA MEDICA","M65-1, M9-5, MED-9, RESLIG-161",,
2016-033401,22-05-2016,"08:01:00 p.m.","AV. METROPOLITANA (HUAYCARA) CRUCE CON AV. LA CULTURA (B) SANTA ANITA            SANTA ANITA","EMERGENCIA MEDICA",AMB-138,-12.0357704499448,-76.9491439901995
2016-033400,22-05-2016,"07:59:35 p.m.","UR. CIUDAD DEL PESCADOR             BELLAVISTA","EMERGENCIA MEDICA",MED-15,-12.0583180071847,-77.1098507362503
2016-033399,22-05-2016,"07:58:40 p.m.","AV. INCA GARCILAZO DE LA VEGA (WILSON) CRUCE CON AV. 9 DE DICIEMBRE (PASEO COLON) LIMA            LIMA","EMERGENCIA MEDICA",AMB-2,-12.0598235902352,-77.0379506685315
2016-033398,22-05-2016,"07:56:20 p.m.","AV. ALFREDO BENAVIDES CRUCE CON AV. CAMINOS DEL INCA SANTIAGO DE SURCO            SANTIAGO DE SURCO","EMERGENCIA MEDICA",AMB-2,,
2016-033397,22-05-2016,"07:52:27 p.m.","JR. POZO SECO CRUCE CON AV. CENTRAL SAN JUAN DE LURIGANCHO            SAN JUAN DE LURIGANCHO",RESCATE,M121-1,-11.9539195912758,-76.9833042806054
2016-033396,22-05-2016,"07:44:25 p.m.","  AV. LOS PINOS 000        CHORRILLOS","EMERGENCIA MEDICA",AMB134-2,-12.2009359280784,-76.9764126951152
2016-033395,22-05-2016,"07:32:40 p.m.","  JR. PEDRO MURILLO 1038       PUEBLO LIBRE","EMERGENCIA MEDICA",AMB-202,-12.0748078799123,-77.0648745841006
2016-033394,22-05-2016,"07:26:40 p.m.","  JR. RUFINO TORRICO 235        LIMA","EMERGENCIA MEDICA",AMB-2,-12.0438121246863,-77.0339881955879
2016-033393,22-05-2016,"07:18:24 p.m.","CIRCUITO PLAYAS 000        MAGDALENA DEL MAR","EMERGENCIA MEDICA",MED-100,-12.1052923492382,-77.0611872733793
2016-033392,22-05-2016,"07:12:37 p.m.","RE. LOS JAZMINES ETAPA II E  LT 35            CALLAO","EMERGENCIA MEDICA",MED-9,-12.0077677101109,-77.1036396909985
2016-033391,22-05-2016,"07:09:01 p.m.","  AV. DEL PINAR 270        SAN BORJA","MATERIALES PELIGROSOS (INCIDENTE)","AMB-6, M11-1",-12.1103922227628,-76.9896724647668
2016-033390,22-05-2016,"06:55:48 p.m.","JR CAMANA  100        LIMA","SERVICIO ESPECIAL",M3-1,,
2016-033389,22-05-2016,"06:53:47 p.m.","  JR. PINAR DEL RIO 2559       SAN MARTIN DE PORRES","EMERGENCIA MEDICA",AMB-9,-12.0329373758075,-77.0735257632514
2016-033388,22-05-2016,"06:53:26 p.m.","  JR. AYACUCHO 1084       CALLAO","MATERIALES PELIGROSOS (INCIDENTE)",MED-15,-12.0580473871906,-77.1365320596862
2016-033387,22-05-2016,"06:50:16 p.m.","CL. MANUEL IRRIBARREN CRUCE CON AV. GENERAL VARGAS MACHUCA MIRAFLORES            MIRAFLORES","MATERIALES PELIGROSOS (INCIDENTE)","AMB-28, M28-1, RES-28",-12.1204271689288,-77.021143393082
2016-033386,22-05-2016,"06:40:06 p.m.","  AV. CORONEL JOSE LEAL 1120       LINCE","MATERIALES PELIGROSOS (INCIDENTE)","AMB-202, M202-1",-12.0860331045324,-77.0442848803346
2016-033385,22-05-2016,"06:35:25 p.m.","  AV. LOS ALISOS (3) 1500       SAN MARTIN DE PORRES","EMERGENCIA MEDICA",MED-9,-11.9828158082431,-77.0836181011067
2016-033384,22-05-2016,"06:32:27 p.m.","MORON             CHACLACAYO","EMERGENCIA MEDICA",AMB-32-2,,
2016-033383,22-05-2016,"06:32:06 p.m.","  JR. TRUJILLO SUR 1249       LURIGANCHO","MATERIALES PELIGROSOS (INCIDENTE)",AMB-32-2,-11.9409379911341,-76.7024091264961
2016-033382,22-05-2016,"06:30:48 p.m.","AV. BRASIL VELATORIO DE LA POLICIA            JESUS MARIA","SERVICIO ESPECIAL",AMB-8,,
2016-033381,22-05-2016,"06:25:19 p.m.","  CL. BERNARDO ALCEDO (5)  UR PROCERES 266        SANTIAGO DE SURCO","EMERGENCIA MEDICA",AMB134-2,-12.1533617144735,-76.9851860501802
2016-033380,22-05-2016,"06:19:31 p.m.","UR VILLA MAR  CL.             ANCON","EMERGENCIA MEDICA",MED-163,,
2016-033379,22-05-2016,"06:15:25 p.m.",,"EMERGENCIA MEDICA",MED-34,-12.0592389222315,-77.128721370821
2016-033378,22-05-2016,"06:03:09 p.m.","  AV. IQUITOS 1981       LINCE","EMERGENCIA MEDICA",MED-202,-12.0832149951853,-77.0280288843161
2016-033377,22-05-2016,"05:49:05 p.m.","  JR. BOGOTA 463        CHORRILLOS","EMERGENCIA MEDICA",AMB-28,-12.1746068270172,-77.0230110761548
2016-033376,22-05-2016,"05:48:21 p.m.","  JR. FILADELFIA 2404       SAN MARTIN DE PORRES","EMERGENCIA MEDICA",AMB-9,-12.0323548122094,-77.072060634919
2016-033375,22-05-2016,"05:43:21 p.m.","AV. TOMAS VALLE CRUCE CON AV. LOS DOMINICOS CALLAO            CALLAO","EMERGENCIA MEDICA",MED-9,-12.0133589873002,-77.0953341122726
2016-033374,22-05-2016,"05:37:06 p.m.","AV. LAS 200 MILLAS CRUCE CON AV. REVOLUCION VILLA EL SALVADOR            VILLA EL SALVADOR","EMERGENCIA MEDICA",AMB-129,-12.2283816142669,-76.9277405490631
2016-033373,22-05-2016,"05:34:32 p.m.","AH. ALICIA VALDIVIA G            CHORRILLOS",RESCATE,M120-1,-12.198214096003,-77.0286421535967
2016-033372,22-05-2016,"05:26:07 p.m.","  JR. EDUARDO ASTETE MENDOZA (14) 482        SANTIAGO DE SURCO","EMERGENCIA MEDICA",AMB134-2,-12.1346151581168,-77.0128813120335
2016-033371,22-05-2016,"05:23:23 p.m.","  CL. MARSELLA (NI) 100        CHORRILLOS","EMERGENCIA MEDICA",AMB-28,-12.2096008360686,-77.0145970725734
2016-033370,22-05-2016,"05:15:48 p.m.","  JR. COLON 600        CALLAO","EMERGENCIA MEDICA",AMB-60,-12.061545096724,-77.1389065978093
2016-033369,22-05-2016,"05:10:47 p.m.","CEMENTERIO DE LA POLICIA NACIONAL            CHORRILLOS","SERVICIO ESPECIAL","M3-1, RES-3",,
2016-033368,22-05-2016,"05:08:37 p.m.","  CL. BURGOS 570        SAN ISIDRO","MATERIALES PELIGROSOS (INCIDENTE)",M202-1,-12.0896692314173,-77.0508140997331
2016-033367,22-05-2016,"05:06:05 p.m.","CL. ALLENDE (13) CRUCE CON CL. GENERAL MIGUEL IGLESIAS SURQUILLO            SURQUILLO","EMERGENCIA MEDICA",AMB-6,-12.1102638737401,-77.0097846130212
2016-033366,22-05-2016,"05:01:59 p.m.","  AV. ARNALDO MARQUEZ 1660       JESUS MARIA","EMERGENCIA MEDICA",MED-202,-12.0770772849005,-77.0523016735901
2016-033365,22-05-2016,"05:00:59 p.m.","AV LA MAR C/C HUANCAYO            NUEVO IMPERIAL","EMERGENCIA MEDICA",MED-202,,
2016-033364,22-05-2016,"04:46:24 p.m.","AV. BENAVIDES  1800       MIRAFLORES","EMERGENCIA MEDICA",MED-202,,
2016-033363,22-05-2016,"04:45:21 p.m.","  JR. ALBERTO SECADA 225        CALLAO","EMERGENCIA MEDICA",MED-202,,
2016-033362,22-05-2016,"04:45:15 p.m.","PROGRESO             ","EMERGENCIA MEDICA",MED-202,,
2016-033361,22-05-2016,"04:44:03 p.m.","  AV. BRASIL 3520       MAGDALENA DEL MAR","EMERGENCIA MEDICA",MED-100,-12.09188081391,-77.0674150857538
2016-033360,22-05-2016,"04:38:45 p.m.","CARRETERAS - PANAMERICANAS ANTIGUA PANAMERICANA SUR 51            PUNTA NEGRA",INCENDIO,"AMB-133, M125-1, M133-1, M160-1",-12.3747912533855,-76.7845326682768
2016-033359,22-05-2016,"04:33:48 p.m.","  CL. PAITA 1512       VILLA MARIA DEL TRIUNFO","EMERGENCIA MEDICA",AMB-106,-12.2196243758174,-76.905617950094
2016-033358,22-05-2016,"04:32:23 p.m.","  JR. BOLIVIA 300        CALLAO","EMERGENCIA MEDICA",MED-15,-12.0582388272639,-77.1447710912889
2016-033357,22-05-2016,"04:31:39 p.m.","  AV. JOSE GRANDA 3100       CALLAO","EMERGENCIA MEDICA","AMB-9, MED-9",-12.0251411500097,-77.0781668234064
2016-033356,22-05-2016,"04:29:27 p.m.","  CL. MARSELLA (NI) 100        CHORRILLOS","EMERGENCIA MEDICA","AMB-9, MED-9",-12.2099068184083,-77.0142000341897
2016-033355,22-05-2016,"04:20:35 p.m.","  AV. DEL AIRE (ELEUTERIO VENTURO HUAMAN) 1300       SAN LUIS",INCENDIO,"AMB-9, MED-9",-12.0766015540023,-76.9956851719452
2016-033354,22-05-2016,"04:20:20 p.m.","  PJ. PALMA DE MALLORCA (52) 207        SAN LUIS","MATERIALES PELIGROSOS (INCIDENTE)","AMB-28, AMB-6, M11-1, M4-1",-12.0777204076967,-76.9972014579722
2016-033353,22-05-2016,"04:19:41 p.m.","AV. QUILCA CRUCE CON AV. ELMER FAUCETT CALLAO            CALLAO","EMERGENCIA MEDICA",AMB-60,-12.0356340317746,-77.0992149346873
2016-033352,22-05-2016,"04:16:02 p.m.","PLAZA DE ARMAS            BARRANCA","EMERGENCIA MEDICA",AMB-73,,
2016-033351,22-05-2016,"04:11:43 p.m.",,"EMERGENCIA MEDICA",AMB-202,-12.055094103454,-77.0500643661265
2016-033350,22-05-2016,"04:11:09 p.m.","OVALO 17            VENTANILLA","EMERGENCIA MEDICA",AMB-202,,
2016-033349,22-05-2016,"04:08:51 p.m.","AV. TOMAS VALLE CRUCE CON AV. UNIVERSITARIA (BELLA UNION) SAN MARTIN DE PORRES            SAN MARTIN DE PORRES","EMERGENCIA MEDICA",AMB-202,,
2016-033348,22-05-2016,"04:03:09 p.m.","AV. ANTUNEZ DE MAYOLO CRUCE CON AV. UNIVERSITARIA (BELLA UNION) SAN MARTIN DE PORRES            SAN MARTIN DE PORRES","EMERGENCIA MEDICA",AMB124-2,-11.996227491076,-77.0852547974383
2016-033347,22-05-2016,"04:01:59 p.m.","AV. ANDRES ARAMBURU CRUCE CON AV. REPUBLICA DE PANAMA SAN ISIDRO            SAN ISIDRO","EMERGENCIA MEDICA",AMB-6,-12.1018738076147,-77.0188845537621
2016-033346,22-05-2016,"04:01:06 p.m.","  JR. CALLAO 666        SAN MARTIN DE PORRES","EMERGENCIA MEDICA",MED-9,-12.0324507741101,-77.0869231153733
2016-033345,22-05-2016,"03:51:14 p.m.","PORVENIR              NAZCA","EMERGENCIA MEDICA",MED-9,,
2016-033344,22-05-2016,"03:48:17 p.m.","AHH VILLA LOS ANGELES  PAN .SUR 220            ",INCENDIO,CIST90-4,,
2016-033343,22-05-2016,"03:44:06 p.m.","AV. SUCRE (INDEPENDENCIA) CRUCE CON JR. CORONEL FRANCISCO BOLOGNESI (ENRIQUE LLOSA) MAGDALENA DEL MAR            MAGDALENA DEL MAR","EMERGENCIA MEDICA",MED-100,-12.0923927769977,-77.0706935918392
2016-033342,22-05-2016,"03:35:36 p.m.","EVITAMIENTO CRUCE  PALMERAS  000        ATE","ACCIDENTE VEHICULAR","AMB-6, M138-1, M176-3",-12.0769486644132,-76.9769193341039
2016-033341,22-05-2016,"03:33:18 p.m.","  AV. LOS LIRIOS (VIA SUR LIBRE) 206        SAN JUAN DE MIRAFLORES","EMERGENCIA MEDICA","AMB-6, M138-1, M176-3",-12.1527806741814,-76.9826389751349
2016-033340,22-05-2016,"03:27:20 p.m.","  AV. JULIO FELIPE 117        SAN MARTIN DE PORRES","EMERGENCIA MEDICA",AMB-9,-12.0278646359671,-77.0452168458902
2016-033339,22-05-2016,"03:23:32 p.m.","  CL. LORENZO ROKOVICH MINAYA 182        SAN MIGUEL","EMERGENCIA MEDICA",MED-15,-12.0747556372023,-77.0881181489181
2016-033338,22-05-2016,"03:22:53 p.m.","IGLESIA SANTO DOMINGO            LIMA","SERVICIO ESPECIAL",AMB-10,,
2016-033337,22-05-2016,"03:22:42 p.m.","PEAJE DE CHINCHA            ","ACCIDENTE VEHICULAR",MED-38,,
2016-033336,22-05-2016,"03:19:14 p.m.","AV. DEL MURO OESTE (PAMPA) CRUCE CON AV. FERNANDO WIESE (PROCERES DE LA INDEPENDENCIA) SAN JUAN DE LURIGANCHO            SAN JUAN DE LURIGANCHO",INCENDIO,M121-1,-11.9475857321145,-76.9851626273653
2016-033335,22-05-2016,"03:06:31 p.m.","PISTA NUEVA             SAN JUAN DE MIRAFLORES",INCENDIO,"AMB-106, M106-1, M120-1",,
2016-033334,22-05-2016,"03:00:49 p.m.","AV. TOMAS VALLE CRUCE CON AV. UNIVERSITARIA (BELLA UNION) SAN MARTIN DE PORRES            SAN MARTIN DE PORRES","EMERGENCIA MEDICA",MED-9,-12.012542076361,-77.0803406745526
2016-033333,22-05-2016,"02:57:51 p.m.","CARRETERAS - PANAMERICANAS PANAMERICANA NORTE 29            PUENTE PIEDRA","ACCIDENTE VEHICULAR","AMB124-2, M150-1, RES-124",-11.8768235995364,-77.0687863897755
2016-033332,22-05-2016,"02:38:56 p.m.","KM 40 PAN SUR ANTIGUA            LURIN","SERVICIO ESPECIAL",AMB-129,,
2016-033331,22-05-2016,"02:37:50 p.m.","  AV. CASIMIRO ULLOA   SAN ANTONIO  266        MIRAFLORES","EMERGENCIA MEDICA",AMB-6,-12.1237045267182,-77.0212389681007
2016-033330,22-05-2016,"02:35:39 p.m.","UR. CIUDAD DEL PESCADOR SECTOR I X1 LT 37            BELLAVISTA","EMERGENCIA MEDICA",MED-34,-12.0571674825989,-77.1063592706479
2016-033329,22-05-2016,"02:22:10 p.m.","AV. LA MOLINA (A CIENEGUILLA) 000        LA MOLINA","EMERGENCIA MEDICA",MED-34,-12.0856480875923,-76.8885503442148
2016-033328,22-05-2016,"02:07:46 p.m.","AV. HUANDOY (21) CRUCE CON AV. NARANJAL SAN MARTIN DE PORRES            SAN MARTIN DE PORRES","EMERGENCIA MEDICA",AMB-9,-11.9768048276823,-77.0834496332587
2016-033327,22-05-2016,"02:03:40 p.m.","EDUCACION I.E. PARROQUIAL CANONESAS DE LA CRUZ            PUEBLO LIBRE",INCENDIO,"M36-1, M83-1, MED-100",-12.0766364634941,-77.0629638032842
2016-033326,22-05-2016,"02:03:06 p.m.","AV. LOS ALISOS CRUCE CON AV. ALFREDO MENDIOLA (PANAMERICANA NORTE) LOS OLIVOS            LOS OLIVOS","EMERGENCIA MEDICA","M36-1, M83-1, MED-100",-11.9840127890771,-77.0656967246574
2016-033325,22-05-2016,"02:01:54 p.m.","HOSPITAL DE NAZCA            ","EMERGENCIA MEDICA",MED-152,,
2016-033324,22-05-2016,"02:01:37 p.m.","  JR. ANCASH 1500       LIMA","EMERGENCIA MEDICA",MED-152,-12.0449223316291,-77.0130120743894
2016-033323,22-05-2016,"02:00:16 p.m.","AV. ANGELICA GAMARRA CRUCE CON AV. TOMAS VALLE SAN MARTIN DE PORRES            SAN MARTIN DE PORRES","EMERGENCIA MEDICA",MED-9,-12.0113093748234,-77.0899962265073
2016-033322,22-05-2016,"01:36:39 p.m.","  JR. CAHUIDE (40) 368        COMAS","EMERGENCIA MEDICA",AMB124-2,-11.9281958281447,-77.0484801129814
2016-033321,22-05-2016,"01:34:16 p.m.","ESTADIO ALIANZA            LA VICTORIA","SERVICIO ESPECIAL",AMB124-2,,
2016-033320,22-05-2016,"01:28:44 p.m.","  AV. 2 DE MAYO 200        CALLAO","EMERGENCIA MEDICA",MED-34,-12.0598038034069,-77.1429935329794
2016-033319,22-05-2016,"01:25:28 p.m.","JRON ZAVALA 2DA CDRA            BARRANCA",RESCATE,RES-73,,
2016-033318,22-05-2016,"01:16:09 p.m.","  CL. MARIANO CAMPOS 459        SAN JUAN DE MIRAFLORES","EMERGENCIA MEDICA","AMB134-2, RES-134",-12.1469610777996,-76.9769016632477
2016-033317,22-05-2016,"01:12:58 p.m.","CALLE ZAVALA             BARRANCA",RESCATE,RES-73,,
2016-033316,22-05-2016,"01:09:38 p.m.","QUETE PAMPA            CHANCAY","EMERGENCIA MEDICA",MED-80,,
2016-033315,22-05-2016,"01:07:08 p.m.","JR. SCHELL CRUCE CON PJ. LOS PINOS MIRAFLORES            MIRAFLORES","EMERGENCIA MEDICA",MED-80,-12.1227139016019,-77.0303775778898
2016-033314,22-05-2016,"01:01:32 p.m.","  CL. CARAZ 994        LOS OLIVOS","EMERGENCIA MEDICA",AMB-168,-11.99382822776,-77.0729797936423
2016-033313,22-05-2016,"12:58:58 p.m.","AV.  SAN MARTIN ESQ CL. HUANUCO            ICA","EMERGENCIA MEDICA",AMB-22,,
2016-033312,22-05-2016,"12:53:06 p.m.","  AV. MARISCAL RAMON CASTILLA 1000       SANTIAGO DE SURCO","ACCIDENTE VEHICULAR","M28-1, RES-134",-12.1351597548042,-77.0074587350147
2016-033311,22-05-2016,"12:49:01 p.m.","VELORIO EN B-3            LIMA","SERVICIO ESPECIAL",AMB-2,,
2016-033310,22-05-2016,"12:47:05 p.m.","  CL. FRANCISCO DE PAULA QUIROZ 287        COMAS","EMERGENCIA MEDICA",AMB124-2,-11.9391613998707,-77.0623771161575
2016-033309,22-05-2016,"12:42:44 p.m.","  CL. DANIEL ALCIDES CARRION 900        VILLA MARIA DEL TRIUNFO","MATERIALES PELIGROSOS (INCIDENTE)","AMB-106, M155-1",-12.2125037992918,-76.9082414909547
2016-033308,22-05-2016,"12:37:42 p.m.","AV. JUAN DELLEPIANI CRUCE CON AV. JUAN DELLEPIANI SAN ISIDRO            SAN ISIDRO","EMERGENCIA MEDICA",MED-100,-12.0985778134134,-77.054608582664
2016-033307,22-05-2016,"12:36:29 p.m.","AV. TUPAC AMARU CRUCE NICOLAS DE RIVERA             ","ACCIDENTE VEHICULAR",AMB-22,,
2016-033306,22-05-2016,"12:12:15 p.m.","PJ. SOL DE LOS MILAGROS MZ I LT 8            SAN JUAN DE MIRAFLORES","EMERGENCIA MEDICA",AMB134-2,-12.1682854774359,-76.9563784083791
2016-033305,22-05-2016,"12:09:24 p.m.","  CL. 14 000        CHORRILLOS","EMERGENCIA MEDICA",AMB6-2,-12.1944713186516,-77.0219960645669
2016-033304,22-05-2016,"12:00:58 p.m.","  AV. MIGUEL GRAU 392        SAN MARTIN DE PORRES","EMERGENCIA MEDICA",AMB-65-2,-12.0306993246854,-77.0463049485222
2016-033303,22-05-2016,"11:44:37 a.m.","  AV. RICARDO TIZON Y BUENO 587        JESUS MARIA","EMERGENCIA MEDICA",MED-100,-12.0770823327064,-77.053295032119
2016-033302,22-05-2016,"11:43:45 a.m.","TURISMO HOTEL SHERATON            LIMA","EMERGENCIA MEDICA",AMB-14,-12.0573187142446,-77.0366693469172
2016-033301,22-05-2016,"11:31:45 a.m.","MZ. G LOTE 4 A - VENTANILLA ALTA            VENTANILLA","EMERGENCIA MEDICA",AMB-184,,
2016-033300,22-05-2016,"11:17:57 a.m.",,INCENDIO,"AMB-65-2, M10-1, M2-1, M36-1, RES-14",-12.0556793300896,-77.0556076020499
2016-033299,22-05-2016,"11:16:41 a.m.","SAN FERNANDO            LURIGANCHO","EMERGENCIA MEDICA",AMB-32-2,,
2016-033298,22-05-2016,"10:59:13 a.m.","JR. COLON CRUCE CON JR. SALOOM CALLAO            CALLAO","EMERGENCIA MEDICA",MED-34,-12.0616359500109,-77.1395418234489
2016-033297,22-05-2016,"10:57:12 a.m.","AV. SAN MARTIN 900        ICA",INCENDIO,MED-34,,
2016-033296,22-05-2016,"10:56:50 a.m.","AV. LAS 200 MILLAS CRUCE CON AV. SEPARADORA AGROINDUSTRIAL (MARIA ELENA MOYANO) VILLA EL SALVADOR            VILLA EL SALVADOR","EMERGENCIA MEDICA",AMB-129,-12.2378490346093,-76.9373711532701
2016-033295,22-05-2016,"10:55:14 a.m.",,"SERVICIO ESPECIAL",AMB-216,,
2016-033294,22-05-2016,"10:45:41 a.m.","  AV. EL PERIODISTA (LOS FICUS) 215        SAN JUAN DE LURIGANCHO","EMERGENCIA MEDICA",AMB-2,-11.9740132423652,-77.0110508369897
2016-033293,22-05-2016,"10:44:00 a.m.","ROSALIA 200        CHACLACAYO",RESCATE,RES-115,,
2016-033292,22-05-2016,"10:30:45 a.m.","  AV. MALECON CHILLON (SAN DIEGO DE ALCALA) 1000       SAN MARTIN DE PORRES","EMERGENCIA MEDICA",RES-115,-11.949240412513,-77.0937463341757
2016-033291,22-05-2016,"10:23:27 a.m.","AH. VIRGEN DE GUADALUPE  MZ Y  LT  7             VENTANILLA","EMERGENCIA MEDICA",RES-115,-11.8629567910163,-77.122824493394
2016-033290,22-05-2016,"10:22:52 a.m.","  CL. TERCERA 831        CALLAO","EMERGENCIA MEDICA",AMB-7,-12.0499083415818,-77.1362041146008
2016-033289,22-05-2016,"10:22:33 a.m.","  CL. BALEARES (27) URB. CEDROS DE VILLA 131        CHORRILLOS","EMERGENCIA MEDICA",AMB134-2,-12.2087873015887,-77.0142571050143
2016-033288,22-05-2016,"10:19:34 a.m.","AV. BOGOTA S/N            LA TINGUINA",RESCATE,M193-1,,
2016-033287,22-05-2016,"10:15:55 a.m.","COLEGIO SAN MARTIN            ","SERVICIO ESPECIAL",AMB-37,,
2016-033286,22-05-2016,"09:55:54 a.m.","  AV. JORGE CHAVEZ (CARLOS HUGUET) 1000       SANTIAGO DE SURCO","EMERGENCIA MEDICA",AMB134-2,-12.1478181205596,-77.0107915432016
2016-033285,22-05-2016,"09:54:56 a.m.","LOZA DEPORTIVA PABLO PATRON            LURIGANCHO","EMERGENCIA MEDICA",AMB-32-2,,
2016-033284,22-05-2016,"09:49:28 a.m.","  CL. LOPEZ DE AYALA 232        SAN BORJA","EMERGENCIA MEDICA",AMB-6,-12.1003502858708,-77.0046240382745
2016-033283,22-05-2016,"09:47:52 a.m.","AV. CINCUENTENARIO            HUACHO",RESCATE,AMB-20,,
2016-033282,22-05-2016,"09:36:44 a.m.","  AV. LIMA 1701       SAN MARTIN DE PORRES","MATERIALES PELIGROSOS (INCIDENTE)",AMB-20,-12.0310836947215,-77.057078293542
2016-033281,22-05-2016,"09:32:34 a.m.",,"EMERGENCIA MEDICA",AMB-20,-12.0572013645759,-77.0573540703603
2016-033280,22-05-2016,"09:23:46 a.m.","CLUB REGATAS            CHORRILLOS","SERVICIO ESPECIAL",AMB-36,,
2016-033279,22-05-2016,"09:21:22 a.m.","  AV. NICOLAS ARRIOLA 800        LA VICTORIA","EMERGENCIA MEDICA",AMB-8,-12.081259364407,-77.0128761022164
2016-033278,22-05-2016,"09:20:45 a.m.",,"EMERGENCIA MEDICA",AMB-8,-12.0570188845836,-77.0575735891676
2016-033277,22-05-2016,"09:17:44 a.m.","  JR. CONDE DE LA VEGA 416        LIMA","EMERGENCIA MEDICA",AMB-2,-12.0392997185179,-77.0491194603872
2016-033276,22-05-2016,"09:10:00 a.m.","LA ENCANTADA DE VILLA             CHORRILLOS","SERVICIO ESPECIAL",M6-1,,
2016-033275,22-05-2016,"09:06:49 a.m.","AV. TUPAC AMARU CRUCE CON AV. SAN FELIPE DE COLLIQUE COMAS            COMAS","ACCIDENTE VEHICULAR","AMB164-2, M124-1, RES-124",-11.9083437354144,-77.0344236861487
2016-033274,22-05-2016,"09:01:35 a.m.","VILLA CLUB 1            CARABAYLLO","SERVICIO ESPECIAL","AMB-164, AUX-164",,
2016-033273,22-05-2016,"08:38:42 a.m.","MARATON DE UGEL             AYACUCHO","SERVICIO ESPECIAL",MED-63,,
2016-033272,22-05-2016,"08:36:46 a.m.","MARIANO CORNEJO / AREQUIPA            LIMA","SERVICIO ESPECIAL","AMB-14, AMB-4",,
2016-033271,22-05-2016,"08:24:28 a.m.","GRIFO ESPINOZA            ICA","ACCIDENTE VEHICULAR",AMB-22,,
2016-033270,22-05-2016,"08:16:14 a.m.","CESAR VALLEJO 416        BELLAVISTA","EMERGENCIA MEDICA",AMB-22,,
2016-033269,22-05-2016,"08:15:50 a.m.","JR. SANTA ROSA (FRANCISCO MORENO) CRUCE CON CL. EL CARMEN SURQUILLO            SURQUILLO","EMERGENCIA MEDICA",AMB-6,-12.1151888423019,-77.024101620955
2016-033268,22-05-2016,"07:40:58 a.m.","  CL. VILLA MERCEDES 883        SANTIAGO DE SURCO","MATERIALES PELIGROSOS (INCIDENTE)","AMB134-2, M13-1",-12.1508236351198,-77.0147173387796
2016-033267,22-05-2016,"07:38:14 a.m.","BARRIO FLORES HUARTAPICCHU            AYACUCHO",RESCATE,"AMB134-2, M13-1",,
2016-033266,22-05-2016,"07:26:19 a.m.","LA CHUTANA              PUNTA NEGRA","SERVICIO ESPECIAL",RES-125,,
2016-033265,22-05-2016,"07:17:30 a.m.","  AV. TOMAS MARSANO (ATOCONGO) 1900       SURQUILLO","ACCIDENTE VEHICULAR","AMB-28, M11-1, M28-1",,
2016-033264,22-05-2016,"07:07:09 a.m.","AV. PASEO DE LA REPUBLICA CRUCE CON CL. ANDRES REYES SAN ISIDRO            SAN ISIDRO","ACCIDENTE VEHICULAR","AMB-6, M4-1, MATPEL-4",-12.0945823568129,-77.0242654870282
2016-033263,22-05-2016,"06:59:56 a.m.","COLEGIO LEONCIO PRADO             ","SERVICIO ESPECIAL","AMB-207, AUX-1",,
2016-033262,22-05-2016,"06:55:59 a.m.","CUARTEL HOYOS RUBIOS              ","SERVICIO ESPECIAL",AMB-100,,
2016-033261,22-05-2016,"06:55:26 a.m.",,"SERVICIO ESPECIAL","M176-1, M176-3, M21-1",-11.9791880968136,-77.0052782903436
2016-033260,22-05-2016,"06:53:59 a.m.","  CL. HUANUCO 126        LA MOLINA","EMERGENCIA MEDICA",MED-96,-12.0718518149066,-76.9463335507897
2016-033259,22-05-2016,"06:53:59 a.m.","  CL. OLMOS ENCINAS 425        SAN MARTIN DE PORRES","EMERGENCIA MEDICA",AMB-65-2,-12.0152389018904,-77.0564577025573
2016-033258,22-05-2016,"06:39:53 a.m.","  CL. 20 162        SAN MIGUEL","EMERGENCIA MEDICA",AMB-83,-12.0818536579597,-77.102399759591
2016-033257,22-05-2016,"06:38:08 a.m.","CL. HUILLCA QUIRO CRUCE CON JR. TIAHUANACO SAN JUAN DE LURIGANCHO            SAN MARTIN DE PORRES","EMERGENCIA MEDICA",AMB-2,-12.0245848407559,-76.9990225776471
2016-033256,22-05-2016,"06:32:41 a.m.","AV. SAN LUIS CRUCE CON AV. DEL AIRE (ELEUTERIO VENTURO HUAMAN) SAN LUIS            SAN LUIS","ACCIDENTE VEHICULAR","AMB-138, AMB-28, M8-1, RES-127",-12.0783877900177,-76.9992018260255
2016-033255,22-05-2016,"06:31:08 a.m.","  AV. SALAVERRY 1500       JESUS MARIA","EMERGENCIA MEDICA",AMB-202,-12.0815283342892,-77.0434024569666
2016-033254,22-05-2016,"06:22:23 a.m.","  AV. REPUBLICA DE PANAMA 3300       SAN ISIDRO","EMERGENCIA MEDICA",AMB-6,-12.0969622420997,-77.0203203194931
2016-033253,22-05-2016,"06:06:35 a.m.","  AV. ARENALES 400        LIMA","EMERGENCIA MEDICA",AMB-6,-12.0691638654764,-77.0378457641009
2016-033252,22-05-2016,"06:05:11 a.m.","  AV. JOSE GALVEZ 1600       LA PERLA","EMERGENCIA MEDICA",MED-34,-12.065900244173,-77.121784224583
2016-033251,22-05-2016,"05:59:58 a.m.","AV. SAN CARLOS CRUCE CON AV. TUPAC AMARU COMAS            COMAS",INCENDIO,"AMB124-2, M124-1, M150-1, RES-124",-11.9097138266414,-77.0376006613495
2016-033250,22-05-2016,"05:53:13 a.m.","  AV. LOS ALISOS 612        LOS OLIVOS","EMERGENCIA MEDICA",AMB-65-2,-11.9843178857819,-77.0687593703579
2016-033249,22-05-2016,"05:51:41 a.m.","  JR. LA MAR 165        LIMA","EMERGENCIA MEDICA",AMB-2,-12.0554352107497,-77.0206276078198
2016-033248,22-05-2016,"05:48:29 a.m.","  AV. GUARDIA CHALACA 568        CALLAO","EMERGENCIA MEDICA",MED-15,-12.0535536799596,-77.1370753967463
2016-033247,22-05-2016,"05:38:15 a.m.","  AV. JAVIER PRADO OESTE 875        SAN ISIDRO","EMERGENCIA MEDICA",AMB-202,-12.0931232790651,-77.0399202500005
2016-033246,22-05-2016,"05:37:32 a.m.","  AV. ENRIQUE MEIGGS (22 DE DICIEMBRE) 1500       LIMA","ACCIDENTE VEHICULAR","AMB-60, M3-1, RES-14",-12.0389110314863,-77.0621780771643
2016-033245,22-05-2016,"05:24:35 a.m.","AV. TUPAC AMARU CRUCE CON AV. JAMAICA COMAS            COMAS","ACCIDENTE VEHICULAR","AMB124-2, M124-1, RES-124",-11.9297983371248,-77.0440422358129
2016-033244,22-05-2016,"05:06:19 a.m.","  AV. CAMINO REAL (ENTRADA RIO CHILLON) 000        CARABAYLLO","EMERGENCIA MEDICA","AMB124-2, M124-1, RES-124",,
2016-033243,22-05-2016,"04:58:27 a.m.","  AV. CIRCUNVALACION (SOL) ESP DE MINKA  000        CALLAO","EMERGENCIA MEDICA",AMB-60,-12.0456207968797,-77.1096279631992
2016-033242,22-05-2016,"04:57:31 a.m.","CARRETERAS - PANAMERICANAS PANAMERICANA SUR 12            SAN JUAN DE MIRAFLORES","ACCIDENTE VEHICULAR","AMB-16, M120-1, M134-1",-12.1622674390066,-76.9818015384622
2016-033241,22-05-2016,"04:44:15 a.m.","  CL. LEONARDO DA VINCI 120        SAN BORJA","EMERGENCIA MEDICA",AMB-6,-12.0884337139963,-77.0021289872411
2016-033240,22-05-2016,"04:42:25 a.m.","  AV. LA PAZ 000        LURIGANCHO","EMERGENCIA MEDICA",AMB-169,-12.0193479434191,-76.9178697923117
2016-033239,22-05-2016,"04:40:17 a.m.","AH. MANUEL SEOANE JR. AQUILINO SANJARA MZ B LT 5             RIMAC","EMERGENCIA MEDICA",AMB-2,-12.0142952542006,-77.0320176062945
2016-033238,22-05-2016,"04:31:19 a.m.","  JR. LOS CONQUISTADORES MZ B1 LT 1  000        SANTIAGO DE SURCO","EMERGENCIA MEDICA",AMB-2,-12.1508093387773,-76.989274259249
2016-033237,22-05-2016,"04:18:23 a.m.","  AV. ANGAMOS ESTE (PRIMAVERA) 2100       SAN BORJA","EMERGENCIA MEDICA",AMB-6,-12.1121028651828,-77.0080315897953
2016-033236,22-05-2016,"04:08:01 a.m.","CARRETERAS - PANAMERICANAS CARRETERA CENTRAL 10.5            ATE","EMERGENCIA MEDICA",AMB-169,-12.017530882943,-76.8939401131096
2016-033235,22-05-2016,"03:57:19 a.m.","  AV. SALAVERRY MZ C6 LT 14  000        CALLAO","EMERGENCIA MEDICA",MED-9,-12.0245892010452,-77.0915569953147
2016-033234,22-05-2016,"03:57:15 a.m.","  JR. MONTE CAOBA (4) 1000       SANTIAGO DE SURCO","EMERGENCIA MEDICA",AMB-16,-12.1431979402967,-76.9840313333807
2016-033233,22-05-2016,"03:22:11 a.m.","  CL. SAN MARTIN (13) STA PATRICIA 135        LA MOLINA","EMERGENCIA MEDICA",MED-96,-12.0701513812036,-76.9470841822369
2016-033232,22-05-2016,"03:19:57 a.m.","AV. JAVIER LUNA PIZARRO CRUCE CON AV. JAIME BAUSATE Y MEZA (BOLIVAR) LA VICTORIA            LA VICTORIA","EMERGENCIA MEDICA",AMB-2,-12.0642998681809,-77.0276925721407
2016-033231,22-05-2016,"03:18:57 a.m.","  JR. EL PARQUE 471        SANTIAGO DE SURCO","EMERGENCIA MEDICA",AMB134-2,-12.1465949092756,-76.9883276998765
2016-033230,22-05-2016,"03:03:08 a.m.",,"EMERGENCIA MEDICA",AMB-28,-12.1149624007351,-77.0334815869385
2016-033229,22-05-2016,"02:55:07 a.m.","MERCADO MAYORISTA            ","EMERGENCIA MEDICA",AMB-169,,
2016-033228,22-05-2016,"02:53:36 a.m.","  JR. JUAN CRESPO Y CASTILLO 1980       LIMA","EMERGENCIA MEDICA",AMB-14,-12.0364223174112,-77.0676696979028
2016-033227,22-05-2016,"02:49:30 a.m.","  JR. CAHUIDE    900        JESUS MARIA","EMERGENCIA MEDICA",AMB-202,-12.0789980789929,-77.0449392033905
2016-033226,22-05-2016,"02:43:38 a.m.","AV. ANGAMOS ESTE (PRIMAVERA) CRUCE CON JR. MANUEL IRRIBARREN (SAN MIGUEL) SURQUILLO            SURQUILLO","EMERGENCIA MEDICA",AMB-28,-12.1131499137487,-77.0223025884738
2016-033225,22-05-2016,"02:27:43 a.m.","PLAZA DE ARMAS             HUACHO","EMERGENCIA MEDICA",AMB-20,,
2016-033224,22-05-2016,"02:26:41 a.m.","  CL. MANTARO (5) 360        LA PERLA","EMERGENCIA MEDICA",MED-15,-12.0702071397537,-77.1118272038077
2016-033223,22-05-2016,"02:23:02 a.m.","  CL. HUAROCONDO    TAHUANTINSUYO   500        INDEPENDENCIA","EMERGENCIA MEDICA",AMB-65-2,-11.9821141951034,-77.0418178066243
2016-033222,22-05-2016,"02:13:05 a.m.","PANAMERICANA NORTE   KM.  85              CHANCAY",INCENDIO,M80-1,,
2016-033221,22-05-2016,"02:03:14 a.m.","URB LAS PRADERAS DE SANTA ANITA II ETAPA            ","EMERGENCIA MEDICA",M80-1,,
2016-033220,22-05-2016,"01:59:52 a.m.","CASINO  SLOT  FIESTA              HUACHO","EMERGENCIA MEDICA",AMB-20,,
2016-033219,22-05-2016,"01:55:20 a.m.","UR. SAN DIEGO DE VIPOL B2            SAN MARTIN DE PORRES","EMERGENCIA MEDICA",AMB124-2,-11.9480002612891,-77.0919901934158
2016-033218,22-05-2016,"01:53:18 a.m.","  CL. ENRIQUE DEL HORME 149        BARRANCO","EMERGENCIA MEDICA",AMB-16,-12.1384303565442,-77.0184640615258
2016-033217,22-05-2016,"01:53:08 a.m.","CENTRO POBLADO PICAPIEDRA            ","EMERGENCIA MEDICA",AMB-160,,
2016-033216,22-05-2016,"01:43:44 a.m.","AV. FELIPE SANTIAGO SALAVERRY CRUCE CON AV. FAUSTINO SANCHEZ CARRION (PERSHING) SAN ISIDRO            SAN ISIDRO","ACCIDENTE VEHICULAR","AMB-100, M100-1, RES-100",-12.0931009649135,-77.0533919570307
2016-033215,22-05-2016,"01:31:30 a.m.","  CL. VALENCIA (22) 120        LA MOLINA","EMERGENCIA MEDICA","AMB-100, M100-1, RES-100",,
2016-033214,22-05-2016,"01:23:36 a.m.","  PJ. ESTHER FESTINI DE RAMOS 1483       MAGDALENA DEL MAR","EMERGENCIA MEDICA",AMB-83,-12.0844973706084,-77.0704155867267
2016-033213,22-05-2016,"12:57:20 a.m.","HUAMPANI             ","ACCIDENTE VEHICULAR","AMB-115-2, AMB-32-2, AUX-32",,
2016-033212,22-05-2016,"12:50:24 a.m.","AS. VICTOR RAUL HAYA DE LA TORRE   MZ. O  PRIMA  LOTE  19            INDEPENDENCIA","MATERIALES PELIGROSOS (INCIDENTE)","AMB124-2, M124-1",-11.9780633191191,-77.0565471957549
2016-033211,22-05-2016,"12:46:08 a.m.","  MA. COSTA SUR (GRAU) 1000       CHORRILLOS","EMERGENCIA MEDICA",AMB-16,-12.1577578119021,-77.0243545957512
2016-033210,22-05-2016,"12:39:40 a.m.","PARQUE   DE  CHACLACAYO            CHACLACAYO","EMERGENCIA MEDICA",AMB-115,,
2016-033209,22-05-2016,"12:35:10 a.m.","AH CHACRASANA            ","EMERGENCIA MEDICA",AMB-32-2,,
2016-033208,22-05-2016,"12:34:28 a.m.","  JR. ARICA (JULIO ELCORROBARRUTIA) 376        MIRAFLORES","EMERGENCIA MEDICA",MED-100,-12.1164363504084,-77.0357656076656
2016-033207,22-05-2016,"12:29:39 a.m.","JR. TIRAVANTI (VICTOR LAYNES) CRUCE CON AV. LIMA (LA VICTORIA) BARRANCO            BARRANCO","EMERGENCIA MEDICA",AMB-28,-12.1443238623587,-77.0159505420601
2016-033206,22-05-2016,"12:27:11 a.m.","CARRETERAS - PANAMERICANAS CARRETERA CENTRAL 19.7            CHACLACAYO","EMERGENCIA MEDICA",AMB-115-2,-11.9860705862903,-76.810825284788
2016-033205,22-05-2016,"12:17:29 a.m.","  JR. CARLOS ALAYZA Y ROEL (MIGUEL IGLESIAS) 2026       LINCE","EMERGENCIA MEDICA",AMB-202,-12.08547080663,-77.0363230670731
2016-033204,22-05-2016,"12:14:42 a.m.","  PJ. SAN JOSE (ERNESTO MOLINA) 140        MAGDALENA DEL MAR","EMERGENCIA MEDICA",AMB-83,-12.0927043470351,-77.0714380904323
2016-033203,22-05-2016,"12:12:09 a.m.","PLAZUELA  EL  ARENAL    DISTRITO  LOS  AQUIJES             ICA","EMERGENCIA MEDICA",AMB-22,,
2016-033202,22-05-2016,"12:02:42 a.m.","  JR. TACNA 207        SANTIAGO DE SURCO",INCENDIO,M16-1,-12.1439864836776,-77.0036853284438
