ID,FECHA,HORA,DIRECCION,TIPO,UNIDADES,"CORDENADAS (lat)","CORDENADAS (lng)"
2016-017733,13-03-2016,"11:38:52 p.m.","MALECON MIRANDA            PISCO",RESCATE,AUX-37,,
2016-017732,13-03-2016,"11:30:02 p.m.","UR. COVI-INRESA R2 L 1            CALLAO","EMERGENCIA MEDICA",AMB-9,-12.011600694305,-77.0944371310682
2016-017731,13-03-2016,"11:03:19 p.m.","  PJ. LOS JASPES 123        LA VICTORIA","EMERGENCIA MEDICA",AMB-8,-12.0760118279474,-77.0244220919288
2016-017730,13-03-2016,"10:51:45 p.m.","C.C.C KM  30            ",INCENDIO,M32-1,,
2016-017729,13-03-2016,"10:44:05 p.m.","  AV. UNIVERSITARIA NORTE 4518       LOS OLIVOS",RESCATE,"M161-1, RESLIG-161, SAMU-168",-11.9665618969401,-77.0739714542888
2016-017728,13-03-2016,"10:39:08 p.m.",,"EMERGENCIA MEDICA",AMB-14,-12.0668893671672,-77.0487561011275
2016-017727,13-03-2016,"10:27:07 p.m.","  CL. MONITOR HUASCAR SUR 509        RIMAC",INCENDIO,"AMB-21, M10-1, M2-1, M65-2",-12.0256763184113,-77.0378099088227
2016-017726,13-03-2016,"10:19:17 p.m.","  AV. PASO DE LOS ANDES 1117       PUEBLO LIBRE","EMERGENCIA MEDICA","AMB-14, AMB-202",,
2016-017725,13-03-2016,"10:06:55 p.m.","  JR. CLEMENTE PALMA (MANCO CAPAC) 690        MIRAFLORES","EMERGENCIA MEDICA",AMB-28,-12.1286948554691,-77.0274360579513
2016-017724,13-03-2016,"10:03:52 p.m.","  AV. BELISARIO SOSA PELAEZ 1106       LIMA",INCENDIO,M14-1,-12.0589832616551,-77.0635512036419
2016-017723,13-03-2016,"10:02:14 p.m.","TIMANA            SAN VICENTE DE CANETE",INCENDIO,"M183-1, M49-1",,
2016-017722,13-03-2016,"10:01:08 p.m.","A.A.H.H KEIKO SOFIA            ","EMERGENCIA MEDICA",AMB-22,,
2016-017721,13-03-2016,"09:58:21 p.m.","  JR. LAS LADERAS 429        SANTIAGO DE SURCO","EMERGENCIA MEDICA",AMB134-2,,
2016-017720,13-03-2016,"09:51:57 p.m.","  AV. JOSE DE LA RIVA AGUERO 300        EL AGUSTINO",INCENDIO,"M10-1, M2-1, RES-127, SAMU-10",-12.0560837979893,-77.0049933173165
2016-017719,13-03-2016,"09:47:08 p.m.","IGLESIA SANTA LIBERATA            RIMAC","SERVICIO ESPECIAL","M10-1, M2-1, RES-127, SAMU-10",,
2016-017718,13-03-2016,"09:46:06 p.m.","PLAZA DE ARMAS              SAN VICENTE DE CANETE",INCENDIO,"M10-1, M2-1, RES-127, SAMU-10",,
2016-017717,13-03-2016,"09:44:17 p.m.","AV. CENTRAL CRUCE CON AV. CESAR VALLEJO VILLA EL SALVADOR            VILLA EL SALVADOR","EMERGENCIA MEDICA",SAMU-106,-12.211797874156,-76.9344151704235
2016-017716,13-03-2016,"09:37:50 p.m.","  AV. MIGUEL GRAU (BUENOS AIRES) 1000       CALLAO",INCENDIO,"M1-1, M5-1, MED-5",-12.0620582934864,-77.1374458126517
2016-017715,13-03-2016,"09:34:26 p.m.","AH. CHARLES CANNOCK (MI PERU) MZ D3 LT 27             VENTANILLA","EMERGENCIA MEDICA","M1-1, M5-1, MED-5",-11.8594027200083,-77.1270293419269
2016-017714,13-03-2016,"09:28:07 p.m.","AV. MICAELA BASTIDAS CRUCE CON AV. JORGE CHAVEZ VILLA EL SALVADOR            VILLA EL SALVADOR","EMERGENCIA MEDICA","M1-1, M5-1, MED-5",-12.2136047987242,-76.943145514234
2016-017713,13-03-2016,"09:24:59 p.m.","PJ. VILLA EL SALVADOR SECTOR 2 GRUPO 6 MZ  O LT 5            VILLA EL SALVADOR","EMERGENCIA MEDICA",AMB-155,-12.2007429611569,-76.9415663362644
2016-017712,13-03-2016,"09:12:43 p.m.","  AV. PACHACUTEC ESQ VELASCO             VILLA MARIA DEL TRIUNFO","EMERGENCIA MEDICA",SAMU-106,-12.2023198604025,-76.9300505409268
2016-017711,13-03-2016,"09:11:13 p.m.","  PJ. SANTA ROSA (TOLOMEO) 100        CHORRILLOS","MATERIALES PELIGROSOS (INCIDENTE)","M6-1, SAMU-134",-12.1840232444601,-76.9995889266461
2016-017710,13-03-2016,"09:11:00 p.m.","  AV. CIRCUNVALACION (PANAMERICANA SUR) 2300       SAN LUIS","EMERGENCIA MEDICA",AMB-138,-12.0764804311385,-76.9903174505288
2016-017709,13-03-2016,"09:10:59 p.m.","  AV. SANTIAGO DE SURCO (TOMAS MARSANO) 2900       SANTIAGO DE SURCO","MATERIALES PELIGROSOS (INCIDENTE)","AMB134-2, M28-1, RES-134",-12.1278316705109,-77.0016186674384
2016-017708,13-03-2016,"09:10:28 p.m.","  JR. ANTONIO MIROQUESADA 1500       LIMA","EMERGENCIA MEDICA",MED-10,-12.052237796071,-77.0135044915219
2016-017707,13-03-2016,"09:10:21 p.m.","LIBERTAD ESQ MANCO CAPAC            AYACUCHO","EMERGENCIA MEDICA",MED-10,,
2016-017706,13-03-2016,"09:02:03 p.m.","CH. ANTONIA MORENO DE CACERES SECTOR 4 (CIUDAD DEL DEPORTE) MZ LLT 27             VENTANILLA","EMERGENCIA MEDICA",AMB-75,-11.892018941167,-77.1146975005143
2016-017705,13-03-2016,"08:55:20 p.m.","  JR. SAN MARTIN (FRANCISCO GONZALES PAVON) 729        ","EMERGENCIA MEDICA",AMB-4,-12.0891523352154,-77.0735980540889
2016-017704,13-03-2016,"08:53:14 p.m.","AV. LOS DOMINICOS CRUCE CON AV. TOMAS VALLE CALLAO            CALLAO","EMERGENCIA MEDICA",AMB-9,-12.0133589873002,-77.0953341122726
2016-017703,13-03-2016,"08:50:51 p.m.","AV MARISCAL CASTILLA             CHINCHA ALTA",INCENDIO,M38-4,,
2016-017702,13-03-2016,"08:50:51 p.m.","  AV. GENERAL GARZON 848        JESUS MARIA","EMERGENCIA MEDICA",SAMU-10,-12.0685428117417,-77.0466433968876
2016-017701,13-03-2016,"08:50:07 p.m.","PANAMERICANA SUR ALT PEAJE DE SAN BARTOLO            SAN BARTOLO","ACCIDENTE VEHICULAR","M125-1, RES-125, SAMU-127",,
2016-017700,13-03-2016,"08:46:41 p.m.","AV LOS  ABETOS   532  1031             ATE","EMERGENCIA MEDICA",AMB-202,,
2016-017699,13-03-2016,"08:43:34 p.m.","EL JARDIN LA RIVERA             LURIGANCHO","MATERIALES PELIGROSOS (INCIDENTE)",M32-1,,
2016-017698,13-03-2016,"08:39:23 p.m.","CL. GRANADILLAS 171        LA MOLINA","EMERGENCIA MEDICA",MED-96,,
2016-017697,13-03-2016,"08:35:50 p.m.","  JR. GAVILAN (LIBERTAD) 843        MAGDALENA DEL MAR","EMERGENCIA MEDICA",MED-100,-12.0912813265742,-77.0691370806353
2016-017696,13-03-2016,"08:30:53 p.m.","  CL. PANAMA 120        CHORRILLOS","EMERGENCIA MEDICA",SAMU-6,-12.1738153084438,-77.0241495657555
2016-017695,13-03-2016,"08:30:45 p.m.","AV. ALFREDO MENDIOLA (PANAMERICANA NORTE) CRUCE CON AV. LOS PROCERES (EULOGIO FERNANDINI) LOS OLIVOS            LOS OLIVOS","EMERGENCIA MEDICA",SAMU-168,-11.9375661973267,-77.0721663084035
2016-017694,13-03-2016,"08:26:30 p.m.","  PJ. QUIRIHUAC 141        LA PERLA","EMERGENCIA MEDICA",MED-5,-12.0734869502968,-77.1063300195351
2016-017693,13-03-2016,"08:17:50 p.m.","AV. CANADA CRUCE CON AV. AGUSTIN DE LA ROSA TORO SAN LUIS            SAN LUIS","EMERGENCIA MEDICA",AMB-4,-12.0808913598596,-76.9936230281153
2016-017692,13-03-2016,"08:15:43 p.m.","  CL. JOSE OLAYA 1367       VILLA MARIA DEL TRIUNFO","EMERGENCIA MEDICA",AMB-120,-12.1413857920398,-76.936277558159
2016-017691,13-03-2016,"08:05:33 p.m.","CS ZAPALLAL KM 35 PANAMERICANA NORTE            PUENTE PIEDRA",INCENDIO,"AMB-150, M150-1, M184-1",,
2016-017690,13-03-2016,"07:57:16 p.m.","PROLOGACION ALVA MAURTUA  CHINCHA ALTA            CHINCHA ALTA","MATERIALES PELIGROSOS (INCIDENTE)",M38-4,,
2016-017689,13-03-2016,"07:56:44 p.m.","  CL. NAZCA 160        INDEPENDENCIA",RESCATE,M168-1,-11.9787631058863,-77.0385758402249
2016-017688,13-03-2016,"07:48:53 p.m.","  CL. CHICLAYO (JUAN B. LASTRES) 317        MIRAFLORES","EMERGENCIA MEDICA",AMB-28,-12.1149003439804,-77.0318635780748
2016-017687,13-03-2016,"07:45:34 p.m.","AV. TOMAS VALLE 000        ",RESCATE,M9-1,-12.0166110332402,-77.0980292545406
2016-017686,13-03-2016,"07:42:16 p.m.","  JR. ESTEBAN CAMERE  SAN ROQUE 169        SANTIAGO DE SURCO","EMERGENCIA MEDICA",SAMU-134,-12.1462125770067,-76.9903184063488
2016-017685,13-03-2016,"07:37:44 p.m.","CL. KEPES MZ K LTE 13 BALNEARIO SANTA ROSA            ANCON",INCENDIO,M163-1,,
2016-017684,13-03-2016,"07:35:26 p.m.","AH VIRGEN DE ASUNTA             ","EMERGENCIA MEDICA",M163-1,,
2016-017683,13-03-2016,"07:31:02 p.m.","SECTOR  3  GRUPO 9  MZ M LT  9             VILLA EL SALVADOR","EMERGENCIA MEDICA",AMB-155,-12.2182750160284,-76.9337969678275
2016-017682,13-03-2016,"07:29:57 p.m.","SANTA MARIA CALLE SEVILLA             HUACHO",INCENDIO,M20-1,,
2016-017681,13-03-2016,"07:29:45 p.m.","UR. SAN REMO II ETAPA H            SAN MARTIN DE PORRES","EMERGENCIA MEDICA",SAMU-168,-11.9959711386409,-77.1136703285166
2016-017680,13-03-2016,"07:29:02 p.m.","  JR. COMBATE DE ANGAMOS (ARICA) (1) 500        SANTIAGO DE SURCO",RESCATE,RES-134,-12.1435957459832,-77.0057624715567
2016-017679,13-03-2016,"07:25:16 p.m.","PAN SUR KM 430 POLLERIA ORLANDO            NAZCA","EMERGENCIA MEDICA",RES-134,,
2016-017678,13-03-2016,"07:22:32 p.m.","  AV. VICTOR ANDRES BELAUNDE ESTE 900        COMAS","EMERGENCIA MEDICA",RES-134,-11.94203003493,-77.0394153833617
2016-017677,13-03-2016,"07:20:19 p.m.","PJ. PAMPLONA ALTA SECTOR 12 DE NOVIEMBRE E4 LOTE 24            SAN JUAN DE MIRAFLORES","EMERGENCIA MEDICA",AMB134-2,-12.1377414035375,-76.9678816439176
2016-017676,13-03-2016,"07:19:34 p.m.","BASE            VILLA MARIA DEL TRIUNFO","EMERGENCIA MEDICA",AMB-106,,
2016-017675,13-03-2016,"07:18:10 p.m.","AV. PACHACUTEC (LOS HEROES) CRUCE CON CL. TOMAS GUZMAN SAN JUAN DE MIRAFLORES            SAN JUAN DE MIRAFLORES","EMERGENCIA MEDICA",AMB-120,-12.1579617678239,-76.9629286010975
2016-017674,13-03-2016,"07:15:31 p.m.","AV. BALAGUER LTE 83            LURIGANCHO",INCENDIO,M32-1,,
2016-017673,13-03-2016,"07:14:05 p.m.","AV. CANADA CRUCE CON AV. NICOLAS ARRIOLA LA VICTORIA            LA VICTORIA","EMERGENCIA MEDICA",AMB-202,-12.0833888282057,-77.0142985593017
2016-017672,13-03-2016,"07:11:23 p.m.","CL. SAN PABLO CRUCE CON CL. LAS AMERICAS COMAS            COMAS","EMERGENCIA MEDICA",AMB-202,,
2016-017671,13-03-2016,"07:09:10 p.m.","  AV. OSCAR R. BENAVIDES (COLONIAL)  MOLL PLAZA PLAZA 3900       BELLAVISTA",RESCATE,M60-1,-12.0545072245004,-77.1021745086468
2016-017670,13-03-2016,"07:08:23 p.m.","  CL. M. HUASCAR 117        EL AGUSTINO","EMERGENCIA MEDICA",M60-1,-12.0366558996597,-76.9943555538022
2016-017669,13-03-2016,"06:54:55 p.m.","TUPAC AMRU INCA            PISCO",INCENDIO,M60-1,,
2016-017668,13-03-2016,"06:53:47 p.m.","AG. MARISCAL RAMON CASTILLA M  LT 22            CALLAO","EMERGENCIA MEDICA",MED-34,-12.0434511104096,-77.124343022402
2016-017667,13-03-2016,"06:53:27 p.m.","  AV. CONTRALMIRANTE MORA 100        CALLAO","EMERGENCIA MEDICA",AMB-1,-12.0508185869125,-77.1341598901147
2016-017666,13-03-2016,"06:52:27 p.m.","AV   9  JUNIO            PUENTE PIEDRA","EMERGENCIA MEDICA",AMB-150,,
2016-017665,13-03-2016,"06:48:21 p.m.","  AL. SUR 1200       CHORRILLOS","EMERGENCIA MEDICA",AMB-150,,
2016-017664,13-03-2016,"06:47:32 p.m.","AH NUEVA ESPERANZA  //GUADALUPE            ICA","EMERGENCIA MEDICA",AMB-22,,
2016-017663,13-03-2016,"06:42:47 p.m.","AV. ELMER FAUCETT CRUCE CON AV. CORONEL NESTOR GAMBETA (EL EMISOR) CALLAO            CALLAO","EMERGENCIA MEDICA",SAMU-161,-11.9977877754315,-77.126235896086
2016-017662,13-03-2016,"06:41:12 p.m.","UR. CIUDAD DEL PESCADOR E LOTE 9 200        BELLAVISTA","EMERGENCIA MEDICA",MED-5,-12.0575228138005,-77.1080698735042
2016-017661,13-03-2016,"06:39:59 p.m.","  CL. ACACIAS (LOS LAURELES) (LAS GALITAS) 647        ",INCENDIO,"M121-1, M2-1",-12.0007773087709,-77.0006191279852
2016-017660,13-03-2016,"06:34:21 p.m.","  AV. LIMA (CIRCUNVALACION NORTE) 300        SAN JUAN DE LURIGANCHO","EMERGENCIA MEDICA","M121-1, M2-1",,
2016-017659,13-03-2016,"06:33:21 p.m.","  AV. SANTA CRUZ (ELIAS RENAN) 804        MIRAFLORES","EMERGENCIA MEDICA",AMB-28,-12.1109242969957,-77.0374450925843
2016-017658,13-03-2016,"06:28:39 p.m.","  AV. 2 DE MAYO 1890       SAN ISIDRO",RESCATE,RES-100,-12.0930265419221,-77.0503350287245
2016-017657,13-03-2016,"06:27:42 p.m.","  JR. LA LIBERTAD 4040       SAN MARTIN DE PORRES","EMERGENCIA MEDICA",AMB-9,-12.0264696068098,-77.0913196474085
2016-017656,13-03-2016,"06:18:30 p.m.",,"EMERGENCIA MEDICA",MED-10,-12.0539668103153,-77.0535776153822
2016-017655,13-03-2016,"06:17:04 p.m.","CA. CENTRAL CRUCE ARICA            LURIGANCHO","EMERGENCIA MEDICA",AMB-32-2,,
2016-017654,13-03-2016,"06:11:28 p.m.","  CA. RAMIRO PRIALE 000        LURIGANCHO","ACCIDENTE VEHICULAR","AMB-115-2, M176-3, RES-127",-12.0072031672386,-76.875631114845
2016-017653,13-03-2016,"05:54:27 p.m.","  AV. LAS FLORES  PARADERO 22 100        SAN JUAN DE LURIGANCHO","EMERGENCIA MEDICA",SAMU-176,-11.9707601573923,-77.005563117969
2016-017652,13-03-2016,"05:54:16 p.m.","  AV. UNIVERSITARIA NORTE 4700       LOS OLIVOS","EMERGENCIA MEDICA",AMB-168,-11.963399839755,-77.0715290996673
2016-017651,13-03-2016,"05:52:15 p.m.","panmericana sur k299            ","ACCIDENTE VEHICULAR",AMB-22,,
2016-017650,13-03-2016,"05:51:21 p.m.","  AV. EL CENTENARIO  PARADERO 17 SECTOR VIRGEN DELBUEN  PASO 000        SAN JUAN DE MIRAFLORES","ACCIDENTE VEHICULAR","M106-3, RES-134, SAMU-134",-12.1397728998391,-76.9599688637997
2016-017649,13-03-2016,"05:48:51 p.m.","AV. BOCANEGRA CRUCE CON AV. PACASMAYO CALLAO            CALLAO","EMERGENCIA MEDICA",AMB-9,-12.0081930341245,-77.1027360317497
2016-017648,13-03-2016,"05:42:50 p.m.","  JR. JUNIN 200        LIMA",INCENDIO,M2-1,-12.0461277927951,-77.0292035072959
2016-017647,13-03-2016,"05:40:12 p.m.","PANAMERICANA NORTE KM 109            ","ACCIDENTE VEHICULAR","AMB-20, M80-1, MED-80, RES-20",,
2016-017646,13-03-2016,"05:39:49 p.m.","CARRETERAS - PANAMERICANAS CARRETERA CENTRAL 9            ATE","EMERGENCIA MEDICA","AMB-20, M80-1, MED-80, RES-20",-12.0203537349427,-76.9026830988318
2016-017645,13-03-2016,"05:38:55 p.m.","  AV. LUIS PARDO (LIMA) 401        VILLA MARIA DEL TRIUNFO","EMERGENCIA MEDICA",AMB-120,-12.1471978815841,-76.947080783508
2016-017644,13-03-2016,"05:31:27 p.m.","  AV. VIRREY CONDE DE LEMOS 538        CALLAO","EMERGENCIA MEDICA",MED-5,-12.0493830674356,-77.0933471216073
2016-017643,13-03-2016,"05:29:22 p.m.","  AL. DE LOS CONQUISTADORES (2) 366        LA MOLINA","EMERGENCIA MEDICA",MED-5,,
2016-017642,13-03-2016,"05:28:55 p.m.","UR. MARTIR OLAYA   MZ G LT  5             LURIN","MATERIALES PELIGROSOS (INCIDENTE)",M125-1,-12.3059188824606,-76.839953044291
2016-017641,13-03-2016,"05:27:56 p.m.","CARRETERAS - PANAMERICANAS CARRETERA CENTRAL 8.5            ATE",INCENDIO,M169-1,-12.0232123191993,-76.9113899884852
2016-017640,13-03-2016,"05:25:00 p.m.","PAN NRTE KM 149             HUACHO","EMERGENCIA MEDICA",AMB-20,,
2016-017639,13-03-2016,"05:24:46 p.m.","AH. EL INTI (LOS FORESTALES) D lote 6            SAN JUAN DE MIRAFLORES","EMERGENCIA MEDICA",AMB134-2,-12.1865396270743,-76.9813213630528
2016-017638,13-03-2016,"05:13:32 p.m.","ENERGIA Y MINAS GRIFO PETRO CENTRO CONCHAN            LURIN","EMERGENCIA MEDICA",AMB-155,-12.2530520521887,-76.9261231885351
2016-017637,13-03-2016,"05:11:33 p.m.","  AV. JOSE GALVEZ BARRENECHEA (PRINCIPAL) 964        SAN ISIDRO","EMERGENCIA MEDICA",AMB-202,-12.104618166241,-77.0111331340022
2016-017636,13-03-2016,"05:06:18 p.m.","CL. IRIS CRUCE CON CL. SATURNO ATE - VITARTE            ATE","MATERIALES PELIGROSOS (INCIDENTE)","AMB-169, M176-3, RES-127",,
2016-017635,13-03-2016,"05:04:36 p.m.","  AV. AMAZONAS 223        VILLA MARIA DEL TRIUNFO","EMERGENCIA MEDICA",AMB-120,-12.1430328182335,-76.9475010549336
2016-017634,13-03-2016,"05:01:47 p.m.","  JR. CHICLAYO 358        ","EMERGENCIA MEDICA",SAMU-21,-12.0405545207109,-77.0283765155591
2016-017633,13-03-2016,"04:56:25 p.m.","  AV. SERGIO BERNALES (JUAN B. LASTRES) 381        SURQUILLO","EMERGENCIA MEDICA",SAMU-21,-12.1184985040414,-77.0155766715798
2016-017632,13-03-2016,"04:55:29 p.m.","CL. 6 DE AGOSTO CRUCE CON JR. PACHACUTEC JESUS MARIA            JESUS MARIA","EMERGENCIA MEDICA",SAMU-21,-12.0738277910174,-77.0450185428775
2016-017631,13-03-2016,"04:54:44 p.m.","ESTADIO DE SANTA MARIA            HUACHO","EMERGENCIA MEDICA",AMB-20,,
2016-017630,13-03-2016,"04:49:27 p.m.","AH. MERCURIO ALTO K            LOS OLIVOS","EMERGENCIA MEDICA",AMB-20,-12.0003209116397,-77.0749296868894
2016-017629,13-03-2016,"04:44:26 p.m.","  AV. LOS DOMINICOS 1300       CALLAO","MATERIALES PELIGROSOS (INCIDENTE)","AMB-9, M9-5",-12.0012924165499,-77.1017743119709
2016-017628,13-03-2016,"04:39:44 p.m.","  JR. ICA 618        LIMA","MATERIALES PELIGROSOS (INCIDENTE)","M2-1, RES-14, SAMU-21",-12.0436519277536,-77.0375074491742
2016-017627,13-03-2016,"04:35:10 p.m.",,"EMERGENCIA MEDICA",AMB-28,-12.1199511280728,-77.0226107100067
2016-017626,13-03-2016,"04:34:00 p.m.","  CL. ARRIETA 320        LA PUNTA","EMERGENCIA MEDICA","AMB-1, MED-34",-12.0713143600407,-77.1625101214476
2016-017625,13-03-2016,"04:33:33 p.m.","  CL. AGUSTIN GAMARRA 263        COMAS","MATERIALES PELIGROSOS (INCIDENTE)","AMB-168, M150-3",-11.9473468010015,-77.0556121427348
2016-017624,13-03-2016,"04:30:22 p.m.","  JR. AUGUSTO AGUIRRE 3064       SAN MARTIN DE PORRES","EMERGENCIA MEDICA","AMB-168, M150-3",,
2016-017623,13-03-2016,"04:27:39 p.m.","  AV. RAMON VARGAS MACHUCA 133        SAN JUAN DE MIRAFLORES","MATERIALES PELIGROSOS (INCIDENTE)","AMB-120, RES-134",-12.1665332623233,-76.9778655791614
2016-017622,13-03-2016,"04:26:55 p.m.","  AV. ARNALDO MARQUEZ 657        JESUS MARIA","EMERGENCIA MEDICA",AMB-202,-12.066987258775,-77.0445368074557
2016-017621,13-03-2016,"04:02:11 p.m.","JR. LAS AVELLANEDAS (V) CRUCE CON CL. LOS ROSALES (W) CALLAO            CALLAO",INCENDIO,AMB-202,-12.0168367255475,-77.089992849979
2016-017620,13-03-2016,"04:01:07 p.m.","  JR. ATAHUALPA (TORIBIO ARA) 251        PUEBLO LIBRE","EMERGENCIA MEDICA",AMB-4,-12.0806381964896,-77.0591360139702
2016-017619,13-03-2016,"03:55:04 p.m.","PARQUE TUPAC AMARU            MAGDALENA DEL MAR","SERVICIO ESPECIAL",AMB-36,,
2016-017618,13-03-2016,"03:46:23 p.m.","  AV. MARIATEGUI (PANAMA)  COOP UNIVERSAL 266        SANTA ANITA","MATERIALES PELIGROSOS (INCIDENTE)",M169-1,-12.0422057586008,-76.9784123213196
2016-017617,13-03-2016,"03:41:50 p.m.","AV. UNIVERSITARIA CRUCE CON AV. LA MARINA SAN MIGUEL            SAN MIGUEL","EMERGENCIA MEDICA",M169-1,-12.0782877253793,-77.0824586374011
2016-017616,13-03-2016,"03:39:02 p.m.","CL. 7 000        PUEBLO LIBRE","EMERGENCIA MEDICA",SAMU-83,-12.0773048519098,-77.0795105036002
2016-017615,13-03-2016,"03:34:31 p.m.","  JR. ITALIA 1381       LA VICTORIA",INCENDIO,"M2-1, M8-1, RES-127, SAMU-21",-12.0697592905284,-77.016374565244
2016-017614,13-03-2016,"03:32:46 p.m.","  AV. MELGAREJO (E) 574        LA MOLINA","EMERGENCIA MEDICA","M2-1, M8-1, RES-127, SAMU-21",-12.0678712886429,-76.938478551282
2016-017613,13-03-2016,"03:31:53 p.m.","  AV. MELGAREJO (E) 574        LA MOLINA","EMERGENCIA MEDICA",RES-96,,
2016-017612,13-03-2016,"03:30:13 p.m.","  MA. BALTA 1100       MIRAFLORES","EMERGENCIA MEDICA",AMB134-2,-12.1267383703464,-77.0360306051574
2016-017611,13-03-2016,"03:29:34 p.m.","  JR. IGNACIO MARIATEGUI 176        BARRANCO","EMERGENCIA MEDICA",SAMU-6,-12.1472653545393,-77.0188450531613
2016-017610,13-03-2016,"03:26:22 p.m.","BAJADA  ARMENDARIZ 700        MIRAFLORES","EMERGENCIA MEDICA",MED-100,-12.1325569766154,-77.0294617837722
2016-017609,13-03-2016,"03:26:12 p.m.","  CL. ENRIQUE VILLAR CON JOSE GALVEZ 800        ","ACCIDENTE VEHICULAR","M14-1, RES-100, SAMU-8",-12.0758348090427,-77.0300445958711
2016-017608,13-03-2016,"03:24:03 p.m.","  JR. RAMON DAGNINO 300        JESUS MARIA","MATERIALES PELIGROSOS (INCIDENTE)","M4-1, MATPEL-4, SAMU-10",-12.0717586195247,-77.0391846055849
2016-017607,13-03-2016,"03:22:21 p.m.","PANAMERICANA SUR KM 120            SAN VICENTE DE CANETE","ACCIDENTE VEHICULAR","M183-1, MED-49",,
2016-017606,13-03-2016,"03:22:05 p.m.","  CL. ENRIQUE PALLARDELLI 300        COMAS","ACCIDENTE VEHICULAR","AMB-168, M150-3, M168-1",-11.9350568149378,-77.0497241339107
2016-017605,13-03-2016,"03:13:16 p.m.","  AV. LOS FICUS 600        INDEPENDENCIA","EMERGENCIA MEDICA",SAMU-168,-12.0025877504681,-77.0531722143745
2016-017604,13-03-2016,"03:08:41 p.m.","JR. SAN GREGORIO CRUCE CON CL. SAN RAMON COMAS            COMAS","EMERGENCIA MEDICA",AMB-164,-11.90491884808,-77.043471677025
2016-017603,13-03-2016,"03:05:46 p.m.","AH. VICENTELO BAJO     MZ  H   LT  13  000        EL AGUSTINO","EMERGENCIA MEDICA",SAMU-21,-12.0288150355385,-76.9994021509801
2016-017602,13-03-2016,"03:04:08 p.m.","  CL. VILLEGAS 241        EL AGUSTINO","EMERGENCIA MEDICA",SAMU-21,-12.0521908850112,-76.9962820745412
2016-017601,13-03-2016,"03:01:43 p.m.","  AV. SALAVERRY 2300       JESUS MARIA","EMERGENCIA MEDICA",AMB-202,-12.0889687917079,-77.0512365885198
2016-017600,13-03-2016,"02:58:54 p.m.","  AV. CANADA 1047       LA VICTORIA","EMERGENCIA MEDICA",AMB-4,-12.0830653100273,-77.0150115805741
2016-017599,13-03-2016,"02:54:33 p.m.","C. CENTRAL CRUCE AV.LA CULTURA            ATE","EMERGENCIA MEDICA",AMB-169,,
2016-017598,13-03-2016,"02:47:35 p.m.","  AV. CORONEL NESTOR GAMBETA (EL EMISOR) 000        CALLAO","EMERGENCIA MEDICA",MED-5,-11.9892349498735,-77.1252850340058
2016-017597,13-03-2016,"02:46:39 p.m.","CARRETERA CENTRAL 12            ","EMERGENCIA MEDICA",AMB-32-2,,
2016-017596,13-03-2016,"02:43:45 p.m.","  JR. JOSE LA MAR 3718       SAN MARTIN DE PORRES","EMERGENCIA MEDICA",AMB-9,-12.0170256806579,-77.0855037570524
2016-017595,13-03-2016,"02:42:35 p.m.",,"EMERGENCIA MEDICA",AMB-163,,
2016-017594,13-03-2016,"02:38:41 p.m.","CL. RICARDO PALMA   TABLADA DE LURIN 000        VILLA MARIA DEL TRIUNFO","MATERIALES PELIGROSOS (INCIDENTE)","AMB-155, M106-3",-12.1861677645813,-76.9288083564186
2016-017593,13-03-2016,"02:34:48 p.m.",,"EMERGENCIA MEDICA",AMB-14,-12.0526233691256,-77.0497836168411
2016-017592,13-03-2016,"02:33:04 p.m.","  CL. DANIEL ALCIDES CARRION 301        COMAS","EMERGENCIA MEDICA",AMB-164,-11.9392187812975,-77.0567706244889
2016-017591,13-03-2016,"02:31:20 p.m.","  CL. BARLOVENTO 275        LA MOLINA","EMERGENCIA MEDICA","AMB-169, MED-96",-12.0849422783108,-76.8970685498725
2016-017590,13-03-2016,"02:30:07 p.m.","  JR. MANUEL GONZALES PRADA 435        LURIGANCHO","EMERGENCIA MEDICA",AMB-32-2,-11.9432372740317,-76.7124684570286
2016-017589,13-03-2016,"02:26:00 p.m.","  JR. BENIGNO CORNEJO (NECOCHEA) 465        PUEBLO LIBRE","EMERGENCIA MEDICA",AMB-36,-12.0800268416413,-77.0623021466807
2016-017588,13-03-2016,"02:21:20 p.m.","  JR. CORONEL ALFONSO UGARTE (FEDERICO MONASTERIO) 695        MAGDALENA DEL MAR","EMERGENCIA MEDICA",AMB-83,-12.0927578532106,-77.0760480842336
2016-017587,13-03-2016,"02:19:50 p.m.","CL. MOORE            HUACHO","EMERGENCIA MEDICA",AMB-20,,
2016-017586,13-03-2016,"02:18:40 p.m.","  CL. ESTE SAN ANTONIO 575        ",INCENDIO,"M21-1, SAMU-10",-12.0265355872969,-77.0354968078278
2016-017585,13-03-2016,"02:16:55 p.m.","MATERNIDAD DE LIMA   1031  AV  SAN JUAN             PUENTE PIEDRA","EMERGENCIA MEDICA",AMB-150,,
2016-017584,13-03-2016,"02:15:49 p.m.","  AV. AREQUIPA 4600       MIRAFLORES","EMERGENCIA MEDICA",MED-100,-12.1121634609315,-77.0299976482009
2016-017583,13-03-2016,"02:15:48 p.m.","ENTRADA DE CERRO AZUL            ",INCENDIO,M49-1,,
2016-017582,13-03-2016,"02:12:35 p.m.","CALLE LA MAR  300        ICA","EMERGENCIA MEDICA",AMB-22,,
2016-017581,13-03-2016,"02:07:02 p.m.","AS. PEDRO LAOS HURTADO E LOTE 18            SAN JUAN DE MIRAFLORES","EMERGENCIA MEDICA",AMB134-2,-12.1671622929233,-76.9816761809473
2016-017580,13-03-2016,"01:58:28 p.m.","AH LA UNION            PARAMONGA",INCENDIO,M81-1,,
2016-017579,13-03-2016,"01:57:10 p.m.","  JR. GASPAR 241        ","EMERGENCIA MEDICA",AMB-14,-12.064207154082,-77.0415907548998
2016-017578,13-03-2016,"01:55:19 p.m.","  CL. RAMIRO MERINO  NUEVA ESPERANZA 717        VILLA MARIA DEL TRIUNFO","EMERGENCIA MEDICA",AMB-120,-12.1794812979366,-76.9366374202371
2016-017577,13-03-2016,"01:44:01 p.m.","PANAMERICANA SUR             CHILCA","EMERGENCIA MEDICA","AMB-133, AMB-134, M133-1",,
2016-017576,13-03-2016,"01:40:32 p.m.","  AV. EVITAMIENTO (CIRCUNVALACION) 000        RIMAC","ACCIDENTE VEHICULAR","M21-1, M3-1, SAMU-176",-12.0382407661316,-77.0140154274604
2016-017575,13-03-2016,"01:38:19 p.m.","  JR. PUNO 930        CALLAO","EMERGENCIA MEDICA",AMB-1,-12.0535583925382,-77.1364903506331
2016-017574,13-03-2016,"01:25:31 p.m.",,"EMERGENCIA MEDICA",AMB-22,,
2016-017573,13-03-2016,"01:23:57 p.m.","  JR. JOSE GALVEZ (JOSE R. VALENCIA) 500        MAGDALENA DEL MAR","EMERGENCIA MEDICA",AMB-83,-12.090551348922,-77.0727130894486
2016-017572,13-03-2016,"01:03:14 p.m.","UR. JOSE BOTERIN ETAPA I MZ E LT 26            CALLAO","EMERGENCIA MEDICA",AMB-83,,
2016-017571,13-03-2016,"01:01:18 p.m.","CARRETERAS - PANAMERICANAS PANAMERICANA NORTE 32.5            PUENTE PIEDRA","EMERGENCIA MEDICA",AMB-164,-11.8510712275122,-77.0914659352169
2016-017570,13-03-2016,"12:58:20 p.m.","  JR. ANGARAES 273        LIMA","MATERIALES PELIGROSOS (INCIDENTE)",M10-1,-12.0422621522501,-77.0386632923225
2016-017569,13-03-2016,"12:58:16 p.m.","  AV. GUILLERMO DE LA FUENTE 200        COMAS","EMERGENCIA MEDICA",M10-1,-11.9416653319907,-77.0646231350167
2016-017568,13-03-2016,"12:58:11 p.m.","  JR. ANGARAES 200        LIMA","MATERIALES PELIGROSOS (INCIDENTE)","M3-1, MED-10",-12.0422621522501,-77.0386632923225
2016-017567,13-03-2016,"12:49:55 p.m.",,"SERVICIO ESPECIAL","M3-1, MED-10",,
2016-017566,13-03-2016,"12:48:57 p.m.","  JR. BAYOBAR SUR (Y) 279        SANTIAGO DE SURCO","EMERGENCIA MEDICA",SAMU-134,-12.1455367239268,-76.9861650288884
2016-017565,13-03-2016,"12:48:17 p.m.","CL. DANTE CRUCE CON CL. LEONARDO BARBIERI (JUNIN) SURQUILLO            SURQUILLO","EMERGENCIA MEDICA",SAMU-134,-12.1102438354702,-77.0235545789006
2016-017564,13-03-2016,"12:45:51 p.m.","AV. AREQUIPA BY PASS DEBAJO DEL PUENTE  VILLARAN 000        SAN ISIDRO","EMERGENCIA MEDICA",AMB-4,-12.0922573587033,-77.0332616384894
2016-017563,13-03-2016,"12:29:30 p.m.","  CL. CABO BLANCO 162        SAN ISIDRO","EMERGENCIA MEDICA","AMB-36, MED-100",-12.106609824791,-77.056376051314
2016-017562,13-03-2016,"12:27:41 p.m.","UR. ALAMEDA DE LA RIVERA MZ  M  LT 10             CALLAO","EMERGENCIA MEDICA",AMB-169,-12.0238582196979,-76.9441906078659
2016-017561,13-03-2016,"12:23:43 p.m.","AV. UNIVERSITARIA CRUCE CON AV. LA MARINA SAN MIGUEL            SAN MIGUEL","EMERGENCIA MEDICA",AMB-83,-12.0782877253793,-77.0824586374011
2016-017560,13-03-2016,"12:22:41 p.m.",,"EMERGENCIA MEDICA",AMB-1,-12.0607052510426,-77.1404439458856
2016-017559,13-03-2016,"12:18:22 p.m.","  AV. HORACIO URTEAGA 574        JESUS MARIA","EMERGENCIA MEDICA",AMB-14,-12.066548834996,-77.0430273679122
2016-017558,13-03-2016,"12:17:20 p.m.","CL. CALLAO            ICA",INCENDIO,CIST-VI,,
2016-017557,13-03-2016,"12:16:23 p.m.","  CL. BERLIN (MARISCAL RAMON CASTILLA) 317        MIRAFLORES","EMERGENCIA MEDICA",AMB-28,-12.1206243217081,-77.0334580898329
2016-017556,13-03-2016,"12:15:02 p.m.","  AV. MARIANO CONDORCANQUI (A) (6) (8) 000        CARABAYLLO","EMERGENCIA MEDICA",AMB-28,-11.8807671569804,-77.032295397138
2016-017555,13-03-2016,"12:10:03 p.m.","  AV. AREQUIPA 1900       LINCE","EMERGENCIA MEDICA",AMB-4,-12.084158313422,-77.0345985921618
2016-017554,13-03-2016,"12:05:43 p.m.","JR. AURELIO SOUZA (GERMAN NORIEGA DEL VALLE) CRUCE CON AV. JUAN LUNA PIZARRO (JORGE SWAYNE) BARRANCO            BARRANCO","EMERGENCIA MEDICA",SAMU-16,-12.1405308414983,-77.0137694967197
2016-017553,13-03-2016,"11:55:44 a.m.","  JR. CHANCAY 620        LIMA",INCENDIO,"M14-1, M21-1, RES-3, SAMU-8",-12.0463225155666,-77.0387606402699
2016-017552,13-03-2016,"11:49:47 a.m.","  PJ. SANTA ROSA (TOLOMEO) 100        CHORRILLOS","EMERGENCIA MEDICA",SAMU-16,-12.1846592188563,-76.9989102692314
2016-017551,13-03-2016,"11:48:20 a.m.","RIO SECO             HUACHO","ACCIDENTE VEHICULAR","AMB-20, RES-20",,
2016-017550,13-03-2016,"11:39:16 a.m.","  CL. CORONEL MIGUEL BAQUERO 200        LIMA","ACCIDENTE VEHICULAR","AMB-14, M10-1, MED-10, RES-3, SAMU-10",-12.0486274972743,-77.044957591747
2016-017549,13-03-2016,"11:33:22 a.m.","  AV. SAN MARTIN 412        VILLA MARIA DEL TRIUNFO","EMERGENCIA MEDICA",AMB134-2,-12.1404018887136,-76.9498428547157
2016-017548,13-03-2016,"11:26:39 a.m.","CARRETERA SAYAN             SAYAN",RESCATE,AMB-216,,
2016-017547,13-03-2016,"11:23:21 a.m.","PARACAS             PARACAS","EMERGENCIA MEDICA",MED-90,,
2016-017546,13-03-2016,"11:06:19 a.m.","  AV. EL CARMEN 380        SANTIAGO DE SURCO","EMERGENCIA MEDICA",AMB134-2,-12.1470055619312,-76.9888935475409
2016-017545,13-03-2016,"11:05:27 a.m.","PASAJE SANTA ROSA  100        SUNAMPE","DESASTRES NATURALES","M38-4, M38-5",,
2016-017544,13-03-2016,"10:56:39 a.m.","CARRETERAS - PANAMERICANAS CARRETERA CENTRAL 10            ATE",INCENDIO,"M138-1, MED-96, RES-127, RES-96",-12.017530882943,-76.8939401131096
2016-017543,13-03-2016,"10:52:19 a.m.","AV. RAMON CASTILLA S/N            AYACUCHO","EMERGENCIA MEDICA",MED-63,,
2016-017542,13-03-2016,"10:51:28 a.m.","  JR. NEVADO SARASARA 100        SAN MIGUEL","EMERGENCIA MEDICA",AMB-83,-12.066025347536,-77.0957580907098
2016-017541,13-03-2016,"10:50:36 a.m.","  AV. ANGAMOS ESTE (PRIMAVERA) 2088       SANTIAGO DE SURCO","EMERGENCIA MEDICA",SAMU-134,-12.1061520108873,-76.9665912106163
2016-017540,13-03-2016,"10:43:50 a.m.","  CL. 26B 000        BELLAVISTA","EMERGENCIA MEDICA",MED-5,-12.059776248953,-77.1059120930019
2016-017539,13-03-2016,"10:36:50 a.m.","  CL. ALFONSO UGARTE 1938       VILLA MARIA DEL TRIUNFO","EMERGENCIA MEDICA",AMB-155,-12.2237772031463,-76.9051741847885
2016-017538,13-03-2016,"10:34:11 a.m.","PLAYA NORTE            ANCON","EMERGENCIA MEDICA",AMB-163,,
2016-017537,13-03-2016,"10:23:59 a.m.","  CL. JOAQUIN CAPELLA 392        SAN MARTIN DE PORRES","EMERGENCIA MEDICA",AMB-80,-12.0268875696389,-77.0540954125818
2016-017536,13-03-2016,"10:21:50 a.m.","AS. VILLA SANTA ANITA G            SANTA ANITA","EMERGENCIA MEDICA",AMB-169,-12.0481031273766,-76.9597717775226
2016-017535,13-03-2016,"10:17:49 a.m.","  JR. BRIGADIER MATEO PUMACAHUA 2400       LINCE","EMERGENCIA MEDICA",AMB-202,-12.0860909025491,-77.0430113894252
2016-017534,13-03-2016,"10:15:17 a.m.","CL. LOS GLADIOLOS  MZ B LT 15 AS. LOS TULIPANES            LOS OLIVOS","EMERGENCIA MEDICA",AMB-9,-11.9732318440788,-77.0743505525387
2016-017533,13-03-2016,"10:14:51 a.m.","  AV. CORONEL SAMUEL ALCAZAR 917        RIMAC","EMERGENCIA MEDICA",SAMU-21,-12.0256439062988,-77.0347501750618
2016-017532,13-03-2016,"10:06:29 a.m.","AV. LA MARINA CRUCE CON CL. JULIAN APAZA SAN MIGUEL            SAN MIGUEL","EMERGENCIA MEDICA",AMB-83,-12.0762033279087,-77.0962040344102
2016-017531,13-03-2016,"09:51:42 a.m.","PANAMERICANA SUR KM 71             ","ACCIDENTE VEHICULAR","AMB-133, M125-1, M133-1",,
2016-017530,13-03-2016,"09:50:31 a.m.","MISA            ","SERVICIO ESPECIAL","AMB-168, M168-1",,
2016-017529,13-03-2016,"09:37:13 a.m.","CLINICA SAN BERNARDO              PUEBLO LIBRE","EMERGENCIA MEDICA",AMB-28,,
2016-017528,13-03-2016,"09:21:19 a.m.","JR. TARMA CRUCE CON JR. WASHINGTON LIMA            LIMA","ACCIDENTE VEHICULAR","AMB-14, M3-1, RES-14",-12.0613945938196,-77.0389929478878
2016-017527,13-03-2016,"09:21:06 a.m.","AH. CIUDAD PACHACUTEC GRUPO RESIDENCIAL 4 Y LT. 34            VENTANILLA","MATERIALES PELIGROSOS (INCIDENTE)","AMB-75, M75-1",,
2016-017526,13-03-2016,"09:10:40 a.m.","CA. LOS FICUS  S/N            VISTA ALEGRE","EMERGENCIA MEDICA",MED-200,,
2016-017525,13-03-2016,"09:07:19 a.m.","PLAN VERANO            ","SERVICIO ESPECIAL","AMB-120, AMB-155, M105-2, MED-49, RES-6",,
2016-017524,13-03-2016,"09:02:41 a.m.","CL. INDEPEDENCIA            PISCO","EMERGENCIA MEDICA",AMB-37,,
2016-017523,13-03-2016,"09:01:47 a.m.","  CL. CASMA 252        VILLA MARIA DEL TRIUNFO","EMERGENCIA MEDICA",AMB-37,-12.170216667869,-76.9154905322853
2016-017522,13-03-2016,"08:53:54 a.m.","  AV. DEL ROSARIO DEL NORTE (1) 000        SAN MARTIN DE PORRES","EMERGENCIA MEDICA",SAMU-168,-11.9868265705,-77.0804611899774
2016-017521,13-03-2016,"08:50:44 a.m.","LAS GAVIOTAS 2000       SANTIAGO DE SURCO","EMERGENCIA MEDICA",SAMU-134,,
2016-017520,13-03-2016,"08:23:36 a.m.","ESCUELA DE COMANDO DEL EJERCITO-  LA PALMAS            SANTIAGO DE SURCO","SERVICIO ESPECIAL",M13-1,,
2016-017519,13-03-2016,"08:18:22 a.m.","  JR. MANUEL CANDAMO 704        LINCE","EMERGENCIA MEDICA",AMB-4,-12.0816640336264,-77.0289416423208
2016-017518,13-03-2016,"08:12:45 a.m.","CENTRO POBLADO EL PORVENIR             BARRANCA",INCENDIO,AMB-4,,
2016-017517,13-03-2016,"08:10:32 a.m.",,"EMERGENCIA MEDICA",AMB-14,-12.0559002828563,-77.0524588120779
2016-017516,13-03-2016,"08:08:45 a.m.","AV. UNIVERSITARIA CRUCE CON AV. SAN FELIPE DE COLLIQUE COMAS            COMAS","MATERIALES PELIGROSOS (INCIDENTE)","AMB-150, M150-3",-11.9010877853116,-77.0396936000424
2016-017515,13-03-2016,"08:08:03 a.m.","  AV. EDUARDO DE HABICH 700        SAN MARTIN DE PORRES","ACCIDENTE VEHICULAR","AMB-80, M3-1, M65-2",,
2016-017514,13-03-2016,"07:57:01 a.m.","  AV. AGUSTIN DE LA ROSA TORO 984        SAN LUIS","EMERGENCIA MEDICA",AMB-4,-12.0802268248579,-76.9936535875911
2016-017513,13-03-2016,"07:51:50 a.m.","AH. CERRO EL PINO SECTOR 1 LT 39             LA VICTORIA","MATERIALES PELIGROSOS (INCIDENTE)","M176-1, SAMU-176",-12.0679058482736,-76.999806536857
2016-017512,13-03-2016,"07:38:28 a.m.","AV 28 JULIO  200        SAN VICENTE DE CANETE","EMERGENCIA MEDICA",MED-49,,
2016-017511,13-03-2016,"07:32:57 a.m.","SECTOR 2 GRUPO 14             VILLA EL SALVADOR","EMERGENCIA MEDICA",SAMU-106,-12.209507739977,-76.9423295416451
2016-017510,13-03-2016,"07:23:28 a.m.","ROSALES CRUCE AMERICAS            CHINCHA ALTA","ACCIDENTE VEHICULAR",MED-38,,
2016-017509,13-03-2016,"07:18:54 a.m.","  JR. CARRILLO DE ALBORNOZ 200        CALLAO","EMERGENCIA MEDICA",AMB-1,-12.0666536240887,-77.1375122578433
2016-017508,13-03-2016,"07:17:00 a.m.","BASE AEREA LAS PALMAS             SANTIAGO DE SURCO","SERVICIO ESPECIAL",AMB-1,,
2016-017507,13-03-2016,"06:56:20 a.m.","  CL. LOS ALBARICOQUES 125        LA MOLINA","EMERGENCIA MEDICA",AMB-138,-12.0701182704789,-76.9635180662998
2016-017506,13-03-2016,"06:54:30 a.m.","  AV. IGNACIO MERINO 1531       LINCE",INCENDIO,"AMB-4, M202-1",-12.0799796468649,-77.0330274631804
2016-017505,13-03-2016,"06:14:56 a.m.","LA ATARRAYA 100        BARRANCA",INCENDIO,"AMB-73, M73-1, M91-1",,
2016-017504,13-03-2016,"06:13:42 a.m.","AV. CARLOS IZAGUIRRE (2) 000        SAN MARTIN DE PORRES","EMERGENCIA MEDICA","AMB-73, M73-1, M91-1",-11.9901412866763,-77.0966544461538
2016-017503,13-03-2016,"06:05:10 a.m.","PANAMERICANA SUR KM 119.5            ","ACCIDENTE VEHICULAR",AMB-111,,
2016-017502,13-03-2016,"06:00:37 a.m.","  AV. HUAROCHIRI (MELGAREJO) 806        ATE","EMERGENCIA MEDICA",AMB-169,-12.0555496480813,-76.9449658343469
2016-017501,13-03-2016,"05:56:02 a.m.","  AV. PANAMERICANA NORTE (ALFREDO MENDIOLA) 900        SAN MARTIN DE PORRES","EMERGENCIA MEDICA",SAMU-168,-12.0190127615094,-77.0593973466289
2016-017500,13-03-2016,"05:48:09 a.m.","CO. MANUEL CORREA D1  LOTE 12            SANTA ANITA","EMERGENCIA MEDICA",AMB-138,-12.0524870719144,-76.9830513232778
2016-017499,13-03-2016,"05:43:55 a.m.","  CL. HERCULES 189        SANTIAGO DE SURCO","EMERGENCIA MEDICA",SAMU-134,-12.1467400194129,-76.9910551040327
2016-017498,13-03-2016,"05:37:58 a.m.","CARRETERAS - PANAMERICANAS PANAMERICANA NORTE 42            SANTA ROSA","EMERGENCIA MEDICA",AMB-163,-11.7824160586679,-77.1571639033775
2016-017497,13-03-2016,"05:22:18 a.m.","AV. LOS ALISOS (3) CRUCE CON CA. CALLAO - CANTA SAN MARTIN DE PORRES            SAN MARTIN DE PORRES","EMERGENCIA MEDICA",SAMU-161,-11.9813499604558,-77.0975125286946
2016-017496,13-03-2016,"05:18:06 a.m.","  CL. LAS FRESAS 150        COMAS","EMERGENCIA MEDICA",SAMU-168,-11.9121143278928,-77.047522800538
2016-017495,13-03-2016,"05:08:26 a.m.","AV. SAN JUAN CRUCE CON AV. PACHACUTEC (LOS HEROES) SAN JUAN DE MIRAFLORES            SAN JUAN DE MIRAFLORES","ACCIDENTE VEHICULAR","AMB-120, M106-3, RES-134",-12.1542828095827,-76.971955588022
2016-017494,13-03-2016,"04:47:49 a.m.","  AV. LOS PINOS 100        INDEPENDENCIA","MATERIALES PELIGROSOS (INCIDENTE)","M168-1, SAMU-168",-11.9977443939609,-77.0547781357199
2016-017493,13-03-2016,"04:47:06 a.m.","  AV. CAMINOS DEL INCA 3500       SANTIAGO DE SURCO","EMERGENCIA MEDICA",SAMU-134,-12.1470353293244,-76.9856303825629
2016-017492,13-03-2016,"04:44:05 a.m.","AH. MIRADOR             VILLA EL SALVADOR","EMERGENCIA MEDICA",AMB-155,-12.2386110233325,-76.9401166597318
2016-017491,13-03-2016,"04:18:31 a.m.","  CL. LOS VIRREYES (12) 300        RIMAC","EMERGENCIA MEDICA",SAMU-2,-12.0283429735484,-77.0305152719832
2016-017490,13-03-2016,"04:18:14 a.m.","  CA. CALLAO - CANTA 000        SAN MARTIN DE PORRES","EMERGENCIA MEDICA",SAMU-168,-11.9748433085675,-77.0896982884692
2016-017489,13-03-2016,"04:11:19 a.m.","  BA. AGUA DULCE (TENDERIN) 100        CHORRILLOS","ACCIDENTE VEHICULAR","M13-1, M6-1, SAMU-6",-12.1637599897971,-77.0232367183106
2016-017488,13-03-2016,"04:09:55 a.m.","CL PRINCIPAL            ","EMERGENCIA MEDICA","M13-1, M6-1, SAMU-6",,
2016-017487,13-03-2016,"04:08:34 a.m.","FERMIN TANGUIS            PISCO","ACCIDENTE VEHICULAR",AMB-37,,
2016-017486,13-03-2016,"04:08:20 a.m.","  AV. CARLOS IZAGUIRRE 1300       LOS OLIVOS","EMERGENCIA MEDICA",SAMU-161,-11.9917503636603,-77.0785398992909
2016-017485,13-03-2016,"04:02:58 a.m.","PUENTE VIDENA            MALA",INCENDIO,SAMU-161,,
2016-017484,13-03-2016,"03:59:33 a.m.","  JR. GALDIANO Y MENDOZA 661        LIMA","EMERGENCIA MEDICA",AMB-14,-12.0422696276703,-77.0626425111249
2016-017483,13-03-2016,"03:58:24 a.m.",,"ACCIDENTE VEHICULAR","AMB-22, ELECT-171, M22-1, RES-193",,
2016-017482,13-03-2016,"03:51:05 a.m.","PSJE SANCHEZ CERRO            SAYAN","EMERGENCIA MEDICA",AMB-216,,
2016-017481,13-03-2016,"03:45:54 a.m.","METROPOLITANA CRUCE MAESTRO            COMAS",INCENDIO,"M168-1, RESLIG-161, SAMU-168",,
2016-017480,13-03-2016,"03:35:48 a.m.","PANAMERICANA SUR KM 320            ICA","EMERGENCIA MEDICA",AMB-22,,
2016-017479,13-03-2016,"03:28:50 a.m.","AV. CARABAYLLO (4F) CRUCE CON AV. DEL MAESTRO PERUANO COMAS            COMAS","MATERIALES PELIGROSOS (INCIDENTE)","M150-3, M168-1, RESLIG-161, SAMU-168",-11.9643797333116,-77.0602174463406
2016-017478,13-03-2016,"03:15:29 a.m.","AV. PACHACUTEC (ATOCONGO) CRUCE CON AV. MATEO PUMACAHUA VILLA EL SALVADOR            VILLA EL SALVADOR","EMERGENCIA MEDICA",SAMU-106,-12.1830008054175,-76.9422885479142
2016-017477,13-03-2016,"02:57:26 a.m.","SANCHEZ CARRION  300        ","EMERGENCIA MEDICA","M38-5, MED-38",,
2016-017476,13-03-2016,"02:43:38 a.m.","  AV. ELMER FAUCETT 000        CALLAO","EMERGENCIA MEDICA","MED-5, MED-9",-12.0435585181172,-77.0989676934102
2016-017475,13-03-2016,"02:43:21 a.m.","  PR. HUAMANGA 648        LA VICTORIA","EMERGENCIA MEDICA",AMB-8,-12.0652378617449,-77.020051062636
2016-017474,13-03-2016,"02:35:22 a.m.","  CL. ENRIQUE OPPENHEIMER 339        SAN JUAN DE MIRAFLORES","EMERGENCIA MEDICA",AMB-120,-12.1689845574033,-76.9745746265453
2016-017473,13-03-2016,"02:29:38 a.m.","  AV. VICENTE MORALES DUAREZ 2271       LIMA","EMERGENCIA MEDICA",SAMU-10,-12.0349904073648,-77.0707286130441
2016-017472,13-03-2016,"02:26:18 a.m.","  AV. SEPARADORA INDUSTRIAL (A) 3110       ATE","EMERGENCIA MEDICA",AMB-169,-12.0538990607917,-76.9411601084901
2016-017471,13-03-2016,"02:15:53 a.m.","  CL. LAS GARDENIAS 400        EL AGUSTINO","EMERGENCIA MEDICA",SAMU-176,-12.0327248318519,-77.0049331152633
2016-017470,13-03-2016,"02:05:33 a.m.","  AV. BOLIVIA 266        LIMA","EMERGENCIA MEDICA",SAMU-10,-12.0559560625639,-77.038582035771
2016-017469,13-03-2016,"02:03:47 a.m.","  CL. LA SOCIEDAD (59) MAZ UU2 LT 10 000        LOS OLIVOS","EMERGENCIA MEDICA",SAMU-10,-11.9372419178835,-77.081103816127
2016-017468,13-03-2016,"01:58:45 a.m.","SAN JOSE            ",INCENDIO,M22-1,,
2016-017467,13-03-2016,"01:51:47 a.m.","  AV. EVITAMIENTO (CIRCUNVALACION) 000        RIMAC","EMERGENCIA MEDICA",M22-1,-12.0412679833826,-77.0186614515933
2016-017466,13-03-2016,"01:38:49 a.m.","  AV. UCAYALY 388        CALLAO","EMERGENCIA MEDICA",MED-34,-12.0656725339876,-77.1531744379337
2016-017465,13-03-2016,"01:17:10 a.m.","LA PAZ 2100       ","EMERGENCIA MEDICA",AMB-83,,
2016-017464,13-03-2016,"01:14:54 a.m.","CL MARIANO MELGAR             ","EMERGENCIA MEDICA",AMB-83,,
2016-017463,13-03-2016,"01:05:18 a.m.","  AV. DEFENSORES DEL MORRO (HUAYLAS) 710        CHORRILLOS","EMERGENCIA MEDICA",AMB-83,-12.1713404139308,-77.0220836765015
2016-017462,13-03-2016,"01:03:30 a.m.","  AV. COLONIAL (OSCAR R. BENAVIDES) 5700       CALLAO","EMERGENCIA MEDICA",AMB-14,-12.0511176723152,-77.0851912036538
2016-017461,13-03-2016,"12:54:39 a.m.","CALLE YUPANQUI VISTA ALEGRE            ","EMERGENCIA MEDICA",MED-200,,
2016-017460,13-03-2016,"12:45:20 a.m.","PAN SUR KM 44             ","ACCIDENTE VEHICULAR","M160-1, RES-160, SAMU-127",,
2016-017459,13-03-2016,"12:43:51 a.m.","  CL. ELEAZAR BLANCO 300        PUEBLO LIBRE","EMERGENCIA MEDICA","AMB-36, M36-1",-12.0783351281711,-77.0691593448351
2016-017458,13-03-2016,"12:42:11 a.m.","  JR. CARLOS EGUSQUIZA 239        SAN MARTIN DE PORRES","EMERGENCIA MEDICA",MED-9,-12.0144056396508,-77.0699518558331
2016-017457,13-03-2016,"12:37:18 a.m.","CARRETERAS - PANAMERICANAS PANAMERICANA SUR 12            SAN JUAN DE MIRAFLORES","EMERGENCIA MEDICA",AMB-120,-12.1622674390066,-76.9818015384622
2016-017456,13-03-2016,"12:25:20 a.m.","CARRETERAS - PANAMERICANAS CARRETERA CENTRAL 9            ATE","EMERGENCIA MEDICA",AMB-169,-12.0203537349427,-76.9026830988318
2016-017455,13-03-2016,"12:20:41 a.m.","UR. TUPAC AMARU             SAN LUIS","EMERGENCIA MEDICA",AMB-8,-12.0776570213978,-77.0035297574795
2016-017454,13-03-2016,"12:15:07 a.m.","CARRETERAS - PANAMERICANAS PANAMERICANA SUR 97            ",INCENDIO,"AMB-133, M111-1, M125-1, M133-1, M160-1, RES-125, RES-160, SAMU-127",,
2016-017453,13-03-2016,"12:15:00 a.m.","  AV. SUCRE (INDEPENDENCIA) 1200       MAGDALENA DEL MAR","EMERGENCIA MEDICA",AMB-36,-12.0872488051225,-77.0687840845204
2016-017452,13-03-2016,"12:07:54 a.m.","CL. LIMA 579        ","EMERGENCIA MEDICA",AMB-73,,
2016-017451,13-03-2016,"12:03:43 a.m.","PLAZA DE ARMAS DE CHANCAY            ","EMERGENCIA MEDICA",AMB-73,,
