ID,FECHA,HORA,DIRECCION,TIPO,UNIDADES,"CORDENADAS (lat)","CORDENADAS (lng)"
2016-049158,14-08-2016,"11:30:18 p.m.","CARRETERA CENTRAL KM 35            LURIGANCHO","EMERGENCIA MEDICA",,,
2016-049157,14-08-2016,"11:18:22 p.m.","AV. LA MARINA CRUCE CON AV. SUCRE PUEBLO LIBRE            PUEBLO LIBRE","EMERGENCIA MEDICA",MED-202,-12.083201319933,-77.0673021486765
2016-049156,14-08-2016,"11:15:14 p.m.","CARRETERA CENTRAL KM 34            LURIGANCHO","EMERGENCIA MEDICA",MED-202,,
2016-049155,14-08-2016,"11:13:05 p.m."," PARQUE 1RO DE MAYO 1962       LIMA","EMERGENCIA MEDICA",AMB-83,-12.0621009969378,-77.060945934234
2016-049154,14-08-2016,"11:06:08 p.m.","  JR. MOQUEGUA 383        CALLAO","EMERGENCIA MEDICA",AMB-7,-12.0574941827679,-77.1421191512192
2016-049153,14-08-2016,"10:46:31 p.m.","  AV. INDUSTRIAL (DIEGO CORDOVA DE SALINAS) 676        RIMAC","EMERGENCIA MEDICA",AMB-65-2,-12.0294823358006,-77.0434971316905
2016-049152,14-08-2016,"10:35:12 p.m.","  JR. MARISCAL GREGORIO DE LAS HERAS 447        LINCE","EMERGENCIA MEDICA",MED-202,-12.0859958105998,-77.0316620722684
2016-049151,14-08-2016,"10:34:52 p.m.","AV. CULTURA WARI CRUCE CON CL. KORICANCHA (INTIHUANA) (ONGOY) SANTA ANITA            SANTA ANITA","MATERIALES PELIGROSOS (INCIDENTE)",M138-1,-12.0418213399152,-76.9708120159158
2016-049150,14-08-2016,"10:34:34 p.m.","CARRETERAS - PANAMERICANAS ANTIGUA PANAMERICANA SUR 40            LURIN","EMERGENCIA MEDICA",AMB-129,-12.2991778968522,-76.8479548244506
2016-049149,14-08-2016,"10:13:15 p.m.","  AV. LIMA (ATOCONGO) PAR 6.5 000        VILLA MARIA DEL TRIUNFO","EMERGENCIA MEDICA",AMB-155,-12.2099269858459,-76.906097267896
2016-049148,14-08-2016,"09:59:40 p.m.","  AV. COMANDANTE ESPINAR 408        MIRAFLORES","EMERGENCIA MEDICA",AMB-28,-12.1158265004044,-77.0370199506674
2016-049147,14-08-2016,"09:57:42 p.m.","  CL. LOS ALHELIES 319        BELLAVISTA","EMERGENCIA MEDICA",AMB-60,-12.0620906350575,-77.0996453838999
2016-049146,14-08-2016,"09:33:36 p.m.","  AV. BRASIL 2200       PUEBLO LIBRE","EMERGENCIA MEDICA",MED-202,-12.0803244736181,-77.0584244345163
2016-049145,14-08-2016,"09:15:30 p.m.","PANAMERICAN SUR KM 200            CHINCHA ALTA","ACCIDENTE VEHICULAR",MED-38,,
2016-049144,14-08-2016,"09:11:59 p.m.","  JR. GONZALO MARTIN DE TRUJILLO (LOS HUANCA) 225        SANTIAGO DE SURCO","EMERGENCIA MEDICA",AMB-127,-12.1055840387384,-76.975837185161
2016-049143,14-08-2016,"09:10:14 p.m.","AV. SUCRE CRUCE CON AV. LA MAR (MANUEL CIPRIANO DULANTO) PUEBLO LIBRE            PUEBLO LIBRE","ACCIDENTE VEHICULAR","AMB-36, M36-1",-12.0788981039368,-77.0654726215832
2016-049142,14-08-2016,"09:07:05 p.m.","PANAMERICANA SUR KM 299            ICA","EMERGENCIA MEDICA",MATPEL171,,
2016-049141,14-08-2016,"09:04:47 p.m.","  AV. LAS BEGONIAS 500        SAN ISIDRO",RESCATE,MATPEL171,-12.0939703493917,-77.0249505996602
2016-049140,14-08-2016,"09:04:19 p.m.","  AV. LAS BEGONIAS 700        SAN ISIDRO",RESCATE,RES-28,-12.096354818758,-77.0260325391477
2016-049139,14-08-2016,"08:57:37 p.m.","  CL. MARIANO JURADO DE LOS REYES (SAN CARLOS) 209        SURQUILLO","EMERGENCIA MEDICA",AMB-28,-12.11446982664,-77.0236555656947
2016-049138,14-08-2016,"08:57:27 p.m.","  CL. OCHOA (6A) MZ G LT 3  100        COMAS","EMERGENCIA MEDICA",AMB-28,-11.9539862782596,-77.0586559559299
2016-049137,14-08-2016,"08:53:13 p.m.","PJ. VILLA EL SALVADOR SECTOR 3 GRUPO 17 L LOT 10            VILLA EL SALVADOR",INCENDIO,"M120-1, M155-1",-12.2246484469806,-76.9309942878198
2016-049136,14-08-2016,"08:52:09 p.m.","CALLE  LA HABANA  MZ 12 LOTE  8            CHORRILLOS","EMERGENCIA MEDICA",AMB-6,,
2016-049135,14-08-2016,"08:48:51 p.m.","UV. MATUTE    BLOC  1B    INT    3              LA VICTORIA","EMERGENCIA MEDICA",AMB-8,-12.0711205936838,-77.0238375925267
2016-049134,14-08-2016,"08:47:29 p.m.","CL. LOS MIRTOS CRUCE CON CL. FRANCISCO MASIAS (LAS GARDENIAS) LINCE            LINCE","MATERIALES PELIGROSOS (INCIDENTE)","M4-1, MED-202",,
2016-049133,14-08-2016,"08:20:00 p.m.","AEROPUERTO  10.31 HOSP REBAGLIATEGUI            CALLAO","EMERGENCIA MEDICA",AMB-184,,
2016-049132,14-08-2016,"08:18:02 p.m.","SANTA EULALIA  CLUB LAS PRADERAS            LURIGANCHO",INCENDIO,"AUX-32, M32-1",,
2016-049131,14-08-2016,"08:13:41 p.m.","  PS. DE LA REPUBLICA 100        LIMA","EMERGENCIA MEDICA",AMB-14,-12.0569890958173,-77.0363631847095
2016-049130,14-08-2016,"08:08:16 p.m.","  JR. MONTEZUMA 940        CALLAO","EMERGENCIA MEDICA",AMB-60,-12.058801647125,-77.137850605493
2016-049129,14-08-2016,"08:04:26 p.m.","CARRETERAS - PANAMERICANAS AUTOPISTA RAMIRO PRIALE 7.6            LURIGANCHO","ACCIDENTE VEHICULAR","M138-1, M96-1, MED-96",,
2016-049128,14-08-2016,"07:56:42 p.m.","CAMPO DE MARTE               JESUS MARIA","EMERGENCIA MEDICA","M202-1, MED-202",,
2016-049127,14-08-2016,"07:54:00 p.m.","  AV. PAUL POBLET LIND 000        PACHACAMAC",INCENDIO,"M106-1, M160-1",-12.1587664448627,-76.854058265057
2016-049126,14-08-2016,"07:48:35 p.m.","  CL. PANCHO FIERRO 3571       LOS OLIVOS","MATERIALES PELIGROSOS (INCIDENTE)","AMB-168, M65-1",-11.9933271791799,-77.0658167400165
2016-049125,14-08-2016,"07:47:41 p.m.","AV GRAU CAMINO A PARCONA            ICA","EMERGENCIA MEDICA",RES-193,,
2016-049124,14-08-2016,"07:41:09 p.m.",,"EMERGENCIA MEDICA",RES-193,,
2016-049123,14-08-2016,"07:40:30 p.m.","AV. 9 DE DICIEMBRE (PASEO COLON) CRUCE CON PL. MIGUEL GRAU LIMA            LIMA","ACCIDENTE VEHICULAR","AMB-14, M3-1, RES-14",,
2016-049122,14-08-2016,"07:26:49 p.m.","URB CONFRATERNIDAD MZ A LOTE 20            ","EMERGENCIA MEDICA",MATPEL171,,
2016-049121,14-08-2016,"07:24:56 p.m.","CL SAN MARTIN CRUCE SANTA ROSA             SAN JUAN DE LURIGANCHO","ACCIDENTE VEHICULAR",M121-1,,
2016-049120,14-08-2016,"07:22:36 p.m.","  CL. LOS CONDORES 147        BELLAVISTA","EMERGENCIA MEDICA",AMB-60,-12.0563752155858,-77.0972359993709
2016-049119,14-08-2016,"07:20:07 p.m.","AV. ABANCAY CRUCE CON JR. UCAYALI LIMA            LIMA","EMERGENCIA MEDICA","AMB-2, M2-1",-12.049744323877,-77.0277851456967
2016-049118,14-08-2016,"07:18:51 p.m.","PSJE 28 DE JULIO  CRUCE JR AREQUIPA            CHILCA",INCENDIO,M133-1,,
2016-049117,14-08-2016,"07:18:30 p.m.","LOS GIRASOLES             ","ACCIDENTE VEHICULAR","AMB-183, RES-49",,
2016-049116,14-08-2016,"07:12:06 p.m.","  JR. MONTEZUMA 940        CALLAO","EMERGENCIA MEDICA","AMB-183, RES-49",-12.058801647125,-77.137850605493
2016-049115,14-08-2016,"07:02:49 p.m.","AV. LAS  AMERICAS            PISCO",INCENDIO,CIST-37,,
2016-049114,14-08-2016,"06:45:58 p.m.","  AV. JAVIER PRADO ESTE 5700       LA MOLINA","ACCIDENTE VEHICULAR","M127-1, M96-1, MED-96",-12.0729184237179,-76.9590628621585
2016-049113,14-08-2016,"06:40:16 p.m.","  AV. GENERAL MANUEL DE MENDIBURU  DTO     301 1162       MIRAFLORES","EMERGENCIA MEDICA",AMB-28,-12.1108853898661,-77.0492715732732
2016-049112,14-08-2016,"06:39:55 p.m.","PR. TACNA CRUCE CON AV. CORONEL SAMUEL ALCAZAR RIMAC            RIMAC","EMERGENCIA MEDICA",AMB-14,-12.0319354842655,-77.0278815308142
2016-049111,14-08-2016,"06:35:22 p.m.","  AV. UNIVERSITARIA 200        ","EMERGENCIA MEDICA",AMB-164,-11.898101794924,-77.0380092754997
2016-049110,14-08-2016,"06:31:35 p.m.","AA.HH MANCHAY  BAJO LT B 000        ",INCENDIO,M160-1,-12.1231500553055,-76.8747765429228
2016-049109,14-08-2016,"06:28:30 p.m.","  CL. JOSE OLAYA 382        BELLAVISTA","SERVICIO ESPECIAL",RES-15,-12.0651585198153,-77.1305768422852
2016-049108,14-08-2016,"06:27:54 p.m.",,"EMERGENCIA MEDICA",AMB-65-2,-12.0318883741932,-77.0540035802897
2016-049107,14-08-2016,"06:16:58 p.m.","AV. MARISCAL RAMON CASTILLA (LOS TALLANES) CRUCE CON AV. AYACUCHO (HOJA REDONDA) SANTIAGO DE SURCO            SANTIAGO DE SURCO","EMERGENCIA MEDICA",AMB-6,-12.1395507035491,-76.999505589878
2016-049106,14-08-2016,"06:10:05 p.m.","PR. PEDRO MIOTTA CRUCE CON AV. RAMON VARGAS MACHUCA SAN JUAN DE MIRAFLORES            SAN JUAN DE MIRAFLORES","EMERGENCIA MEDICA",AMB-120,-12.1665853618771,-76.9780542873021
2016-049105,14-08-2016,"06:00:19 p.m.","CL. FEDERICO VILLARREAL CRUCE CON CL. LA HABANA SAN ISIDRO            SAN ISIDRO","EMERGENCIA MEDICA","AMB-28, M28-1, RES-100",-12.0994358662299,-77.0306355787135
2016-049104,14-08-2016,"05:59:04 p.m.","  CL. LOPEZ DE AYALA 1185       SAN BORJA","EMERGENCIA MEDICA",AMB-11,-12.0951657501461,-77.0021171335541
2016-049103,14-08-2016,"05:56:26 p.m.","  AV. CAMINO REAL 111        SAN ISIDRO","EMERGENCIA MEDICA",AMB-11,,
2016-049102,14-08-2016,"05:50:35 p.m.","HUACA LECHUZA ALT DEL PARQUE FATIMA            ",RESCATE,M6-1,,
2016-049101,14-08-2016,"05:42:49 p.m.","  AV. 28 DE JULIO 2838       LA VICTORIA","EMERGENCIA MEDICA",AMB-2,-12.0610704966898,-77.0123918191106
2016-049100,14-08-2016,"05:34:47 p.m.","  CL. LOS INDUSTRIALES 206        LA MOLINA","EMERGENCIA MEDICA",AMB-127,-12.0640868360573,-76.9560697064487
2016-049099,14-08-2016,"05:13:12 p.m.","CL. MANUEL PINO 800        LIMA",INCENDIO,AMB-127,-12.0777773071177,-77.0291926889948
2016-049098,14-08-2016,"05:10:14 p.m.","AV. ANDRES TINOCO (8) CRUCE CON AV. CAMINOS DEL INCA SANTIAGO DE SURCO            ","EMERGENCIA MEDICA",AMB-127,-12.1434033006724,-76.9852084771407
2016-049097,14-08-2016,"05:10:08 p.m.",,"MATERIALES PELIGROSOS (INCIDENTE)","AMB-14, M14-1",-12.0621663446081,-77.0494845840837
2016-049096,14-08-2016,"05:08:43 p.m.","  AV. SANTA ROSA 328        ATE","EMERGENCIA MEDICA",MED-96,-12.0175627410711,-76.8809615752369
2016-049095,14-08-2016,"05:07:22 p.m.","  JR. LEONCIO PRADO (CAPITAN DE NAVIO ULISES DELBOY) 375        MAGDALENA DEL MAR","EMERGENCIA MEDICA",MED-202,-12.0951568640093,-77.0740540649637
2016-049094,14-08-2016,"05:04:18 p.m.","  CL. ACAPULCO 400        LA MOLINA",INCENDIO,M96-1,-12.0810912893676,-76.9059205736389
2016-049093,14-08-2016,"05:02:09 p.m.","  AV. MANCO CAPAC 281        LA VICTORIA",RESCATE,M10-1,-12.0611988215721,-77.0296355923714
2016-049092,14-08-2016,"05:01:52 p.m.","MALECOPN LA CHIRANA            LA TINGUINA",INCENDIO,M193-1,,
2016-049091,14-08-2016,"04:59:41 p.m.","  AV. AYACUCHO (HOJA REDONDA) 800        SANTIAGO DE SURCO",INCENDIO,"AMB-6, M11-1, M134-1, M28-1",-12.1372026331837,-76.9989558174234
2016-049090,14-08-2016,"04:51:36 p.m.","CARRETERAS - PANAMERICANAS CARRETERA CENTRAL 12            ATE","EMERGENCIA MEDICA",AMB-115-2,-12.0117525366435,-76.8764780427637
2016-049089,14-08-2016,"04:34:19 p.m.","  CL. HERMANOS CATARI 155        ","EMERGENCIA MEDICA",MED-202,-12.0772863393762,-77.0957292354543
2016-049088,14-08-2016,"04:30:21 p.m.","  CL. JUAN DEL MAR BERMEDO 1369       LIMA","EMERGENCIA MEDICA",AMB-36,-12.0619081661335,-77.0599078892659
2016-049087,14-08-2016,"04:12:07 p.m.","CARRETERAS - PANAMERICANAS PANAMERICANA SUR 28            LURIN","ACCIDENTE VEHICULAR","AMB-6, M129-1, M155-1, RES-160",-12.2664374110484,-76.9053543785826
2016-049086,14-08-2016,"04:01:45 p.m.","  CL. PIETRO TORRIGIANO (22) 486        SAN BORJA","EMERGENCIA MEDICA",AMB-11,-12.1008653863355,-77.0111050192309
2016-049085,14-08-2016,"03:59:57 p.m.","  JR. MARISCAL RAMON CASTILLA 238        CALLAO","MATERIALES PELIGROSOS (INCIDENTE)","M1-1, MED-34",-12.0601712810014,-77.1449712782328
2016-049084,14-08-2016,"03:55:32 p.m.","  AV. AVIACION 3200       SAN BORJA","EMERGENCIA MEDICA","M1-1, MED-34",-12.1026169524539,-77.001358849601
2016-049083,14-08-2016,"03:54:38 p.m.","PARQUE SAN ANTONIO             ","EMERGENCIA MEDICA",AMB-44,,
2016-049082,14-08-2016,"03:42:32 p.m.","  AV. SUCRE (INDEPENDENCIA) 982        MAGDALENA DEL MAR","EMERGENCIA MEDICA",AMB-44,-12.0898018495691,-77.0697255806554
2016-049081,14-08-2016,"03:26:58 p.m.","JOSE SANTOS CHOCANO MZ D LOTE 6            LA MOLINA","EMERGENCIA MEDICA","M96-1, MED-96",,
2016-049080,14-08-2016,"03:06:27 p.m.","CARRETERAS - PANAMERICANAS CARRETERA CENTRAL 2.5            ATE","EMERGENCIA MEDICA","M96-1, MED-96",-12.0495735901968,-76.9523697233845
2016-049079,14-08-2016,"02:48:14 p.m.","AG. RISSO   F300            LINCE","EMERGENCIA MEDICA","M96-1, MED-96",-12.0873485128349,-77.0468312316221
2016-049078,14-08-2016,"02:42:30 p.m.","AH. HEROES DEL PACIFICO MZ C  LOTE 3            ","MATERIALES PELIGROSOS (INCIDENTE)","AMB-6, M13-1, M134-1, M28-1",-12.1892360117169,-77.0178493120695
2016-049077,14-08-2016,"02:37:45 p.m.","ESTADIO DE CHANCAY              CHANCAY","SERVICIO ESPECIAL",MED-80,,
2016-049076,14-08-2016,"02:37:19 p.m.","CL LAS DALIAS CDRA 2            ","EMERGENCIA MEDICA",AMB-44,,
2016-049075,14-08-2016,"02:20:53 p.m.","  CL. ANDARAPA (TIAHUANACO) (5) 100        SANTA ANITA",INCENDIO,M138-1,-12.0379666402724,-76.9705753809613
2016-049074,14-08-2016,"02:18:01 p.m.","  CL. B 240        CALLAO","EMERGENCIA MEDICA",MED-34,-12.0543465651152,-77.1104098379714
2016-049073,14-08-2016,"02:16:29 p.m.","  AV. HUSARES DE JUNIN 1269       JESUS MARIA","EMERGENCIA MEDICA",MED-34,,
2016-049072,14-08-2016,"02:11:11 p.m.","  JR. ANTONIO OLIVERA (ICA) 406        CHORRILLOS","EMERGENCIA MEDICA",AMB-6,-12.170038280518,-77.0292660096105
2016-049071,14-08-2016,"02:11:11 p.m.","SALUD ESSALUD MONGRUTT            SAN MIGUEL","EMERGENCIA MEDICA",AMB-83,-12.0658803794346,-77.0946578156062
2016-049070,14-08-2016,"01:59:47 p.m.","  AV. SAN FELIPE 620        JESUS MARIA","EMERGENCIA MEDICA",AMB-83,-12.0829119460857,-77.0513089095253
2016-049069,14-08-2016,"01:57:23 p.m.","  AV. CAMINO REAL (ENTRADA RIO CHILLON) 000        CARABAYLLO",INCENDIO,"AMB-161, AMB-164, ARFF-9, CIS-IV, CIST-184, CIST-V, CIST25CD1, M124-1, M150-1, M161-1, M164-1, M65-1, M9-5",,
2016-049068,14-08-2016,"01:48:01 p.m.","EL COMERCIO 200        PACHACAMAC","EMERGENCIA MEDICA",AMB-106,,
2016-049067,14-08-2016,"01:44:16 p.m.","CL. HERCULES CRUCE CON AV. EL SOL SANTIAGO DE SURCO            SANTIAGO DE SURCO","EMERGENCIA MEDICA",AMB-28,-12.1472691222993,-76.9906506463568
2016-049066,14-08-2016,"01:36:15 p.m.","  JR. VILCAHUAURA 478        SAN MIGUEL","EMERGENCIA MEDICA",AMB-83,-12.0783094113219,-77.1039534516923
2016-049065,14-08-2016,"01:33:54 p.m.","  AV. SAN MARTIN DE PORRES 409        ATE","EMERGENCIA MEDICA",AMB-83,-12.0193277819015,-76.8867765309695
2016-049064,14-08-2016,"01:28:28 p.m.","AV. CENTRAL CRUCE CON AV. HUANDOY LOS OLIVOS            LOS OLIVOS","MATERIALES PELIGROSOS (INCIDENTE)",M124-1,-11.959428052184,-77.0760789544818
2016-049063,14-08-2016,"01:26:31 p.m.","ESTADIO ALIANZA            LA VICTORIA","SERVICIO ESPECIAL",AMB-8,,
2016-049062,14-08-2016,"01:15:32 p.m.","CARRETERA A HUANCAYO SECTOR TOTORILLAS            HUANTA","ACCIDENTE VEHICULAR",MED-63,,
2016-049061,14-08-2016,"01:15:18 p.m.","AUCALLAMA            AUCALLAMA","EMERGENCIA MEDICA",AMB-44,,
2016-049060,14-08-2016,"01:11:56 p.m.","CP. LAS TORRES DE ZAPALLAL E2            PUENTE PIEDRA","EMERGENCIA MEDICA",AMB-44,-11.8390712477977,-77.0955931757767
2016-049059,14-08-2016,"12:58:11 p.m.","  JR. TARATA 214        LIMA","EMERGENCIA MEDICA","AMB-176, AMB-4",-12.0567608124898,-77.0208995635178
2016-049058,14-08-2016,"12:57:25 p.m.","  JR. URUGUAY 260        CALLAO","EMERGENCIA MEDICA",AMB-2,-12.055806645727,-77.1414765270574
2016-049057,14-08-2016,"12:47:26 p.m.",,"EMERGENCIA MEDICA",AMB-65-2,-12.0367029664803,-77.0660124842169
2016-049056,14-08-2016,"12:43:48 p.m.","CO. PABLO PATRON            LURIGANCHO",RESCATE,AUX-32,,
2016-049055,14-08-2016,"12:38:56 p.m.",,"EMERGENCIA MEDICA",AMB-10,,
2016-049054,14-08-2016,"12:37:17 p.m.","CL. MZ E LT 6 AS VILLA  RICA            CHACLACAYO","EMERGENCIA MEDICA",AMB-10,,
2016-049053,14-08-2016,"12:33:02 p.m.","  AV. INDUSTRIAL 3674       INDEPENDENCIA","EMERGENCIA MEDICA",AMB-168,-11.9917069901347,-77.0594149495497
2016-049052,14-08-2016,"12:31:59 p.m.","CL.  VIZCARRA            CHANCAY","EMERGENCIA MEDICA",MED-80,,
2016-049051,14-08-2016,"12:22:19 p.m.","AV. EL SOL CRUCE CON AV. ARIOSTO MATELLINI CHORRILLOS            CHORRILLOS","EMERGENCIA MEDICA",AMB-6,-12.1733903758319,-77.0046140888504
2016-049050,14-08-2016,"12:21:46 p.m.","  AV. UNIVERSITARIA (BAQUIJANO Y CARRILLO) 433        LIMA","EMERGENCIA MEDICA","AMB-10, AMB-83",-12.0409464190018,-77.0772412539169
2016-049049,14-08-2016,"12:13:01 p.m.","  AV. CAMINOS DEL INCA 2100       SANTIAGO DE SURCO","MATERIALES PELIGROSOS (INCIDENTE)",M134-1,-12.1321955986862,-76.9827592779834
2016-049048,14-08-2016,"12:10:53 p.m.","  CL. VICTOR MANTILLA (SANTA INES) 554        SURQUILLO","EMERGENCIA MEDICA",AMB-4,-12.1151048222882,-77.01775059968
2016-049047,14-08-2016,"12:08:26 p.m.","LA PUNTA MZ 3X LT 5             LA MOLINA","EMERGENCIA MEDICA",AMB-4,,
2016-049046,14-08-2016,"12:04:19 p.m.","  AV. SANTA CRUZ 669        SAN ISIDRO","EMERGENCIA MEDICA",AMB-28,-12.1089761645289,-77.0359634917191
2016-049045,14-08-2016,"11:56:59 a.m.","  AV. UNIVERSITARIA (RAMON HERRERA) 479        LIMA","EMERGENCIA MEDICA",AMB-83,-12.0537173440029,-77.0794283276781
2016-049044,14-08-2016,"11:54:31 a.m.","KM 19  TUPAC AMARU            CARABAYLLO",INCENDIO,M164-1,,
2016-049043,14-08-2016,"11:47:03 a.m.","RELIGIOSO PARROQUIA MARIA AUXILIADORA            LA PERLA","EMERGENCIA MEDICA",AMB-7,-12.0678796165446,-77.1121693573425
2016-049042,14-08-2016,"11:39:08 a.m.","AV. SEPARADORA B (2) 000        SANTA ANITA","EMERGENCIA MEDICA",AMB-127,-12.0397644792054,-76.9489402209795
2016-049041,14-08-2016,"11:24:36 a.m.","  JR. RAMON ESPINOZA 495        RIMAC","EMERGENCIA MEDICA",AMB-65-2,-12.035441336532,-77.0395315761551
2016-049040,14-08-2016,"11:24:14 a.m.",,"SERVICIO ESPECIAL",AUX-4,-12.1073149677603,-77.0070905053217
2016-049039,14-08-2016,"11:21:19 a.m.","CA. CARRETERA CENTRAL KM 34            LURIGANCHO","EMERGENCIA MEDICA",AUX-4,,
2016-049038,14-08-2016,"11:20:58 a.m.","ORQUIDEAS            ICA","EMERGENCIA MEDICA",AMB-22,,
2016-049037,14-08-2016,"11:18:58 a.m.","CL. SAN CARLOS CRUCE CL. MAURTUA            ICA","ACCIDENTE VEHICULAR","M22-1, RES-193",,
2016-049036,14-08-2016,"11:17:26 a.m.","B.11            SAN BORJA","SERVICIO ESPECIAL","AMB-2, AUX-4, M2-1, M3-1, RESLIG-4",,
2016-049035,14-08-2016,"11:11:32 a.m.","AV. PALERMO CRUCE CON AV. CANADA LA VICTORIA            LA VICTORIA","EMERGENCIA MEDICA",AMB-10,-12.0816708115722,-77.023299559154
2016-049034,14-08-2016,"11:04:22 a.m.",,"EMERGENCIA MEDICA",AMB-10,-11.9964513421809,-77.0544784795289
2016-049033,14-08-2016,"11:02:37 a.m.","  CL. LAS CAMPANILLAS (C) 243        ATE","EMERGENCIA MEDICA",AMB-10,-12.0754152334692,-76.9762645520645
2016-049032,14-08-2016,"11:00:00 a.m.","  AV. ARICA 2500       LIMA","EMERGENCIA MEDICA",AMB-14,-12.0525537113054,-77.0664640566424
2016-049031,14-08-2016,"10:59:10 a.m.","JORGE CHAVEZ CRUCE BOLOGNESI            HUARAL","EMERGENCIA MEDICA",AMB-44,,
2016-049030,14-08-2016,"10:57:22 a.m.","OVALO EL CARMELO             ICA","EMERGENCIA MEDICA",AMB-44,,
2016-049029,14-08-2016,"10:51:20 a.m.","  JR. VERROCCHIO 219        ","EMERGENCIA MEDICA",AMB-4,-12.0885909676052,-76.9901507624452
2016-049028,14-08-2016,"10:49:03 a.m.","  AV. BRASIL 1800       PUEBLO LIBRE","EMERGENCIA MEDICA",AMB-83,-12.0773545081575,-77.0558140097265
2016-049027,14-08-2016,"10:47:16 a.m.","AV. ABANCAY CRUCE CON JR. ANCASH LIMA            LIMA","ACCIDENTE VEHICULAR","M10-1, M2-1",-12.0466222701268,-77.0261580857292
2016-049026,14-08-2016,"10:47:15 a.m.",,"EMERGENCIA MEDICA",AMB-168,-11.9717918955786,-77.069231437296
2016-049025,14-08-2016,"10:45:56 a.m.","AS. VECINAL AGROPECUARIA  ARTESANAL VALLE EL TRIUNFO             LURIGANCHO","EMERGENCIA MEDICA","AMB-169, ESC-121, M138-1",-11.9852414183035,-76.9498945150552
2016-049024,14-08-2016,"10:43:11 a.m.","  JR. UCAYALI 744        LIMA","EMERGENCIA MEDICA",AMB-10,-12.0512809687203,-77.0252224024952
2016-049023,14-08-2016,"10:34:56 a.m.","  CL. EL CEREZO (3) 219        SURQUILLO","MATERIALES PELIGROSOS (INCIDENTE)",M28-1,-12.1168253395687,-77.0035506059331
2016-049022,14-08-2016,"10:31:24 a.m.",,"EMERGENCIA MEDICA",AMB-14,-12.0553060642196,-77.0510135586905
2016-049021,14-08-2016,"10:19:47 a.m.","  AV. EL SOL 100        CHORRILLOS","EMERGENCIA MEDICA",AMB-6,-12.1700601830145,-77.0070804011606
2016-049020,14-08-2016,"10:13:31 a.m.","  PJ. SANTA JUSTINA (HUERTECILLO) 100        SAN MIGUEL","EMERGENCIA MEDICA",AMB-83,-12.0830149256242,-77.0752915924865
2016-049019,14-08-2016,"10:12:56 a.m.","  CL. CUSCO 145        LA PERLA","EMERGENCIA MEDICA",AMB-7,-12.0709146540079,-77.1158109818531
2016-049018,14-08-2016,"10:01:14 a.m.",,"EMERGENCIA MEDICA",MED-80,,
2016-049017,14-08-2016,"10:00:09 a.m.","AV. PANAMERICANA NORTE CRUCE CON AV. TOMAS VALLE INDEPENDENCIA            INDEPENDENCIA","ACCIDENTE VEHICULAR","AMB-161, M161-1, M65-1",-12.0077371993847,-77.0612868007185
2016-049016,14-08-2016,"09:59:00 a.m.",,"SERVICIO ESPECIAL",AMB-161,-11.9428243918849,-77.0622787487912
2016-049015,14-08-2016,"09:51:09 a.m.","  AV. SANTA BERNARDITA 160        LIMA","EMERGENCIA MEDICA",AMB-14,-12.0602152177777,-77.0753246022588
2016-049014,14-08-2016,"09:48:08 a.m.","PAN SUR ANTIGUA KM 36            LURIN","SERVICIO ESPECIAL","AMB-129, M129-1",,
2016-049013,14-08-2016,"09:47:47 a.m.","  AV. JOHN F. KENNEDY 900        VILLA MARIA DEL TRIUNFO","EMERGENCIA MEDICA",AMB-155,-12.1674883278329,-76.9394525309989
2016-049012,14-08-2016,"09:37:00 a.m.","  AV. MARISCAL ANDRES DE SANTA CRUZ 383        SAN LUIS","EMERGENCIA MEDICA",AMB-127,-12.0717868146292,-76.9897705724725
2016-049011,14-08-2016,"09:33:56 a.m.","CL. SAN JOSE CRUCE JR  IQUITOS            LURIGANCHO","EMERGENCIA MEDICA","AUX-32, MED32",,
2016-049010,14-08-2016,"09:23:46 a.m.",,"EMERGENCIA MEDICA",AMB-11,-12.1404070103854,-76.9977951053476
2016-049009,14-08-2016,"09:22:56 a.m.","  AV. PACHACUTEC (LOS HEROES) 100        SAN JUAN DE MIRAFLORES","EMERGENCIA MEDICA",AMB-11,-12.1507732846161,-76.9791605742365
2016-049008,14-08-2016,"09:05:56 a.m.","CL. MARGARITA  136        LA MOLINA",RESCATE,M96-1,,
2016-049007,14-08-2016,"08:52:37 a.m.","PALPA            ICA","EMERGENCIA MEDICA",MED-200,,
2016-049006,14-08-2016,"08:45:27 a.m.",,"EMERGENCIA MEDICA",AMB-14,-12.0526893383584,-77.0476751032541
2016-049005,14-08-2016,"08:40:09 a.m.","  CL. PUERTO BELEN 145        SAN LUIS","EMERGENCIA MEDICA",AMB-8,-12.0746633069438,-77.0066413656962
2016-049004,14-08-2016,"08:37:13 a.m.","AV. TACNA CRUCE CON JR. MOQUEGUA (MALAMBITO) LIMA            LIMA","EMERGENCIA MEDICA",AMB-10,-12.04730491892,-77.0382626824672
2016-049003,14-08-2016,"08:21:27 a.m.","  CL. PATOS 100        PACHACAMAC","EMERGENCIA MEDICA",AMB-10,,
2016-049002,14-08-2016,"08:00:07 a.m.","B-221            ASIA","SERVICIO ESPECIAL",M16-1,,
2016-049001,14-08-2016,"08:00:06 a.m.","  AV. GERMAN AGUIRRE UGARTE 700        SAN MARTIN DE PORRES","EMERGENCIA MEDICA",AMB-161,-12.0164730154126,-77.0725602428382
2016-049000,14-08-2016,"07:48:23 a.m.","  AV. REVOLUCION (ANDRES BELAUNDE) 2300       COMAS","EMERGENCIA MEDICA",AMB-168,-11.9133013038775,-77.0192006045285
2016-048999,14-08-2016,"07:43:49 a.m.","  CL. EDUARDO TERRY 1564       LIMA","EMERGENCIA MEDICA",AMB-14,-12.043610099917,-77.0619940245881
2016-048998,14-08-2016,"07:03:14 a.m.","AV. UNIVERSITARIA NORTE CRUCE CON AV. NARANJAL LOS OLIVOS            LOS OLIVOS","ACCIDENTE VEHICULAR","AMB-168, M161-1, M9-1",-11.9779986641284,-77.0778391322062
2016-048997,14-08-2016,"06:43:17 a.m.","  JR. DANIEL HERNANDEZ 705        PUEBLO LIBRE","EMERGENCIA MEDICA","AMB-168, M161-1, M9-1",-12.0748682371866,-77.0685177668623
2016-048996,14-08-2016,"06:34:43 a.m.","  CL. FELIPE PARDO 100        BARRANCO","EMERGENCIA MEDICA",AMB-6,-12.1472943441055,-77.0202645637518
2016-048995,14-08-2016,"06:25:49 a.m.","URB.   BAUTISTA              HUARAL","EMERGENCIA MEDICA",AMB-44,,
2016-048994,14-08-2016,"06:03:36 a.m.","CL. A 400        SAN ISIDRO","EMERGENCIA MEDICA",AMB-83,-12.1056778208966,-77.0589219543553
2016-048993,14-08-2016,"06:02:04 a.m.","  AV. BOLIVAR 300        PUEBLO LIBRE","ACCIDENTE VEHICULAR","AMB-14, M202-1, M36-1",-12.073093742299,-77.0562182759152
2016-048992,14-08-2016,"05:50:52 a.m.","  AV. ANGELICA GAMARRA 1500       LOS OLIVOS","EMERGENCIA MEDICA",AMB-161,-12.0062320661821,-77.0781946662403
2016-048991,14-08-2016,"05:40:05 a.m.","  AV. RAMON VARGAS MACHUCA 638        SAN JUAN DE MIRAFLORES",INCENDIO,M120-1,-12.1648154106383,-76.9705268943508
2016-048990,14-08-2016,"05:37:21 a.m.","  JR. LOS JAZMINES 168        LINCE","MATERIALES PELIGROSOS (INCIDENTE)","AMB-4, M4-1",-12.0900120478147,-77.0289508332115
2016-048989,14-08-2016,"05:28:22 a.m.","  AV. LAS GAVIOTAS 1000       CHORRILLOS","EMERGENCIA MEDICA",AMB-6,-12.1675259648999,-76.9983846781474
2016-048988,14-08-2016,"05:26:10 a.m.","  BA. QUEBRADA ARMENDARIZ 000        MIRAFLORES","ACCIDENTE VEHICULAR","AMB-28, AUX-16, M100-1",-12.1359011809237,-77.0250168721795
2016-048987,14-08-2016,"05:16:48 a.m.","CL. VILLA LIBERTAD  CRUCE SAN ALBERTO            LOS OLIVOS","EMERGENCIA MEDICA",AMB-161,-12.0090328950842,-77.0787201789718
2016-048986,14-08-2016,"04:25:10 a.m.","AV. PANAMERICANA NORTE (ALFREDO MENDIOLA) CRUCE CON AV. JAVIER LUNA PIZARRO SAN MARTIN DE PORRES            SAN MARTIN DE PORRES","EMERGENCIA MEDICA",AMB-161,-12.0234345761592,-77.0591627125514
2016-048985,14-08-2016,"04:20:05 a.m.","  JR. ALBERTO SAMAME DAVILA 300        ","EMERGENCIA MEDICA",AMB-161,-12.1386739409672,-77.0114363766643
2016-048984,14-08-2016,"04:13:40 a.m.","  JR. GERMAN CARRASCO 1942       LIMA","EMERGENCIA MEDICA",AMB-14,-12.0626718080609,-77.0608484517658
2016-048983,14-08-2016,"04:12:34 a.m.","  AV. CORONEL JOSE LEAL 1154       LINCE","EMERGENCIA MEDICA",MED-202,-12.0860331045324,-77.0442848803346
2016-048982,14-08-2016,"04:07:11 a.m.","  JR. COSTA AZUL 100        CHORRILLOS","EMERGENCIA MEDICA",AMB-6,-12.1741073289987,-77.015694563099
2016-048981,14-08-2016,"03:24:47 a.m.","  AV. DE LOS PRECURSORES  URB.  MARANGA   660        SAN MIGUEL","EMERGENCIA MEDICA",AMB-60,-12.0695503416905,-77.0948605251038
2016-048980,14-08-2016,"03:01:42 a.m.","  JR. LEONCIO PRADO (CAPITAN DE NAVIO ULISES DELBOY) 800        MAGDALENA DEL MAR","EMERGENCIA MEDICA",AMB-83,-12.0904708155825,-77.0723465906671
2016-048979,14-08-2016,"02:33:19 a.m.","DISTRITO  DE  ANDRES  AVELINO  CACERES              AYACUCHO","ACCIDENTE VEHICULAR",MED-63,,
2016-048978,14-08-2016,"02:32:27 a.m.","  JR. MIGUEL ALJOVIN 355        LIMA","EMERGENCIA MEDICA",MED-63,,
2016-048977,14-08-2016,"02:27:21 a.m.","AV. NARANJAL CRUCE CON AV. TUPAC AMARU (GERARDO UNGER) INDEPENDENCIA            INDEPENDENCIA","ACCIDENTE VEHICULAR","AMB-168, M124-1, M65-1",-11.9768305165061,-77.0601558686745
2016-048976,14-08-2016,"02:12:31 a.m.","AH. JAVIER PEREZ DE CUELLAR  MZ. B            SAN JUAN DE LURIGANCHO",INCENDIO,"ESC-121, M121-1, M2-1",-11.9556762854107,-76.9753022365898
2016-048975,14-08-2016,"01:58:53 a.m.","  JR. PACHACUTEC 1219       JESUS MARIA","EMERGENCIA MEDICA",MED-202,-12.0744521229438,-77.0450157844182
2016-048974,14-08-2016,"01:44:39 a.m.","  CL. LAS PERDICES 200        SANTA ANITA","EMERGENCIA MEDICA",AMB-127,-12.0534746700037,-76.9645284732541
2016-048973,14-08-2016,"01:37:50 a.m.","  AV. COSTA VERDE 000        BARRANCO","EMERGENCIA MEDICA",AMB-16,-12.1506550896339,-77.0244703105756
2016-048972,14-08-2016,"01:24:19 a.m.","  CL. MONTE CIPRECES MAZ Q LOTE 4  300        SANTIAGO DE SURCO","EMERGENCIA MEDICA",AMB-11,-12.1365704327849,-76.9845379249368
2016-048971,14-08-2016,"01:22:40 a.m.","  CL. LONDRES    URB. RES.    CALLAO     141        SAN MIGUEL","EMERGENCIA MEDICA",AMB-60,-12.0649767858633,-77.0957321093119
2016-048970,14-08-2016,"12:54:42 a.m.","  AV. AURELIO GARCIA Y GARCIA 1381       LIMA","EMERGENCIA MEDICA",AMB-60,-12.0533942222724,-77.0744085597908
2016-048969,14-08-2016,"12:47:04 a.m.","CL. 20 MZ 11 SANTA ROSA             ANCON","EMERGENCIA MEDICA",MED-163,,
2016-048968,14-08-2016,"12:34:43 a.m.","OVALO CARMELO             ICA","ACCIDENTE VEHICULAR","AMB-22, M22-1, MATPEL171",,
2016-048967,14-08-2016,"12:32:05 a.m.",,"EMERGENCIA MEDICA",MED-34,-12.0607871425732,-77.1420560652954
2016-048966,14-08-2016,"12:31:15 a.m.","CL. SAN DIEGO 285        SURQUILLO","EMERGENCIA MEDICA",MED-34,,
2016-048965,14-08-2016,"12:29:44 a.m.","AA.HH   SANTO   DOMINGO              LURIGANCHO","EMERGENCIA MEDICA",MED-34,,
2016-048964,14-08-2016,"12:27:31 a.m.","AV. VIA DE EVITAMIENTO CRUCE CON AV. HERMES ATE - VITARTE            ATE","EMERGENCIA MEDICA",AMB-127,-12.0723494382132,-76.9739041173725
2016-048963,14-08-2016,"12:07:08 a.m.","  JR. DOMEYER 200        BARRANCO","MATERIALES PELIGROSOS (INCIDENTE)","AMB-16, AMB-6, M16-1",-12.1478993820791,-77.0226430510289
2016-048962,14-08-2016,"12:04:07 a.m.","AV. UNIVERSITARIA CRUCE CON AV. SAN CARLOS COMAS            COMAS","EMERGENCIA MEDICA",AMB-161,-11.9062078250477,-77.0430675828795
