ID,FECHA,HORA,DIRECCION,TIPO,UNIDADES,"CORDENADAS (lat)","CORDENADAS (lng)"
2016-011532,18-02-2016,"11:54:53 p.m.","AV CUTERVO  300        ICA","EMERGENCIA MEDICA",AMB-22,,
2016-011531,18-02-2016,"11:44:03 p.m.",,RESCATE,M138-1,,
2016-011530,18-02-2016,"11:43:22 p.m.","AV. ARGENTINA 5300       CARMEN DE LA LEGUA REYNOS","EMERGENCIA MEDICA",AMB-60,,
2016-011529,18-02-2016,"11:37:19 p.m.","  JR. LOS ALISIOS 120        LA VICTORIA",RESCATE,RESLIG-4,-12.0805997954638,-77.0095660420977
2016-011528,18-02-2016,"11:29:59 p.m.","  AV. SANTA GERTRUDIS 305        LIMA","EMERGENCIA MEDICA",AMB-36,-12.0643447333506,-77.0736415443117
2016-011527,18-02-2016,"11:28:44 p.m.","  JR. ELEAZAR GUZMAN Y BARRON 2560       LIMA","EMERGENCIA MEDICA",AMB-14,-12.0552371793908,-77.0683796451132
2016-011526,18-02-2016,"11:05:33 p.m.","  JR. CORONEL FRANCISCO BOLOGNESI 800        SAN MIGUEL","EMERGENCIA MEDICA",AMB-83,-12.0853276710129,-77.077920152425
2016-011525,18-02-2016,"11:02:14 p.m.","  CL. MANUEL PIMENTEL JIMENEZ 2000       LIMA","EMERGENCIA MEDICA",AMB-65,-12.0374756793655,-77.0685443282633
2016-011524,18-02-2016,"10:39:20 p.m.","COLOMBIA  125        PUEBLO LIBRE","SERVICIO ESPECIAL",RESLIG-36,,
2016-011523,18-02-2016,"10:38:33 p.m.","CL. DULIO POGGI (22) 700        LA PERLA",RESCATE,RES-15,-12.0750555308554,-77.1120980019327
2016-011522,18-02-2016,"10:32:37 p.m.","AH. MORON JOVEN (VIRGEN DE FATIMA DE MORON CHICO) MZ   E  1              CHACLACAYO","EMERGENCIA MEDICA",AMB-115,-11.9843091238612,-76.8073978477074
2016-011521,18-02-2016,"10:28:37 p.m.","  JR. TOMASAL (ATACAPU) 678        SANTIAGO DE SURCO","EMERGENCIA MEDICA",AMB134-2,-12.1135857667345,-76.9687453711094
2016-011520,18-02-2016,"10:27:20 p.m.","SUCRE 829        PUEBLO LIBRE","EMERGENCIA MEDICA",AMB-36,,
2016-011519,18-02-2016,"10:26:04 p.m.","  JR. HUIRACOCHA 1501       JESUS MARIA","EMERGENCIA MEDICA",AMB-14,-12.077997076752,-77.0491522676104
2016-011518,18-02-2016,"10:09:34 p.m.","  CL. MANUEL MESONES MURO 125        SAN MIGUEL","EMERGENCIA MEDICA",AMB-7,-12.079490873552,-77.0987675671887
2016-011517,18-02-2016,"10:09:05 p.m.","  CL. JUAN ANTONIO RIBEYRO 160        JESUS MARIA","EMERGENCIA MEDICA","AMB-14, SAMU-10",-12.0667303256168,-77.0459126248875
2016-011516,18-02-2016,"10:02:36 p.m.","  AV. AREQUIPA 600        LIMA","EMERGENCIA MEDICA",AMB-4,-12.0708298028602,-77.0365909707996
2016-011515,18-02-2016,"09:58:15 p.m.","  JR. VICTOR LARCO HERRERA 401        MAGDALENA DEL MAR","MATERIALES PELIGROSOS (INCIDENTE)","AMB-83, M100-1",-12.0969552863647,-77.0689875765992
2016-011514,18-02-2016,"09:54:59 p.m.","  CL. JOSE SANTOS CHOCANO  VILLA SOL  300        LOS OLIVOS","EMERGENCIA MEDICA",SAMU-168,-11.9952034190237,-77.0650425597496
2016-011513,18-02-2016,"09:52:35 p.m.","PLAZUELA BELEN             PISCO","EMERGENCIA MEDICA",AMB-37,,
2016-011512,18-02-2016,"09:49:50 p.m.","  CL. EDUARDO LIZARZABURO 600        SAN BORJA",INCENDIO,"M11-1, M4-1, RES-127, SAMU-127",-12.0852266884518,-76.9883952090373
2016-011511,18-02-2016,"09:45:00 p.m.","  JR. LOS CAPULIES 148        INDEPENDENCIA","EMERGENCIA MEDICA",AMB-65,-12.0058185967118,-77.0534312187002
2016-011510,18-02-2016,"09:38:30 p.m.","  AV. TOMAS VALLE 3400       CALLAO","EMERGENCIA MEDICA",AMB-9,-12.0143842594814,-77.096327575549
2016-011509,18-02-2016,"09:32:58 p.m.","  AV. JOSE GALVEZ 2052       LINCE","EMERGENCIA MEDICA",AMB-14,-12.084447851718,-77.0291755662805
2016-011508,18-02-2016,"09:25:27 p.m.","AV. ELMER FAUCETT CRUCE CON AV. PIURA (LA CHALACA) CALLAO            CALLAO","EMERGENCIA MEDICA",AMB-60,-12.0451630779689,-77.0988173382096
2016-011507,18-02-2016,"09:16:35 p.m.","SAN CLEMENTE CL. FUERTES            PISCO",INCENDIO,"AUX-37, CIST90-4",,
2016-011506,18-02-2016,"09:15:37 p.m.","JR. MOYOBAMBA CRUCE CON AV. PERU SAN MARTIN DE PORRES            SAN MARTIN DE PORRES","EMERGENCIA MEDICA",AMB-9,-12.031868601944,-77.0788687127578
2016-011505,18-02-2016,"09:14:27 p.m.","AV. PACHACUTEC CRUCE CON AV. JOSE CARLOS MARIATEGUI VILLA MARIA DEL TRIUNFO            VILLA MARIA DEL TRIUNFO","EMERGENCIA MEDICA",AMB-160,-12.228771859798,-76.9111164917204
2016-011504,18-02-2016,"09:11:09 p.m.","  CL. GERARD 187        SAN BORJA","EMERGENCIA MEDICA",AMB-11,-12.0883893397753,-76.9885125868067
2016-011503,18-02-2016,"09:07:30 p.m.","  JR. OLAYA (MONTEAGUDO) 645        CALLAO","EMERGENCIA MEDICA","MED-18, RES-15",-12.0582272583703,-77.139231764899
2016-011502,18-02-2016,"09:01:41 p.m.","  AV. CORONEL JOSE LEAL 178        LINCE","EMERGENCIA MEDICA","AMB-14, AMB-4",-12.0848813398758,-77.0360005897144
2016-011501,18-02-2016,"09:00:33 p.m.","  AV. FRANCISCO PIZARRO 400        RIMAC",INCENDIO,"M21-1, M3-1",-12.038337777821,-77.0329696266136
2016-011500,18-02-2016,"08:53:52 p.m.","MILAGRO 1            HUARAL","EMERGENCIA MEDICA",AMB-44,,
2016-011499,18-02-2016,"08:53:03 p.m.","  JR. GAVILAN (LIBERTAD) 655        MAGDALENA DEL MAR","EMERGENCIA MEDICA",AMB-36,-12.0932723987234,-77.0698926031403
2016-011498,18-02-2016,"08:52:53 p.m.","  JR. GAVILAN (LIBERTAD) 655        MAGDALENA DEL MAR","EMERGENCIA MEDICA","AMB-83, RES-83",-12.0932723987234,-77.0698926031403
2016-011497,18-02-2016,"08:48:32 p.m.","B 20            HUACHO","SERVICIO ESPECIAL",AMB-91,,
2016-011496,18-02-2016,"08:48:28 p.m.","  CL. CARLOS ARRIETA 1452       LIMA","EMERGENCIA MEDICA",AMB-8,-12.0786428504575,-77.0317870505988
2016-011495,18-02-2016,"08:46:27 p.m.","CARRETERAS - PANAMERICANAS PANAMERICANA NORTE 28            PUENTE PIEDRA","ACCIDENTE VEHICULAR","M184-1, RES-124",-11.8824523532053,-77.0685865182067
2016-011494,18-02-2016,"08:44:30 p.m.","AH. VILLA LOS ANDES E1 LT 2            SAN JUAN DE LURIGANCHO",INCENDIO,"M121-1, M138-4, M176-1, SAMU-2",-12.0168585633736,-76.9585786449971
2016-011493,18-02-2016,"08:40:12 p.m.","JR. SUPE CRUCE CON AV. ALFREDO PALACIOS CALLAO            CALLAO","EMERGENCIA MEDICA",MED-5,-12.0526695674925,-77.1253930014571
2016-011492,18-02-2016,"08:37:18 p.m.","CL. ALBACETE  JJR LOS INCAS 122 DPTO 202 URB PORTADA DEL SOL  100        LA MOLINA","EMERGENCIA MEDICA",MED-96,-12.1090756507355,-76.940995140218
2016-011491,18-02-2016,"08:37:04 p.m.","  CL. ALMIRANTE LORD NELSON (MANUEL TOVAR) 260        MIRAFLORES","EMERGENCIA MEDICA","AMB-28, M100-1",-12.1164009446898,-77.0445506530017
2016-011490,18-02-2016,"08:35:22 p.m.","  JR. CORONEL LEON VELARDE 300        LINCE","EMERGENCIA MEDICA",AMB-4,,
2016-011489,18-02-2016,"08:32:17 p.m.","SD. HUERTOS DE LURIN MZ N LT 6            LURIN","EMERGENCIA MEDICA",AMB-129,-12.2573242012942,-76.8866322642365
2016-011488,18-02-2016,"08:26:27 p.m.","CL. ALFONSO UGARTE CRUCE CON CL. COLINA BELLAVISTA            BELLAVISTA","ACCIDENTE VEHICULAR","M5-1, MED-5, RES-15",-12.0633929799182,-77.1274392411394
2016-011487,18-02-2016,"08:25:50 p.m.","CARRETERA CENTRAL KM 32            LURIGANCHO","EMERGENCIA MEDICA",AMB-32,,
2016-011486,18-02-2016,"08:19:59 p.m.",,"EMERGENCIA MEDICA",AMB-14,-12.0553060642196,-77.0510135586905
2016-011485,18-02-2016,"08:19:09 p.m.","  CL. LA ROSALERA 400        CHACLACAYO","EMERGENCIA MEDICA",AMB-115,-11.9743697327404,-76.7578860629917
2016-011484,18-02-2016,"08:15:24 p.m.","AV. CUSCO CRUCE CON AV. ELMER FAUCETT CALLAO            CALLAO","EMERGENCIA MEDICA",AMB-9,,
2016-011483,18-02-2016,"08:14:41 p.m.","CL. DANTE CRUCE CON CL. SAN DIEGO SURQUILLO            SURQUILLO","EMERGENCIA MEDICA",AMB-28,-12.1188348759354,-77.02245757452
2016-011482,18-02-2016,"08:10:55 p.m.","  AV. ARIOSTO MATELLINI (COLECTORA RESIDENCIAL) 168        CHORRILLOS","EMERGENCIA MEDICA",AMB-6,-12.1796058748144,-77.0102440832006
2016-011481,18-02-2016,"08:10:05 p.m.","  AV. LAS VIOLETAS 500        INDEPENDENCIA","EMERGENCIA MEDICA",AMB-65,-12.0017842562281,-77.0546177464917
2016-011480,18-02-2016,"07:55:02 p.m.","  AV. AREQUIPA 4305       MIRAFLORES","EMERGENCIA MEDICA",SAMU-4,-12.1090604443749,-77.0305297514942
2016-011479,18-02-2016,"07:52:12 p.m.","AV. FRANCISCO PIZARRO 510        RIMAC",INCENDIO,"M2-1, M21-1, M3-1, RES-2, SAMU-2",-12.0371795397742,-77.0342964422835
2016-011478,18-02-2016,"07:51:58 p.m.","AV AREQUIPA  1900       LIMA","EMERGENCIA MEDICA",AMB-4,,
2016-011477,18-02-2016,"07:44:26 p.m.","  AV. AREQUIPA 1180       LIMA","EMERGENCIA MEDICA",SAMU-4,-12.0761782714983,-77.0357761137811
2016-011476,18-02-2016,"07:42:30 p.m.","  CL. LAS TAPADAS 126        RIMAC","EMERGENCIA MEDICA",AMB-21,-12.0278928248226,-77.0314165749883
2016-011475,18-02-2016,"07:40:06 p.m.","  AV. ABANCAY 100        LIMA",INCENDIO,"M2-1, M21-1, M3-1, RES-2, SAMU-2",-12.0457921176916,-77.0257146297437
2016-011474,18-02-2016,"07:36:53 p.m.","  AV. ARICA 2400       LIMA","EMERGENCIA MEDICA",AMB-14,-12.0525537113054,-77.0664640566424
2016-011473,18-02-2016,"07:36:36 p.m.","CL. SAN MARTIN DE PORRES 600        VILLA MARIA DEL TRIUNFO","EMERGENCIA MEDICA",AMB-14,-12.1608938912304,-76.9481563503905
2016-011472,18-02-2016,"07:34:55 p.m.","  JR. LIMA 1000       SAN MIGUEL","EMERGENCIA MEDICA",AMB-83,-12.0865539662238,-77.0845666055622
2016-011471,18-02-2016,"07:31:21 p.m.","CL. EL CARMEN 500        VILLA MARIA DEL TRIUNFO","EMERGENCIA MEDICA","AMB134-2, SAMU-120",-12.1611026698759,-76.9476187623209
2016-011470,18-02-2016,"07:30:06 p.m.","PANAMERICANA SUR KM 28            LURIN","ACCIDENTE VEHICULAR",AMB-129,,
2016-011469,18-02-2016,"07:28:04 p.m.","  AV. EL SOL 000        VILLA EL SALVADOR","EMERGENCIA MEDICA",AMB-106,-12.2108209118351,-76.9611212961025
2016-011468,18-02-2016,"07:25:01 p.m.","  AV. ABEL BERGASSE DU PETIT THOUARS 4040       SAN ISIDRO","EMERGENCIA MEDICA",AMB-28,-12.1027407994595,-77.0305726157795
2016-011467,18-02-2016,"07:23:52 p.m.","  AV. PAUL POBLET 000        ","ACCIDENTE VEHICULAR","M160-1, RES-125",-12.2133334053599,-76.8572235485416
2016-011466,18-02-2016,"07:20:29 p.m.","CL. REPUBLICA DOMINICANA 200        JESUS MARIA",INCENDIO,"AMB-202, M202-1",-12.0732580760939,-77.0498971163222
2016-011465,18-02-2016,"07:09:32 p.m.","  JR. ITALIA 522        LA VICTORIA","EMERGENCIA MEDICA",AMB-8,-12.0706668519721,-77.0263830642934
2016-011464,18-02-2016,"07:05:25 p.m.","  CL. UCAYALI 612        ","EMERGENCIA MEDICA",MED-96,,
2016-011463,18-02-2016,"06:59:11 p.m.","CO. SANTA APOLONIA K LT.15            SAN MARTIN DE PORRES","EMERGENCIA MEDICA",AMB-9,-12.0050679465225,-77.0934108375038
2016-011462,18-02-2016,"06:53:43 p.m.","MERCADO VIRGEN DEL CARMEN DE IMPERIAL            SAN VICENTE DE CANETE",INCENDIO,M183-1,,
2016-011461,18-02-2016,"06:51:41 p.m.","  AV. PACHACUTEC (LOS HEROES) 240        SAN JUAN DE MIRAFLORES","EMERGENCIA MEDICA",SAMU-120,-12.152146275821,-76.9771035672273
2016-011460,18-02-2016,"06:49:37 p.m.","  CL. ANTISUYO 551        SAN JUAN DE LURIGANCHO","EMERGENCIA MEDICA",SAMU-2,-12.0241573225002,-77.0014076470083
2016-011459,18-02-2016,"06:41:20 p.m.","panamericana sur km. 89            MALA",INCENDIO,M111-1,,
2016-011458,18-02-2016,"06:39:02 p.m.","CARRETERAS - PANAMERICANAS PANAMERICANA SUR KM 28            LURIN","ACCIDENTE VEHICULAR","AMB-129, M160-1, RES-125",-12.2664374110484,-76.9053543785826
2016-011457,18-02-2016,"06:36:46 p.m.","  AV. COSTA VERDE 000        BARRANCO","EMERGENCIA MEDICA",SAMU-6,-12.1412425276831,-77.0270242089828
2016-011456,18-02-2016,"06:33:16 p.m.","CARRETERAS - PANAMERICANAS ANTIGUA PANAMERICANA SUR 49.9            PUNTA NEGRA","EMERGENCIA MEDICA",AMB-134,-12.3682544281905,-76.7915670877234
2016-011455,18-02-2016,"06:32:57 p.m.","AH. PAMPA DE CUEVA MZ 125A LT 24 000        INDEPENDENCIA","EMERGENCIA MEDICA",AMB-21,-11.9890649920805,-77.0407776183391
2016-011454,18-02-2016,"06:30:52 p.m.","  JR. PROGRESO 398        BARRANCO","EMERGENCIA MEDICA",AMB-13,-12.1395403514541,-77.015708562195
2016-011453,18-02-2016,"06:26:53 p.m.","  PJ. MORRO DE ARICA (LOS ANDES)            RIMAC",INCENDIO,M21-1,-12.0135172883886,-77.0354990568511
2016-011452,18-02-2016,"06:23:57 p.m.","AS. CHACRASANA I LTE 4            LURIGANCHO","EMERGENCIA MEDICA",AMB-32,-11.9608805204985,-76.7429936030822
2016-011451,18-02-2016,"06:20:19 p.m.","  CL. PIURA 183        VILLA MARIA DEL TRIUNFO","EMERGENCIA MEDICA",SAMU-105,-12.2043223219229,-76.9068645470949
2016-011450,18-02-2016,"06:19:05 p.m.","  AV. ELMER FAUCETT 1800       BELLAVISTA","EMERGENCIA MEDICA","MED-34, SAMU-83",-12.0584565733744,-77.0973415607086
2016-011449,18-02-2016,"06:16:38 p.m.","  AV. ALFREDO MENDIOLA (PANAMERICANA NORTE) 2001       LOS OLIVOS","EMERGENCIA MEDICA","MED-34, SAMU-83",-12.0060830202839,-77.0620677915206
2016-011448,18-02-2016,"06:14:47 p.m.",,"EMERGENCIA MEDICA",AMB-14,-12.0581185026791,-77.0415341881504
2016-011447,18-02-2016,"06:10:29 p.m.","UR. LAS DELICIAS DE VILLA C1 LT.4            CHORRILLOS",INCENDIO,AMB-14,-12.1918426329137,-76.998231668726
2016-011446,18-02-2016,"06:09:32 p.m.","  AV. JOSE GRANDA 2400       SAN MARTIN DE PORRES","EMERGENCIA MEDICA",AMB-65,-12.0275123519615,-77.0715151076449
2016-011445,18-02-2016,"06:05:15 p.m.",,"EMERGENCIA MEDICA",AMB-16,-12.1498627796306,-77.0230885783151
2016-011444,18-02-2016,"06:00:31 p.m.","  CL. ALBERTO BARAJAS 300        SAN BORJA","EMERGENCIA MEDICA",AMB134-2,-12.1040561670151,-77.0081302503015
2016-011443,18-02-2016,"05:49:41 p.m.","  JR. CALIFORNIA 346        CALLAO","EMERGENCIA MEDICA",MED-18,-12.0620382597768,-77.1346097163675
2016-011442,18-02-2016,"05:49:33 p.m.","  AV. MORALES DUAREZ 1500       CARMEN DE LA LEGUA REYNOS","EMERGENCIA MEDICA",AMB-60,-12.0371022209499,-77.0834016472359
2016-011441,18-02-2016,"05:44:54 p.m.","  AV. ELMER FAUCETT 500        CALLAO","EMERGENCIA MEDICA","AMB-60, MED-34",-12.0491477663016,-77.0982027587759
2016-011440,18-02-2016,"05:44:29 p.m.","  JR. BERTONELLI  UR. SANTA CATALINA 225        LA VICTORIA","EMERGENCIA MEDICA",AMB-11,-12.0862727496193,-77.0176842085271
2016-011439,18-02-2016,"05:41:40 p.m.","  CA. A CIENEGUILLA   - urb sol radiante 000        CIENEGUILLA",INCENDIO,"M106-3, M169-1, RES-127",-12.0852337295771,-76.8725238918642
2016-011438,18-02-2016,"05:35:31 p.m.","CL. JUSTO PASTOR BRAVO CRUCE CON CL. PERRICHOLI (GREGORIO VII) SAN MARTIN DE PORRES            SAN MARTIN DE PORRES","EMERGENCIA MEDICA",AMB-65,-12.0327298593827,-77.0449605515812
2016-011437,18-02-2016,"05:31:54 p.m.","  CL. PACHACUTEC 148        COMAS","EMERGENCIA MEDICA",AMB-65,-11.9299087142038,-77.0507355588455
2016-011436,18-02-2016,"05:30:38 p.m.","  CL. LAS HORTENCIAS 107        SAN JUAN DE LURIGANCHO","EMERGENCIA MEDICA",SAMU-176,-11.9712541035417,-77.0032237948937
2016-011435,18-02-2016,"05:22:50 p.m.","  AV. BRASIL 673        JESUS MARIA",INCENDIO,"AMB-14, M10-1, M202-1, M3-1",-12.0658736594647,-77.045960228226
2016-011434,18-02-2016,"05:15:59 p.m.","CL. 2 DE MAYO (PEDRO LLULLANDO) CRUCE CON CL. GENERAL MIGUEL IGLESIAS MIRAFLORES            MIRAFLORES","ACCIDENTE VEHICULAR","AMB-36, M100-1, MATPEL-4",-12.117940874567,-77.0380606007838
2016-011433,18-02-2016,"05:12:05 p.m.","ESPALDA DEL COLEGIO SANTA RITA DE CASIA            SAN VICENTE DE CANETE",INCENDIO,"M183-1, M49-1",,
2016-011432,18-02-2016,"05:11:42 p.m.","CARRETERAS - PANAMERICANAS ANTIGUA PANAMERICANA SUR 38.5            LURIN","EMERGENCIA MEDICA",AMB-160,-12.2893651270335,-76.8582804258034
2016-011431,18-02-2016,"05:10:25 p.m.","AV. SAN MARTIN CDRA. 1             ICA","EMERGENCIA MEDICA",AMB-22,,
2016-011430,18-02-2016,"05:10:04 p.m.","CARRETERAS - PANAMERICANAS ANTIGUA PANAMERICANA SUR 39            LURIN","EMERGENCIA MEDICA",AMB-160,-12.2929050378294,-76.8547343927309
2016-011429,18-02-2016,"05:09:42 p.m.","CARRETERAS - PANAMERICANAS ANTIGUA PANAMERICANA SUR 35            LURIN","EMERGENCIA MEDICA",AMB-129,-12.2661064670136,-76.8793062233031
2016-011428,18-02-2016,"05:08:17 p.m.","  AV. SANTA ROSA (SANTA TERESA) 474        CHORRILLOS","MATERIALES PELIGROSOS (INCIDENTE)","M6-1, SAMU-6",-12.1664988661653,-77.0259315793902
2016-011427,18-02-2016,"05:04:52 p.m.","JR. CUZCO CRUCE CON AV. ABANCAY LIMA 546        LIMA","MATERIALES PELIGROSOS (INCIDENTE)","M6-1, SAMU-6",-12.0517603127203,-77.0288669362083
2016-011426,18-02-2016,"05:02:28 p.m.","AV. ABANCAY CRUCE CON JR. CUZCO LIMA            LIMA","MATERIALES PELIGROSOS (INCIDENTE)","M6-1, SAMU-6",-12.0517603127203,-77.0288669362083
2016-011425,18-02-2016,"05:02:24 p.m.","  AV. ABANCAY 546        LIMA","MATERIALES PELIGROSOS (INCIDENTE)","M2-1, SAMU-10, SAMU-2",,
2016-011424,18-02-2016,"04:55:57 p.m.","PANAMERICANA SUR KM 202            CHINCHA ALTA",INCENDIO,M38-4,,
2016-011423,18-02-2016,"04:53:12 p.m.","  CL. NICANOR ARTEAGA (22) 361        SAN BORJA","EMERGENCIA MEDICA",SAMU-127,-12.0824331483108,-76.9941793112305
2016-011422,18-02-2016,"04:53:02 p.m.","  CL. ALDABAS (K) 606        SANTIAGO DE SURCO","EMERGENCIA MEDICA",SAMU-16,-12.1322054979911,-76.9840330889326
2016-011421,18-02-2016,"04:48:47 p.m.",,INCENDIO,M20-1,,
2016-011420,18-02-2016,"04:46:13 p.m.","HOSPITAL SERGIO BERNALES             COMAS","EMERGENCIA MEDICA",AMB-150,,
2016-011419,18-02-2016,"04:44:33 p.m.","HUANDO            HUARAL","EMERGENCIA MEDICA",AMB-44,,
2016-011418,18-02-2016,"04:44:29 p.m.","AS. PRADERAS DEL SOL E LT. 1            ","EMERGENCIA MEDICA",MED-34,-12.0003907484118,-77.1006182625681
2016-011417,18-02-2016,"04:43:10 p.m.","AV. 24 DE JUNIO (A) ULTIMO PARADERO DE LA LETRA A 000        RIMAC","EMERGENCIA MEDICA",SAMU-21,-12.0149145254614,-77.0263944513598
2016-011416,18-02-2016,"04:42:14 p.m.","  CL. LA FLORIDA 339        CHACLACAYO","EMERGENCIA MEDICA",AMB-32,-11.9692902145338,-76.7472969783706
2016-011415,18-02-2016,"04:37:19 p.m.","  CL. JUPITER (E) 281        LOS OLIVOS","EMERGENCIA MEDICA",SAMU-161,-12.0000064823598,-77.0650990764626
2016-011414,18-02-2016,"04:36:41 p.m.","  CL. NICANOR ARTEAGA (22) 361        SAN BORJA","EMERGENCIA MEDICA",AMB-11,-12.0824331483108,-76.9941793112305
2016-011413,18-02-2016,"04:25:38 p.m.","AV. CADIZ CRUCE CON AV. GUILLERMO PRESCOTT SAN ISIDRO            SAN ISIDRO","EMERGENCIA MEDICA",AMB-36,-12.0882329214529,-77.0481875063002
2016-011412,18-02-2016,"04:10:58 p.m.","AV EL PARQUE            LA TINGUINA","EMERGENCIA MEDICA",AMB-22,,
2016-011411,18-02-2016,"04:03:55 p.m.","CENTRO POBLADO ANDAHUASI            SAYAN",INCENDIO,M80-4,,
2016-011410,18-02-2016,"04:02:15 p.m.","UV. MATUTE             LA VICTORIA","EMERGENCIA MEDICA",SAMU-10,-12.0711205936838,-77.0238375925267
2016-011409,18-02-2016,"04:01:44 p.m.","AV. JAVIER PRADO ESTE 000        SANTIAGO DE SURCO","ACCIDENTE VEHICULAR","AMB-11, RES-127",-12.0838647289982,-76.9742446428526
2016-011408,18-02-2016,"03:57:53 p.m.","AV. JOSE MARIA ARGUEDAS (LOS ALAMOS) CRUCE CON AV. JOSE OLAYA BALANDRA VILLA EL SALVADOR            VILLA EL SALVADOR","EMERGENCIA MEDICA",SAMU-106,-12.224960927505,-76.9330599508726
2016-011407,18-02-2016,"03:56:23 p.m.","  CL. 2 DE MAYO (PEDRO LLULLANDO) 1020       MIRAFLORES","EMERGENCIA MEDICA","AMB-28, M100-1",,
2016-011406,18-02-2016,"03:46:20 p.m.","EDUCACION C.N. NRO. 0065 ANDRES A. CACERES            LURIGANCHO","EMERGENCIA MEDICA",AMB-32,-11.9334395452486,-76.7027834240303
2016-011405,18-02-2016,"03:45:59 p.m.","AV. UNIVERSITARIA CRUCE CON AV. LOS INCAS (4) COMAS            COMAS","EMERGENCIA MEDICA",AMB-150,-11.9151085366535,-77.0481145415906
2016-011404,18-02-2016,"03:45:33 p.m.","  AV. VIRREY CONDE DE LEMOS 668        CALLAO","EMERGENCIA MEDICA",AMB-60,-12.0493830674356,-77.0933471216073
2016-011403,18-02-2016,"03:39:10 p.m.","  JR. CUTERVO 2000       LIMA","EMERGENCIA MEDICA",SAMU-10,-12.0524887733562,-77.0605473913273
2016-011402,18-02-2016,"03:37:56 p.m.",,"EMERGENCIA MEDICA",AMB-163,,
2016-011401,18-02-2016,"03:32:16 p.m.","  CL. CONTUMAZA 368        VILLA MARIA DEL TRIUNFO","EMERGENCIA MEDICA",SAMU-105,-12.1850359330229,-76.9379552918767
2016-011400,18-02-2016,"03:20:17 p.m.","CARRETERAS - PANAMERICANAS PANAMERICANA NORTE 30            PUENTE PIEDRA","ACCIDENTE VEHICULAR","M184-1, M207-5",-11.8675103485633,-77.0724761672919
2016-011399,18-02-2016,"03:15:46 p.m.","  CL. GENARO CASTRO IGLESIAS 330        MIRAFLORES","EMERGENCIA MEDICA",AMB-28,-12.1212062643469,-77.0137086446211
2016-011398,18-02-2016,"02:59:34 p.m.","AV. JOSE GALVEZ CRUCE CON JR. ALFONSO UGARTE LA PERLA            LA PERLA","EMERGENCIA MEDICA",MED-18,-12.0672071234442,-77.1288034205263
2016-011397,18-02-2016,"02:57:12 p.m.","ATAHUALPA 100        HUACHO","ACCIDENTE VEHICULAR",AMB-20,,
2016-011396,18-02-2016,"02:56:42 p.m.","  AV. LOS JAZMINES URB LAS VIOLETAS 144        ","EMERGENCIA MEDICA",SAMU-168,-12.0015756472006,-77.052901707119
2016-011395,18-02-2016,"02:53:38 p.m.","  AV. ALFEREZ ALFREDO SALAZAR 260        MIRAFLORES","EMERGENCIA MEDICA",AMB-11,-12.1101757125571,-77.0387213015928
2016-011394,18-02-2016,"02:50:32 p.m.","MA. LUIS GARCIA BERNALES (GODOFREDO GARCIA) 000        SAN ISIDRO","ACCIDENTE VEHICULAR","M100-1, SAMU-83",,
2016-011393,18-02-2016,"02:48:46 p.m.","AH. VILLA VIOLETA C LTE 17            COMAS","EMERGENCIA MEDICA",AMB-150,-11.9290586917875,-77.0444091299528
2016-011392,18-02-2016,"02:31:55 p.m.","QUEBRADA VERDE            LURIN",INCENDIO,M129-1,,
2016-011391,18-02-2016,"02:31:27 p.m.","AV. MORALES DUAREZ CRUCE CON AV. ELMER FAUCETT CARMEN DE LA LEGUA REYNOSO            CARMEN DE LA LEGUA REYNOS","EMERGENCIA MEDICA",AMB-60,-12.0402166013836,-77.0989881065416
2016-011390,18-02-2016,"02:29:23 p.m.","  JR. MARISCAL RAMON CASTILLA BLOCK F DPTO 204 520        SAN MIGUEL","MATERIALES PELIGROSOS (INCIDENTE)",M100-1,-12.0872609439555,-77.0811122574102
2016-011389,18-02-2016,"02:26:49 p.m.","  AV. UNIVERSITARIA 1300       LIMA","ACCIDENTE VEHICULAR","AMB-36, M36-1, M83-1",-12.0617582353709,-77.0786972099623
2016-011388,18-02-2016,"02:24:16 p.m.","SANTA FE - LA GOBERNADORA            NAZCA","EMERGENCIA MEDICA",AMB-82,,
2016-011387,18-02-2016,"02:15:34 p.m.","MA. MARBELLA 000        MAGDALENA DEL MAR","EMERGENCIA MEDICA",SAMU-83,-12.1034612660193,-77.0633930307113
2016-011386,18-02-2016,"02:14:47 p.m.","  JR. DE LA UNION 416        LIMA","EMERGENCIA MEDICA",SAMU-21,-12.0466221880246,-77.0316823789721
2016-011385,18-02-2016,"02:12:31 p.m.","CARRETERAS - PANAMERICANAS ANTIGUA PANAMERICANA SUR 48            PUNTA NEGRA","EMERGENCIA MEDICA",AMB-134,-12.3560611397268,-76.8036297813227
2016-011384,18-02-2016,"02:08:44 p.m.","  JR. SALAVERRY 321        SAN MARTIN DE PORRES","EMERGENCIA MEDICA",AMB-60,-12.0272280731884,-77.0928049411439
2016-011383,18-02-2016,"02:08:18 p.m.","CARRETERA CENTRAL KM 23            ","EMERGENCIA MEDICA",AMB-115,,
2016-011382,18-02-2016,"02:00:30 p.m.","UR. SAN ELIAS M lt. 21            LOS OLIVOS","EMERGENCIA MEDICA",AMB-9,-11.9550181517162,-77.0752140334865
2016-011381,18-02-2016,"01:55:52 p.m.","ENTRADA DEL CARMEN             CHINCHA ALTA",INCENDIO,M38-4,,
2016-011380,18-02-2016,"01:47:29 p.m.",,"EMERGENCIA MEDICA",AMB-183,,
2016-011379,18-02-2016,"01:40:29 p.m.","  AV. RAUL FERRERO REBAGLIATI (LA RINCONADA) 1284       LA MOLINA","EMERGENCIA MEDICA",SAMU-138,-12.0903378736339,-76.9503232886781
2016-011378,18-02-2016,"01:35:38 p.m.","  CL. FEDERICO RECAVARREN (REPUBLICA) 350        MIRAFLORES",INCENDIO,M28-1,-12.12168029006,-77.0336560798957
2016-011377,18-02-2016,"01:25:39 p.m.","AV. CORONEL FRANCISCO BOLOGNESI CRUCE CON PJ. JUAN AYLLON SANTA ANITA            SANTA ANITA","EMERGENCIA MEDICA",AMB-138,-12.0476706564442,-76.9728796686073
2016-011376,18-02-2016,"01:23:23 p.m.","  AV. ABELARDO GAMARRA 100        RIMAC","EMERGENCIA MEDICA",SAMU-14,-12.0217553621821,-77.0313238258996
2016-011375,18-02-2016,"01:18:34 p.m.","  AV. TOMAS MARSANO (ATOCONGO) 1100       SURQUILLO","EMERGENCIA MEDICA",AMB-28,-12.1154730278126,-77.0100520183024
2016-011374,18-02-2016,"01:16:45 p.m.","TURISMO CENTRO DE ATRACCION TURISTICA PARQUE DE LAS LEYENDAS            SAN MIGUEL","EMERGENCIA MEDICA",AMB-36,-12.0682435693142,-77.0857280366299
2016-011373,18-02-2016,"01:16:11 p.m.","GUADALUPE  CERRO  PRIETO             ICA",INCENDIO,"CIST-VI, M193-1",,
2016-011372,18-02-2016,"01:12:23 p.m.","  AV. IGNACIO MERINO 2200       ","EMERGENCIA MEDICA",AMB-202,-12.086381317286,-77.0321105673378
2016-011371,18-02-2016,"01:11:19 p.m.","UR. PREVI 28 LT 1            CALLAO","MATERIALES PELIGROSOS (INCIDENTE)","AMB-60, M9-1",-12.01562512944,-77.0896608202251
2016-011370,18-02-2016,"01:11:12 p.m.","UR. PREVI             CALLAO","MATERIALES PELIGROSOS (INCIDENTE)","AMB-60, M9-5",-12.0167082793483,-77.0906179710883
2016-011369,18-02-2016,"01:01:57 p.m.","  JR. CORONEL FRANCISCO BOLOGNESI (ENRIQUE LLOSA) 600        MAGDALENA DEL MAR",RESCATE,M83-1,-12.0910733109539,-77.0743240927804
2016-011368,18-02-2016,"12:49:10 p.m.","JR. LOS DIAMANTES CRUCE CON AV. PALERMO LA VICTORIA            LA VICTORIA","EMERGENCIA MEDICA",AMB-202,-12.0792728672683,-77.0227995437278
2016-011367,18-02-2016,"12:47:07 p.m.","  JR. MANUEL CUADROS 200        LIMA","EMERGENCIA MEDICA",SAMU-14,-12.058266282711,-77.0340317795213
2016-011366,18-02-2016,"12:37:22 p.m.","  JR. LOS ANTROPOLOGOS MAZ B LOTE 2  200        SAN JUAN DE LURIGANCHO","EMERGENCIA MEDICA",SAMU-121,-11.9681221032226,-76.991292185218
2016-011365,18-02-2016,"12:20:51 p.m.","  PR. ALEJANDRO BERTELLO    CRUCE  AV. TOMAS  VALLE   300        CALLAO","EMERGENCIA MEDICA",AMB-60,-12.0137306922045,-77.1038371769652
2016-011364,18-02-2016,"12:16:51 p.m.","AV. ENRIQUE CANAVAL MOREYRA (CORPAC) CRUCE CON CL. MANUEL GONZALES OLAECHEA SAN ISIDRO            SAN ISIDRO","EMERGENCIA MEDICA",AMB-28,-12.0970325308745,-77.0239706255432
2016-011363,18-02-2016,"12:13:50 p.m.","AV. JAVIER PRADO OESTE CRUCE CON CL. LOS ALAMOS SAN ISIDRO            SAN ISIDRO","EMERGENCIA MEDICA",AMB-202,-12.0933977996666,-77.0419556419472
2016-011362,18-02-2016,"12:12:51 p.m.","A.H SAN JUAN DE AMANCAES             RIMAC",RESCATE,RES-2,,
2016-011361,18-02-2016,"12:09:39 p.m.","  CL. QUIPAYPAMPA 218        INDEPENDENCIA","EMERGENCIA MEDICA",SAMU-14,-11.9818508947282,-77.047264601561
2016-011360,18-02-2016,"12:06:44 p.m.","  CL. INDEPENDENCIA 391        VILLA MARIA DEL TRIUNFO","EMERGENCIA MEDICA",SAMU-106,-12.1479958112998,-76.9427570143126
2016-011359,18-02-2016,"12:03:15 p.m.","ESTADIO DE MARCONA             ","SERVICIO ESPECIAL",CIST-152,,
2016-011358,18-02-2016,"11:53:47 a.m.","SIMON BOLIVAR S/N             ",RESCATE,RES-82,,
2016-011357,18-02-2016,"11:44:42 a.m.","CL. LAS PALMERAS CRUCE CON AV. JAVIER PRADO OESTE SAN ISIDRO            SAN ISIDRO","EMERGENCIA MEDICA",AMB-202,-12.0929555854396,-77.0386437254536
2016-011356,18-02-2016,"11:44:37 a.m.","PUENTE   HUAMANI     SAN  CLEMENTE              PISCO",INCENDIO,CIST90-4,,
2016-011355,18-02-2016,"11:44:27 a.m.","PANAMERICANA NORTE  ENTRADA A HUARAL             HUARAL","ACCIDENTE VEHICULAR",AMB-80,,
2016-011354,18-02-2016,"11:40:09 a.m.","  AV. SALAVERRY 2500       JESUS MARIA","EMERGENCIA MEDICA","AMB-36, SAMU-83",-12.0923657726454,-77.0530266324929
2016-011353,18-02-2016,"11:28:30 a.m.","AV. HUALMAY CALLEJON DE LOS BORREGOS            HUACHO","ACCIDENTE VEHICULAR",AMB-20,,
2016-011352,18-02-2016,"11:28:09 a.m.","  AV. DE LOS PRECURSORES (LIZARDO MONTERO) 242        LA PERLA","EMERGENCIA MEDICA",AMB-60,-12.0687036192943,-77.105759710033
2016-011351,18-02-2016,"11:28:07 a.m.","  JR. SANTO DOMINGO 354        SAN MARTIN DE PORRES","EMERGENCIA MEDICA",AMB-9,-12.0298876953349,-77.0712499505222
2016-011350,18-02-2016,"11:27:14 a.m.","  CL. JUSTO PASTOR BRAVO 217        ","EMERGENCIA MEDICA",SAMU-2,-12.0318865577838,-77.0450277291759
2016-011349,18-02-2016,"11:25:03 a.m.","  CL. 10 DE JUNIO 542        SAN MARTIN DE PORRES","EMERGENCIA MEDICA",SAMU-10,-12.0288177754949,-77.0494989866698
2016-011348,18-02-2016,"11:23:08 a.m.","  AV. GUARDIA REPUBLICANA (LA CAPILLA) 300        RIMAC","EMERGENCIA MEDICA",SAMU-21,-12.0339333076086,-77.030835074594
2016-011347,18-02-2016,"11:18:56 a.m.","  AL. SUR 800        CHORRILLOS","EMERGENCIA MEDICA",AMB-13,-12.1993113500219,-77.0129030030216
2016-011346,18-02-2016,"11:16:35 a.m.","AV. LOS PROCERES DE LA INDEPENDENCIA (CANTO GRANDE) CRUCE CON AV. LOS POSTES OESTE SAN JUAN DE LURIGANCHO            SAN JUAN DE LURIGANCHO","EMERGENCIA MEDICA",SAMU-121,-11.9973883769911,-77.0098234511075
2016-011345,18-02-2016,"11:12:05 a.m.","CENTRO POBLADO PAMPA LIBRE            CHANCAY",RESCATE,"AMB-44, M80-1",,
2016-011344,18-02-2016,"11:10:30 a.m.","AV. FAUSTINO SANCHEZ CARRION (PERSHING) CRUCE CON AV. SALAVERRY JESUS MARIA            JESUS MARIA","EMERGENCIA MEDICA",AMB-202,-12.0928928611592,-77.0533065363799
2016-011343,18-02-2016,"11:09:05 a.m.","AV. SEPARADORA INDUSTRIAL (A) CRUCE CON CA. CENTRAL (VICTOR RAUL HAYA DE LA TORRE) ATE - VITARTE            ATE","EMERGENCIA MEDICA",AMB-169,-12.044487722916,-76.9385907320004
2016-011342,18-02-2016,"11:02:59 a.m.","AV. ROOSEVELT (REPUBLICA DE PANAMA) CRUCE CON AV. MIRAFLORES (28 DE JULIO) MIRAFLORES            MIRAFLORES","EMERGENCIA MEDICA",AMB-28,-12.1303910816125,-77.017990818262
2016-011341,18-02-2016,"10:59:03 a.m.","  AV. JAVIER PRADO ESTE 3800       SAN BORJA","EMERGENCIA MEDICA",SAMU-127,-12.0872805698864,-76.9829088165885
2016-011340,18-02-2016,"10:57:41 a.m.","  CL. CENTRAL DE MANTARO 131        LA MOLINA",RESCATE,SAMU-127,-12.0732124805783,-76.9407085986509
2016-011339,18-02-2016,"10:46:27 a.m.","  AV. REPUBLICA ARGENTINA 700        CALLAO","EMERGENCIA MEDICA",MED-34,-12.0516306191767,-77.1334178379979
2016-011338,18-02-2016,"10:29:41 a.m.","AV. JORGE CHAVEZ (CARLOS HUGUET) CRUCE CON AV. FRANKLIN D. ROOSEVELT (SURCO) SANTIAGO DE SURCO            SANTIAGO DE SURCO","ACCIDENTE VEHICULAR","M13-1, M16-1, SAMU-6",-12.1470439222364,-77.0119113963803
2016-011337,18-02-2016,"10:25:34 a.m.","AV. LAS 200 MILLAS CRUCE CON AV. REVOLUCION VILLA EL SALVADOR            VILLA EL SALVADOR","EMERGENCIA MEDICA",SAMU-105,-12.2283816142669,-76.9277405490631
2016-011336,18-02-2016,"10:23:41 a.m.","AV. BRASIL  1000       JESUS MARIA","EMERGENCIA MEDICA",AMB-202,,
2016-011335,18-02-2016,"10:09:36 a.m.","  CL. MARIO CAVAGNARO (LOS NOGALES) (15) 000        BELLAVISTA","EMERGENCIA MEDICA",SAMU-83,-12.0572991369355,-77.1105994280883
2016-011334,18-02-2016,"10:05:22 a.m.","  CL. ADOLFO LA JARA 100        ","EMERGENCIA MEDICA",AMB-28,-12.1200336928763,-77.0202590168628
2016-011333,18-02-2016,"10:02:41 a.m.","DOMINGO ORUE 456        SURQUILLO","EMERGENCIA MEDICA",SAMU-16,,
2016-011332,18-02-2016,"09:56:19 a.m.","  AV. PASEO DE LA REPUBLICA 300        LA VICTORIA",INCENDIO,"M10-1, M2-1, M4-1, SAMU-10",,
2016-011331,18-02-2016,"09:54:05 a.m.","  JR. IQUIQUE 200        CALLAO","MATERIALES PELIGROSOS (INCIDENTE)","M60-1, SAMU-83",-12.0528443143781,-77.099715670644
2016-011330,18-02-2016,"09:51:17 a.m.","ESTADIO ALIANZA LIMA            ","SERVICIO ESPECIAL",AMB-8,,
2016-011329,18-02-2016,"09:43:12 a.m.","  AV. DEL PARQUE NORTE (SAN BORJA NORTE) (ANTONIA MORENO DE CACERES) 251        SAN ISIDRO","EMERGENCIA MEDICA",AMB-11,-12.0922454722862,-77.0171354496169
2016-011328,18-02-2016,"09:36:11 a.m.","UR. SESQUICENTENARIO MZ F LOTE  3            CALLAO","EMERGENCIA MEDICA",AMB-9,-12.0063305667789,-77.0976520292086
2016-011327,18-02-2016,"09:28:50 a.m.","MAZ N 2 LOTE 35 URB LOS ROSALES             ANCON","EMERGENCIA MEDICA",AMB-163,,
2016-011326,18-02-2016,"09:25:07 a.m.",,"MATERIALES PELIGROSOS (INCIDENTE)","M36-1, SAMU-83",-12.0697994632688,-77.0701527680753
2016-011325,18-02-2016,"09:23:16 a.m.","CA. CALLAO-CANTA CRUCE CON AV. CENTRAL LOS OLIVOS            LOS OLIVOS","EMERGENCIA MEDICA","M36-1, SAMU-83",-11.9548633585025,-77.0846058891042
2016-011324,18-02-2016,"09:17:33 a.m.","  PR. CESAR CANEVARO ALTURA TORRES 100        SAN JUAN DE MIRAFLORES","EMERGENCIA MEDICA",SAMU-120,-12.1703098215176,-76.9680980395047
2016-011323,18-02-2016,"09:12:50 a.m.","  CL. ALFREDO LEON 290        MIRAFLORES",INCENDIO,"AMB-28, M100-1, M28-1, RES-16, SAMU-16",-12.1205923087049,-77.0385423535265
2016-011322,18-02-2016,"09:02:51 a.m.","  JR. PACHACUTEC 1274       JESUS MARIA","EMERGENCIA MEDICA",AMB-202,-12.0744521229438,-77.0450157844182
2016-011321,18-02-2016,"08:55:37 a.m.","  PS. DE LA REPUBLICA 800        LIMA","EMERGENCIA MEDICA",AMB-8,-12.0722192377095,-77.0310994971515
2016-011320,18-02-2016,"08:47:49 a.m.","  CL. ATAHUALPA 390        MIRAFLORES","EMERGENCIA MEDICA",AMB-11,-12.1164851496308,-77.0304464908583
2016-011319,18-02-2016,"08:42:34 a.m.","  JR. JUAN LUIS HAGUE 3571       SAN MARTIN DE PORRES","EMERGENCIA MEDICA",SAMU-161,-12.0240541150875,-77.082848363239
2016-011318,18-02-2016,"08:38:04 a.m.","  CL. PALMA REAL (A)    URB. PARQUE  DE  MONTERRICO   147        LA MOLINA","EMERGENCIA MEDICA",SAMU-138,-12.0725415996649,-76.9703422949483
2016-011317,18-02-2016,"08:26:24 a.m.","AV.  JOSE  OPLAYA   MZ.   G LOTE 5             CHINCHA ALTA","EMERGENCIA MEDICA",AMB-38,,
2016-011316,18-02-2016,"08:26:13 a.m.","AV. BRASIL CRUCE CON AV. DEL EJERCITO (AUGUSTO PEREZ ARANIBAR) MAGDALENA DEL MAR            MAGDALENA DEL MAR","EMERGENCIA MEDICA",SAMU-83,-12.0972127879851,-77.0717725865574
2016-011315,18-02-2016,"08:22:21 a.m.","CL. MARISCAL LUZURIAGA CRUCE CON AV. FRANCISCO JAVIER MARIATEGUI JESUS MARIA            JESUS MARIA","EMERGENCIA MEDICA",AMB-202,-12.0772138780541,-77.0469785669308
2016-011314,18-02-2016,"08:07:20 a.m.","  JR. PIO XII 358        SANTIAGO DE SURCO","EMERGENCIA MEDICA",SAMU-127,-12.0974940859448,-76.9650739302418
2016-011313,18-02-2016,"08:06:15 a.m.","  CL. ROBINSON (4)  URB.   LA CALERA   117        SURQUILLO",RESCATE,SAMU-127,-12.1166905230148,-77.0029868657645
2016-011312,18-02-2016,"08:04:13 a.m.","FUERTE HOYOS RUBIO            RIMAC","SERVICIO ESPECIAL",M21-1,,
2016-011311,18-02-2016,"08:01:54 a.m.","  AV. ZARUMILLA 200        SAN MARTIN DE PORRES","EMERGENCIA MEDICA",SAMU-10,-12.0361836629353,-77.0465599272534
2016-011310,18-02-2016,"07:55:31 a.m.","  AV. SIMON BOLIVAR 300        VILLA MARIA DEL TRIUNFO","EMERGENCIA MEDICA",SAMU-106,-12.1401577690489,-76.951502549747
2016-011309,18-02-2016,"07:35:22 a.m.","  AV. CIRCUNVALACION (PANAMERICANA SUR) 2800       SAN BORJA","EMERGENCIA MEDICA",SAMU-127,-12.080561249612,-76.9870531475982
2016-011308,18-02-2016,"07:31:02 a.m.","UR. CIUDAD DEL PESCADOR F            BELLAVISTA","EMERGENCIA MEDICA",AMB-7,-12.0579696946422,-77.1081409518957
2016-011307,18-02-2016,"07:25:19 a.m.","  JR. SINCHI ROCA 2361       LINCE","EMERGENCIA MEDICA",AMB-202,-12.0855613446341,-77.0447796228632
2016-011306,18-02-2016,"07:08:45 a.m.","  AV. ABANCAY 600        LIMA","EMERGENCIA MEDICA",SAMU-2,-12.0522902254258,-77.0291491096347
2016-011305,18-02-2016,"06:42:43 a.m.","AV. MODELO CRUCE CON AV. MICAELA BASTIDAS (MIGUEL IGLESIAS) VILLA EL SALVADOR            VILLA EL SALVADOR","ACCIDENTE VEHICULAR","M120-1, M155-1, SAMU-105",-12.1933450670353,-76.9553393856401
2016-011303,18-02-2016,"06:14:29 a.m.","  AV. EVITAMIENTO (CIRCUNVALACION) 600        RIMAC","ACCIDENTE VEHICULAR","M21-1, SAMU-10",-12.0394795547174,-77.0362160161414
2016-011302,18-02-2016,"06:09:48 a.m.","  AV. ALBERTO YABAR 174        MAGDALENA DEL MAR","EMERGENCIA MEDICA",AMB-83,-12.1016432172105,-77.0608912589349
2016-011301,18-02-2016,"05:56:06 a.m.","  CL. DOMINGO ELIAS 1184       SURQUILLO","EMERGENCIA MEDICA",AMB-28,-12.1119933344873,-77.0197571019381
2016-011300,18-02-2016,"05:09:58 a.m.","  CL. LAS MORAS 000        LURIN","EMERGENCIA MEDICA",AMB-129,-12.2614482475271,-76.8746064798223
2016-011299,18-02-2016,"04:57:42 a.m.","AH. TODOS UNIDOS 3L LT 18            CALLAO","MATERIALES PELIGROSOS (INCIDENTE)","AMB-9, M60-1",-12.0418207142356,-77.1024658324314
2016-011298,18-02-2016,"04:24:17 a.m.","AV. PEDRO HUILCA (6) CRUCE CON AV. 1 DE MAYO VILLA EL SALVADOR            VILLA EL SALVADOR","MATERIALES PELIGROSOS (INCIDENTE)","AMB-106, M120-1",-12.1891227685057,-76.9416104855454
2016-011297,18-02-2016,"04:17:53 a.m.","AV. OLAYA MZ W1 LT 2  000        VENTANILLA","EMERGENCIA MEDICA",AMB-184,-11.8431873330611,-77.1238440565289
2016-011296,18-02-2016,"04:10:30 a.m.","  AV. DE LOS PRECURSORES 663        SAN MIGUEL","EMERGENCIA MEDICA",AMB-60,-12.0699490614076,-77.0950874548628
2016-011295,18-02-2016,"04:03:31 a.m.","  CL. VALLE RIESTRA (GENERAL JOSE RAMON PIZARRO) 814        PUEBLO LIBRE","EMERGENCIA MEDICA",AMB-36,-12.0754781515104,-77.0694421728944
2016-011294,18-02-2016,"03:50:42 a.m.","JR. CINERARIA (NICOLAS RODRIGO) (A) CRUCE CON JR. EL BAMBU (7) SANTIAGO DE SURCO            SANTIAGO DE SURCO","EMERGENCIA MEDICA",SAMU-127,-12.0943493709743,-76.9639783427344
2016-011293,18-02-2016,"03:25:04 a.m.","  CL. TURIN 348        SAN MARTIN DE PORRES","EMERGENCIA MEDICA",SAMU-168,-12.0119809105725,-77.0565553461442
2016-011292,18-02-2016,"02:54:21 a.m.","  JR. ANTONIO DE LA MAZA (ECUADOR)  dpto 201 227        CHORRILLOS","EMERGENCIA MEDICA",SAMU-6,-12.1673873768013,-77.0237100807843
2016-011291,18-02-2016,"02:49:05 a.m.","  JR. HUANUCO 531        LIMA",INCENDIO,"M2-1, M21-1, M3-1, RES-21, SAMU-2",-12.0492571563391,-77.0195608346414
2016-011290,18-02-2016,"01:50:29 a.m.","  CL. ANDROMEDA  mz  y lote17 urb campina 200        CHORRILLOS","EMERGENCIA MEDICA",AMB-13,-12.1724937912024,-77.0074740757995
2016-011289,18-02-2016,"01:26:17 a.m.","  AV. JOSE PARDO 10         MIRAFLORES","ACCIDENTE VEHICULAR","AMB-28, M100-1, M28-1",-12.1186904231454,-77.0399219952598
2016-011288,18-02-2016,"01:23:04 a.m.","  AV. LAS TORRES 000        ATE","EMERGENCIA MEDICA","M138-1, RES-96, SAMU-138",-12.0150414148157,-76.9002246736324
2016-011287,18-02-2016,"01:13:00 a.m.","AV. MICAELA BASTIDAS CRUCE CON CL. PIURA VILLA EL SALVADOR            VILLA EL SALVADOR","EMERGENCIA MEDICA",SAMU-105,-12.2276020934377,-76.9347408344313
2016-011286,18-02-2016,"01:04:59 a.m.","AH. FLOR DE AMANCAES MZ A LT 18            RIMAC","EMERGENCIA MEDICA",AMB-21,-12.0149662570749,-77.0310004927461
2016-011285,18-02-2016,"12:42:12 a.m.","AV. HEROES DEL ALTO CENEPA (TRAPICHE) CRUCE CON PR. SAN FELIPE (DIEGO MEZA) (13) COMAS            COMAS","ACCIDENTE VEHICULAR","AMB-150, M164-1, RES-124",-11.8966609247115,-77.0479696072304
2016-011284,18-02-2016,"12:35:54 a.m.","  AV. RESTAURACION 200        RIMAC",INCENDIO,M21-1,-12.0253393789777,-77.0286150906712
2016-011283,18-02-2016,"12:27:31 a.m.","  AV. LA MARINA 1530       PUEBLO LIBRE","EMERGENCIA MEDICA",AMB-83,-12.0789490690627,-77.0782978638307
2016-011282,18-02-2016,"12:18:32 a.m.","  AV. ALMIRANTE MIGUEL GRAU 209        LA PUNTA","EMERGENCIA MEDICA",MED-34,-12.0724638643165,-77.1632601380666
2016-011281,18-02-2016,"12:13:32 a.m.","  CL. BARCELONA (40) 104        ATE","EMERGENCIA MEDICA",MED-96,-12.0615145908622,-76.9397664202292
2016-011280,18-02-2016,"12:03:48 a.m.","INSTITUCIONAL OTROS CEMENTERIO CAMPO FE - HUACHIPA            LURIGANCHO","EMERGENCIA MEDICA",SAMU-138,-12.0105771751206,-76.9470009018788
