ID,FECHA,HORA,DIRECCION,TIPO,UNIDADES,"CORDENADAS (lat)","CORDENADAS (lng)"
2016-012070,20-02-2016,"11:52:13 p.m.","  AV. PASEO DE LA REPUBLICA 700        LA VICTORIA","EMERGENCIA MEDICA","AMB-14, M10-1, RES-3",-12.0655118307521,-77.0329996864128
2016-012069,20-02-2016,"11:48:04 p.m.","PLAZA  DE  ARMAS   DE  HUARAL              HUARAL","EMERGENCIA MEDICA",AMB-44,,
2016-012068,20-02-2016,"11:47:35 p.m.","  CL. TENIENTE CESAR LOPEZ ROJAS 300        SAN MIGUEL",RESCATE,RES-83,-12.0743966903584,-77.0896153155642
2016-012067,20-02-2016,"11:45:43 p.m.","A  ESPALDAS   DE              ","EMERGENCIA MEDICA",AMB-138,,
2016-012066,20-02-2016,"11:44:47 p.m.","AV. JOSE GABRIEL CONDORCANQUI CRUCE CON CL. 15 INDEPENDENCIA            INDEPENDENCIA","ACCIDENTE VEHICULAR","AMB-2, M168-1, M65-2",-11.9742227832107,-77.0489935892782
2016-012065,20-02-2016,"11:44:26 p.m.",,"EMERGENCIA MEDICA",AMB-202,-12.0544957909409,-77.055501100611
2016-012064,20-02-2016,"11:35:24 p.m.","  CL. JOSE MARTI 100        INDEPENDENCIA","EMERGENCIA MEDICA",AMB-65,-11.9939528219562,-77.0556802780982
2016-012063,20-02-2016,"11:29:37 p.m.","  PJ. MISTI 118        SAN MIGUEL","MATERIALES PELIGROSOS (INCIDENTE)","AMB-7, M60-1",-12.0824858648717,-77.1020638613613
2016-012062,20-02-2016,"11:29:15 p.m.",,"MATERIALES PELIGROSOS (INCIDENTE)","AMB-2, M65-2",-12.0240109061239,-77.0546479872009
2016-012061,20-02-2016,"11:26:51 p.m.","AV. LA MARINA CRUCE CON AV. SUCRE PUEBLO LIBRE            PUEBLO LIBRE","EMERGENCIA MEDICA",MED-36,-12.083201319933,-77.0673021486765
2016-012060,20-02-2016,"11:23:59 p.m.",,"EMERGENCIA MEDICA",AMB-14,-12.0600308160767,-77.0561235798421
2016-012059,20-02-2016,"11:23:35 p.m.","ESTADIO DE MARCONA            MARCONA","SERVICIO ESPECIAL",MED-152,,
2016-012058,20-02-2016,"11:22:06 p.m.","  AV. MONTERRICO SUR (2) 376        SANTIAGO DE SURCO","EMERGENCIA MEDICA",AMB134-2,-12.1380664250981,-76.9828729548997
2016-012057,20-02-2016,"11:13:53 p.m.","  CL. LOS SAUCES MAZ F LOTE 61  000        ATE","EMERGENCIA MEDICA",AMB-169,-12.0438795578481,-76.9042198631559
2016-012056,20-02-2016,"11:12:03 p.m.","  AV. FLOR DE AMANCAES 600        RIMAC","EMERGENCIA MEDICA",SAMU-10,-12.0226623854613,-77.030729752364
2016-012055,20-02-2016,"11:06:59 p.m.","  CL. LOS NAZCAS 100        SAN MIGUEL","EMERGENCIA MEDICA",AMB-7,-12.0810328805415,-77.097860068682
2016-012054,20-02-2016,"11:04:18 p.m.","  AV. LIMA (CIRCUNVALACION NORTE) 100        SAN JUAN DE LURIGANCHO","ACCIDENTE VEHICULAR","AMB-2, M121-1, RES-21",-12.0253432532479,-77.0124896430225
2016-012053,20-02-2016,"11:01:45 p.m.","CL. PORTADA DEL SOL CRUCE CON AV. LURIGANCHO SAN JUAN DE LURIGANCHO            SAN JUAN DE LURIGANCHO","EMERGENCIA MEDICA",SAMU-121,-12.017037581678,-76.9990725356394
2016-012052,20-02-2016,"11:00:11 p.m.","B-63            ","EMERGENCIA MEDICA",MED-63,,
2016-012051,20-02-2016,"10:54:29 p.m.","  JR. ELEUTERIO VENTURA 385        SAN MARTIN DE PORRES","EMERGENCIA MEDICA","AMB-65, AMB-9",-12.0157940545414,-77.0750607293219
2016-012050,20-02-2016,"10:33:09 p.m.","VICTORIA  BAJA  AAHH  MUNICIPAL  N  1              HUARAL","EMERGENCIA MEDICA",AMB-44,,
2016-012049,20-02-2016,"10:26:13 p.m.",,"EMERGENCIA MEDICA",AMB-11,-12.0729610491669,-76.9939449038861
2016-012048,20-02-2016,"10:17:38 p.m.","  AV. COLOMBIA    URB.  HUAQUILLAY   132        COMAS","MATERIALES PELIGROSOS (INCIDENTE)","AMB-65, M150-3",-11.9583609661797,-77.0549635134212
2016-012047,20-02-2016,"10:16:02 p.m.","AV. TUPAC AMARU             COMAS","EMERGENCIA MEDICA",AMB124-2,,
2016-012046,20-02-2016,"10:16:01 p.m.","SAN ANTONIO            ","EMERGENCIA MEDICA",AMB-32-2,,
2016-012045,20-02-2016,"10:08:20 p.m.","UR. LOS SAUCES C  CON GRUMETE  MEDINA             ATE","ACCIDENTE VEHICULAR","AMB-4, M127-1, M176-1, RES-127",,
2016-012044,20-02-2016,"09:58:34 p.m.","  AV. TENIENTE FELIPE ARANCIBIA (TARAPACA) 729        RIMAC","EMERGENCIA MEDICA",AMB-2,-12.028390252194,-77.0342490612721
2016-012043,20-02-2016,"09:57:39 p.m.","AV. PERU CDRA  6            SAN CLEMENTE","EMERGENCIA MEDICA",AMB-157,,
2016-012042,20-02-2016,"09:55:57 p.m.","UV. MATUTE  BLOCK 37 A DPT 2             LA VICTORIA","EMERGENCIA MEDICA",SAMU-4,-12.0711205936838,-77.0238375925267
2016-012041,20-02-2016,"09:53:42 p.m.","AV. HEROES DEL ALTO CENEPA (TRAPICHE) CRUCE CON AV. LOS INCAS (4) COMAS            COMAS",INCENDIO,"AMB124-2, M150-3, M164-1, RESLIG-150",-11.9108035604194,-77.0559071087861
2016-012040,20-02-2016,"09:49:05 p.m.","KM  18    CHACLACAYO             CHACLACAYO","EMERGENCIA MEDICA",AMB-115,,
2016-012039,20-02-2016,"09:40:09 p.m.","  CL. FRAY LUIS DE LEON 751        SAN BORJA","EMERGENCIA MEDICA",AMB-11,-12.098893949423,-76.9996284793336
2016-012038,20-02-2016,"09:35:13 p.m.","  AV. PERU 2300       SAN MARTIN DE PORRES","EMERGENCIA MEDICA",AMB-65,-12.0317243135701,-77.0705575920731
2016-012037,20-02-2016,"09:34:11 p.m.","  JR. SALOOM  INT  D  428        CALLAO","EMERGENCIA MEDICA",MED-18,-12.0643321263729,-77.1392466376605
2016-012036,20-02-2016,"09:32:47 p.m.","  AV. EVITAMIENTO (CIRCUNVALACION) 600        RIMAC","EMERGENCIA MEDICA",AMB-2,-12.0394795547174,-77.0362160161414
2016-012035,20-02-2016,"09:31:06 p.m.","  JR. ANDAHUAYLAS 1200       LA VICTORIA","EMERGENCIA MEDICA",AMB-2,-12.071674684378,-77.0250655771277
2016-012034,20-02-2016,"09:25:02 p.m.","  CL. CAHUIDE 200        CHORRILLOS",INCENDIO,"M16-1, M6-1",-12.1788333462616,-77.0212555344904
2016-012033,20-02-2016,"09:24:24 p.m.","PASAJE SAN GERONIMO CRUCE AV GRAU             ","EMERGENCIA MEDICA",AMB-44,,
2016-012032,20-02-2016,"09:12:41 p.m.","COLEGIO SAN MARTIN            PISCO","ACCIDENTE VEHICULAR",AMB-37,,
2016-012031,20-02-2016,"09:10:41 p.m.","  AV. SANTIAGO DE SURCO (TOMAS MARSANO) 4600       SANTIAGO DE SURCO","EMERGENCIA MEDICA",AMB134-2,-12.1425035087715,-76.9905833403285
2016-012030,20-02-2016,"09:07:41 p.m.","AV. AVIACION CRUCE CON AV. DE LAS ARTES NORTE SAN BORJA            SAN BORJA","EMERGENCIA MEDICA",AMB-4,-12.0908767924758,-77.0032395429981
2016-012029,20-02-2016,"09:05:37 p.m.","SAN CLAMENTE  300        PISCO",INCENDIO,"AMB-157, CIST90-4",,
2016-012028,20-02-2016,"09:03:52 p.m.","AS. HIJOS DE APURIMAC ETAPA II MZ.  C  LOTE   17   SANTA  CLARA              ATE","EMERGENCIA MEDICA",AMB-169,-12.0210589642907,-76.8749375037373
2016-012027,20-02-2016,"09:03:04 p.m.","PANAMERICANA  KM   83              CHANCAY",INCENDIO,"M44-1, M44-6, M80-1, RES-80",,
2016-012026,20-02-2016,"09:00:53 p.m.","JOSE P GARCIA 220        HUACHO","EMERGENCIA MEDICA",AMB-20,,
2016-012025,20-02-2016,"08:58:38 p.m.","AV. JOSE CARLOS MARIATEGUI CRUCE CON AV. PACHACUTEC VILLA MARIA DEL TRIUNFO            VILLA MARIA DEL TRIUNFO","EMERGENCIA MEDICA",AMB-120,-12.228771859798,-76.9111164917204
2016-012024,20-02-2016,"08:46:13 p.m.","AV. TUPAC AMARU 5600       CARABAYLLO","EMERGENCIA MEDICA","AMB-150, M164-1, RESLIG-150",-11.9091853837056,-77.0367392305828
2016-012023,20-02-2016,"08:45:44 p.m.","AV. AVIACION CDRA 36 DENTRO DE REAL PLAZA PRIMAVERA             ","EMERGENCIA MEDICA",AMB-11,,
2016-012022,20-02-2016,"08:44:16 p.m.","  AV. LIMA (ATOCONGO)PARADERO 8 100        ",INCENDIO,"AMB-129, M106-3, M129-1, M13-1, M160-1",,
2016-012021,20-02-2016,"08:43:35 p.m.","PANAMERICANA NORTE KM 28             CHANCAY",INCENDIO,"AMB-129, M106-3, M129-1, M13-1, M160-1",,
2016-012020,20-02-2016,"08:39:31 p.m.","  AV. PASEO DE LA REPUBLICA 2500       ","EMERGENCIA MEDICA",AMB-4,-12.0881284493345,-77.0245566161709
2016-012019,20-02-2016,"08:36:42 p.m.","  AV. GENERAL JUAN ANTONIO ALVAREZ DE ARENALES 2200       LINCE",INCENDIO,"AMB-4, M4-1, MATPEL-4",-12.0867992995995,-77.0353445599364
2016-012018,20-02-2016,"08:36:12 p.m.","UR. LAS MARGARITAS B LOTE 55            SAN MARTIN DE PORRES","EMERGENCIA MEDICA",AMB-9,-11.9910647487744,-77.0937880575412
2016-012017,20-02-2016,"08:30:08 p.m.","  CL. SAN FERNANDO 211        SURQUILLO","EMERGENCIA MEDICA",AMB-11,-12.1151518935134,-77.0135185345821
2016-012016,20-02-2016,"08:26:01 p.m.","INSTITUTO SAN PEDRO             ","MATERIALES PELIGROSOS (INCIDENTE)","AUX-37, CIST90-4",,
2016-012015,20-02-2016,"08:22:40 p.m.","ARGENTINA 312        ","EMERGENCIA MEDICA",AMB-157,,
2016-012014,20-02-2016,"08:20:54 p.m.","  AV. SANTA ROSA (JUAN PABLO II) 400        CALLAO",RESCATE,RES-15,-12.0538535845645,-77.1148050233291
2016-012013,20-02-2016,"08:19:53 p.m.","UR. CIUDAD DEL PESCADOR G LOTE 14            BELLAVISTA","EMERGENCIA MEDICA",AMB-7,-12.0583427731424,-77.1079479650684
2016-012012,20-02-2016,"08:13:54 p.m.","ENTRADA  A  HUANTA            AYACUCHO","ACCIDENTE VEHICULAR",M63-2,,
2016-012011,20-02-2016,"08:11:21 p.m.","AH  VILLA MERCDES MAZ F LOTE 15 1500       LOS OLIVOS","EMERGENCIA MEDICA",AMB-9,-12.0062320661821,-77.0781946662403
2016-012010,20-02-2016,"07:54:56 p.m.","OVALO RIO SECO            CHANCAY","ACCIDENTE VEHICULAR",AMB-81,,
2016-012009,20-02-2016,"07:50:15 p.m.","JR. JULIO MENDOZA MERINO CRUCE CON JR. HIPOLITO UNANUE LA VICTORIA            LA VICTORIA","EMERGENCIA MEDICA",AMB-4,-12.0665788442199,-77.0239275715012
2016-012008,20-02-2016,"07:46:29 p.m.","  AV. TUPAC AMARU MZ C LOTE 21  000        CALLAO","EMERGENCIA MEDICA",MED-5,-12.0438128347352,-77.1148131944737
2016-012007,20-02-2016,"07:31:21 p.m.","  AV. CAMINO DE AMANCAES 100        RIMAC","EMERGENCIA MEDICA",AMB-8,,
2016-012006,20-02-2016,"07:29:42 p.m.","  PQ. ORQUIDEA 100        ","EMERGENCIA MEDICA",AMB-14,-12.0710302929857,-77.0536042087311
2016-012005,20-02-2016,"07:26:37 p.m.","  AV. PAZ SOLDAN 191        ","EMERGENCIA MEDICA",AMB-9,-12.0278858959168,-77.0783189977643
2016-012004,20-02-2016,"07:20:46 p.m.","  AV. LA PAZ 2600       SAN MIGUEL",INCENDIO,"AMB-7, M7-1, M83-1",-12.0789144881376,-77.1074275402516
2016-012003,20-02-2016,"07:20:18 p.m.","  AV. SANTIAGO DE SURCO (TOMAS MARSANO) 4294       SANTIAGO DE SURCO","EMERGENCIA MEDICA",AMB134-2,-12.1401743787525,-76.9928549427859
2016-012002,20-02-2016,"07:19:06 p.m.","  MA. RIMAC 3600       SAN MARTIN DE PORRES",INCENDIO,M9-1,-12.0374248886509,-77.0905296318034
2016-012001,20-02-2016,"07:17:54 p.m.","PANAMERICANA SUR  KM 231            ","ACCIDENTE VEHICULAR",MED-90,,
2016-012000,20-02-2016,"07:13:45 p.m.","  AV. GENERAL SANTA CRUZ 737        JESUS MARIA","EMERGENCIA MEDICA",AMB-202,-12.072770844015,-77.04266659989
2016-011999,20-02-2016,"07:01:34 p.m.","  JR. AMAZONAS 3590       SAN MARTIN DE PORRES","MATERIALES PELIGROSOS (INCIDENTE)","AMB-60, M60-1, M9-1",-12.0366882373262,-77.0885619762047
2016-011998,20-02-2016,"06:52:59 p.m.","  CL. FRANCISCO MASIAS (LAS GARDENIAS) 2401       LINCE","EMERGENCIA MEDICA",SAMU-4,-12.0876167401515,-77.0263582588221
2016-011997,20-02-2016,"06:52:24 p.m.","AH. JOSE GALVEZ PARADERO 9             VILLA MARIA DEL TRIUNFO","MATERIALES PELIGROSOS (INCIDENTE)",M160-1,-12.1975668356841,-76.9103487431225
2016-011996,20-02-2016,"06:47:15 p.m.","  AV. JAVIER PRADO ESTE 2798       SAN BORJA","EMERGENCIA MEDICA",SAMU-127,-12.0874287502065,-76.9972092473812
2016-011995,20-02-2016,"06:45:21 p.m.","POSTA MEDICA DE MALA            MALA","EMERGENCIA MEDICA",AMB-111,,
2016-011994,20-02-2016,"06:44:14 p.m.","  JR. TRUJILLO 400        RIMAC","EMERGENCIA MEDICA",SAMU-10,-12.0404778386945,-77.0293156834619
2016-011993,20-02-2016,"06:44:13 p.m.","  AV. ANGAMOS ESTE (PRIMAVERA) 120        SANTIAGO DE SURCO","EMERGENCIA MEDICA",AMB134-2,-12.1114777408827,-76.9926291794087
2016-011992,20-02-2016,"06:38:32 p.m.","  AV. CAMINOS DEL INCA 100        SANTIAGO DE SURCO","EMERGENCIA MEDICA",AMB-11,-12.1129005363746,-76.9925403293537
2016-011991,20-02-2016,"06:33:15 p.m.","PANAMERICANA SUR KM 297            ",INCENDIO,CIST-VI,,
2016-011990,20-02-2016,"06:28:28 p.m.","AV. VIETNA  100        LA TINGUINA","EMERGENCIA MEDICA",AUX-193,,
2016-011989,20-02-2016,"06:20:35 p.m.","PJ. VILLA EL SALVADOR SECTOR 2 GRUPO 2 D LOTE 13              VILLA EL SALVADOR","EMERGENCIA MEDICA",SAMU-105,-12.2024177985644,-76.9375302277886
2016-011988,20-02-2016,"06:17:27 p.m.",,"SERVICIO ESPECIAL",AMB-134,,
2016-011987,20-02-2016,"06:16:59 p.m.","  AV. 2 DE MAYO 400        CALLAO","SERVICIO ESPECIAL",RES-15,-12.0588881783845,-77.1426813529695
2016-011986,20-02-2016,"06:15:47 p.m.","  AV. ESCUELA MILITAR (REPUBLICA DE PANAMA) 000        ","EMERGENCIA MEDICA",AMB-13,-12.1565781304702,-77.0191527623307
2016-011985,20-02-2016,"06:04:42 p.m.","  PR. ESCORPIO 000        LOS OLIVOS","EMERGENCIA MEDICA","M161-1, SAMU-161",-11.9994049745305,-77.0746112529226
2016-011984,20-02-2016,"05:57:29 p.m.","  CA. CENTRAL (NICOLAS DE AYLLON) 2008       CHACLACAYO","EMERGENCIA MEDICA",AMB-115,-11.972167047111,-76.7562896487326
2016-011983,20-02-2016,"05:52:04 p.m.","UR. CIUDAD DEL PESCADOR SECTOR II Y2 LOTE 2            BELLAVISTA","EMERGENCIA MEDICA",AMB-7,-12.0602497416221,-77.1075837528895
2016-011982,20-02-2016,"05:50:27 p.m.","VIA EVITAMIENTO DISTRITO DE AYACUCHO            AYACUCHO","ACCIDENTE VEHICULAR",MED-63,,
2016-011981,20-02-2016,"05:49:18 p.m.","AV. TUPAC AMARU (GERARDO UNGER) 000        RIMAC","EMERGENCIA MEDICA",SAMU-21,-12.02121493398,-77.0507327308169
2016-011980,20-02-2016,"05:40:23 p.m.","  JR. CONTRALMIRANTE MIGUEL GRAU (BENITO LAZO) 500        MAGDALENA DEL MAR","EMERGENCIA MEDICA",AMB-83,,
2016-011979,20-02-2016,"05:38:07 p.m.","  AV. COLONIAL (OSCAR R. BENAVIDES) 2700       CALLAO","EMERGENCIA MEDICA",MED-5,-12.0571011361498,-77.1157957799775
2016-011978,20-02-2016,"05:32:33 p.m.","FUNDO FUKURA            HUARAL",INCENDIO,MED-5,,
2016-011977,20-02-2016,"05:28:08 p.m.","FUNDO  OQUENDO  ESPERANZA BAJA            HUARAL",INCENDIO,"M44-1, M44-6, M80-1",,
2016-011976,20-02-2016,"05:24:45 p.m.","  AV. LAS PALMERAS 5320       LOS OLIVOS","EMERGENCIA MEDICA","M161-1, M9-1, SAMU-168",-11.9735474206564,-77.072555245973
2016-011975,20-02-2016,"05:15:15 p.m.","  CL. NUMA POMPILIO 479        LIMA","EMERGENCIA MEDICA",SAMU-14,-12.0517333166607,-77.0653859375712
2016-011974,20-02-2016,"05:08:38 p.m.","  AV. CANADA 3536       SAN LUIS",INCENDIO,"M4-1, MATPEL-4, RES-127, SAMU-127",-12.080941294775,-76.9931073585611
2016-011973,20-02-2016,"05:06:38 p.m.","LAS MORERAS MAZ G LT 12            ","EMERGENCIA MEDICA",SAMU-83,,
2016-011972,20-02-2016,"05:03:00 p.m.","  PR. LUCANAS (PARINACOCHAS) 548        LA VICTORIA","EMERGENCIA MEDICA",SAMU-10,-12.0639128184235,-77.0186431101328
2016-011971,20-02-2016,"05:01:01 p.m.","AV. JOSE CARLOS MARIATEGUI CRUCE CON AV. EDILBERTO RAMOS (MARIANO PASTOR SEVILLA) (FORESTAL) VILLA EL SALVADOR            VILLA EL SALVADOR","EMERGENCIA MEDICA","AMB-120, SAMU-120",-12.2259382396479,-76.9413081542687
2016-011970,20-02-2016,"04:49:52 p.m.","AV. VILLA DEL MAR CRUCE CON AV. CENTRAL VILLA EL SALVADOR            VILLA EL SALVADOR","EMERGENCIA MEDICA",SAMU-120,-12.201877764786,-76.9403633657778
2016-011969,20-02-2016,"04:38:22 p.m.","CL 9 DE DICIEMBRE            BARRANCA",INCENDIO,M73-1,,
2016-011968,20-02-2016,"04:23:15 p.m.","AV. TUPAC AMARU CRUCE CON JR. PUNO COMAS            COMAS","ACCIDENTE VEHICULAR","AMB-164, M9-1, M9-5",-11.952967997797,-77.0512202348296
2016-011967,20-02-2016,"04:21:56 p.m.","  CL. SANTA CARMEN 200        SANTIAGO DE SURCO","EMERGENCIA MEDICA",SAMU-6,-12.128633711805,-77.0074235300499
2016-011966,20-02-2016,"04:20:57 p.m.","  CL. PADRE FRANCISCO MARIA ARAMBURU 326        RIMAC",INCENDIO,M21-1,-12.0319271791507,-77.0242329599193
2016-011965,20-02-2016,"04:18:46 p.m.","CARRETERAS - PANAMERICANAS PANAMERICANA SUR 30            LURIN","ACCIDENTE VEHICULAR","AMB-134, M125-1, M129-1",-12.2761077343792,-76.889902557307
2016-011964,20-02-2016,"04:17:45 p.m.","  AV. GALILEO 100        LOS OLIVOS","EMERGENCIA MEDICA",SAMU-168,-11.9983372508692,-77.0636760336907
2016-011963,20-02-2016,"04:16:36 p.m.","LIMA 500        PISCO","EMERGENCIA MEDICA",AMB-157,,
2016-011962,20-02-2016,"04:14:48 p.m.","UR. LAS PALMAS REALES MZ G LOTE 16            LOS OLIVOS","EMERGENCIA MEDICA",AMB-9,-11.9944515111045,-77.0806874731778
2016-011961,20-02-2016,"04:13:17 p.m.","PLAN VERANO            ","SERVICIO ESPECIAL","AMB-111, AMB-129, M49-1",,
2016-011960,20-02-2016,"04:09:18 p.m.","LA MOLINA 700        ","EMERGENCIA MEDICA",MED-96,,
2016-011959,20-02-2016,"04:07:49 p.m.","PJ. VILLA EL SALVADOR SECTOR 2 GRUPO 17 MAZ D LOTE 17            VILLA EL SALVADOR","MATERIALES PELIGROSOS (INCIDENTE)",M106-3,-12.2066693421658,-76.9448405119377
2016-011958,20-02-2016,"03:54:42 p.m.","  AV. NICOLAS ARRIOLA (RAMON CASTILLA) 2800       SAN LUIS","ACCIDENTE VEHICULAR","AMB-138, M176-1, RES-127, SAMU-127",-12.0672159690421,-76.9947395814725
2016-011957,20-02-2016,"03:38:37 p.m.","PARAMONGA            ","ACCIDENTE VEHICULAR",RES-73,,
2016-011956,20-02-2016,"03:34:48 p.m.","CARRETERAS - PANAMERICANAS PANAMERICANA SUR 20.4            VILLA EL SALVADOR","ACCIDENTE VEHICULAR","AMB-11, AMB-120, AMB-129, AMB-16, M13-1, M6-1, RES-160",-12.2293651142788,-76.9680084463977
2016-011955,20-02-2016,"03:31:58 p.m.","  AV. ALFREDO BENAVIDES 3700       SANTIAGO DE SURCO","EMERGENCIA MEDICA",AMB134-2,-12.1285113373012,-76.9965980932696
2016-011954,20-02-2016,"03:18:17 p.m.","  AV. PERU 3257       SAN MARTIN DE PORRES","EMERGENCIA MEDICA",SAMU-161,-12.0314708316188,-77.082402634608
2016-011953,20-02-2016,"03:16:48 p.m.","  AV. PACHACUTEC (LOS HEROES) 400        SAN JUAN DE MIRAFLORES","EMERGENCIA MEDICA",SAMU-120,-12.1536768292621,-76.9719985805685
2016-011952,20-02-2016,"03:14:34 p.m.",,RESCATE,RES-3,-12.0578522995639,-77.038164983596
2016-011951,20-02-2016,"03:09:53 p.m.","  JR. ABELARDO GAMARRA 1406       LIMA","EMERGENCIA MEDICA",AMB-60,-12.0542993257751,-77.0736005307503
2016-011950,20-02-2016,"03:08:14 p.m.","  AV. ELMER FAUCETT 2889       CALLAO","EMERGENCIA MEDICA",AMB-9,-12.0269000961246,-77.1036589176804
2016-011949,20-02-2016,"03:03:26 p.m.","CL RAMIREZ HORNA KM 35 CARRETERA SAYAN             ",INCENDIO,M80-4,,
2016-011948,20-02-2016,"02:59:52 p.m.",,"MATERIALES PELIGROSOS (INCIDENTE)","AMB-7, M15-1, RES-15",-12.0593730698635,-77.1175085418602
2016-011947,20-02-2016,"02:55:00 p.m.","  CL. HURON (V8) 405        LA MOLINA","EMERGENCIA MEDICA",MED-96,-12.0984867867558,-76.92200505076
2016-011946,20-02-2016,"02:49:33 p.m.","CL. ENRIQUE BARRON (PEDRO ELGUERA) CRUCE CON JR. BUENAVENTURA AGUIRRE (JUAN ANSELMO ALVAREZ) BARRANCO            BARRANCO","EMERGENCIA MEDICA",AMB-16,-12.1362258187431,-77.0197395581028
2016-011945,20-02-2016,"02:49:03 p.m.","  CL. FRANCISCO BOLOGNESI 655        BELLAVISTA","EMERGENCIA MEDICA",MED-5,-12.0642306391466,-77.1297204503193
2016-011944,20-02-2016,"02:42:42 p.m.","  CL. 25 DE MAYO (PEDRO LULLANDO) 137        MIRAFLORES","EMERGENCIA MEDICA",AMB-28,-12.126542705491,-77.0145560109309
2016-011943,20-02-2016,"02:42:30 p.m.","AL. SUR CRUCE CON AL. SAN LORENZO (B) CHORRILLOS            CHORRILLOS","EMERGENCIA MEDICA",SAMU-6,-12.1991578167182,-77.0125575475644
2016-011942,20-02-2016,"02:40:51 p.m.","PISCINA EL SILENCIO            ",INCENDIO,CIST82-4,,
2016-011941,20-02-2016,"02:37:19 p.m.","  JR. CRUZ SACO (CARLOS A. SACO) 373        LA VICTORIA","EMERGENCIA MEDICA",AMB-202,-12.0712338884878,-77.0078773688495
2016-011940,20-02-2016,"02:37:15 p.m.","AV. 1 DE MAYO CRUCE CON AV. EDILBERTO RAMOS (MARIANO PASTOR SEVILLA) (FORESTAL) VILLA EL SALVADOR            VILLA EL SALVADOR","EMERGENCIA MEDICA",AMB-120,-12.1981070763285,-76.9579487309924
2016-011939,20-02-2016,"02:34:08 p.m.","CAYAHUANCA            ","EMERGENCIA MEDICA",AMB-32-2,,
2016-011938,20-02-2016,"02:31:40 p.m.",,"EMERGENCIA MEDICA",MED-5,-12.0604957484379,-77.1390105267796
2016-011937,20-02-2016,"02:24:06 p.m.","  JR. MANUEL SEGURA 256        LINCE","EMERGENCIA MEDICA",SAMU-4,-12.0796713139788,-77.0345430705069
2016-011936,20-02-2016,"02:13:44 p.m.","AV. UNIVERSITARIA (BAQUIJANO Y CARRILLO) 1200       CALLAO","EMERGENCIA MEDICA",AMB-60,,
2016-011935,20-02-2016,"02:13:28 p.m.","  AV. BUENA VISTA 310        SAN BORJA",RESCATE,RES-127,-12.1062323556471,-76.9798261315184
2016-011934,20-02-2016,"02:10:19 p.m.","AV. AVIACION CRUCE CON AV. ISABEL LA CATOLICA LA VICTORIA            ","EMERGENCIA MEDICA",AMB-202,-12.06812280846,-77.012122617365
2016-011933,20-02-2016,"02:08:46 p.m.","LOS OLIVOS            HUACHO","ACCIDENTE VEHICULAR",M20-1,,
2016-011932,20-02-2016,"02:05:29 p.m.","MCDO MODELO             ICA","EMERGENCIA MEDICA",AMB-22,,
2016-011931,20-02-2016,"02:04:11 p.m.","  AV. ABEL BERGASSE DU PETIT THOUARS 4000       SAN ISIDRO","ACCIDENTE VEHICULAR","AMB-11, AMB-28, M4-1",-12.1027407994595,-77.0305726157795
2016-011930,20-02-2016,"02:00:21 p.m.","CLINICA MASON DE SANTE             ","EMERGENCIA MEDICA",AMB-115,,
2016-011929,20-02-2016,"01:49:46 p.m.","  AV. ALFREDO BENAVIDES 1059       MIRAFLORES","EMERGENCIA MEDICA",AMB-11,-12.1256928563473,-77.0215077891863
2016-011928,20-02-2016,"01:46:13 p.m.","CL. OLIVOS 855        CHACLACAYO","EMERGENCIA MEDICA",AMB-32,,
2016-011927,20-02-2016,"01:35:26 p.m.","AV. OSCAR VALDEZ (MARISCAL JOSE LA MAR) CRUCE CON AV. SANTA CRUZ (ELIAS RENAN) MIRAFLORES            MIRAFLORES","EMERGENCIA MEDICA",AMB-28,-12.1170401835415,-77.0419730580983
2016-011926,20-02-2016,"01:35:09 p.m.","  AV. LOS CLAVELES  000        EL AGUSTINO","EMERGENCIA MEDICA",AMB-8,-12.043245821294,-77.0012779084702
2016-011925,20-02-2016,"01:34:40 p.m.","ASOCCIAN DE VIVIENDA  ARAS DE CHILLON            PUENTE PIEDRA","EMERGENCIA MEDICA",SAMU-150,,
2016-011924,20-02-2016,"01:31:54 p.m.","  AV. TEJADA 200        ","EMERGENCIA MEDICA",AMB-16,-12.1339733367036,-77.0216314952012
2016-011923,20-02-2016,"01:28:58 p.m.","  JR. AYACUCHO (PUENTE Y CORTEZ) 247        MAGDALENA DEL MAR","EMERGENCIA MEDICA",AMB-83,-12.0884198796314,-77.0663735593755
2016-011922,20-02-2016,"01:27:56 p.m.","  AV. JOSE GALVEZ 600        LA PERLA","EMERGENCIA MEDICA",MED-18,-12.0669723693423,-77.127598663218
2016-011921,20-02-2016,"01:25:29 p.m.","  AV. UNIVERSITARIA 5736       COMAS","EMERGENCIA MEDICA",MED-18,-11.9557663606587,-77.0596546431999
2016-011920,20-02-2016,"01:25:06 p.m.",,"EMERGENCIA MEDICA",SAMU-21,-12.0570878199632,-77.0459570829638
2016-011919,20-02-2016,"01:18:47 p.m.","  CL. TEODORO CARDENAS 457        LIMA","EMERGENCIA MEDICA",SAMU-14,-12.0774298147056,-77.03314808333
2016-011918,20-02-2016,"01:16:10 p.m.","  AV. ALFREDO BENAVIDES 1330       MIRAFLORES","EMERGENCIA MEDICA",AMB-28,-12.1262964326263,-77.018527381761
2016-011917,20-02-2016,"01:13:25 p.m.","  AV. EL BOSQUE (DEL ROSARIO) 401        LURIGANCHO","EMERGENCIA MEDICA",AMB-115,-11.9582431755813,-76.7215017447311
2016-011916,20-02-2016,"01:07:43 p.m.","CERRO COLORADO POR LOS FUNDOS            MALA",INCENDIO,M111-1,,
2016-011915,20-02-2016,"01:07:36 p.m.","PANAMERICANA  NORTE KM 63            ","ACCIDENTE VEHICULAR","AMB-73, AMB-80, M163-1",,
2016-011914,20-02-2016,"01:06:41 p.m.","  JR. HUMBOLDT 1586       LA VICTORIA",INCENDIO,"AMB-8, M10-1, M2-1, M8-1, RESLIG-4",-12.0639643047333,-77.0140480753466
2016-011913,20-02-2016,"12:57:14 p.m.","  CL. ALFREDO ICAZA 222        SANTIAGO DE SURCO","EMERGENCIA MEDICA",AMB134-2,-12.1476343039873,-76.9927125527796
2016-011912,20-02-2016,"12:56:06 p.m.","AV. MIRAFLORES            ICA","EMERGENCIA MEDICA",AMB-157,,
2016-011911,20-02-2016,"12:53:42 p.m.","  JR. HIPOLITO UNANUE 789        ","EMERGENCIA MEDICA",SAMU-10,-12.0666033314419,-77.0241700692026
2016-011910,20-02-2016,"12:53:31 p.m.","JR. MANUEL IRRIBARREN (SAN MIGUEL) CRUCE CON JR. CONTRALMIRANTE LIZARDO MONTERO SURQUILLO            SURQUILLO","EMERGENCIA MEDICA",SAMU-10,-12.1111528146567,-77.0224245577042
2016-011909,20-02-2016,"12:52:43 p.m.","JR. MANUEL IRRIBARREN (SAN MIGUEL) CRUCE CON JR. CONTRALMIRANTE LIZARDO MONTERO SURQUILLO            SURQUILLO","ACCIDENTE VEHICULAR","AMB-16, M11-1, M16-1",-12.1111528146567,-77.0224245577042
2016-011908,20-02-2016,"12:52:34 p.m.",,"EMERGENCIA MEDICA",AMB-202,-12.0676683843066,-77.0477912602014
2016-011907,20-02-2016,"12:48:13 p.m.","AH. ACAPULCO B            CALLAO","MATERIALES PELIGROSOS (INCIDENTE)",MED-18,-12.0217738810027,-77.1371009415043
2016-011906,20-02-2016,"12:48:08 p.m.","  AV. DELGADO 114        SAN MARTIN DE PORRES","EMERGENCIA MEDICA",AMB-9,-12.021917496508,-77.0908793944406
2016-011905,20-02-2016,"12:47:02 p.m.","  JR. PORTA 111        MIRAFLORES","EMERGENCIA MEDICA",AMB-28,-12.1228207962132,-77.0310317841482
2016-011904,20-02-2016,"12:41:30 p.m.","  JR. JAZMINES 207        SAN MARTIN DE PORRES","MATERIALES PELIGROSOS (INCIDENTE)","AMB-65, M65-2",-12.0266603470869,-77.0668315661562
2016-011903,20-02-2016,"12:38:04 p.m.","  AV. ANGELICA GAMARRA 400        LOS OLIVOS",INCENDIO,M161-1,-12.0052585085189,-77.0657913485599
2016-011902,20-02-2016,"12:35:00 p.m.","PARADERO 1 HUASCAR             SAN JUAN DE LURIGANCHO","EMERGENCIA MEDICA",SAMU-121,,
2016-011901,20-02-2016,"12:28:22 p.m.","AV  ANDRES AVELINO CACERES S/N              MARCONA",INCENDIO,"CIST-152, MED-152",,
2016-011900,20-02-2016,"12:26:55 p.m.","AV. FUJIMORI             HUARAL",INCENDIO,M44-1,,
2016-011899,20-02-2016,"12:23:38 p.m.","PLAYA  ORNILLOS             HUACHO","EMERGENCIA MEDICA",AMB-20,,
2016-011898,20-02-2016,"12:19:33 p.m.","AV. AVIACION CRUCE CON AV. 28 DE JULIO LA VICTORIA            LA VICTORIA",INCENDIO,M8-1,-12.0611438637611,-77.0130556157774
2016-011897,20-02-2016,"12:18:10 p.m.","PROL HUAYLAS             CHORRILLOS","EMERGENCIA MEDICA",SAMU-6,,
2016-011896,20-02-2016,"12:14:40 p.m.","  AV. BRASIL 1745       JESUS MARIA","EMERGENCIA MEDICA",AMB-83,-12.0766100445729,-77.0549057675507
2016-011895,20-02-2016,"12:13:01 p.m.","LAURA             SAN VICENTE DE CANETE","EMERGENCIA MEDICA",MED-49,,
2016-011894,20-02-2016,"12:06:52 p.m.","SALUD CLINICA INSTITUTO NACIONAL DE ENFERMEDADES NEOPLASICA            SURQUILLO","EMERGENCIA MEDICA",AMB-106,-12.1126682516179,-76.9983061151394
2016-011893,20-02-2016,"12:02:06 p.m.","  AV. 26 DE NOVIEMBRE 300        VILLA MARIA DEL TRIUNFO","MATERIALES PELIGROSOS (INCIDENTE)",AMB-106,-12.1760923659237,-76.9372928504549
2016-011892,20-02-2016,"11:56:34 a.m.","  AV. CORONEL NESTOR GAMBETA (EL EMISOR) 000        CALLAO","ACCIDENTE VEHICULAR","M184-1, M75-1, M9-1, MED-5, SAMU-150, SAMU-161",-11.941634340218,-77.1311387914867
2016-011891,20-02-2016,"11:54:48 a.m.","  CL. JOSE MARIA PLAZA 332        JESUS MARIA","EMERGENCIA MEDICA",SAMU-14,-12.0729633887332,-77.048285792658
2016-011890,20-02-2016,"11:54:08 a.m.","  AV. ALBORADA 1784       LIMA","EMERGENCIA MEDICA",AMB-36,-12.0671623529114,-77.0674155525477
2016-011889,20-02-2016,"11:52:16 a.m.","  AV. FERNANDO WIESE (PROCERES DE LA INDEPENDENCIA)  PAR 5            SAN JUAN DE LURIGANCHO",INCENDIO,"M121-1, M2-1, M21-1",-11.9566031053053,-76.9851173077096
2016-011888,20-02-2016,"11:46:37 a.m.","AV. BOCANEGRA 000        CALLAO","EMERGENCIA MEDICA",AMB-9,-12.0081694453494,-77.1023779444407
2016-011887,20-02-2016,"11:42:23 a.m.","UR. LOS PROCERES  000        SANTIAGO DE SURCO","EMERGENCIA MEDICA",SAMU-120,-12.1535330208479,-76.9879623117113
2016-011886,20-02-2016,"11:36:31 a.m.","AS. SAN PEDRO DE CAMPOY  MZ B            SAN JUAN DE LURIGANCHO","EMERGENCIA MEDICA",SAMU-121,-12.0180801982883,-76.9608777001666
2016-011885,20-02-2016,"11:36:07 a.m.","  AV. JOSE GALVEZ BARRENECHEA (PRINCIPAL) 1053       SAN BORJA","EMERGENCIA MEDICA",SAMU-4,-12.1063423647112,-77.0106010867833
2016-011884,20-02-2016,"11:32:35 a.m.","  JR. LA ESPERANZA ESQ MARIATEGUI  600        ATE",INCENDIO,"M138-1, M138-4, M169-1, RES-96, SAMU-127",-12.0266870018353,-76.9054143231598
2016-011883,20-02-2016,"11:30:19 a.m.","  CL. SIMON BOLIVAR 280        VILLA MARIA DEL TRIUNFO","EMERGENCIA MEDICA",SAMU-106,-12.1609463337653,-76.9540080673492
2016-011882,20-02-2016,"11:21:29 a.m.","  PQ. EDUARDO BELLO 273        LA VICTORIA","EMERGENCIA MEDICA",SAMU-10,-12.0875063230762,-77.0227850654059
2016-011881,20-02-2016,"11:17:49 a.m.","UR. JOSE BOTERIN ETAPA I G            CALLAO","EMERGENCIA MEDICA",MED-5,-12.0537665673871,-77.1219082704227
2016-011880,20-02-2016,"11:13:38 a.m.","  AV. CAQUETA 537        SAN MARTIN DE PORRES","EMERGENCIA MEDICA",SAMU-21,-12.0321918151242,-77.0441069124222
2016-011879,20-02-2016,"11:12:01 a.m.","  AV. OSCAR VALDEZ (MARISCAL JOSE LA MAR) 500        MIRAFLORES","ACCIDENTE VEHICULAR","AMB-28, MATPEL-4, RES-16",-12.1150985003263,-77.043896677432
2016-011878,20-02-2016,"11:10:25 a.m.","CARRETERAS - PANAMERICANAS PANAMERICANA SUR 10.2            SANTIAGO DE SURCO","ACCIDENTE VEHICULAR","AMB134-2, M11-1",-12.14646439712,-76.9822986821162
2016-011877,20-02-2016,"11:08:54 a.m.","  AV. JAIME BAUSATE Y MEZA (BOLIVAR) 900        LA VICTORIA","MATERIALES PELIGROSOS (INCIDENTE)","M10-1, M8-1, RES-3, SAMU-10",-12.0635882755391,-77.0222670645572
2016-011876,20-02-2016,"11:02:20 a.m.","  AV. GENERAL MANUEL DE MENDIBURU 443        MIRAFLORES","EMERGENCIA MEDICA",AMB-28,-12.1156949148576,-77.0445366807425
2016-011875,20-02-2016,"11:01:08 a.m.","  JR. JUPITER  UR LA LUZ 557        LIMA","EMERGENCIA MEDICA",SAMU-14,-12.066718661816,-77.0705194211739
2016-011874,20-02-2016,"10:52:55 a.m.","PTE SAN PEDRO             LURIN","SERVICIO ESPECIAL",AMB-129,,
2016-011873,20-02-2016,"10:49:51 a.m.","  AV. TACNA 677        SAN MIGUEL","EMERGENCIA MEDICA",SAMU-83,-12.0895373437055,-77.0806775804061
2016-011872,20-02-2016,"10:48:29 a.m.","  AV. TUPAC AMARU 700        COMAS","ACCIDENTE VEHICULAR","AMB-65, M65-2",-11.9601233529709,-77.0537340736404
2016-011871,20-02-2016,"10:48:12 a.m.","  JR. COLMENA 604        COMAS","EMERGENCIA MEDICA","AMB-65, M65-2",-11.9563131352906,-77.0461847297846
2016-011870,20-02-2016,"10:40:00 a.m.","AV. DE LOS INSURGENTES (LOS INSURGENTES) CRUCE CON AV. VENEZUELA BELLAVISTA            BELLAVISTA","EMERGENCIA MEDICA",AMB-7,-12.0628956926503,-77.1047494455806
2016-011869,20-02-2016,"10:37:58 a.m.","AV. LA MERCED 400        SANTIAGO DE SURCO","EMERGENCIA MEDICA",AMB-28,-12.1303104647161,-77.0094407842237
2016-011868,20-02-2016,"10:36:43 a.m.","  JR. CORONEL FRANCISCO BOLOGNESI 775        SAN MIGUEL","EMERGENCIA MEDICA",AMB-83,-12.0861061019864,-77.0783280782463
2016-011867,20-02-2016,"10:33:53 a.m.","  JR. JORGE VALDEAVELLANO 279        LA VICTORIA","EMERGENCIA MEDICA",SAMU-4,-12.0862813314486,-77.0107405989644
2016-011866,20-02-2016,"10:32:59 a.m.","  AV. PACASMAYO 3468       SAN MARTIN DE PORRES",INCENDIO,"AMB-9, M9-5",-12.027262439557,-77.0830376151045
2016-011865,20-02-2016,"10:30:49 a.m.","JR. JASPAMPA CRUCE CON JR. HUANTAJAYA CALLAO            CALLAO","EMERGENCIA MEDICA",MED-5,-12.0499907877861,-77.1011096527457
2016-011864,20-02-2016,"10:26:42 a.m.","  JR. BARTOLOME HERRERA 156        SAN MARTIN DE PORRES","MATERIALES PELIGROSOS (INCIDENTE)",M65-2,-12.0262743429871,-77.060746602612
2016-011863,20-02-2016,"10:24:49 a.m.","  AV. TUPAC AMARU ALT CINE TUPAC  000        COMAS","EMERGENCIA MEDICA",AMB-65,-11.933661612583,-77.046430528334
2016-011862,20-02-2016,"10:24:33 a.m.","AV. ELMER FAUCETT CRUCE CON AV. LA MARINA SAN MIGUEL            SAN MIGUEL","EMERGENCIA MEDICA",AMB-65,-12.0734255827676,-77.0998952900454
2016-011861,20-02-2016,"10:23:44 a.m.","AV. ELMER FAUCETT CRUCE CON AV. LA MARINA SAN MIGUEL            SAN MIGUEL","EMERGENCIA MEDICA",AMB-7,-12.0734255827676,-77.0998952900454
2016-011860,20-02-2016,"10:21:35 a.m.","CLINICA MASON DE SANTE             SANTIAGO DE SURCO","EMERGENCIA MEDICA",AMB-115,,
2016-011859,20-02-2016,"10:20:15 a.m.","AV. LAS NAZARENAS CRUCE CON AV. MORRO SOLAR SANTIAGO DE SURCO            SANTIAGO DE SURCO","ACCIDENTE VEHICULAR","AMB134-2, M11-1",-12.1344735132007,-76.979747762543
2016-011858,20-02-2016,"10:18:29 a.m.","PLAN VERANO              LURIN","SERVICIO ESPECIAL","AMB-73, AMB-81, M163-1, M44-1",,
2016-011857,20-02-2016,"10:08:54 a.m.","  AV. MARIA PARADO DE BELLIDO 1185       SANTA ANITA","MATERIALES PELIGROSOS (INCIDENTE)",M138-4,-12.0441217694397,-76.9745956621131
2016-011856,20-02-2016,"10:05:29 a.m.","  AV. EL BOSQUE 256        SAN JUAN DE LURIGANCHO",INCENDIO,M121-1,-11.9787085732933,-77.0065247912258
2016-011855,20-02-2016,"10:04:24 a.m.","  AV. SANTIAGO ANTUNEZ DE MAYOLO 1090       LOS OLIVOS","EMERGENCIA MEDICA",SAMU-161,,
2016-011854,20-02-2016,"10:03:45 a.m.","OV ZAPALLAL  //  CLUB CAMPESTRE FELIZ            PUENTE PIEDRA","SERVICIO ESPECIAL",AMB-207,,
2016-011853,20-02-2016,"10:03:13 a.m.","  AV. JULIO CESAR TELLO 875        LINCE",RESCATE,M202-1,-12.0867497961201,-77.0416747555745
2016-011852,20-02-2016,"09:50:47 a.m.","  JR. MANUEL CISNEROS            LA VICTORIA","EMERGENCIA MEDICA",SAMU-10,,
2016-011851,20-02-2016,"09:48:27 a.m.","  AV. ALBERTO ALEXANDER (NICARAGUA) 2229       LINCE","EMERGENCIA MEDICA",AMB-202,-12.0847858222501,-77.0475095689362
2016-011850,20-02-2016,"09:47:05 a.m.","  AV. RICARDO MALACHOWSKY KULISICS 249        SAN BORJA","EMERGENCIA MEDICA",AMB-11,-12.1110009861654,-77.003930520483
2016-011849,20-02-2016,"09:42:49 a.m.","CURVA DE LA HERRADURA             CHORRILLOS","EMERGENCIA MEDICA","AMB-13, AMB-16",,
2016-011848,20-02-2016,"09:41:37 a.m.",,"EMERGENCIA MEDICA",MED-34,-12.0582292249155,-77.1429964221459
2016-011847,20-02-2016,"09:39:47 a.m.","UV. MIRONES 57            LIMA","EMERGENCIA MEDICA",AMB-36,-12.0544509845025,-77.0696546493102
2016-011846,20-02-2016,"09:22:21 a.m.","  CL. PABLO OLAVIDE 762        COMAS","EMERGENCIA MEDICA",AMB-36,-11.9349472612978,-77.0514081368121
2016-011845,20-02-2016,"09:21:40 a.m.","CLINICA MONTEFIORI             ATE","EMERGENCIA MEDICA",AMB-138,,
2016-011844,20-02-2016,"09:21:17 a.m.","  CL. TUPAC INCA URB TAHUANTINSUYO 117        INDEPENDENCIA","EMERGENCIA MEDICA",SAMU-168,-11.980991347473,-77.0579751226623
2016-011843,20-02-2016,"09:10:02 a.m.","  AV. LA REPUBLICA (MENDOCITA) (EL CARMEN) 195        SANTIAGO DE SURCO","EMERGENCIA MEDICA",SAMU-127,-12.0992750126257,-76.9760251359543
2016-011842,20-02-2016,"09:09:25 a.m.","CL. LOS ARRAYANES (BELEN) (6) CRUCE CON JR. LAS LAUSONIAS (LAS VERBENAS) (11) SAN JUAN DE LURIGANCHO            SAN JUAN DE LURIGANCHO","EMERGENCIA MEDICA","SAMU-121, SAMU-21",-12.0155218544766,-77.0061526168018
2016-011841,20-02-2016,"09:08:00 a.m.","PANAMERICANA NORTE KM 42            ANCON","ACCIDENTE VEHICULAR",AMB-163,,
2016-011840,20-02-2016,"09:05:23 a.m.","  JR. HUANCABAMBA (1) 195        SANTIAGO DE SURCO","EMERGENCIA MEDICA",AMB134-2,-12.1439874075117,-76.987878132521
2016-011839,20-02-2016,"09:04:27 a.m.","  CL. LA PAMPILLA  DPTO  202 155        SANTIAGO DE SURCO","EMERGENCIA MEDICA",AMB-11,-12.1172084812609,-76.9904208606338
2016-011838,20-02-2016,"09:03:27 a.m.","  AV. ELMER FAUCETT 2700       CALLAO","EMERGENCIA MEDICA",AMB-9,-12.027784040304,-77.1031545680981
2016-011837,20-02-2016,"08:56:41 a.m.","  AV. 26 DE NOVIEMBRE 900        VILLA MARIA DEL TRIUNFO","ACCIDENTE VEHICULAR","M106-3, M155-1, SAMU-106",-12.1726333589655,-76.9329459964242
2016-011836,20-02-2016,"08:51:05 a.m.","  JR. TACNA SUR (ARICA) 962        CALLAO","EMERGENCIA MEDICA",MED-5,-12.0680238141152,-77.1342727504602
2016-011835,20-02-2016,"08:45:26 a.m.","  AV. FAUSTINO SANCHEZ CARRION (PERSHING) 280        SAN ISIDRO","EMERGENCIA MEDICA",AMB-202,-12.0936453057716,-77.0521566098424
2016-011834,20-02-2016,"08:44:57 a.m.","  CL. SANTA ELENA MZ U -1  LT A 9  ZAPALLAL BAJO  000        PUENTE PIEDRA","EMERGENCIA MEDICA",AMB-207,-11.8354088942956,-77.1065886083811
2016-011833,20-02-2016,"08:44:39 a.m.","CL. LURIN MZ A BLOCK E            LA MOLINA","EMERGENCIA MEDICA",MED-96,,
2016-011832,20-02-2016,"08:41:17 a.m.","  AV. LIMA (LA VICTORIA) 1355       BARRANCO","MATERIALES PELIGROSOS (INCIDENTE)","AMB-16, M16-1",-12.1407965482173,-77.0127517833529
2016-011831,20-02-2016,"08:38:14 a.m.","SALUD ESSALUD HOSPITAL CENTRAL NO 2 EDGARDO REBAGLIATI            JESUS MARIA",RESCATE,"AMB-16, M16-1",-12.0784114309467,-77.0399092941712
2016-011830,20-02-2016,"08:31:34 a.m."," SAN  TAMBIO            AYACUCHO","ACCIDENTE VEHICULAR",AMB-63,,
2016-011829,20-02-2016,"08:30:05 a.m.","PANAMERICANA SUR ALT PTE BENAVIDES 000        SANTIAGO DE SURCO","ACCIDENTE VEHICULAR","M11-1, SAMU-120",-12.1313146378524,-76.9786016592302
2016-011828,20-02-2016,"08:25:23 a.m.","  JR. GREGORIO PAREDES (TUPAC AMARU) 195        PUEBLO LIBRE","EMERGENCIA MEDICA",AMB-36,-12.0832623795148,-77.061988619418
2016-011827,20-02-2016,"08:06:29 a.m.","AV. LA ENCALADA (APU KONTIKI) CRUCE CON AV. ANGAMOS ESTE (PRIMAVERA) SANTIAGO DE SURCO            SANTIAGO DE SURCO","EMERGENCIA MEDICA",AMB-11,-12.1099383397696,-76.9728406923477
2016-011826,20-02-2016,"08:05:00 a.m.","AV. ELMER FAUCETT 2800       CALLAO",INCENDIO,"AMB-9, M161-1, M60-1, M9-1",-12.0269251038934,-77.1031915107187
2016-011825,20-02-2016,"08:02:01 a.m.","  CL. MANUEL MARCOS SALAZAR 299        SAN ISIDRO","EMERGENCIA MEDICA",AMB-202,-12.1039023177046,-77.0561640724796
2016-011824,20-02-2016,"08:01:45 a.m.","AV. LA CULTURA (B) CRUCE CON AV. METROPOLITANA (HUAYCARA) SANTA ANITA            SANTA ANITA","EMERGENCIA MEDICA",AMB-138,-12.0357704499448,-76.9491439901995
2016-011823,20-02-2016,"07:51:46 a.m.","  AV. SANTIAGO DE SURCO (TOMAS MARSANO) 2875       SANTIAGO DE SURCO","EMERGENCIA MEDICA",AMB134-2,-12.1268829319612,-77.002263680601
2016-011822,20-02-2016,"07:10:48 a.m.","  JR. GENERAL VIDAL (ANTONIO DAZA) 100        RIMAC","EMERGENCIA MEDICA",AMB134-2,-12.0341768585197,-77.0390911151768
2016-011821,20-02-2016,"07:08:42 a.m.","  AV. FRANCISCO PIZARRO 700        RIMAC","EMERGENCIA MEDICA",AMB-21,-12.034997315986,-77.0374010910915
2016-011820,20-02-2016,"07:08:36 a.m.","  JR. SAN LORENZO 400        SURQUILLO","EMERGENCIA MEDICA",AMB-11,-12.1157428236744,-77.0166275527291
2016-011819,20-02-2016,"06:58:25 a.m.",,"EMERGENCIA MEDICA",AMB-14,-12.0647873274137,-77.0506945772473
2016-011818,20-02-2016,"06:53:24 a.m.","UR. JOSE BOTERIN ETAPA I E LTE 26            CALLAO","EMERGENCIA MEDICA",MED-5,-12.0532625374464,-77.1208695951989
2016-011817,20-02-2016,"06:48:29 a.m.","VIA EXPRESA ALT. PTE 28 DE JULIO  000        MIRAFLORES","ACCIDENTE VEHICULAR","AMB-16, AMB-28, M16-1, M28-1, RES-16",-12.1294663687162,-77.0226664301511
2016-011816,20-02-2016,"06:47:56 a.m.","  AV. GUARDIA CHALACA 1386       CALLAO","EMERGENCIA MEDICA",MED-18,-12.0579488494332,-77.1298902045733
2016-011815,20-02-2016,"06:42:26 a.m.","  PR. PERU 4500       CALLAO","EMERGENCIA MEDICA",AMB-9,-12.0270913464864,-77.0973765490529
2016-011814,20-02-2016,"06:41:25 a.m.","CARRETERAS - PANAMERICANAS PANAMERICANA SUR 29            LURIN","ACCIDENTE VEHICULAR","AMB-155, RES-125",-12.2712867880863,-76.8976505465214
2016-011813,20-02-2016,"06:38:02 a.m.","  CL. LOS CORALES 143        LA PERLA","EMERGENCIA MEDICA",AMB-7,-12.0672757266383,-77.1147071309968
2016-011812,20-02-2016,"06:36:25 a.m.","AV. GENERAL ARENALES CRUCE CON AV. JAVIER PRADO OESTE SAN ISIDRO            SAN ISIDRO","ACCIDENTE VEHICULAR","M4-1, MATPEL-4, SAMU-4",-12.0923956825284,-77.0344429904081
2016-011811,20-02-2016,"06:03:56 a.m.","  AV. LA UNION (MICAELA BASTIDAS) 445        VILLA MARIA DEL TRIUNFO","EMERGENCIA MEDICA",SAMU-120,-12.175895381396,-76.9491126811813
2016-011810,20-02-2016,"06:03:08 a.m.",,"EMERGENCIA MEDICA",AMB-14,-12.062182321413,-77.0565890768309
2016-011809,20-02-2016,"06:01:22 a.m.","  AV. PACIFICO NORTE 1107       PUNTA NEGRA","EMERGENCIA MEDICA",AMB-129,-12.3577242396852,-76.8019609687351
2016-011808,20-02-2016,"05:38:54 a.m.","  AV. CESAR VALLEJO 000        VILLA EL SALVADOR",INCENDIO,"M106-3, M155-1, M160-1, M6-1, SAMU-105",-12.2257842544511,-76.9586442657094
2016-011807,20-02-2016,"04:55:40 a.m.","  JR. YUTAY 105        RIMAC","EMERGENCIA MEDICA",AMB-21,-12.0387332950861,-77.0284016128163
2016-011806,20-02-2016,"04:45:22 a.m.","  AV. ELMER FAUCETT 3400       CALLAO","EMERGENCIA MEDICA",AMB-9,,
2016-011805,20-02-2016,"04:43:23 a.m.","  AV. RIOBAMBA 369        SAN MARTIN DE PORRES","EMERGENCIA MEDICA",AMB-9,,
2016-011804,20-02-2016,"04:38:25 a.m.","  JR. LUCANAS 203        LIMA",INCENDIO,"M2-1, RES-3, RES-8, SAMU-2",-12.0535393542481,-77.0196971325191
2016-011803,20-02-2016,"04:34:51 a.m.","PANAMERICANA SUR EL ALAMO            ICA","EMERGENCIA MEDICA",AMB-22,,
2016-011802,20-02-2016,"04:22:51 a.m.","  AV. ABEL BERGASSE DU PETIT THOUARS 2600       LINCE","EMERGENCIA MEDICA",SAMU-4,-12.0900479954877,-77.0325756273303
2016-011801,20-02-2016,"04:18:56 a.m.","AV. TUPAC AMARU KM 12 2000       COMAS","EMERGENCIA MEDICA",SAMU-4,-11.9485620669154,-77.0493477191682
2016-011800,20-02-2016,"04:02:44 a.m.","AH. BOCANEGRA SECTOR G G25 LTE 26            CALLAO","EMERGENCIA MEDICA",AMB-9,-12.0238126700466,-77.1003310774353
2016-011799,20-02-2016,"03:44:38 a.m.","  AV. CANTO GRANDE 2561       SAN JUAN DE LURIGANCHO","ACCIDENTE VEHICULAR","M121-1, M21-1, SAMU-121",-11.9875203257168,-77.0154876220557
2016-011798,20-02-2016,"03:44:35 a.m.","  AV. SAN LUIS 1040       SAN LUIS","EMERGENCIA MEDICA",AMB-8,-12.0780735661943,-76.9992055521328
2016-011797,20-02-2016,"03:30:15 a.m.","  CL. JUAN ROBERTO ACEVEDO 912        PUEBLO LIBRE","EMERGENCIA MEDICA",AMB-36,-12.0781257779459,-77.0714937943573
2016-011796,20-02-2016,"03:07:51 a.m.","  AV. LOS FRESNOS (LOS FICUS) 1000       LA MOLINA","ACCIDENTE VEHICULAR","MED-96, RES-127, RES-96",-12.0935958057719,-76.9463443685646
2016-011795,20-02-2016,"03:00:01 a.m.","VILLA LIBERTADORES KM. 240            AYACUCHO","ACCIDENTE VEHICULAR",MED-63,,
2016-011794,20-02-2016,"02:47:45 a.m.","CORCONA            ","ACCIDENTE VEHICULAR","AMB-32, RES-32",,
2016-011793,20-02-2016,"02:06:23 a.m.","CARRETERAS - PANAMERICANAS CARRETERA CENTRAL 12            ATE","ACCIDENTE VEHICULAR","AMB-169, M138-4, M169-1",,
2016-011792,20-02-2016,"02:04:47 a.m.","  AV. HORACIO URTEAGA 586        JESUS MARIA","EMERGENCIA MEDICA",SAMU-4,-12.066548834996,-77.0430273679122
2016-011791,20-02-2016,"01:46:19 a.m.","B-169            ATE","EMERGENCIA MEDICA",AMB-169,,
2016-011790,20-02-2016,"01:43:04 a.m.","CARRETERAS - PANAMERICANAS PANAMERICANA SUR KM 58.5            PUCUSANA","ACCIDENTE VEHICULAR","AMB-134, M133-1, RES-125",-12.4672639735074,-76.7509370624317
2016-011789,20-02-2016,"01:27:49 a.m.",,"EMERGENCIA MEDICA",AMB-22,,
2016-011788,20-02-2016,"01:11:58 a.m.","  JR. TRUJILLO 1006       RIMAC","EMERGENCIA MEDICA",AMB-21,-12.0332223376963,-77.0273665995049
2016-011787,20-02-2016,"01:01:33 a.m.","CARRETERAS - PANAMERICANAS PANAMERICANA SUR 16.5            SAN JUAN DE MIRAFLORES","EMERGENCIA MEDICA",SAMU-120,-12.2003762632582,-76.973764340303
2016-011786,20-02-2016,"12:38:59 a.m.","  CL. RICARDO PALMA 553        BELLAVISTA","EMERGENCIA MEDICA",MED-5,-12.055051784306,-77.0906211662212
2016-011785,20-02-2016,"12:36:56 a.m.","  CL. MARISCAL RAMON CASTILLA (LOS PROCERES) 100        CALLAO","EMERGENCIA MEDICA",AMB-9,-12.036449979443,-77.0935445012895
2016-011784,20-02-2016,"12:22:40 a.m.","  CL. LAS CUCARDAS 100        BELLAVISTA",RESCATE,M60-1,-12.0605785909274,-77.100126280174
2016-011783,20-02-2016,"12:10:14 a.m.","cisneros / francia            LA VICTORIA","EMERGENCIA MEDICA",AMB-8,,
