ID,FECHA,HORA,DIRECCION,TIPO,UNIDADES,"CORDENADAS (lat)","CORDENADAS (lng)"
2016-014025,27-02-2016,"11:52:43 p.m.","SAN GREGORIO  MZ A LT 4             ATE","MATERIALES PELIGROSOS (INCIDENTE)","AMB-169, M169-1",,
2016-014024,27-02-2016,"11:41:59 p.m.","  JR. CUSCO 440        CALLAO","EMERGENCIA MEDICA",MED-34,-12.0565154702553,-77.1377449654217
2016-014023,27-02-2016,"11:41:37 p.m.","  JR. PUTUMAYO 235        CALLAO","EMERGENCIA MEDICA",MED-5,-12.0593505207307,-77.1440627492009
2016-014022,27-02-2016,"11:38:43 p.m.","  AV. AURELIO MIROQUESADA (EL GOLF) 1142       SAN ISIDRO","EMERGENCIA MEDICA",AMB-202,-12.0991297370634,-77.0525827588909
2016-014021,27-02-2016,"11:31:36 p.m.","LA PALMA MZ J3            ICA","EMERGENCIA MEDICA",AMB-22,,
2016-014020,27-02-2016,"11:29:26 p.m.","  JR. SAO PAULO 1422       SAN MARTIN DE PORRES","EMERGENCIA MEDICA",AMB-65,-12.0310863648036,-77.0606426270358
2016-014019,27-02-2016,"11:27:44 p.m.","  CL. PROGRESO 500        VILLA MARIA DEL TRIUNFO","EMERGENCIA MEDICA","AMB-106, M106-3",-12.1619888428005,-76.9488515184027
2016-014018,27-02-2016,"11:25:28 p.m.","JR. JOSE FIASON   S/N  SAN FERNANDO BAJO            LURIGANCHO","EMERGENCIA MEDICA",AMB-32,,
2016-014017,27-02-2016,"11:17:12 p.m.","AV. SAN LUIS 3184       SAN BORJA","EMERGENCIA MEDICA",AMB-11,-12.1109262555547,-76.9936837439545
2016-014016,27-02-2016,"11:14:01 p.m.","ANTIGUA PANAMERICANA SUR KM 65            CHILCA","EMERGENCIA MEDICA",AMB-133,,
2016-014015,27-02-2016,"11:08:09 p.m.","  AV. IQUITOS 1972       LINCE","EMERGENCIA MEDICA",AMB-4,-12.0832327033124,-77.0281903174853
2016-014014,27-02-2016,"10:55:15 p.m.","  CL. RIO PACHITEA (5B) 288        COMAS","EMERGENCIA MEDICA",AMB-4,-11.9558988336171,-77.0611381579088
2016-014013,27-02-2016,"10:54:41 p.m.","AV LOS ARBOLES             ","MATERIALES PELIGROSOS (INCIDENTE)",M44-1,,
2016-014012,27-02-2016,"10:44:16 p.m.","CARRETERAS - PANAMERICANAS PANAMERICANA NORTE 29.55            PUENTE PIEDRA","EMERGENCIA MEDICA",M44-1,-11.8721236274686,-77.0692397283155
2016-014011,27-02-2016,"10:40:49 p.m.","  CL. 12 DE OCTUBRE (MIRAFLORES) 971        VILLA MARIA DEL TRIUNFO","EMERGENCIA MEDICA",AMB-106,-12.1719493525572,-76.9345097420411
2016-014010,27-02-2016,"10:36:08 p.m.","CASETA DE SERENAZGO HUAPANI ALTO             CHACLACAYO","EMERGENCIA MEDICA",AMB-106,,
2016-014009,27-02-2016,"10:35:24 p.m.","AS. LA VICTORIA (CIUDAD PACHACUTEC GRUPO RESIDENCIAL I)             VENTANILLA","EMERGENCIA MEDICA",AMB-184,-11.8471222418811,-77.1480528589494
2016-014008,27-02-2016,"10:28:48 p.m.","COOP VALLE SHARON MZ E LT 5            ","EMERGENCIA MEDICA",AMB-121,,
2016-014007,27-02-2016,"10:27:15 p.m.","  CL. PIETRO TORRIGIANO (22) 443        SAN BORJA",RESCATE,M11-1,-12.1008653863355,-77.0111050192309
2016-014006,27-02-2016,"10:21:07 p.m.","  CL. CRISTOBAL DE LOZADA Y PUGA 129        SAN MIGUEL","EMERGENCIA MEDICA",AMB-36,-12.0748941618956,-77.0859077036401
2016-014005,27-02-2016,"10:20:50 p.m.","SANTA ROSA  ESQ  EL PALMAR            ","MATERIALES PELIGROSOS (INCIDENTE)","AMB-22, M22-1",,
2016-014004,27-02-2016,"10:15:22 p.m.","  AV. VIRREY CONDE DE LEMOS 500        CALLAO","MATERIALES PELIGROSOS (INCIDENTE)","M5-1, MED-5",-12.0493830674356,-77.0933471216073
2016-014003,27-02-2016,"10:13:22 p.m.","  AV. LA MARINA 2027       SAN MIGUEL","EMERGENCIA MEDICA",AMB-83,-12.0777918794128,-77.0831450349928
2016-014002,27-02-2016,"10:08:40 p.m.","  AV. LA PAZ 1600       MIRAFLORES","MATERIALES PELIGROSOS (INCIDENTE)","AMB-16, M28-1",-12.1346487915799,-77.0249930581772
2016-014001,27-02-2016,"09:58:50 p.m.","JR CALLAO   2          AYACUCHO",INCENDIO,M63-2,,
2016-014000,27-02-2016,"09:53:11 p.m.","ANTIGUA PANAMERICANA SUR KM 36             ","EMERGENCIA MEDICA",M63-2,,
2016-013999,27-02-2016,"09:52:07 p.m.","  CL. SAN MARCOS 304        PUEBLO LIBRE","EMERGENCIA MEDICA",M63-2,-12.0795328395599,-77.071371113113
2016-013998,27-02-2016,"09:51:51 p.m.","  AV. ANGELICA GAMARRA 1400       LOS OLIVOS","EMERGENCIA MEDICA",M63-2,-12.0061622930194,-77.0770106915655
2016-013997,27-02-2016,"09:49:31 p.m.","  CL. PAVIA 1568       SAN MARTIN DE PORRES","MATERIALES PELIGROSOS (INCIDENTE)","AMB-60, M65-2",-12.0119756983532,-77.0591721324895
2016-013996,27-02-2016,"09:36:17 p.m.","AV. AREQUIPA CRUCE CON AV. JAVIER PRADO OESTE SAN ISIDRO            SAN ISIDRO","ACCIDENTE VEHICULAR","M4-1, MATPEL-4, SAMU-127",,
2016-013995,27-02-2016,"09:33:39 p.m.","AH. VIRGEN DEL BUEN PASO N5 lt 14            SAN JUAN DE MIRAFLORES","EMERGENCIA MEDICA",AMB-120,-12.1422779573935,-76.9629751734069
2016-013994,27-02-2016,"09:33:07 p.m.","AV. NICOLAS AYLLON 940            CHACLACAYO","EMERGENCIA MEDICA",AMB-115,,
2016-013993,27-02-2016,"09:29:59 p.m.","UR. FAMILIAS UNIDAS (SAN PEDRO DE GARAGAY) C LOT 33            SAN MARTIN DE PORRES","EMERGENCIA MEDICA",AMB-9,-12.0171741435544,-77.0825866646415
2016-013992,27-02-2016,"09:25:22 p.m.","  CL. TENIENTE CARLOS MOORE (DIONISIO DERTEANO) 1505       LIMA","EMERGENCIA MEDICA",AMB-36,-12.0562734048316,-77.0775974371711
2016-013991,27-02-2016,"09:23:59 p.m.","carretera penetracion chancay  huaral            ","ACCIDENTE VEHICULAR",AMB-80,,
2016-013990,27-02-2016,"09:22:37 p.m.","POLIDEPORTIVO DE SAN BORJA            SAN BORJA","EMERGENCIA MEDICA",AMB-80,,
2016-013989,27-02-2016,"09:22:24 p.m.","  AV. SURCO 300        ",INCENDIO,"AMB134-2, M28-1",-12.1436493125092,-76.9966255640739
2016-013988,27-02-2016,"09:22:15 p.m.","  AV. RICARDO MALACHOWSKY KULISICS 530        SAN BORJA","EMERGENCIA MEDICA",AMB-11,-12.1096072924246,-77.0056325916126
2016-013987,27-02-2016,"09:20:25 p.m.","JR. LORETO CRUCE CON JR. SALOOM CALLAO            CALLAO","EMERGENCIA MEDICA",MED-34,-12.0648962763614,-77.1391813014324
2016-013986,27-02-2016,"09:19:16 p.m.","AV. BOLOGNESI CDRA 12             PISCO","EMERGENCIA MEDICA",MED-34,,
2016-013985,27-02-2016,"09:18:54 p.m.","  AV. RIOBAMBA 545        SAN MARTIN DE PORRES","EMERGENCIA MEDICA",AMB-9,-12.0336990155902,-77.0586614595555
2016-013984,27-02-2016,"09:17:51 p.m.","  AV. CORONEL FRANCISCO BOLOGNESI 300        INDEPENDENCIA","EMERGENCIA MEDICA",AMB-168,-12.0037799474324,-77.0583294623631
2016-013983,27-02-2016,"09:17:32 p.m.","  JR. HUIRACOCHA 2283       JESUS MARIA",RESCATE,RES-36,-12.0847353914582,-77.0512304911097
2016-013982,27-02-2016,"09:13:12 p.m.","  JR. TUPAC AMARU 1200       LA PERLA","EMERGENCIA MEDICA",RES-36,-12.0693222795733,-77.1219923533208
2016-013981,27-02-2016,"09:12:06 p.m.","  JR. HERNANDO DE LA VALLE Y PARDO 140        SANTIAGO DE SURCO","EMERGENCIA MEDICA",AMB-16,-12.1393555211415,-77.0121864339725
2016-013980,27-02-2016,"09:11:17 p.m.","  CL. DANIEL VELEZ 437        SAN JUAN DE MIRAFLORES","EMERGENCIA MEDICA",AMB-16,,
2016-013979,27-02-2016,"09:09:15 p.m.","AV. JOSE GALVEZ CRUCE CON CL. BRASIL BELLAVISTA            BELLAVISTA",INCENDIO,"M5-1, M7-5, MED-5",,
2016-013978,27-02-2016,"09:08:26 p.m.","  JR. LOS BRILLANTES 512        LA VICTORIA","EMERGENCIA MEDICA",AMB-4,-12.081676920296,-77.0255693800356
2016-013977,27-02-2016,"08:53:24 p.m.","  AV. ANGELICA GAMARRA 800        LOS OLIVOS","EMERGENCIA MEDICA",AMB-168,-12.0060633298018,-77.0712256611053
2016-013976,27-02-2016,"08:51:50 p.m.","RAUL PORRRAS            ","ACCIDENTE VEHICULAR","AMB-22, M193-1",,
2016-013975,27-02-2016,"08:47:57 p.m.","  JR. MARISCAL WILLIAM MILLER 1754       LINCE","EMERGENCIA MEDICA","AMB-202, M4-1",-12.0822718264559,-77.0372190685182
2016-013974,27-02-2016,"08:45:31 p.m.","AV. LOS INGENIEROS (A) CRUCE CON PR. JAVIER PRADO ESTE LA MOLINA            LA MOLINA","EMERGENCIA MEDICA",MED-96,-12.0686498146307,-76.9487002204638
2016-013973,27-02-2016,"08:42:50 p.m.","CP PALPA            HUARAL","EMERGENCIA MEDICA",AMB-44,,
2016-013972,27-02-2016,"08:23:49 p.m.","  PJ. BAYOVAR 124        SAN MIGUEL","EMERGENCIA MEDICA",MED-5,-12.0676338895807,-77.1023467713401
2016-013971,27-02-2016,"08:17:42 p.m.","  JR. ALMIRANTE MARTIN GUISSE 1952       LINCE","EMERGENCIA MEDICA",AMB-36,-12.0847513146498,-77.0389275771784
2016-013970,27-02-2016,"08:17:36 p.m.","CL. TACNA (C) CRUCE CON PJ. CUZCO (8) COMAS            COMAS","EMERGENCIA MEDICA",AMB-164,-11.9189659592085,-77.042626103711
2016-013969,27-02-2016,"08:17:18 p.m.","AV .SANTA ROSA            ","EMERGENCIA MEDICA",AMB-164,,
2016-013968,27-02-2016,"08:13:34 p.m.","  AV. SEPARADORA INDUSTRIAL            VILLA EL SALVADOR","EMERGENCIA MEDICA",AMB-106,-12.2212728886648,-76.9253532488269
2016-013967,27-02-2016,"08:12:20 p.m.","MOYOPAMAPA            ","EMERGENCIA MEDICA",MED32,,
2016-013966,27-02-2016,"08:10:40 p.m.","  CL. CONDORHUASI  MAGOMARCA 2455       SAN JUAN DE LURIGANCHO",INCENDIO,M138-1,-12.0094139659994,-76.978117434131
2016-013965,27-02-2016,"08:07:29 p.m.","  JR. MARISCAL RAMON CASTILLA 520        SAN MIGUEL","EMERGENCIA MEDICA",AMB-83,-12.0877729244513,-77.0813837202482
2016-013964,27-02-2016,"08:06:03 p.m.","  AV. RAMON VARGAS MACHUCA 500        SAN JUAN DE MIRAFLORES","EMERGENCIA MEDICA",SAMU-120,-12.1649394512306,-76.9714749720555
2016-013963,27-02-2016,"08:01:04 p.m.","  CL. ESTADOS UNIDOS 800        JESUS MARIA","ACCIDENTE VEHICULAR","AMB-202, M36-1, RES-83",,
2016-013962,27-02-2016,"07:58:42 p.m.","  JR. WASHINGTON 1300       LIMA","MATERIALES PELIGROSOS (INCIDENTE)","AMB-2, M10-1, M2-1, M3-1, RES-10",-12.0569841149619,-77.039323033839
2016-013961,27-02-2016,"07:56:27 p.m.","  AV. ABANCAY 100        LIMA","EMERGENCIA MEDICA",SAMU-2,-12.0457921176916,-77.0257146297437
2016-013960,27-02-2016,"07:51:35 p.m.","MIRAFLORES            MIRAFLORES","EMERGENCIA MEDICA",AMB-28,,
2016-013959,27-02-2016,"07:48:50 p.m.","  CL. LUIS VARELA Y ORBEGOZO (HUASCAR) 100        SURQUILLO","EMERGENCIA MEDICA",AMB-28,-12.1186768246935,-77.0246126011007
2016-013958,27-02-2016,"07:47:31 p.m.","AV. ISABEL LA CATOLICA CRUCE CON AV. MANCO CAPAC LA VICTORIA            LA VICTORIA","EMERGENCIA MEDICA",AMB-4,-12.0701769949517,-77.0284356278123
2016-013957,27-02-2016,"07:44:01 p.m.","AV. MALAMBITO (MANUEL DE LA FUENTE CHAVEZ) CRUCE CON JR. PROLONGACION PAZOS BARRANCO            BARRANCO","ACCIDENTE VEHICULAR","AMB-13, M6-1",-12.1500912450966,-77.0171713708057
2016-013956,27-02-2016,"07:41:47 p.m.","  PJ. LOA 000        ANCON",INCENDIO,"AMB-13, M6-1",,
2016-013955,27-02-2016,"07:31:48 p.m.","  CL. EL ARROYO  UR LA PRADERA 000        EL AGUSTINO","EMERGENCIA MEDICA",AMB-169,-12.0279548256811,-76.9620900698572
2016-013954,27-02-2016,"07:26:15 p.m.","CL. CERRO RICO CRUCE CON CL. CERRO BLANCO SANTIAGO DE SURCO URB SAN IGNACIO            SANTIAGO DE SURCO","EMERGENCIA MEDICA",SAMU-120,-12.1373010243855,-76.9788393308396
2016-013953,27-02-2016,"07:22:28 p.m.","  CL. JOSE GALVEZ 299        INDEPENDENCIA","EMERGENCIA MEDICA",AMB-65,-11.9906363341673,-77.0482786242077
2016-013952,27-02-2016,"07:21:26 p.m.","NACIONES UNIDAS            ",INCENDIO,CIST-VI,,
2016-013951,27-02-2016,"07:18:42 p.m.","CL. EMILIO FERNANDEZ CRUCE CON AV. PETIT THOUARS LIMA            LIMA","EMERGENCIA MEDICA",SAMU-2,,
2016-013950,27-02-2016,"07:12:19 p.m.","CUTERVOS C/C SAN MARTIN            ICA","EMERGENCIA MEDICA",AMB-22,,
2016-013949,27-02-2016,"07:06:36 p.m.","  CL. CAMINO REAL 000        PUENTE PIEDRA","EMERGENCIA MEDICA",AMB-150-2,-11.8641390779166,-77.0818644372521
2016-013948,27-02-2016,"07:05:24 p.m.","EDUCACION UNIVERSIDAD LA CATOLICA            LIMA","EMERGENCIA MEDICA","AMB-2, RES-36",-12.0471216007023,-77.0332968309234
2016-013947,27-02-2016,"07:00:32 p.m.","  AV. LOS JARDINES ESTE (INCA MANCO CAPAC)  MANCO CAPAC 934        SAN JUAN DE LURIGANCHO","EMERGENCIA MEDICA",SAMU-121,-12.0023200824202,-76.9946213935835
2016-013946,27-02-2016,"06:56:11 p.m.","  CL. VIRGO 1183       LOS OLIVOS","MATERIALES PELIGROSOS (INCIDENTE)",SAMU-121,-11.997274963107,-77.0754308547995
2016-013945,27-02-2016,"06:55:07 p.m.","  CL. LOS HUERTOS (70) (48) 1704       SAN JUAN DE LURIGANCHO",INCENDIO,M21-1,-12.0065996891026,-77.0080333175234
2016-013944,27-02-2016,"06:51:50 p.m.","  JR. EL CHACO 2725       SAN MARTIN DE PORRES","EMERGENCIA MEDICA",AMB-9,-12.0305031183356,-77.0756145079394
2016-013943,27-02-2016,"06:51:01 p.m.","MZ B  LT 25   MI PERU            VENTANILLA","EMERGENCIA MEDICA",AMB-9,,
2016-013942,27-02-2016,"06:47:41 p.m.","  JR. DURERO 242        SAN BORJA","EMERGENCIA MEDICA",AMB-28,-12.0900491598815,-76.9866094753857
2016-013941,27-02-2016,"06:46:41 p.m.","AV. LAS 200 MILLAS CRUCE CON AV. REVOLUCION VILLA EL SALVADOR            VILLA EL SALVADOR","EMERGENCIA MEDICA",AMB-155,-12.2283816142669,-76.9277405490631
2016-013940,27-02-2016,"06:43:53 p.m.","  JR. ENRIQUE CIPRIANI 269        LA VICTORIA","EMERGENCIA MEDICA",AMB-11,-12.0853358621658,-77.0114015795589
2016-013939,27-02-2016,"06:41:38 p.m.",,"EMERGENCIA MEDICA",MED-5,,
2016-013938,27-02-2016,"06:40:03 p.m.","  AV. LOS JARDINES ESTE (INCA MANCO CAPAC) 1032       SAN JUAN DE LURIGANCHO","EMERGENCIA MEDICA","AMB-121, AMB-138",-12.0034677776363,-76.9937255286132
2016-013937,27-02-2016,"06:38:38 p.m.","  CL. 25 Y CALLE 31 250        SAN ISIDRO",INCENDIO,M11-1,-12.105922845561,-77.0123971018468
2016-013936,27-02-2016,"06:33:22 p.m.","  CL. LOS CHASQUIS 700        SAN JUAN DE LURIGANCHO","EMERGENCIA MEDICA",M11-1,-12.0251588438888,-77.0037563456661
2016-013935,27-02-2016,"06:31:21 p.m.","CARRETERAS - PANAMERICANAS ANTIGUA PANAMERICANA SUR 33            LURIN","EMERGENCIA MEDICA",AMB-129,-12.2594035767086,-76.8855902232871
2016-013934,27-02-2016,"06:30:36 p.m.","CL. EL LANZON CRUCE CON CL. LOS CHASQUIS SAN JUAN DE LURIGANCHO            SAN JUAN DE LURIGANCHO","EMERGENCIA MEDICA",SAMU-2,-12.025104725978,-77.0043026633869
2016-013933,27-02-2016,"06:24:23 p.m.","  CL. VIVIANO PAREDES 456        SAN JUAN DE MIRAFLORES","EMERGENCIA MEDICA",SAMU-120,-12.1669863255442,-76.9695799345186
2016-013932,27-02-2016,"06:22:46 p.m.","AV. CARLOS IZAGUIRRE CRUCE CON AV. ALFREDO MENDIOLA (PANAMERICANA NORTE) LOS OLIVOS            LOS OLIVOS","EMERGENCIA MEDICA",SAMU-161,-11.9904165228143,-77.0649500736099
2016-013931,27-02-2016,"06:21:24 p.m.","CORONEL VELAZCO            PUNTA HERMOSA","EMERGENCIA MEDICA",AMB-134,,
2016-013930,27-02-2016,"06:13:45 p.m.","  MA. LUIS CISNEROS 700        MIRAFLORES","EMERGENCIA MEDICA",AMB-28,-12.1231035275285,-77.0398372852982
2016-013929,27-02-2016,"06:10:24 p.m.","AV. LAS AMERICAS            PISCO","ACCIDENTE VEHICULAR",AMB-37,,
2016-013928,27-02-2016,"06:06:35 p.m.","  CL. RIO TARICA (33) 5427       LOS OLIVOS","MATERIALES PELIGROSOS (INCIDENTE)","M150-3, SAMU-161",-11.9708317783579,-77.0718905145003
2016-013927,27-02-2016,"06:05:51 p.m.","  AV. AVIACION 2400       SAN BORJA","ACCIDENTE VEHICULAR","AMB-4, M11-1, SAMU-127",-12.0885980787599,-77.0033149331911
2016-013926,27-02-2016,"05:48:27 p.m.","  AV. CAQUETA 200        SAN MARTIN DE PORRES","EMERGENCIA MEDICA",SAMU-21,-12.0339873365947,-77.0439621315577
2016-013925,27-02-2016,"05:46:01 p.m.","  AV. REDUCTO 914        MIRAFLORES","EMERGENCIA MEDICA",AMB-11,-12.1276348228327,-77.0241905290108
2016-013924,27-02-2016,"05:42:10 p.m.","PLAZA DE BARRANCO            ","SERVICIO ESPECIAL",AMB-16,,
2016-013923,27-02-2016,"05:42:07 p.m.","  JR. AREQUIPA NORTE 252        CALLAO","EMERGENCIA MEDICA",MED-18,-12.058755919719,-77.137180384772
2016-013922,27-02-2016,"05:34:11 p.m.","AV. DE LOS INGENIEROS (VALLE HERMOSO) CRUCE CON CL. LOS GIRASOLES SANTIAGO DE SURCO            SANTIAGO DE SURCO","EMERGENCIA MEDICA",SAMU-134,-12.1254429119474,-76.9727108930279
2016-013921,27-02-2016,"05:28:37 p.m.","  AV. REPUBLICA ARGENTINA 6140       CALLAO","EMERGENCIA MEDICA",MED-5,-12.0472646828584,-77.0840961027423
2016-013920,27-02-2016,"05:17:45 p.m.","  JR. HUIRACOCHA  ITN G  1847       JESUS MARIA","EMERGENCIA MEDICA",AMB-202,-12.0809368685213,-77.0515901038577
2016-013919,27-02-2016,"05:15:39 p.m.","AV. TUPAC AMARU CRUCE CON AV. MICAELA BASTIDAS COMAS            COMAS",INCENDIO,AMB-202,-11.9336777934295,-77.0468884532498
2016-013918,27-02-2016,"05:14:12 p.m.","PTE  HUACHIPA              ATE","EMERGENCIA MEDICA",AMB-202,,
2016-013917,27-02-2016,"05:14:01 p.m.","  JR. JULIO MENDOZA MERINO 728        LA VICTORIA","EMERGENCIA MEDICA",AMB-14,-12.0658963519514,-77.0237630899346
2016-013916,27-02-2016,"05:12:01 p.m.","AV. ANTUNEZ DE MAYOLO CRUCE CON AV. 12 DE OCTUBRE (LOS PROCERES) SAN MARTIN DE PORRES            SAN MARTIN DE PORRES","ACCIDENTE VEHICULAR","M161-1, M65-2, SAMU-161",-12.0008927926912,-77.0911999554136
2016-013915,27-02-2016,"05:04:30 p.m.","  PJ. TUPAC AMARU 100        PUEBLO LIBRE","EMERGENCIA MEDICA","M161-1, M65-2, SAMU-161",-12.0786031697363,-77.0584463140547
2016-013914,27-02-2016,"05:01:17 p.m.","JOSE ARANGUA             SAN CLEMENTE","EMERGENCIA MEDICA","M161-1, M65-2, SAMU-161",,
2016-013913,27-02-2016,"05:00:54 p.m.","AV. EL SOL DE ORO (3) CRUCE CON CL. LOS PLANETAS LOS OLIVOS            LOS OLIVOS",RESCATE,M9-1,-11.999315037984,-77.0637393425043
2016-013912,27-02-2016,"04:55:10 p.m.","CARRETERA A RETES             HUARAL","EMERGENCIA MEDICA",M9-1,,
2016-013911,27-02-2016,"04:51:55 p.m.","  CL. CALLAO 445        VILLA MARIA DEL TRIUNFO","EMERGENCIA MEDICA",AMB-155,-12.2083707912475,-76.9093199908106
2016-013910,27-02-2016,"04:51:35 p.m.","  AV. OSCAR VALDEZ (MARISCAL JOSE LA MAR) 400        MIRAFLORES","EMERGENCIA MEDICA",AMB-28,-12.1158218491045,-77.0432220730368
2016-013909,27-02-2016,"04:50:39 p.m.","PARQUE JUSTO PASTOR            PARCONA","EMERGENCIA MEDICA",MED-152,,
2016-013908,27-02-2016,"04:50:32 p.m.","  AV. LOS INGENIEROS (A) 000        LA MOLINA","EMERGENCIA MEDICA",MED-152,-12.0688075503792,-76.9484936796189
2016-013907,27-02-2016,"04:49:55 p.m.","  CL. ENRIQUE VILLAR 549        LIMA","EMERGENCIA MEDICA",AMB-4,-12.076241782276,-77.0325345633604
2016-013906,27-02-2016,"04:41:29 p.m.","  JR. CUSCO 3610       SAN MARTIN DE PORRES","EMERGENCIA MEDICA",AMB-9,-12.0349213387916,-77.0893041144005
2016-013905,27-02-2016,"04:34:51 p.m.","CURVA DEL AEROPUERTO            ICA","EMERGENCIA MEDICA",AMB-22,,
2016-013904,27-02-2016,"04:25:45 p.m.","JR. WASHINGTON 1200       LIMA",INCENDIO,"M10-1, M2-1, M21-1, RES-3, SAMU-2",-12.0559840929335,-77.0394340931998
2016-013903,27-02-2016,"04:24:52 p.m.","FRANCISCO VIDAL 300        HUACHO","EMERGENCIA MEDICA",AMB-20,,
2016-013902,27-02-2016,"04:21:53 p.m.","PLAN VERANO            PUNTA NEGRA","SERVICIO ESPECIAL","AMB-129, M111-1, M129-1, M13-1, M183-1, MED-49",,
2016-013901,27-02-2016,"04:20:07 p.m.","CAMINO A CACHICHE             ICA","ACCIDENTE VEHICULAR","AMB-22, M22-1",,
2016-013900,27-02-2016,"04:18:58 p.m.","  AV. MARISCAL RAMON CASTILLA 1155       SANTIAGO DE SURCO","EMERGENCIA MEDICA",AMB-28,-12.1355409558172,-77.0070773248135
2016-013899,27-02-2016,"04:17:45 p.m.","  CL. GALEANO 812        SANTIAGO DE SURCO","EMERGENCIA MEDICA",AMB-11,-12.12344823474,-76.9967162483206
2016-013898,27-02-2016,"04:17:38 p.m.","  CL. LOS CORALES 143        LA PERLA","EMERGENCIA MEDICA",AMB-7,-12.0672757266383,-77.1147071309968
2016-013897,27-02-2016,"04:15:38 p.m.","JR TRUJILLO SUR JR CALLAO            LURIGANCHO","EMERGENCIA MEDICA",AMB-32,,
2016-013896,27-02-2016,"04:14:22 p.m.","JR. ICA CRUCE CON JR. TAYACAJA LIMA            LIMA","EMERGENCIA MEDICA",SAMU-21,-12.0421386660047,-77.0400110439759
2016-013895,27-02-2016,"04:13:44 p.m.","  PQ. ROSPIGLIOSI 134        PUEBLO LIBRE","EMERGENCIA MEDICA",SAMU-21,-12.0817630782035,-77.0637778636545
2016-013894,27-02-2016,"04:12:18 p.m.","  JR. ARNALDO ALVARADO 300        COMAS","EMERGENCIA MEDICA",AMB-168,-11.9583702642331,-77.0488700710035
2016-013893,27-02-2016,"04:11:09 p.m.","  CL. QUITO 100        ATE",INCENDIO,"M8-1, MED-96, RES-8",-12.0672140541706,-76.9761187751484
2016-013892,27-02-2016,"04:01:12 p.m.","  CL. MURRAY (23) 173        SURQUILLO",RESCATE,M11-1,-12.1173103349472,-77.0009512057591
2016-013891,27-02-2016,"03:59:49 p.m.","PANAMERICANA SUR ENTRADA SUTANJAYA            ICA","ACCIDENTE VEHICULAR","AMB-22, M22-1",,
2016-013890,27-02-2016,"03:58:51 p.m.","AV. TENIENTE FELIPE ARANCIBIA (TARAPACA) CRUCE CON AV. GUARDIA REPUBLICANA (LA CAPILLA) RIMAC            RIMAC","EMERGENCIA MEDICA",SAMU-21,-12.030094887426,-77.0359245242616
2016-013889,27-02-2016,"03:51:31 p.m.","  CL. ALEJANDRO DEUSTUA 316        SURQUILLO","EMERGENCIA MEDICA",AMB-11,-12.1166313329914,-77.0115377653717
2016-013888,27-02-2016,"03:49:51 p.m.","  JR. RIO BAMBA 2508       SAN MARTIN DE PORRES","EMERGENCIA MEDICA",AMB-9,-12.0340248596201,-77.0735087013253
2016-013887,27-02-2016,"03:49:06 p.m.","ESTADIO MATUTE            LA VICTORIA","SERVICIO ESPECIAL",AMB-8,,
2016-013886,27-02-2016,"03:46:53 p.m.","  CL. LA CUESTA 325        SANTIAGO DE SURCO","EMERGENCIA MEDICA",AMB134-2,-12.1185457302726,-76.9665660743294
2016-013885,27-02-2016,"03:45:22 p.m.",,"EMERGENCIA MEDICA",MED-18,-12.0604330455006,-77.1396450240902
2016-013884,27-02-2016,"03:42:45 p.m.","UR ROSARIO             LURIGANCHO","EMERGENCIA MEDICA",AMB-32-2,,
2016-013883,27-02-2016,"03:42:13 p.m.","AS. VILLA ALEGRE G            SANTIAGO DE SURCO",INCENDIO,M13-1,-12.1641675795357,-76.9898807768747
2016-013882,27-02-2016,"03:36:35 p.m.","  JR. CORONEL CAMILO CARRILLO 225        JESUS MARIA",RESCATE,M202-1,-12.0736056790145,-77.0385301622751
2016-013881,27-02-2016,"03:36:35 p.m.","  CL. LOS TUCANES 000        LURIGANCHO","EMERGENCIA MEDICA",M202-1,-12.0166008774351,-76.9468007852206
2016-013880,27-02-2016,"03:32:00 p.m.","PLAN VERANO NORTE  2016            CHANCAY","SERVICIO ESPECIAL","AUX-80, M80-1",,
2016-013879,27-02-2016,"03:26:40 p.m.","  AV. LAS PALMERAS 500        LA MOLINA","ACCIDENTE VEHICULAR","AMB-138, RES-127",-12.0746471288901,-76.9722722837823
2016-013878,27-02-2016,"03:21:56 p.m.","  JR. MARISCAL RAMON CASTILLA 399        CALLAO","EMERGENCIA MEDICA",MED-5,-12.0369405932649,-77.0953311975291
2016-013877,27-02-2016,"03:18:34 p.m.","UR. VILLA SOL   MZ   44  LT  9             LOS OLIVOS","MATERIALES PELIGROSOS (INCIDENTE)","M164-1, SAMU-161",-11.966589514287,-77.0719728100039
2016-013876,27-02-2016,"03:12:25 p.m.","  AV. JOSE GALVEZ 100        LA VICTORIA",INCENDIO,M14-1,-12.0604958451087,-77.0327140818165
2016-013875,27-02-2016,"03:07:53 p.m.","AV LIBERTAD MZ 4 LOTE 6             LURIGANCHO","EMERGENCIA MEDICA",AMB-32,,
2016-013874,27-02-2016,"03:03:15 p.m.","  AV. VENEZUELA 858        BELLAVISTA","EMERGENCIA MEDICA",MED-5,-12.0643747416931,-77.114454839236
2016-013873,27-02-2016,"02:56:13 p.m.","UR. CIUDAD DEL PESCADOR             BELLAVISTA","EMERGENCIA MEDICA",MED-18,-12.0583180071847,-77.1098507362503
2016-013872,27-02-2016,"02:56:05 p.m.","AV. NARANJAL CRUCE CON AV. HUANDOY LOS OLIVOS            LOS OLIVOS","ACCIDENTE VEHICULAR","AMB-168, M9-5, RES-124",-11.9764219898724,-77.0832523881074
2016-013871,27-02-2016,"02:53:17 p.m.","CENTRO POBLADO MENOR SR DE LOS MILAGROS            CERRO AZUL","EMERGENCIA MEDICA","AMB-168, M9-5, RES-124",,
2016-013870,27-02-2016,"02:51:38 p.m.","  JR. BATALLA DE MIRAFLORES (PARQUE ALTO) 350        SANTIAGO DE SURCO","EMERGENCIA MEDICA",SAMU-134,-12.1428077768099,-77.0123961207543
2016-013869,27-02-2016,"02:50:30 p.m.","  CL. MANUEL MARCOS SALAZAR 279        SAN ISIDRO","EMERGENCIA MEDICA",AMB-36,-12.1034902922133,-77.056752577442
2016-013868,27-02-2016,"02:48:38 p.m.","  CL. LA CASUARINA (10) 209        SURQUILLO","EMERGENCIA MEDICA",AMB-36,-12.120860356129,-77.0003670641886
2016-013867,27-02-2016,"02:43:10 p.m.","  AV. GENERAL GARZON 1337       JESUS MARIA","EMERGENCIA MEDICA",AMB-202,-12.0734568911114,-77.0507034709222
2016-013866,27-02-2016,"02:41:39 p.m.","AV. GENERAL FRANCISCO BOLOGNESI (PANAMA) CRUCE CON CL. FELIPE PARDO BARRANCO            BARRANCO","EMERGENCIA MEDICA",AMB-13,-12.1477468954207,-77.0200275974723
2016-013865,27-02-2016,"02:40:12 p.m.","CENTRO CIVICO            LIMA","SERVICIO ESPECIAL","AMB-2, M2-1, RES-2",,
2016-013864,27-02-2016,"02:22:52 p.m.","  JR. HUANTA 500        LIMA","EMERGENCIA MEDICA",AMB-2,-12.0489470238374,-77.0220543786308
2016-013863,27-02-2016,"02:22:32 p.m.","PLAZA SAN MARTIN BALNEARIO DE ANCON            ANCON",INCENDIO,M163-1,,
2016-013862,27-02-2016,"02:18:08 p.m.","LOMAS DEL ACHAY KM 105             PATIVILCA","EMERGENCIA MEDICA",AMB-91,,
2016-013861,27-02-2016,"02:16:53 p.m.","AH. BOCANEGRA SECTOR G G16 LT 16            CALLAO","EMERGENCIA MEDICA",MED-5,-12.0244367736316,-77.1006700228236
2016-013860,27-02-2016,"02:14:01 p.m.","UR. LAS PRADERAS DE LA MOLINA   CALLE RIO AMARILLO CDRA  1             LA MOLINA","MATERIALES PELIGROSOS (INCIDENTE)",RES-127,-12.1176568947544,-76.9383838213232
2016-013859,27-02-2016,"02:13:24 p.m.","PANAMERICANA SUR  KM 50            SAN BARTOLO","EMERGENCIA MEDICA",AMB-134,,
2016-013858,27-02-2016,"02:10:35 p.m.",,INCENDIO,"CIS_38, M38-4",,
2016-013857,27-02-2016,"02:06:45 p.m.",,"ACCIDENTE VEHICULAR","M168-1, M9-5, RES-124, SAMU-161",-11.9719806604801,-77.0760044634125
2016-013856,27-02-2016,"02:03:39 p.m.","  CL. LOS JILGUEROS 102        SANTA ANITA","EMERGENCIA MEDICA","M168-1, M9-5, RES-124, SAMU-161",-12.0502963938037,-76.9657018842161
2016-013855,27-02-2016,"01:59:08 p.m.","JR. LINO CORNEJO CRUCE CON JR. CONTUMAZA LIMA            LIMA","EMERGENCIA MEDICA",AMB-14,-12.0532260365693,-77.0342040268155
2016-013854,27-02-2016,"01:58:34 p.m.","CO. LUIS M. SANCHEZ CERRO D            SANTIAGO DE SURCO","EMERGENCIA MEDICA",AMB134-2,-12.1508864294943,-76.9898128968369
2016-013853,27-02-2016,"01:53:38 p.m.","  JR. MANUEL CANDAMO 144        LINCE","EMERGENCIA MEDICA","AMB-202, AUX-4",-12.0825643535969,-77.0353220469885
2016-013852,27-02-2016,"01:47:51 p.m.","  JR. JUNIN (RODRIGO DE MAZUELOS) 593        MAGDALENA DEL MAR","EMERGENCIA MEDICA",AMB-83,-12.0879238667802,-77.0707950952422
2016-013851,27-02-2016,"01:37:18 p.m.","  AV. LA MARINA 2581       SAN MIGUEL","EMERGENCIA MEDICA",AMB-83,-12.0778831183828,-77.0895808700751
2016-013850,27-02-2016,"01:37:00 p.m.","  AV. PERU 1600       SAN MARTIN DE PORRES","EMERGENCIA MEDICA",SAMU-161,-12.0323248372552,-77.0630186261375
2016-013849,27-02-2016,"01:32:03 p.m.","CARRETERAS - PANAMERICANAS CARRETERA CENTRAL 22            CHACLACAYO","ACCIDENTE VEHICULAR","AMB-115, AMB-32, M138-1, RES-32",-11.9806617078897,-76.791940871965
2016-013848,27-02-2016,"01:26:04 p.m.","  AV. COSTA VERDE (CIRCUITO DE PLAYAS)ALT ESTADIO SAN ISIDRO  000        SAN ISIDRO","ACCIDENTE VEHICULAR","AMB-36, M28-1, RES-83",-12.1100157431824,-77.0552148274614
2016-013847,27-02-2016,"01:24:50 p.m.","  JR. LAS MANDRAGORAS (54) 859        SAN JUAN DE LURIGANCHO","EMERGENCIA MEDICA",SAMU-121,-12.0065501562315,-77.0121840699069
2016-013846,27-02-2016,"01:22:19 p.m.","AV. SANTA ROSA (JUAN PABLO II) 000        BELLAVISTA","EMERGENCIA MEDICA",MED-18,-12.0630993395765,-77.1177737967903
2016-013845,27-02-2016,"01:17:42 p.m.","  JR. HUANTA 1000       LIMA","EMERGENCIA MEDICA",AMB-2,-12.0544229812454,-77.0233950831486
2016-013844,27-02-2016,"01:14:08 p.m.","JR. PARINACOCHAS CRUCE CON JR. HUMBOLDT LA VICTORIA            LA VICTORIA","EMERGENCIA MEDICA",AMB-2,-12.064445792246,-77.017619541863
2016-013843,27-02-2016,"01:08:51 p.m.","  CL. GRANADA 155        SANTIAGO DE SURCO","EMERGENCIA MEDICA",AMB-2,-12.1194537905731,-76.9902670945977
2016-013842,27-02-2016,"01:08:37 p.m.","  AV. ALFREDO BENAVIDES 730        MIRAFLORES","EMERGENCIA MEDICA",AMB-28,-12.12524929682,-77.0251725570668
2016-013841,27-02-2016,"01:07:17 p.m.","AV. REPUBLICA ARGENTINA CRUCE CON AV. CORONEL NESTOR GAMBETA (EL EMISOR) CALLAO            CALLAO",INCENDIO,"M15-1, M5-1, MED-18",,
2016-013840,27-02-2016,"01:06:29 p.m.","  AV. TAMBO REAL 216        CHORRILLOS","EMERGENCIA MEDICA",AMB-13,-12.1689259175578,-77.0001585995642
2016-013839,27-02-2016,"01:03:09 p.m.","  PJ. ANACLETO VIANI 131        SAN MIGUEL","EMERGENCIA MEDICA",MED-5,-12.0828812877465,-77.1019547628866
2016-013838,27-02-2016,"12:59:44 p.m.","  CL. ALJOVIN 152        SAN MARTIN DE PORRES","EMERGENCIA MEDICA",SAMU-161,-12.0285491683748,-77.0773777365858
2016-013837,27-02-2016,"12:58:23 p.m.","PR. LA MAR CRUCE CON AV. 28 DE JULIO LA VICTORIA            LA VICTORIA","EMERGENCIA MEDICA",AMB-8,-12.0618618324152,-77.0198775513242
2016-013836,27-02-2016,"12:54:13 p.m.","  AV. JAVIER PRADO OESTE 600        MAGDALENA DEL MAR","EMERGENCIA MEDICA",AMB-83,-12.0926063203916,-77.0626492462897
2016-013835,27-02-2016,"12:47:38 p.m.","AV REPUBLICA DE PANAMA  200        ","EMERGENCIA MEDICA",AMB-4,,
2016-013834,27-02-2016,"12:46:59 p.m.","MILITAR POLICIAL DELEGACION P.N.P. SURQUILLO            SURQUILLO","EMERGENCIA MEDICA",AMB-28,-12.1187190129605,-77.0223608931987
2016-013833,27-02-2016,"12:32:12 p.m.","  CL. LAS CIDRAS (LAS FUCSIAS) - LAS FLORES 620        SAN JUAN DE LURIGANCHO","EMERGENCIA MEDICA",AMB-121,-12.0195933206436,-77.0070070820946
2016-013832,27-02-2016,"12:27:24 p.m.","JR. CAJAMARCA CRUCE CON JR. SALAVERRY SAN MARTIN DE PORRES            SAN MARTIN DE PORRES","EMERGENCIA MEDICA",AMB-9,-12.025827797581,-77.0920833189926
2016-013831,27-02-2016,"12:23:02 p.m.","  JR. LAMPA 979        LIMA","EMERGENCIA MEDICA",AMB-14,-12.0531647905712,-77.0333717932304
2016-013830,27-02-2016,"12:22:19 p.m.","  CL. ELEAZAR BLANCO 189        PUEBLO LIBRE","EMERGENCIA MEDICA",AMB-14,,
2016-013829,27-02-2016,"12:21:49 p.m.","asienda achaco            NAZCA",INCENDIO,CIST82-4,,
2016-013828,27-02-2016,"12:20:28 p.m.","  CL. ARTESANOS 100        SANTIAGO DE SURCO","EMERGENCIA MEDICA",AMB134-2,-12.1303718031627,-76.982715836637
2016-013827,27-02-2016,"12:19:47 p.m.","  JR. HUMBOLDT 1271       LA VICTORIA","EMERGENCIA MEDICA","AMB-8, SAMU-2",-12.0645067714055,-77.0180830806608
2016-013826,27-02-2016,"12:19:25 p.m.","JR. RUFINO TORRICO CRUCE CON AV. NICOLAS DE PIEROLA (LA COLMENA) LIMA            LIMA","EMERGENCIA MEDICA","AMB-8, SAMU-2",-12.0495455920503,-77.0380344203998
2016-013825,27-02-2016,"12:18:15 p.m.","SECTOR 3 GRUPO 18             VILLA EL SALVADOR","EMERGENCIA MEDICA",SAMU-105,-12.2283816142669,-76.9277405490631
2016-013824,27-02-2016,"12:04:11 p.m.","AV. PROGRESO 205             BARRANCO","SERVICIO ESPECIAL",SAMU-105,,
2016-013823,27-02-2016,"12:02:00 p.m.","  AV. LA PAZ 867        SAN MIGUEL","EMERGENCIA MEDICA",AMB-36,-12.0866411048496,-77.0909555224036
2016-013822,27-02-2016,"11:59:59 a.m.","  AV. MEJICO 538        LA VICTORIA","EMERGENCIA MEDICA",AMB-8,-12.0749775173937,-77.024219138146
2016-013821,27-02-2016,"11:48:56 a.m.","CARRETERAS - PANAMERICANAS CARRETERA CENTRAL 28.1            LURIGANCHO","ACCIDENTE VEHICULAR","AMB-115, RES-32",-11.9620409952473,-76.7385628799181
2016-013820,27-02-2016,"11:48:38 a.m.","  AV. LAS VIOLETAS 768        INDEPENDENCIA","EMERGENCIA MEDICA",AMB-168,-11.9992780394299,-77.0548921054592
2016-013819,27-02-2016,"11:45:31 a.m.","  CL. LA CASUARINA (10) 195        SURQUILLO","EMERGENCIA MEDICA",AMB-11,-12.1212551286697,-77.0020683555659
2016-013818,27-02-2016,"11:44:35 a.m.","  CL. LOS LAURELES 200        SAN ISIDRO",INCENDIO,M202-1,-12.0932398504707,-77.0462959149774
2016-013817,27-02-2016,"11:41:56 a.m.","AV. TUPAC AMARU (GERARDO UNGER) CRUCE CON AV. LOS ALISOS INDEPENDENCIA            INDEPENDENCIA","EMERGENCIA MEDICA",AMB-164,-11.9830794343959,-77.0588356232395
2016-013816,27-02-2016,"11:40:04 a.m.","PLAYA DELFINES             MIRAFLORES","EMERGENCIA MEDICA",AMB-28,,
2016-013815,27-02-2016,"11:39:38 a.m.","PJ. PUCARA CRUCE CON PJ. ABANCAY CALLAO            CALLAO",INCENDIO,"M60-1, M9-1, M9-5, SAMU-161",-11.9977117980173,-77.119229621427
2016-013814,27-02-2016,"11:39:32 a.m.","  CL. JOSE JOAQUIN INCLAN 123        SAN MARTIN DE PORRES","EMERGENCIA MEDICA","M60-1, M9-1, M9-5, SAMU-161",-12.019016529675,-77.087871410605
2016-013813,27-02-2016,"11:35:06 a.m.","  AV. ARNALDO MARQUEZ 1300       JESUS MARIA","EMERGENCIA MEDICA",AMB-202,-12.0738177593101,-77.0496846247582
2016-013812,27-02-2016,"11:34:50 a.m.","  AV. REVOLUCION (ANDRES BELAUNDE) 300        COMAS","EMERGENCIA MEDICA",AMB-164,-11.9163243290698,-77.0370926505118
2016-013811,27-02-2016,"11:27:35 a.m.","  CL. JUAN RIOS (RAUL PORRAS BARRENECHEA) 300        ","EMERGENCIA MEDICA",AMB-164,-12.0271575685987,-77.0389944626604
2016-013810,27-02-2016,"11:26:34 a.m.","  CL. MADRE SELVA 303        INDEPENDENCIA","EMERGENCIA MEDICA",AMB-168,-11.998058004022,-77.0484661518118
2016-013809,27-02-2016,"11:18:17 a.m.","UNIFE             LA MOLINA","SERVICIO ESPECIAL",MED-96,,
2016-013808,27-02-2016,"11:03:28 a.m.","ESTADIO DE CHILCA             CHILCA","EMERGENCIA MEDICA",AMB-133,,
2016-013807,27-02-2016,"11:01:47 a.m.","PLAN VERANO NORTE            HUARAL","SERVICIO ESPECIAL",M44-1,,
2016-013806,27-02-2016,"10:59:12 a.m.","  AV. PERU (JUAN PABLO FERNANDINI) 1577       PUEBLO LIBRE","EMERGENCIA MEDICA",AMB-36,-12.0738207925428,-77.0544430628683
2016-013805,27-02-2016,"10:51:38 a.m.","AV. PASEO DE LA REPUBLICA 800        CHORRILLOS","EMERGENCIA MEDICA",AMB-16,-12.1737853752751,-77.0148272013069
2016-013804,27-02-2016,"10:48:59 a.m.","CEMENTERIO PRESBITERO MAESTRO            EL AGUSTINO","SERVICIO ESPECIAL","AUX-4, M4-1, MATPEL-4, SNOR-4",,
2016-013803,27-02-2016,"10:43:49 a.m.",,"EMERGENCIA MEDICA","AUX-4, M4-1, MATPEL-4, SNOR-4",-12.0582292249155,-77.1429964221459
2016-013802,27-02-2016,"10:36:12 a.m.","CARRETERAS - PANAMERICANAS PANAMERICANA NORTE 21.1            COMAS","EMERGENCIA MEDICA",AMB-164,-11.9455559503203,-77.0705486182235
2016-013801,27-02-2016,"10:27:48 a.m.","CUARTEL HOYOS RUBIOS            RIMAC","SERVICIO ESPECIAL",CIS-IV,,
2016-013800,27-02-2016,"10:27:38 a.m.","  JR. PALMA DE MALLORCA 100        ","EMERGENCIA MEDICA",AMB-138,-12.0784283281049,-76.9979430434786
2016-013799,27-02-2016,"10:20:54 a.m.",,"EMERGENCIA MEDICA",MED-34,-12.0615729602235,-77.1463295285857
2016-013798,27-02-2016,"10:19:55 a.m.","PJ. VILLA EL SALVADOR SECTOR 3 GRUPO 19 I LTE 10            VILLA EL SALVADOR","MATERIALES PELIGROSOS (INCIDENTE)","M129-1, SAMU-105",-12.2182295509985,-76.939719629378
2016-013797,27-02-2016,"10:15:55 a.m.","  CL. JOSE SANTOS CHOCANO 261        BELLAVISTA","EMERGENCIA MEDICA",MED-5,-12.0543642641792,-77.088147359502
2016-013796,27-02-2016,"10:10:41 a.m.","  CL. HAITI 149        CHORRILLOS",INCENDIO,"AMB-28, M11-1, M28-1, RES-16",-12.1761598006126,-77.0214075681879
2016-013795,27-02-2016,"10:09:27 a.m.","AV. CONDE DE NIEVA # 400            ICA","ACCIDENTE VEHICULAR","AMB-28, M11-1, M28-1, RES-16",,
2016-013794,27-02-2016,"10:07:36 a.m.","AH. LOS ROSALES DE PRO C            LOS OLIVOS",INCENDIO,"AMB-168, M164-1, M168-1, RES-124",-11.9502841372465,-77.0762251308677
2016-013793,27-02-2016,"10:07:31 a.m.",,"EMERGENCIA MEDICA",MED-18,-12.0584051309692,-77.1304723531903
2016-013792,27-02-2016,"10:06:51 a.m.","SAN ANDRES             PISCO","EMERGENCIA MEDICA",AMB-37,,
2016-013791,27-02-2016,"10:03:56 a.m.","  CL. CHILOE (G) MZ E LTE 23 III ETAPA CEDROS DE VILLA 100        ","EMERGENCIA MEDICA",AMB-16,-12.199534835691,-77.0083500728705
2016-013790,27-02-2016,"09:58:46 a.m.","CHOSICA            LURIGANCHO","DESASTRES NATURALES","AUX-3, RESLIG-100, RESLIG-4",,
2016-013789,27-02-2016,"09:54:33 a.m.",,INCENDIO,M80-1,,
2016-013788,27-02-2016,"09:54:12 a.m.","AV. JAIME BAUSATE Y MEZA (BOLIVAR) CRUCE CON PR. LUCANAS (PARINACOCHAS) LA VICTORIA            LA VICTORIA","ACCIDENTE VEHICULAR","AMB-2, AMB-8, M8-1, RES-10, SAMU-10, SAMU-2",-12.0631418355964,-77.0187305538848
2016-013787,27-02-2016,"09:47:37 a.m.","  JR. MARIANO ARREDONDO 2970       LIMA","EMERGENCIA MEDICA",AMB-36,-12.0537289882083,-77.079139367469
2016-013786,27-02-2016,"09:40:17 a.m.","HACIENDA PALO            SAN VICENTE DE CANETE",INCENDIO,AMB-36,,
2016-013785,27-02-2016,"09:26:53 a.m.","AV. OSCAR R. BENAVIDES (COLONIAL) CRUCE CON AV. SANTA ROSA (JUAN PABLO II) BELLAVISTA            BELLAVISTA","EMERGENCIA MEDICA",MED-34,-12.0573671837697,-77.1151133511549
2016-013784,27-02-2016,"09:25:41 a.m.","AV. LIBERTAD            HUACHO","EMERGENCIA MEDICA",AMB-20,,
2016-013783,27-02-2016,"09:23:12 a.m.","  AV. DEFENSORES DEL MORRO (HUAYLAS) 2280       CHORRILLOS",INCENDIO,M28-1,-12.1811623381547,-77.0126608646632
2016-013782,27-02-2016,"09:20:54 a.m.","AV LIBERTAD             HUACHO","EMERGENCIA MEDICA",M28-1,,
2016-013781,27-02-2016,"09:15:22 a.m.","  CL. SEGUNDA  URB. CHACARITAS 269        CALLAO","EMERGENCIA MEDICA",MED-5,-12.0510931030163,-77.1363108185543
2016-013780,27-02-2016,"09:10:35 a.m.","AS. AYACUCHO R lte 10            SAN JUAN DE LURIGANCHO","EMERGENCIA MEDICA",AMB-121,-11.9882760240076,-77.0184561677044
2016-013779,27-02-2016,"08:59:45 a.m.",,"EMERGENCIA MEDICA",AMB-121,-12.0856104684217,-77.0759509545052
2016-013778,27-02-2016,"08:57:24 a.m.","CARRETERAS - PANAMERICANAS CARRETERA CENTRAL 0            EL AGUSTINO","EMERGENCIA MEDICA",AMB-8,-12.058517220356,-76.9734865012628
2016-013777,27-02-2016,"08:53:51 a.m.","AG. MARISCAL RAMON CASTILLA             CALLAO","EMERGENCIA MEDICA",MED-18,-12.0432124460356,-77.1231524931342
2016-013776,27-02-2016,"08:44:51 a.m.","PLAZA DE ARMAS DE NAZCA            NAZCA","SERVICIO ESPECIAL",MED-200,,
2016-013775,27-02-2016,"08:41:30 a.m.","  AV. AREQUIPA 5200       MIRAFLORES","EMERGENCIA MEDICA",AMB-28,-12.1185266417391,-77.0291244618174
2016-013774,27-02-2016,"08:32:12 a.m.","AV. MIRAFLORES (28 DE JULIO) CRUCE CON AV. ROOSEVELT (REPUBLICA DE PANAMA) MIRAFLORES            MIRAFLORES","EMERGENCIA MEDICA",AMB-28,-12.1303910816125,-77.017990818262
2016-013773,27-02-2016,"08:30:04 a.m.","  JR. ICA 3657       SAN MARTIN DE PORRES","EMERGENCIA MEDICA",AMB-9,-12.0312443166553,-77.0873721181107
2016-013772,27-02-2016,"08:27:36 a.m.","  CL. EL CEREZO (3) 219        SURQUILLO","EMERGENCIA MEDICA",AMB-11,-12.1168253395687,-77.0035506059331
2016-013771,27-02-2016,"08:24:39 a.m.","  CL. LAS CIDRAS (LAS FUCSIAS) 620        SAN JUAN DE LURIGANCHO","EMERGENCIA MEDICA",AMB-2,-12.0195933206436,-77.0070070820946
2016-013770,27-02-2016,"08:24:18 a.m.","CALLE CUTERVO            ICA",RESCATE,AMB-2,,
2016-013769,27-02-2016,"08:19:14 a.m.","  AV. GENERAL SANTA CRUZ 130        JESUS MARIA","EMERGENCIA MEDICA",AMB-2,,
2016-013768,27-02-2016,"08:17:29 a.m.","AH. SANTA TERESA DE CHORRILLOS MZ 1 LT 7            CHORRILLOS","MATERIALES PELIGROSOS (INCIDENTE)",AMB-2,-12.1839920818477,-77.0135283185633
2016-013767,27-02-2016,"08:16:20 a.m.","  CL. COMANDANTE ESPINAR 478        BELLAVISTA","EMERGENCIA MEDICA",MED-34,-12.0637380228798,-77.1315841344948
2016-013766,27-02-2016,"08:15:08 a.m.","  PL. 2 DE MAYO 000        LIMA",RESCATE,RES-3,-12.0459057417278,-77.0427819428625
2016-013765,27-02-2016,"08:14:40 a.m.","  CL. SATURNO 147        SANTIAGO DE SURCO","EMERGENCIA MEDICA",AMB-16,-12.1483534543922,-76.9896264942976
2016-013764,27-02-2016,"08:08:14 a.m.","  JR. COMERCIO 208        PACHACAMAC","EMERGENCIA MEDICA",AMB-129,-12.2278929679546,-76.8605825523288
2016-013763,27-02-2016,"08:04:57 a.m.","  AV. AREQUIPA 5200       MIRAFLORES","ACCIDENTE VEHICULAR",AMB-129,-12.1185266417391,-77.0291244618174
2016-013762,27-02-2016,"07:59:19 a.m.","AV. JOSE LARCO CRUCE CON JR. SCHELL MIRAFLORES            MIRAFLORES","EMERGENCIA MEDICA",AMB-28,-12.1229428207703,-77.0292136150135
2016-013761,27-02-2016,"07:55:54 a.m.","CALLE LOS CIBELES CDR 100            RIMAC","SERVICIO ESPECIAL",ESC-100,,
2016-013760,27-02-2016,"07:51:28 a.m.","  CL. ELECTRA (15) 173        CHORRILLOS","EMERGENCIA MEDICA",SAMU-134,-12.1738714841673,-76.9980872533687
2016-013759,27-02-2016,"07:50:17 a.m.","AV. LA MARINA 3400       SAN MIGUEL","ACCIDENTE VEHICULAR","AMB-60, M60-5, M7-1",,
2016-013758,27-02-2016,"07:48:36 a.m.","SUR ESTADIO             HUARAL","EMERGENCIA MEDICA",AMB-44,,
2016-013757,27-02-2016,"07:46:55 a.m.","UV. MIRONES             LIMA","EMERGENCIA MEDICA",AMB-14,-12.0524553204067,-77.0693401400786
2016-013756,27-02-2016,"07:46:08 a.m.","JOSE CARLOS MARIATEGUI            ","EMERGENCIA MEDICA",AMB-32,,
2016-013755,27-02-2016,"07:39:54 a.m.","  AV. LOS DOMINICOS 700        CALLAO","EMERGENCIA MEDICA","AMB-9, SAMU-161",-12.0064908256644,-77.0988410460128
2016-013754,27-02-2016,"07:32:39 a.m.","  JR. MACHUPICCHU (3) 000        LA MOLINA","EMERGENCIA MEDICA",MED-96,-12.1084523224168,-76.9404330407417
2016-013753,27-02-2016,"07:23:31 a.m.","AV. ROMULO BETANCOURT (B) CRUCE CON AV. CENTRAL LOS OLIVOS            LOS OLIVOS","EMERGENCIA MEDICA",MED-96,-11.9575427970984,-77.0792969990451
2016-013752,27-02-2016,"07:22:06 a.m.","  CL. CRISTOBAL COLON (LOS GRANADOS) 100        LA MOLINA","EMERGENCIA MEDICA",AMB-169,-12.0674605968433,-76.9473427461238
2016-013751,27-02-2016,"07:11:13 a.m.","AV. ANTIGUA PANAMERICANA SUR 000        SAN JUAN DE MIRAFLORES",INCENDIO,"AMB-120, CIST-XXIV, M106-3, M13-1",-12.1827208613259,-76.9740981632068
2016-013750,27-02-2016,"06:54:49 a.m.","  JR. ARICA 300        SANTIAGO DE SURCO","EMERGENCIA MEDICA",AMB-16,-12.1450967333971,-77.0031993522667
2016-013749,27-02-2016,"06:45:21 a.m.","  JR. ESTEBAN CAMPODONICO 310        LA VICTORIA","EMERGENCIA MEDICA",AMB-4,-12.0842558304748,-77.0212500532127
2016-013748,27-02-2016,"06:43:19 a.m.","AV. LAS MALVINAS (JOSE CARLOS MARIATEGUI) CRUCE CON AV. PACHACUTEC (ATOCONGO) VILLA EL SALVADOR            VILLA EL SALVADOR","EMERGENCIA MEDICA",SAMU-105,-12.215052711452,-76.9224474377854
2016-013747,27-02-2016,"06:40:05 a.m.","AV. ELMER FAUCETT CRUCE CON AV. QUILCA CALLAO            CALLAO","ACCIDENTE VEHICULAR","AMB-9, M9-1, M9-5",-12.0356340317746,-77.0992149346873
2016-013746,27-02-2016,"06:39:15 a.m.","  CL. GENERAL MURILLO 115        CHORRILLOS","EMERGENCIA MEDICA",AMB-13,-12.1827009320702,-76.9965609221558
2016-013745,27-02-2016,"06:38:11 a.m.","CARRETERAS - PANAMERICANAS PANAMERICANA SUR 33.7            LURIN","EMERGENCIA MEDICA",AMB-129,-12.294052799308,-76.8612049878008
2016-013744,27-02-2016,"06:16:56 a.m.",,"ACCIDENTE VEHICULAR",AMB-129,,
2016-013743,27-02-2016,"06:12:32 a.m.","CL. MARIANO MELGAR 200        PARAMONGA","EMERGENCIA MEDICA",AMB-81,,
2016-013742,27-02-2016,"06:05:15 a.m.","CAMINO A RETES             HUARAL","ACCIDENTE VEHICULAR",AMB-81,,
2016-013741,27-02-2016,"06:03:14 a.m.","CARRETERAS - PANAMERICANAS PANAMERICANA NORTE 26.6            PUENTE PIEDRA","ACCIDENTE VEHICULAR","AMB-150-2, M150-1",-11.8954264325088,-77.0678087790362
2016-013740,27-02-2016,"06:00:41 a.m.","  AV. REPUBLICA ARGENTINA 1500       CALLAO","EMERGENCIA MEDICA",MED-5,-12.0510469754037,-77.1266174354737
2016-013739,27-02-2016,"05:40:19 a.m.","  CL. LA HABANA 385        SAN ISIDRO","EMERGENCIA MEDICA",AMB-28,-12.0993983406442,-77.0303980646467
2016-013738,27-02-2016,"05:37:43 a.m.","AV. SEPARADORA INDUSTRIAL (SANTA FELICIA) CRUCE CON AV. HUAROCHIRI (MELGAREJO) ATE - VITARTE            ATE","EMERGENCIA MEDICA",AMB-169,-12.0567341051965,-76.944692034667
2016-013737,27-02-2016,"05:35:37 a.m.","  CL. RAMON ZAVALA (4) 200        ",INCENDIO,"AMB-168, M150-3, M168-1, M65-2",-11.9609401812491,-77.072132024768
2016-013736,27-02-2016,"05:31:25 a.m.","  AV. MANCO CAPAC 1260       ","EMERGENCIA MEDICA",AMB-8,-12.0728478206608,-77.0280495793615
2016-013735,27-02-2016,"05:30:54 a.m.","JR. MONTEVIDEO CRUCE CON AV. JOSE GALVEZ LA PERLA            LA PERLA","EMERGENCIA MEDICA",AMB-8,-12.0666778490914,-77.1260198401629
2016-013734,27-02-2016,"05:26:02 a.m.","AV. JAVIER PRADO ESTE CRUCE CON AV. ABEL BERGASSE DU PETIT THOUARS SAN ISIDRO            SAN ISIDRO","ACCIDENTE VEHICULAR","AMB-202, M4-1, MATPEL-4",-12.0920946654708,-77.032260451131
2016-013733,27-02-2016,"05:14:23 a.m.","  JR. GENERAL JOSE MARIA CORDOVA 2228       LINCE","EMERGENCIA MEDICA",AMB-4,-12.0871738108772,-77.0377301086428
2016-013732,27-02-2016,"04:59:44 a.m.","UV. MIRONES BLOCK 112B DPTO 201            ","EMERGENCIA MEDICA",AMB-60,-12.0524553204067,-77.0693401400786
2016-013731,27-02-2016,"04:35:09 a.m.","AH. LOS JARDINES DE SAN JUAN F LT 15            SAN JUAN DE MIRAFLORES","EMERGENCIA MEDICA",AMB-120,-12.1874051154971,-76.976025873872
2016-013730,27-02-2016,"04:08:07 a.m.","UV DEL RIMAC 9C             RIMAC","EMERGENCIA MEDICA",AMB-2,-12.0293809281601,-77.0347567821439
2016-013729,27-02-2016,"03:51:34 a.m.","  AV. GENERAL JUAN ANTONIO ALVAREZ DE ARENALES 1800       LINCE","EMERGENCIA MEDICA",AMB-4,-12.0831618557613,-77.0358616144148
2016-013728,27-02-2016,"03:38:34 a.m.","  JR. HUAMACHUCO 1840       JESUS MARIA","EMERGENCIA MEDICA",AMB-202,,
2016-013727,27-02-2016,"03:34:55 a.m.","JR. VISTA ALEGRE (A) (10) CRUCE CON JR. DIANA (F) SANTIAGO DE SURCO            SANTIAGO DE SURCO","EMERGENCIA MEDICA","AMB134-2, M13-1, M16-1, RES-16",-12.1639792830463,-76.9945878520455
2016-013726,27-02-2016,"03:26:32 a.m.","JR. CAILLOMA CRUCE CON AV. NICOLAS DE PIEROLA (LA COLMENA) LIMA            LIMA","EMERGENCIA MEDICA",SAMU-10,-12.0500855356384,-77.037202570502
2016-013725,27-02-2016,"02:48:39 a.m.","  AV. MARIANO PASTOR SEVILLA MZ A1 LOTE 26  000        SAN JUAN DE MIRAFLORES","EMERGENCIA MEDICA",SAMU-105,-12.190989201656,-76.9617667702336
2016-013724,27-02-2016,"02:44:38 a.m.","  CL. GARCILAZO DE LA VEGA 221        BELLAVISTA","EMERGENCIA MEDICA",AMB-60,-12.0541622708641,-77.0887793948712
2016-013723,27-02-2016,"02:28:19 a.m.","CH. PALOMINO BLOCK 6-210 TERCERA ZONA             LIMA","EMERGENCIA MEDICA",AMB-4,,
2016-013722,27-02-2016,"02:07:20 a.m.","  JR. MARIANO ARREDONDO 2569       LIMA","EMERGENCIA MEDICA",AMB-14,-12.054999849138,-77.0761179204565
2016-013721,27-02-2016,"01:56:01 a.m.","URB. VIRGEN DE FATIMA  MORON MZ. C  LT. 2            CHACLACAYO","EMERGENCIA MEDICA",AMB-115,,
2016-013720,27-02-2016,"01:50:51 a.m.","CENTRO POBLADO JESUS DE NAZARET             ","EMERGENCIA MEDICA",AMB-216,,
2016-013719,27-02-2016,"01:41:44 a.m.","  CL. JOSE DIAZ 421        LIMA","EMERGENCIA MEDICA",AMB-4,-12.0693071018355,-77.0344909781262
2016-013718,27-02-2016,"01:37:25 a.m.","  AV. AVIACION 236        SAN MIGUEL","EMERGENCIA MEDICA",AMB-60,-12.0808290604354,-77.1033218739293
2016-013717,27-02-2016,"01:35:17 a.m.","CARRETERAS - PANAMERICANAS ANTIGUA PANAMERICANA SUR 35            LURIN","EMERGENCIA MEDICA",AMB-60,,
2016-013716,27-02-2016,"01:32:32 a.m.","  AV. TINGO MARIA 1200       LIMA","EMERGENCIA MEDICA",AMB-36,-12.0607948535784,-77.0589568639308
2016-013715,27-02-2016,"01:27:09 a.m.","  PJ. LAS VIOLETAS MZ 125 LOTE 24  000        INDEPENDENCIA","EMERGENCIA MEDICA",SAMU-168,-11.9894218762497,-77.0482583687809
2016-013714,27-02-2016,"01:13:59 a.m.","  AV. GUARDIA PERUANA 700        CHORRILLOS","EMERGENCIA MEDICA",AMB-13,-12.1779642899511,-77.0052510448721
2016-013713,27-02-2016,"01:09:59 a.m.","CLUB SOCIAL HUARAL            ","EMERGENCIA MEDICA",AMB-44,,
2016-013712,27-02-2016,"01:04:19 a.m.","  CL. JUAN ANTONIO RIBEYRO 234        JESUS MARIA","EMERGENCIA MEDICA",AMB-14,-12.0673738700099,-77.045084599768
2016-013711,27-02-2016,"01:00:56 a.m.","PANAMERICANA SUR KM 201            ","ACCIDENTE VEHICULAR",M38-5,,
2016-013710,27-02-2016,"12:57:46 a.m.","COLEGIO RAUL PORRAS            ","MATERIALES PELIGROSOS (INCIDENTE)",AUX-37,,
2016-013709,27-02-2016,"12:53:05 a.m.","  AV. LOS PROCERES DE LA INDEPENDENCIA (CANTO GRANDE) 2072       SAN JUAN DE LURIGANCHO","EMERGENCIA MEDICA",SAMU-121,-11.9988980890998,-77.0094277255805
2016-013708,27-02-2016,"12:46:23 a.m.","B 65            ","EMERGENCIA MEDICA",AMB-65,,
2016-013707,27-02-2016,"12:44:30 a.m.","  AV. CANADA 3704       SAN LUIS","EMERGENCIA MEDICA",SAMU-127,-12.079728327725,-76.9919639625126
2016-013706,27-02-2016,"12:32:28 a.m.","  AV. MANCO CAPAC 1260       ","EMERGENCIA MEDICA",AMB-8,-12.0728478206608,-77.0280495793615
2016-013705,27-02-2016,"12:23:12 a.m.","  JR. CARLOS ALAYZA Y ROEL (MIGUEL IGLESIAS) 2065       LINCE","EMERGENCIA MEDICA",AMB-4,-12.08547080663,-77.0363230670731
2016-013704,27-02-2016,"12:22:30 a.m.","PARADERO 6 DE LAS FLORES COMISARIA CAJA DE AGUA            SAN JUAN DE LURIGANCHO","EMERGENCIA MEDICA",SAMU-121,,
2016-013703,27-02-2016,"12:06:34 a.m.","PROGRESO 667        ",RESCATE,M106-3,,
2016-013702,27-02-2016,"12:04:48 a.m.","  AV. COSTA VERDE (CIRCUITO DE PLAYAS) 000        MIRAFLORES","EMERGENCIA MEDICA","AMB-100, AMB-13",-12.1323889623654,-77.031367087099
