ID,FECHA,HORA,DIRECCION,TIPO,UNIDADES,"CORDENADAS (lat)","CORDENADAS (lng)"
2016-052193,30-08-2016,"11:44:42 p.m.","CL. LEONARDO BARBIERI (JUNIN) CRUCE CON AV. GENERAL FEDERICO RECAVARREN SURQUILLO            ","EMERGENCIA MEDICA",AMB-28,-12.1102904993273,-77.0249118058729
2016-052192,30-08-2016,"11:37:01 p.m.","AV. EL RETABLO CRUCE CON AV. MICAELA BASTIDAS (A) COMAS            COMAS","ACCIDENTE VEHICULAR",RES-124,-11.9286832390352,-77.0562239029914
2016-052191,30-08-2016,"11:31:52 p.m.","AV BRASIL  1404       PUEBLO LIBRE","EMERGENCIA MEDICA",AMB-7,,
2016-052190,30-08-2016,"11:21:29 p.m.","CHAVIN MZ B LOT 10            SAN MARTIN DE PORRES","EMERGENCIA MEDICA",MED-9,-11.9740646719274,-77.0959350060717
2016-052189,30-08-2016,"11:13:45 p.m.","  AV. HORACIO URTEAGA DPTO J 1260       JESUS MARIA","MATERIALES PELIGROSOS (INCIDENTE)",M202-1,-12.0735802581049,-77.0480752737661
2016-052188,30-08-2016,"11:12:35 p.m.","AV. JAVIER PRADO OESTE CRUCE CON CL. LAS FLORES SAN ISIDRO            SAN ISIDRO","EMERGENCIA MEDICA","AMB-83, RESLIG-100",-12.0941568281318,-77.0473096052802
2016-052187,30-08-2016,"10:52:46 p.m.","A.A.H.H.-  EL MOLINO            ",INCENDIO,CIST-37,,
2016-052186,30-08-2016,"10:41:26 p.m.","  AV. JAVIER PRADO ESTE 1400       SAN ISIDRO","ACCIDENTE VEHICULAR","AMB-28, M11-1, M202-1",-12.0894880209992,-77.0118085704403
2016-052185,30-08-2016,"10:35:51 p.m.",,INCENDIO,"AMB-184, M150-1, M164-1, RES-124",-11.8895328819981,-77.0332880463164
2016-052184,30-08-2016,"10:33:01 p.m.","AV. ALFREDO MENDIOLA (PANAMERICANA NORTE) CRUCE CON AV. NARANJAL LOS OLIVOS            LOS OLIVOS","EMERGENCIA MEDICA",AMB-65-2,-11.9777707639919,-77.0683721265781
2016-052183,30-08-2016,"10:30:24 p.m.","  AV. TENIENTE FELIPE ARANCIBIA (TARAPACA) 600        RIMAC","EMERGENCIA MEDICA",AMB-2,-12.0294115386139,-77.0350852599907
2016-052182,30-08-2016,"10:15:28 p.m.","  AV. GUARDIA REPUBLICANA (LA CAPILLA) 355        RIMAC","EMERGENCIA MEDICA",AMB-21,-12.0344013722471,-77.0304150474093
2016-052181,30-08-2016,"10:11:27 p.m.","  AV. OSCAR R. BENAVIDES (COLONIAL) 4900       BELLAVISTA","EMERGENCIA MEDICA",MED-9,-12.0529049050999,-77.0933499722862
2016-052180,30-08-2016,"09:40:31 p.m.","  PJ. PUERTO PACOCHA 000000     JESUS MARIA","MATERIALES PELIGROSOS (INCIDENTE)",M202-1,-12.0743699642705,-77.049438821801
2016-052179,30-08-2016,"09:25:08 p.m.","  JR. CORBETA LA UNION  150        SANTIAGO DE SURCO","MATERIALES PELIGROSOS (INCIDENTE)","AMB-28, M16-1",-12.1454662819502,-77.007655270617
2016-052178,30-08-2016,"09:12:01 p.m.","AV. TUPAC AMARU (GERARDO UNGER) CRUCE CON AV. LOS ALISOS INDEPENDENCIA            INDEPENDENCIA","EMERGENCIA MEDICA",AMB-65-2,-11.9830794343959,-77.0588356232395
2016-052177,30-08-2016,"09:09:16 p.m.","  CL. 22 DE AGOSTO 106        RIMAC","EMERGENCIA MEDICA",AMB-2,-12.0355080550436,-77.0271392950039
2016-052176,30-08-2016,"09:03:50 p.m.","  JR. SANTO CRISTO (A) 000        SANTIAGO DE SURCO","EMERGENCIA MEDICA",AMB-120,-12.1488896659578,-77.0040223884165
2016-052175,30-08-2016,"09:03:37 p.m.","AV LAS AMERICAS  1100       PISCO","ACCIDENTE VEHICULAR",AMB-37,,
2016-052174,30-08-2016,"09:01:12 p.m.","  AV. LOS PROCERES 1100       SANTIAGO DE SURCO","EMERGENCIA MEDICA",AMB134,-12.155989983805,-76.9902567761671
2016-052173,30-08-2016,"08:47:24 p.m.","KM 456 URB PUERTA CHUELO            ICA","EMERGENCIA MEDICA",MED-200,,
2016-052172,30-08-2016,"08:46:02 p.m.","  AV. COLONIAL (OSCAR R. BENAVIDES) 2900       CALLAO","EMERGENCIA MEDICA",AMB-7,-12.056204108294,-77.112073957413
2016-052171,30-08-2016,"08:37:04 p.m.","AH. 15 DE ENERO I-2 LT 14            SAN JUAN DE LURIGANCHO","MATERIALES PELIGROSOS (INCIDENTE)","AMB-138, M121-3",-12.0088677216336,-77.0182788535752
2016-052170,30-08-2016,"08:32:14 p.m.","  AV. LOS PROCERES 221        RIMAC","EMERGENCIA MEDICA",AMB-2,-12.0364672991564,-77.0374371170329
2016-052169,30-08-2016,"08:31:32 p.m.","COLISEO LOLO FERNANADEZ            SAN VICENTE DE CANETE","SERVICIO ESPECIAL",M49-1,,
2016-052168,30-08-2016,"08:31:23 p.m.","  JR. ARTURO MASIAS (SAN IGNACIO) 410        SAN LUIS","EMERGENCIA MEDICA",AMB-4,-12.0809909533072,-76.9916291150369
2016-052167,30-08-2016,"08:15:47 p.m.","  AV. CHINCHAYSUYO 578        INDEPENDENCIA","EMERGENCIA MEDICA",AMB-65-2,-11.9776117345237,-77.0494819929528
2016-052166,30-08-2016,"08:11:56 p.m.","  AV. FAUSTINO SANCHEZ CARRION (PERSHING) 710        MAGDALENA DEL MAR","EMERGENCIA MEDICA",AMB-83,-12.0905508906876,-77.0572371091983
2016-052165,30-08-2016,"08:07:50 p.m.","UV. MATUTE BLOCK 10 F             LA VICTORIA","EMERGENCIA MEDICA",AMB-10,-12.0711205936838,-77.0238375925267
2016-052164,30-08-2016,"08:04:00 p.m.","KM 65 DE LA PANAMERICANA NORTE             ",INCENDIO,"M163-1, M44-1, M80-1, MED-80",,
2016-052163,30-08-2016,"07:59:56 p.m.","URB VIRGEN DEL ROSARIO            ANCON","EMERGENCIA MEDICA",AMB-163,,
2016-052162,30-08-2016,"07:58:11 p.m.","  CL. JUAN ROBERTO ACEVEDO 876        PUEBLO LIBRE",INCENDIO,M36-1,-12.0783417858389,-77.0708021233516
2016-052161,30-08-2016,"07:50:34 p.m.","  CL. EL HERMANO LOBO 210        SAN BORJA","EMERGENCIA MEDICA",AMB-11,-12.1063226322869,-76.9832491213387
2016-052160,30-08-2016,"07:50:00 p.m.","PAREDONES            NAZCA","EMERGENCIA MEDICA",AMB-82,,
2016-052159,30-08-2016,"07:49:43 p.m.","CL. LAS FLORES CRUCE CON AV. JAVIER PRADO OESTE SAN ISIDRO            SAN ISIDRO","EMERGENCIA MEDICA",AMB-4,-12.0941568281318,-77.0473096052802
2016-052158,30-08-2016,"07:48:47 p.m.","URB   RETEX             HUARAL",INCENDIO,M44-1,,
2016-052157,30-08-2016,"07:40:03 p.m.","AV. LOS ANGELES CRUCE CON AV. MICAELA BASTIDAS VILLA EL SALVADOR            VILLA EL SALVADOR","EMERGENCIA MEDICA",AMB-106,-12.2008650749076,-76.9508104962277
2016-052156,30-08-2016,"07:37:04 p.m.","PLAYA ESTRELLA            BARRANCO","EMERGENCIA MEDICA",AMB-106,,
2016-052155,30-08-2016,"07:06:37 p.m.","CL. GRITO DE HUAURA CRUCE CON AV. LOS INSURGENTES LA PERLA            LA PERLA","EMERGENCIA MEDICA",AMB-7,-12.0668518517314,-77.1040959694909
2016-052154,30-08-2016,"07:06:01 p.m.","  JR. JULIO MENDOZA MERINO 615        LA VICTORIA","EMERGENCIA MEDICA",AMB-10,-12.0646543331935,-77.0235236102745
2016-052153,30-08-2016,"06:57:49 p.m.","EL TREBOL            PISCO",INCENDIO,"AUX-37, CIST-37",,
2016-052152,30-08-2016,"06:54:47 p.m.","PANAMERICANA SUR  KM 41             LURIN",INCENDIO,"AMB-129, M129-1",,
2016-052151,30-08-2016,"06:54:10 p.m.","  AV. LA MARINA 2100       SAN MIGUEL","EMERGENCIA MEDICA",AMB-83,-12.0777777562391,-77.0839634131323
2016-052150,30-08-2016,"06:44:11 p.m.","  CA. CENTRAL (NICOLAS DE AYLLON) 3200       CHACLACAYO",INCENDIO,M32-1,-11.965909409102,-76.7397472160141
2016-052149,30-08-2016,"06:39:04 p.m.","  CL. LOS PINOS 400        SAN MIGUEL","EMERGENCIA MEDICA",AMB-83,-12.063457348805,-77.0837350653548
2016-052148,30-08-2016,"06:36:22 p.m.","SECTOR 1   GRUPO 5  MZ D LOTE 5              VILLA EL SALVADOR","EMERGENCIA MEDICA",AMB-106,,
2016-052147,30-08-2016,"06:32:59 p.m.","ENTRADA VEGUETA   KM 165            HUACHO","EMERGENCIA MEDICA",AMB-20,,
2016-052146,30-08-2016,"06:26:07 p.m.","  AV. TENIENTE ENRIQUE PALACIOS 470        MIRAFLORES","EMERGENCIA MEDICA",AMB-28,-12.1169713834448,-77.0329455886669
2016-052145,30-08-2016,"06:21:42 p.m.","AV SAN LUCAS ASPITIA 300        MALA","EMERGENCIA MEDICA",AMB-111,,
2016-052144,30-08-2016,"06:17:02 p.m.","  CL. LA PUNTA 505        LA MOLINA","EMERGENCIA MEDICA",AMB-6,-12.0843743200842,-76.9003280098202
2016-052143,30-08-2016,"06:15:38 p.m.","  JR. CALLAO 757        LIMA","EMERGENCIA MEDICA",AMB-127,-12.0420647971593,-77.0378538801358
2016-052142,30-08-2016,"06:10:38 p.m.","  CL. LAS AVELLANAS 136        ATE","EMERGENCIA MEDICA",AMB-138,-12.0796139181959,-76.9865837611879
2016-052141,30-08-2016,"05:56:56 p.m.","  JR. CARLOS CUETO FERNANDINI 146        PUEBLO LIBRE","EMERGENCIA MEDICA",AMB-60,-12.0683868462948,-77.0748765004138
2016-052140,30-08-2016,"05:56:50 p.m.","  CL. MANUEL GONZALES PRADA 484        SURQUILLO",INCENDIO,"AMB-28, M11-1, M28-1, RES-28",-12.1167027884589,-77.0253878043185
2016-052139,30-08-2016,"05:50:17 p.m.","  JR. SAO PAULO 2458       SAN MARTIN DE PORRES","EMERGENCIA MEDICA",AMB-65-2,-12.0302039075052,-77.072096963829
2016-052138,30-08-2016,"05:26:49 p.m.","  CL. SAN JERONIMO (FORTALEZA) 280        SANTA ANITA","EMERGENCIA MEDICA",AMB-138,-12.0394696720342,-76.9675835607458
2016-052137,30-08-2016,"05:24:42 p.m.","AV. JAIME BAUSATE Y MEZA (BOLIVAR) CRUCE CON AV. AVIACION LA VICTORIA            LA VICTORIA","EMERGENCIA MEDICA",AMB-8,-12.0623698590054,-77.0128765192033
2016-052136,30-08-2016,"05:21:10 p.m.","  CL. LAS DALIAS (LOS OLIVOS) 421        CHACLACAYO",INCENDIO,"AMB-115-2, RES-115",-11.9748787506734,-76.7611165604036
2016-052135,30-08-2016,"05:16:31 p.m.","AV. SUCRE (INDEPENDENCIA) CRUCE CON JR. AMAZONAS (OCHO DE OCTUBRE) MAGDALENA DEL MAR            MAGDALENA DEL MAR","ACCIDENTE VEHICULAR","AMB-83, M36-1, RES-36",-12.0850758251136,-77.06798656959
2016-052134,30-08-2016,"05:09:48 p.m.","  JR. EMILIO ALTHAUS 453        LINCE","MATERIALES PELIGROSOS (INCIDENTE)","AMB-4, M4-1, RESLIG-4",-12.0804431881294,-77.0326098466184
2016-052133,30-08-2016,"05:04:55 p.m.","  CL. SALITRAL 251        RIMAC","EMERGENCIA MEDICA",AMB-2,-12.038803815784,-77.0328096256669
2016-052132,30-08-2016,"05:03:46 p.m.","AV. LOS PROCERES CRUCE CON AV. SANTIAGO DE SURCO (TOMAS MARSANO) SANTIAGO DE SURCO            SANTIAGO DE SURCO","ACCIDENTE VEHICULAR","AMB-28, M120-1",-12.1479364307884,-76.9862177837388
2016-052131,30-08-2016,"04:50:10 p.m.","B-125 POST HOSP HIPOLITO UNANE            PUNTA NEGRA","EMERGENCIA MEDICA",AMB-160,,
2016-052130,30-08-2016,"04:44:39 p.m.","  AV. 7 DE JUNIO (DON QUIJOTE) 400        SANTA ANITA","EMERGENCIA MEDICA",AMB-138,-12.0479784901438,-76.9707777701908
2016-052129,30-08-2016,"04:33:44 p.m.","PUENTE SANTA ISABEL             PARCONA",INCENDIO,M193-1,,
2016-052128,30-08-2016,"04:33:27 p.m.","CL. BERLIN CRUCE CON CL. HOLANDA ATE - VITARTE            ATE","ACCIDENTE VEHICULAR","AMB-169, M138-1, M169-1",-12.0393648035863,-76.9268355136093
2016-052127,30-08-2016,"04:32:20 p.m.","  JR. LOS CEREZOS---URB EL PALMAR  100        SANTIAGO DE SURCO","EMERGENCIA MEDICA",AMB134,-12.1275261444386,-76.9753436043481
2016-052126,30-08-2016,"04:32:11 p.m.","AERODRO  KM 50   PANAMERICANA   SUR            LURIN","EMERGENCIA MEDICA",AMB-129,,
2016-052125,30-08-2016,"04:26:42 p.m.","RECREACION COMPLEJO DEPORTIVO NIÑO HEROE MANUEL BONILLA            MIRAFLORES","EMERGENCIA MEDICA",RESLIG-100,,
2016-052124,30-08-2016,"04:23:18 p.m.","  MA. DE LA MARINA 1200       MIRAFLORES","EMERGENCIA MEDICA",AMB-4,-12.1116413460777,-77.0514610358276
2016-052123,30-08-2016,"04:22:39 p.m.","CARRETERAS - PANAMERICANAS PANAMERICANA SUR 7            SANTIAGO DE SURCO","EMERGENCIA MEDICA",AMB134,-12.1184481843196,-76.977199775831
2016-052122,30-08-2016,"04:20:15 p.m.","  JR. TACNA NORTE 149        CALLAO","EMERGENCIA MEDICA",MED-15,-12.0594069887921,-77.1356315068303
2016-052121,30-08-2016,"04:14:35 p.m.","AV. GUARDIA REPUBLICANA (LA CAPILLA) CRUCE CON PR. TACNA RIMAC            RIMAC","EMERGENCIA MEDICA",AMB-10,-12.0348138254361,-77.0298946210442
2016-052120,30-08-2016,"04:11:15 p.m.","PANAMERICANA KM 33  AUTOPISTA            LURIN","EMERGENCIA MEDICA",AMB-129,,
2016-052119,30-08-2016,"04:07:33 p.m.","  JR. ANTIOQUIA 2370       SAN MARTIN DE PORRES","MATERIALES PELIGROSOS (INCIDENTE)","M9-1, MED-9",-12.029312561614,-77.0707365063536
2016-052118,30-08-2016,"04:04:30 p.m.","  JR. CONTRALMIRANTE LIZARDO MONTERO 700        SURQUILLO","EMERGENCIA MEDICA",AMB-28,-12.1112667930198,-77.0239876166018
2016-052117,30-08-2016,"03:57:40 p.m.","  JR. FRANCISCO DE ORELLANA (K) 220        SANTIAGO DE SURCO","EMERGENCIA MEDICA",AMB-11,-12.1217185437634,-76.9944170574212
2016-052116,30-08-2016,"03:55:59 p.m.","  JR. SOLORZANO (TOMAS COCHRANE) 3300       SAN MARTIN DE PORRES",INCENDIO,"AMB-65-2, M161-1, M9-1, M9-5",-12.0230469409074,-77.0814264556782
2016-052115,30-08-2016,"03:49:38 p.m.","  AV. VENEZUELA 2800       LIMA","EMERGENCIA MEDICA",AMB-60,-12.0585101904922,-77.0724525997438
2016-052114,30-08-2016,"03:48:10 p.m.",,"EMERGENCIA MEDICA","AMB-2, AUX14-1, RES-14",-12.0574133574305,-77.0548070945485
2016-052113,30-08-2016,"03:37:43 p.m.","  AV. PERU 3152       SAN MARTIN DE PORRES",INCENDIO,M161-1,-12.0316980546493,-77.0804502131002
2016-052112,30-08-2016,"03:36:10 p.m.","  AV. ABEL BERGASSE DU PETIT THOUARS 1500       LINCE","EMERGENCIA MEDICA",M161-1,-12.0800991020954,-77.0338559418301
2016-052111,30-08-2016,"03:29:54 p.m.",,"EMERGENCIA MEDICA",AMB134,-12.1653140931377,-76.9934366779249
2016-052110,30-08-2016,"03:26:08 p.m.","LO. NIEVERIA J            LURIGANCHO","EMERGENCIA MEDICA",AMB134,-12.0026916887542,-76.900950716693
2016-052109,30-08-2016,"03:19:04 p.m.","  AV. CHINCHAYSUYO 578        INDEPENDENCIA","EMERGENCIA MEDICA",AMB-65-2,-11.9776117345237,-77.0494819929528
2016-052108,30-08-2016,"03:09:25 p.m.","  JR. ESMERALDA 573        SAN MARTIN DE PORRES","EMERGENCIA MEDICA",AMB-65-2,-12.0328682675771,-77.0769745306183
2016-052107,30-08-2016,"03:01:59 p.m.","  JR. ESMERALDA 575        SAN MARTIN DE PORRES","EMERGENCIA MEDICA",MED-9,-12.0328682675771,-77.0769745306183
2016-052106,30-08-2016,"03:00:07 p.m.","CL LIMA C/C 13 DE OCTUBRE            PUEBLO NUEVO","ACCIDENTE VEHICULAR",MED-38,,
2016-052105,30-08-2016,"02:55:37 p.m.","  AV. COLONIAL (OSCAR R. BENAVIDES) 2009       CALLAO","EMERGENCIA MEDICA",MED-15,-12.0583142101976,-77.122172186561
2016-052104,30-08-2016,"02:40:48 p.m.","AV issac RECAVARREN-359 URB LOS FICUS             SANTA ANITA","EMERGENCIA MEDICA",AMB-138,,
2016-052103,30-08-2016,"02:39:15 p.m.","  CL. LOS SAUCES 315        SAN ISIDRO","EMERGENCIA MEDICA",AMB-11,-12.0939229716112,-77.0376013982047
2016-052102,30-08-2016,"02:39:09 p.m.","  CL. TUMBES (LIMONCILLO) 200        RIMAC","EMERGENCIA MEDICA",AMB-10,-12.0366767479987,-77.03023031934
2016-052101,30-08-2016,"02:16:02 p.m.","LARCOMAR            MIRAFLORES","EMERGENCIA MEDICA",AMB-28,,
2016-052100,30-08-2016,"02:12:41 p.m.","  JR. HUMBOLDT 1500       LA VICTORIA","EMERGENCIA MEDICA",AMB-11,-12.0639643047333,-77.0140480753466
2016-052099,30-08-2016,"01:53:43 p.m.","PANAMERICANA SUR ANTIGUA KM 32            LURIN","EMERGENCIA MEDICA",AMB-11,,
2016-052098,30-08-2016,"01:51:08 p.m.","  AV. PRINCIPAL (CARAPONGO)/ TERRAZAS DE CARAPONGO  ETAPA  2  MZ Z1  LT 22  000        LURIGANCHO",INCENDIO,"AMB-169, M138-1, M169-1, RES-115",-12.0014488249241,-76.8568350708837
2016-052097,30-08-2016,"01:43:07 p.m.","  AV. VENEZUELA 2800       LIMA","EMERGENCIA MEDICA","AMB-10, M14-1, M60-1",-12.0576166903827,-77.0676141569323
2016-052096,30-08-2016,"01:42:49 p.m.","JR. JUAN PABLO II / PJ. PRIMER HOGAR POLICIAL SECTOR II R(PRIMA)2 LT 23  500        VILLA MARIA DEL TRIUNFO","MATERIALES PELIGROSOS (INCIDENTE)",M106-1,-12.1691748357288,-76.9376545118638
2016-052095,30-08-2016,"01:32:44 p.m.","  CL. CARLOS BACAFLOR 100        LA PERLA",INCENDIO,"AMB-7, M7-5, MED-15",-12.0671732960802,-77.111387624164
2016-052094,30-08-2016,"01:23:37 p.m.",,"EMERGENCIA MEDICA","AMB-10, AUX14-1",-12.0535548626168,-77.0491451534186
2016-052093,30-08-2016,"01:23:28 p.m.","AV. ALFREDO BENAVIDES CRUCE CON AV. ROOSEVELT (REPUBLICA DE PANAMA) MIRAFLORES            MIRAFLORES","EMERGENCIA MEDICA",AMB-28,-12.126361043708,-77.0181302318748
2016-052092,30-08-2016,"01:17:18 p.m.","CARRETERAS - PANAMERICANAS ANTIGUA PANAMERICANA SUR KM 36.5            LURIN","EMERGENCIA MEDICA",AMB-129,-12.2763482901903,-76.870617211253
2016-052091,30-08-2016,"01:16:43 p.m.","  JR. CAMANA 600        SAN MARTIN DE PORRES","EMERGENCIA MEDICA",MED-9,-12.0327548314778,-77.0815272704322
2016-052090,30-08-2016,"01:12:24 p.m.","URB HUERTOS DE LA MOLINA MZJ1 LTE 4  CL. ANDES  600        LA MOLINA","EMERGENCIA MEDICA",AMB-6,-12.0834317683022,-76.9004140167757
2016-052089,30-08-2016,"01:08:20 p.m.","  AV. COLONIAL (OSCAR R. BENAVIDES) 4200       CALLAO","EMERGENCIA MEDICA","AMB-1, AMB-60",-12.0536406311895,-77.0993285951972
2016-052088,30-08-2016,"01:00:53 p.m.","VIA EXPRESA             LINCE","ACCIDENTE VEHICULAR","AMB-4, M4-1",-12.0792935470045,-77.0281856401384
2016-052087,30-08-2016,"12:54:47 p.m.","AV. COLONIAL (OSCAR R. BENAVIDES) 2400       CALLAO","EMERGENCIA MEDICA",MED-15,-12.0577521633764,-77.1191249857591
2016-052086,30-08-2016,"12:41:42 p.m.","AV. DOS DE MAYO              CALLAO","SERVICIO ESPECIAL",AMB-7,,
2016-052085,30-08-2016,"12:35:07 p.m.","AS. CRUZ DE MOTUPE DE SAN JUAN DE MIRAFLORES  MZ C  LT  10            VILLA EL SALVADOR","EMERGENCIA MEDICA",AMB-7,-12.1935665872469,-76.9691179924026
2016-052084,30-08-2016,"12:31:57 p.m.","PR. PERU CRUCE CON AV. EL OLIVAR CALLAO            CALLAO","EMERGENCIA MEDICA",MED-9,-12.0245355150234,-77.0990014563853
2016-052083,30-08-2016,"12:27:50 p.m.","AV. VENEZUELA 2600       BELLAVISTA","EMERGENCIA MEDICA",AMB-60,-12.0590380812674,-77.0746845130981
2016-052082,30-08-2016,"12:18:18 p.m.",,INCENDIO,CIST-VI,,
2016-052081,30-08-2016,"12:13:58 p.m.","AAHH AJA ALTO            ICA",INCENDIO,CIST82-4,,
2016-052080,30-08-2016,"12:05:12 p.m.","  AV. SAN BORJA NORTE (B) 300        SAN BORJA","EMERGENCIA MEDICA",AMB-11,-12.0967809178209,-76.9835173053267
2016-052079,30-08-2016,"11:55:22 a.m.","AV. ALFREDO MENDIOLA (PANAMERICANA NORTE) CRUCE CON AV. CARLOS IZAGUIRRE LOS OLIVOS            LOS OLIVOS","EMERGENCIA MEDICA",AMB-168,-11.9904165228143,-77.0649500736099
2016-052078,30-08-2016,"11:53:26 a.m.","CA. AREQUIPA CRUCE CA. AREQUIPA            ICA","ACCIDENTE VEHICULAR",AMB-22,,
2016-052077,30-08-2016,"11:52:51 a.m.","  AV. LA CORDIALIDAD (D)MZ3B5 LTE 3 CL.11 000        LOS OLIVOS",INCENDIO,M164-1,-11.9361690251429,-77.0826800050245
2016-052076,30-08-2016,"11:47:07 a.m.","CL. MARISCAL ANTONIO JOSE DE SUCRE CRUCE CON CL. SANTA ANA (CALLAO) SAN MIGUEL            SAN MIGUEL","EMERGENCIA MEDICA",AMB-60,-12.0881618629818,-77.0774795682317
2016-052075,30-08-2016,"11:41:21 a.m.","UR. SALAVERRY CL. 2 121             MAGDALENA DEL MAR",INCENDIO,M100-1,-12.1028544632582,-77.0620635004395
2016-052074,30-08-2016,"11:13:28 a.m.","  AV. LA MERCED 530        SANTIAGO DE SURCO","EMERGENCIA MEDICA",M100-1,-12.1312785091402,-77.009331878301
2016-052073,30-08-2016,"11:11:00 a.m.","  AV. CARLOS IZAGUIRRE 500        LOS OLIVOS",INCENDIO,M9-5,-11.990509497455,-77.0685993268835
2016-052072,30-08-2016,"11:06:31 a.m.","COMISARIA DE VITARTE            ATE","SERVICIO ESPECIAL","AMB-169, M169-1",,
2016-052071,30-08-2016,"11:05:15 a.m.",,"EMERGENCIA MEDICA",AMB-65-2,-12.0456359186867,-77.0652404947001
2016-052070,30-08-2016,"10:59:28 a.m.",,"EMERGENCIA MEDICA","AMB-65-2, AUX14-1",-12.0560122883931,-77.049564629101
2016-052069,30-08-2016,"10:59:15 a.m.","  AV. JULIO C. TELLO 1011       CARMEN DE LA LEGUA REYNOS","EMERGENCIA MEDICA",AMB-60,-12.0403217344991,-77.0881716646622
2016-052068,30-08-2016,"10:53:44 a.m.","IRRIGACION SANTA ROSA             SAYAN","SERVICIO ESPECIAL",AMB-216,,
2016-052067,30-08-2016,"10:47:29 a.m.","jr. san martin / portal            AYACUCHO",INCENDIO,M63-1,,
2016-052066,30-08-2016,"10:40:41 a.m.","  AV. LA PAZ 825        SAN MIGUEL","EMERGENCIA MEDICA",AMB-83,-12.0866411048496,-77.0909555224036
2016-052065,30-08-2016,"10:40:21 a.m.","EDUCACION I.E. FE Y ALEGRIA NRO. 59            VENTANILLA","EMERGENCIA MEDICA",AMB-83,-11.8422499032648,-77.1344422270842
2016-052064,30-08-2016,"10:35:13 a.m.","AMPLIACION SEÑOR DE CACHUY             VILLA MARIA DEL TRIUNFO","MATERIALES PELIGROSOS (INCIDENTE)","AMB-106, M155-1",-12.2223757848953,-76.9078645554801
2016-052063,30-08-2016,"10:29:59 a.m.","AV. PANAMERICANA NORTE (PUENTE PIEDRA) 000        PUENTE PIEDRA","MATERIALES PELIGROSOS (INCIDENTE)","AMB-75, M184-1",-11.8284552622586,-77.1196498939635
2016-052062,30-08-2016,"10:28:20 a.m.","AV. LIBERTADORES            SAN VICENTE DE CANETE","SERVICIO ESPECIAL","AMB-75, M184-1",,
2016-052061,30-08-2016,"10:27:39 a.m.",,"SERVICIO ESPECIAL","M49-1, RES-49",,
2016-052060,30-08-2016,"10:16:02 a.m.","CL. SAN ANTONIO CRUCE CON CL. SAN GONZALO COMAS            COMAS","EMERGENCIA MEDICA","M49-1, RES-49",-11.9154807705475,-77.0460216058814
2016-052059,30-08-2016,"10:01:54 a.m.","DIVINO MAESTRO             ICA","EMERGENCIA MEDICA",AMB-22,,
2016-052058,30-08-2016,"10:00:24 a.m.","CRUCE DE MARCONA            ","ACCIDENTE VEHICULAR",MED-152,,
2016-052057,30-08-2016,"09:59:40 a.m.","AH. MERCURIO ALTO C            LOS OLIVOS","EMERGENCIA MEDICA",MED-9,-11.999113278435,-77.0770808870282
2016-052056,30-08-2016,"09:50:25 a.m.","  PJ. MISTI 114        SAN MIGUEL","EMERGENCIA MEDICA",AMB-60,-12.0824858648717,-77.1020638613613
2016-052055,30-08-2016,"09:01:22 a.m.","UV DEL RIMAC 47 DEP  302             RIMAC","EMERGENCIA MEDICA",AMB-21,-12.0303539906166,-77.0334557322629
2016-052054,30-08-2016,"09:01:00 a.m.","HORIZONTE DE ZARATE - AV. LIMA CDRA. 10            SAN JUAN DE LURIGANCHO",RESCATE,M121-3,,
2016-052053,30-08-2016,"08:55:33 a.m.","  AV. MIRAFLORES (28 DE JULIO) 200        MIRAFLORES","EMERGENCIA MEDICA",AMB-28,-12.1259115324193,-77.0320455878128
2016-052052,30-08-2016,"08:51:31 a.m.","  CL. EL CARMEN 733        SURQUILLO",RESCATE,RES-28,-12.1148758252059,-77.0193915753277
2016-052051,30-08-2016,"08:48:06 a.m.","  AV. ANDRES AVELINO CACERES 491        ATE","EMERGENCIA MEDICA",AMB-138,-12.0625370250254,-76.9912227247053
2016-052050,30-08-2016,"08:22:26 a.m.","  AV. COSTA VERDE (CIRCUITO DE PLAYAS) 000        MIRAFLORES","ACCIDENTE VEHICULAR","AMB-28, M28-1, RES-28",-12.1191257221123,-77.0459532819504
2016-052049,30-08-2016,"08:17:45 a.m.","AV. AGRICULTURA CRUCE CON CL. SECHURA VILLA MARIA DEL TRIUNFO            VILLA MARIA DEL TRIUNFO","EMERGENCIA MEDICA",AMB-129,-12.2166658293028,-76.9079365258029
2016-052048,30-08-2016,"08:09:47 a.m.","PARQUE JOSE OLAYA             CALLAO","SERVICIO ESPECIAL",M5-5,,
2016-052047,30-08-2016,"08:07:20 a.m.","CARRETERA HUARAL - CHECUAN            HUARAL","ACCIDENTE VEHICULAR","AMB-44, M44-1, MED-80",,
2016-052046,30-08-2016,"08:03:44 a.m.","  CL. LUIS ROMERO 1078       LIMA","EMERGENCIA MEDICA",AMB-60,-12.0491122297051,-77.0771589457578
2016-052045,30-08-2016,"08:02:08 a.m.","UR. EL MANANTIAL DE NARANJAL MZ A LTE 17            SAN MARTIN DE PORRES",INCENDIO,"M9-1, M9-5, MED-9, RES-124",-11.9715507078677,-77.1044708862174
2016-052044,30-08-2016,"07:46:35 a.m.","  AV. PACHACUTEC (86)            VILLA EL SALVADOR","EMERGENCIA MEDICA",AMB-106,-12.2247825837633,-76.9196188236756
2016-052043,30-08-2016,"07:38:44 a.m.","PLAA DE ARMAS             CHANCAY","EMERGENCIA MEDICA",MED-80,,
2016-052042,30-08-2016,"07:30:52 a.m.","AV. LA MARINA CRUCE CON AV. PARQUE DE LAS LEYENDAS SAN MIGUEL            SAN MIGUEL","ACCIDENTE VEHICULAR","AMB-4, AMB-83, M83-1, RES-83",-12.0779854749768,-77.0888920505814
2016-052041,30-08-2016,"07:16:09 a.m.","  AV. 2 DE MAYO 875        CALLAO","ACCIDENTE VEHICULAR","AMB-60, M1-5, M7-1",-12.0542619868675,-77.1408951252444
2016-052040,30-08-2016,"06:56:07 a.m.","AV CIRCUNVALACION             ","ACCIDENTE VEHICULAR","AMB-8, M11-1, M127-1",,
2016-052039,30-08-2016,"06:55:06 a.m.","  CL. MARIANO CARRANZA 240        LIMA","EMERGENCIA MEDICA",AMB-4,-12.0755310900038,-77.0351346404431
2016-052038,30-08-2016,"06:51:29 a.m.","  AV. LOS DOMINICOS 600        CALLAO","EMERGENCIA MEDICA",MED-9,-12.0146783477624,-77.0940599009662
2016-052037,30-08-2016,"06:44:30 a.m.","  JR. CORONEL ERNESTO ODRIOZOLA 197        PUEBLO LIBRE","EMERGENCIA MEDICA",AMB-83,-12.083549746213,-77.0616145744131
2016-052036,30-08-2016,"06:26:52 a.m.","AV. JAVIER PRADO ESTE CRUCE CON AV. CIRCUNVALACION (PANAMERICANA SUR) SAN BORJA            SAN BORJA","ACCIDENTE VEHICULAR","AMB-127, AMB-138, AMB-8, M11-1, M127-1",-12.0829598211752,-76.9851475868449
2016-052035,30-08-2016,"06:25:41 a.m.","PANAMERICANA SUR KM 37            ","ACCIDENTE VEHICULAR","AMB-129, M125-1",,
2016-052034,30-08-2016,"06:11:42 a.m.","CONVENTO SANTA ROSA DE LIMA             LIMA","SERVICIO ESPECIAL","AMB-10, AMB-2, AMB-7, M3-1, PC-14",,
2016-052033,30-08-2016,"06:06:18 a.m.","PASAJE 14 DE FEBRERO  300        PACHACAMAC","EMERGENCIA MEDICA",AMB-160,,
2016-052032,30-08-2016,"05:38:26 a.m.","  AV. SANTIAGO DE CHUCO ESQ CAMINO REAL  200        SANTA ANITA","EMERGENCIA MEDICA",AMB-138,-12.0412586533464,-76.9751458417741
2016-052031,30-08-2016,"05:33:47 a.m.","  AV. CORONEL NESTOR GAMBETA (EL EMISOR) 000        CALLAO","EMERGENCIA MEDICA",AMB-60,-11.9936435438453,-77.1254917369674
2016-052030,30-08-2016,"05:17:37 a.m.","PJ. PAMPLONA ALTA SECTOR 5 DE MAYO T6A LT 5            SAN JUAN DE MIRAFLORES","EMERGENCIA MEDICA",AMB-106,-12.12974219946,-76.9637555526946
2016-052029,30-08-2016,"05:15:17 a.m.","  AV. PACASMAYO  282        CALLAO","EMERGENCIA MEDICA",MED-9,-12.0149179383836,-77.0992569236348
2016-052028,30-08-2016,"04:57:49 a.m.","  AV. GRAN CHIMU 1942       SAN JUAN DE LURIGANCHO","EMERGENCIA MEDICA",AMB-2,-12.0245057628928,-76.9827296445069
2016-052027,30-08-2016,"04:45:04 a.m.","  CL. MARIANO IGNACIO PRADO 30         SAN MARTIN DE PORRES","EMERGENCIA MEDICA",MED-9,-12.0278829432018,-77.0771129923769
2016-052026,30-08-2016,"04:41:18 a.m.","AH. LOS GIRASOLES DE PAMPLONA ALTA L2 LT 03            SAN JUAN DE MIRAFLORES","MATERIALES PELIGROSOS (INCIDENTE)","AMB-106, M134-1",-12.1239932807548,-76.9602415210312
2016-052025,30-08-2016,"04:23:27 a.m.","  AV. JOSE GRANDA 2900       SAN MARTIN DE PORRES","EMERGENCIA MEDICA",AMB-60,-12.0259612671055,-77.0752502856969
2016-052024,30-08-2016,"04:11:26 a.m.","AV. UNIVERSITARIA NORTE CRUCE CON AV. ALFREDO MENDIOLA (PANAMERICANA NORTE) LOS OLIVOS            LOS OLIVOS","EMERGENCIA MEDICA",AMB-60,-11.9621336983515,-77.0701880018024
2016-052023,30-08-2016,"03:54:26 a.m.","  AV. JAVIER PRADO OESTE 200        ","EMERGENCIA MEDICA",AMB-8,-12.0923189355403,-77.0337805685633
2016-052022,30-08-2016,"03:33:47 a.m.","VIA DE EXPRESA ANTES DEL PTE ANDRES REYES 3100       SAN ISIDRO","ACCIDENTE VEHICULAR","AMB-28, AMB-4, M4-1, RESLIG-4",-12.0952096176561,-77.0245808187689
2016-052021,30-08-2016,"03:22:46 a.m.","  AV. IQUITOS 600        LA VICTORIA",INCENDIO,"AMB-8, RES-8",-12.066755817634,-77.0303305983246
2016-052020,30-08-2016,"03:20:54 a.m.","  AV. LOS OLIVOS MAZ A LT 14 000        SAN MARTIN DE PORRES","EMERGENCIA MEDICA",AMB-60,-11.9842755441924,-77.0972888453872
2016-052019,30-08-2016,"02:52:30 a.m.","FELIPE PINGLO 175        BELLAVISTA","EMERGENCIA MEDICA",AMB-7,,
2016-052018,30-08-2016,"02:50:15 a.m.","  AV. CAYETANO HEREDIA 537        JESUS MARIA","EMERGENCIA MEDICA",AMB-4,-12.0800841454742,-77.0515995860628
2016-052017,30-08-2016,"02:42:34 a.m.","  AV. CORONEL NESTOR GAMBETA (EL EMISOR) 6900       CALLAO","ACCIDENTE VEHICULAR","M9-1, M9-5, MED-9",-11.9816717726383,-77.1248565169366
2016-052016,30-08-2016,"02:04:43 a.m.","PANAMERICANA NORTE             CHANCAY","ACCIDENTE VEHICULAR","M9-1, M9-5, MED-9",,
2016-052015,30-08-2016,"02:04:24 a.m.","  CL. AMALIA PUGA (PALLASCA) 653        RIMAC","EMERGENCIA MEDICA",AMB-21,-12.0336378355784,-77.0357505942653
2016-052014,30-08-2016,"02:01:07 a.m.","CARRETERA VARIANTE PASAMAYO            HUARAL","EMERGENCIA MEDICA","AMB-44, MED-80",,
2016-052013,30-08-2016,"01:55:24 a.m.","  JR. MOORE (GARCIA DE SALCEDO) 265        MAGDALENA DEL MAR","EMERGENCIA MEDICA",AMB-83,-12.0953333793758,-77.068942081732
2016-052012,30-08-2016,"01:39:23 a.m.","  CL. LOS PORTALES (APURIMAC) (L) 3918       SAN MARTIN DE PORRES","EMERGENCIA MEDICA",MED-9,-12.0323004377279,-77.0928270021216
2016-052011,30-08-2016,"01:36:43 a.m.","  AV. ENRIQUE MEIGGS (22 DE DICIEMBRE) 3200       LIMA","EMERGENCIA MEDICA",AMB-60,-12.0388821573854,-77.0800995254605
2016-052010,30-08-2016,"01:30:58 a.m.","CALICHERA             ","EMERGENCIA MEDICA",AMB-163,,
2016-052009,30-08-2016,"01:26:22 a.m.","CAMANA CON BOLIVAR             ICA",INCENDIO,M22-1,,
2016-052008,30-08-2016,"01:13:18 a.m.","VILLA ELBA MAZ B LOTE 2            SAN JUAN DE MIRAFLORES","EMERGENCIA MEDICA",AMB-120,-12.1674048939218,-76.9802342487246
2016-052007,30-08-2016,"01:11:40 a.m.","  AV. JOSE ANTONIO ENCINAS 144        MIRAFLORES","EMERGENCIA MEDICA",AMB-28,-12.127393453276,-77.0136455970191
2016-052006,30-08-2016,"01:11:13 a.m.","COLISEO LOLO FERNANDEZ            ","SERVICIO ESPECIAL",M49-1,,
2016-052005,30-08-2016,"12:59:54 a.m.","  AV. ESTADOS UNIDOS 295        CALLAO","EMERGENCIA MEDICA",AMB-7,-12.0645800518583,-77.151834196133
2016-052004,30-08-2016,"12:41:45 a.m.","  JR. ANCASH 3620       SAN MARTIN DE PORRES","EMERGENCIA MEDICA",AMB-60,-12.0280691113924,-77.0861263439863
2016-052003,30-08-2016,"12:40:28 a.m.","  AV. TOMAS VALLE 3146       CALLAO","EMERGENCIA MEDICA",MED-9,-12.0120816068534,-77.0926453813524
2016-052002,30-08-2016,"12:39:34 a.m.","CLAUDIO GALENO            ","EMERGENCIA MEDICA",AMB-11,,
2016-052001,30-08-2016,"12:35:03 a.m.","  JR. ARGENTINA 000        LURIN",INCENDIO,"AMB-129, M129-1",-12.2875649467453,-76.8516819575577
2016-052000,30-08-2016,"12:10:08 a.m.","  AV. MARCELINO CASTRO GAMBOA (SAN JUAN) 000        SAN JUAN DE MIRAFLORES","EMERGENCIA MEDICA",AMB-120,-12.1354267123643,-76.9587668169894
2016-051999,30-08-2016,"12:07:21 a.m.","ASUNCION            ","EMERGENCIA MEDICA",AMB-6,,
2016-051998,30-08-2016,"12:03:57 a.m.","CIUDAD  SATELITE  SANTA ROSA            CALLAO","SERVICIO ESPECIAL","M9-5, MED-9",,
