ID,FECHA,HORA,DIRECCION,TIPO,UNIDADES,"CORDENADAS (lat)","CORDENADAS (lng)"
2016-028586,29-04-2016,"11:57:25 p.m.","ALFA 1901       LOS OLIVOS","SERVICIO ESPECIAL",,,
2016-028585,29-04-2016,"11:54:45 p.m.","  CL. TACAYMANO 1874       SAN JUAN DE LURIGANCHO","EMERGENCIA MEDICA",SAMU-121,-12.0160703026338,-76.9839211032784
2016-028584,29-04-2016,"11:49:50 p.m.","  AV. EL CARMEN 400        SANTIAGO DE SURCO","EMERGENCIA MEDICA",SAMU-134,-12.1480360557427,-76.9881111536645
2016-028583,29-04-2016,"11:49:29 p.m.","AH. VIRGEN DE LAS MERCEDES C            LOS OLIVOS","EMERGENCIA MEDICA",SAMU-161,-12.004348268909,-77.073874586532
2016-028582,29-04-2016,"11:40:07 p.m.","  CL. 10 000        VILLA EL SALVADOR","EMERGENCIA MEDICA",AMB-155,-12.2323568476712,-76.9118565471827
2016-028581,29-04-2016,"11:18:27 p.m.","  JR. HOYLE PALACIOS 200        EL AGUSTINO","EMERGENCIA MEDICA",SAMU-2,-12.0496905087686,-76.9998072219399
2016-028580,29-04-2016,"11:14:03 p.m.","GRIFO LEONOR            ","ACCIDENTE VEHICULAR","AMB-82, RES-82",,
2016-028579,29-04-2016,"10:52:45 p.m.","AV. AREQUIPA CRUCE CON JR. JOSE DE LA TORRE UGARTE LINCE            LINCE","ACCIDENTE VEHICULAR","AMB-6, M202-1, MATPEL-4, RESLIG-4",-12.0891768673385,-77.0340865821361
2016-028578,29-04-2016,"10:40:03 p.m.","  AV. SANTIAGO DE SURCO (TOMAS MARSANO) 5000       SANTIAGO DE SURCO","EMERGENCIA MEDICA",SAMU-134,-12.1477002457565,-76.9866354084365
2016-028577,29-04-2016,"10:39:14 p.m.","  AV. ARGENTINA 1300       LIMA","EMERGENCIA MEDICA",SAMU-134,-12.0449083366476,-77.0593082381668
2016-028576,29-04-2016,"10:34:50 p.m.",,"EMERGENCIA MEDICA",MED-5,,
2016-028575,29-04-2016,"10:32:43 p.m.","UR. RENOVACION PALOMINO             CALLAO","EMERGENCIA MEDICA",MED-5,-12.0556330296425,-77.1160455589163
2016-028574,29-04-2016,"10:28:41 p.m.","  AV. ALFREDO BENAVIDES 430        MIRAFLORES","EMERGENCIA MEDICA",AMB-28,-12.1247202717976,-77.0286125464954
2016-028573,29-04-2016,"10:20:33 p.m.","PLAZUELA BOLOGNESI            ICA","ACCIDENTE VEHICULAR",RES-193,,
2016-028572,29-04-2016,"10:14:03 p.m.","  CL. SANTA CRUZ DE PACHACUTEC 472        LOS OLIVOS","EMERGENCIA MEDICA",AMB-65-2,-11.9944277708925,-77.0675561747075
2016-028571,29-04-2016,"10:08:19 p.m.","  JR. MONTEVIDEO 300        LIMA","EMERGENCIA MEDICA",SAMU-2,-12.0578405947409,-77.0299921493624
2016-028570,29-04-2016,"10:04:25 p.m.","  AV. GENERAL PABLO CLEMENT (GENERAL JOSE LEGUIA Y MELENDEZ) 1940       PUEBLO LIBRE","EMERGENCIA MEDICA",AMB-36,-12.0734666311139,-77.0753269187607
2016-028569,29-04-2016,"09:54:15 p.m.","AV. JUAN BERTOLOTTO NEGRO 000        SAN MIGUEL","EMERGENCIA MEDICA",SAMU-83,-12.0929718669592,-77.0802698784833
2016-028568,29-04-2016,"09:51:13 p.m.","  JR. MANCORA 184        SAN JUAN DE LURIGANCHO","EMERGENCIA MEDICA",SAMU-2,-12.0299925761909,-77.0152235498752
2016-028567,29-04-2016,"09:49:05 p.m.","  CL. OCTAVIO PAZ (F) 179        SURQUILLO","EMERGENCIA MEDICA",AMB-6,-12.1141197387734,-77.0064460014195
2016-028566,29-04-2016,"09:46:15 p.m.","ALT COLEGIO JOSFA CARRILLO            ","EMERGENCIA MEDICA",AMB-32,,
2016-028565,29-04-2016,"09:40:41 p.m.","  AV. JAVIER LUNA PIZARRO 734        LA VICTORIA","EMERGENCIA MEDICA",SAMU-8,-12.0672263163132,-77.0272960940948
2016-028564,29-04-2016,"09:38:57 p.m.","  JR. ABRAHAN LINCOLN 236        LA PERLA","EMERGENCIA MEDICA",MED-5,-12.0672824050354,-77.1265203382153
2016-028563,29-04-2016,"09:36:09 p.m.",,"ACCIDENTE VEHICULAR","AMB-36, M202-1, RES-14",-12.0635648312441,-77.0496625164743
2016-028562,29-04-2016,"09:31:55 p.m.","  AV. 9 DE DICIEMBRE (PASEO COLON) 100        LIMA","EMERGENCIA MEDICA",SAMU-10,-12.0599671941329,-77.0369551546547
2016-028561,29-04-2016,"09:26:49 p.m.","  CL. 11 162        COMAS","EMERGENCIA MEDICA",SAMU-161,-11.9685473727877,-77.0595881336895
2016-028560,29-04-2016,"09:15:37 p.m.",,"ACCIDENTE VEHICULAR",AMB-37,,
2016-028559,29-04-2016,"09:10:53 p.m.","  AV. SANTA CRUZ 400        SAN ISIDRO","EMERGENCIA MEDICA","AMB-100, AMB-83",-12.1073413747071,-77.0346205695027
2016-028558,29-04-2016,"09:09:33 p.m.","  JR. ENRIQUE LEON GARCIA 376        LA VICTORIA","EMERGENCIA MEDICA",AMB-4,-12.084520858712,-77.0219841078623
2016-028557,29-04-2016,"09:03:31 p.m.","  AV. PRINCIPAL (C) 500        SURQUILLO",INCENDIO,"M11-1, M28-1, RES-28, SAMU-120",-12.1170158223119,-77.0062880672353
2016-028556,29-04-2016,"08:59:34 p.m.","ANCON              ANCON",INCENDIO,"M11-1, M28-1, RES-28, SAMU-120",,
2016-028555,29-04-2016,"08:57:37 p.m.","  AV. DEFENSORES DEL MORRO (HUAYLAS) 455        CHORRILLOS","EMERGENCIA MEDICA","M11-1, M28-1, RES-28, SAMU-120",,
2016-028554,29-04-2016,"08:55:53 p.m.","  AV. SANTA CATALINA 583        LA VICTORIA","EMERGENCIA MEDICA",SAMU-8,-12.086333152917,-77.0189806462548
2016-028553,29-04-2016,"08:50:01 p.m.","  CL. ALBERT EINSTEIN (E) (A) 300        ","EMERGENCIA MEDICA",AMB-28,-12.1151116853224,-77.0057543325073
2016-028552,29-04-2016,"08:49:58 p.m.","  AV. SALAVERRY 2544       JESUS MARIA",INCENDIO,M100-1,-12.0923657726454,-77.0530266324929
2016-028551,29-04-2016,"08:44:35 p.m.","  JR. LOS ALAMOS 378        SANTIAGO DE SURCO","MATERIALES PELIGROSOS (INCIDENTE)",M138-1,,
2016-028550,29-04-2016,"08:35:30 p.m.","  CL. A. GARLAND 1131       SAN MARTIN DE PORRES","EMERGENCIA MEDICA",AMB-65-2,-12.0145237778901,-77.052923978778
2016-028549,29-04-2016,"08:31:19 p.m.","  JR. HUASCAR 1967       JESUS MARIA","MATERIALES PELIGROSOS (INCIDENTE)","AMB-4, M202-1",-12.0817306691236,-77.0505169474608
2016-028548,29-04-2016,"08:26:59 p.m.","  AV. EMANCIPACION (AREQUIPA) 440        LIMA","EMERGENCIA MEDICA",SAMU-2,-12.0467297002561,-77.0369109966874
2016-028547,29-04-2016,"08:24:42 p.m.","CL. ARAGON CRUCE CON JR. RIO TAMBO PUEBLO LIBRE            SANTIAGO DE SURCO","EMERGENCIA MEDICA",SAMU-83,-12.0699366178127,-77.0714081617475
2016-028546,29-04-2016,"08:24:17 p.m.","MERCADO DE FLORES             RIMAC","ACCIDENTE VEHICULAR",M2-1,,
2016-028545,29-04-2016,"08:24:06 p.m.","  AV. ANGAMOS ESTE (PRIMAVERA) 1000       SANTIAGO DE SURCO","EMERGENCIA MEDICA",AMB-6,-12.1105933419105,-76.9807872986908
2016-028544,29-04-2016,"08:22:27 p.m.","  JR. DAVID ROCA VAREA SUR 299        SANTIAGO DE SURCO",RESCATE,AMB-6,-12.1359417230548,-76.9940518470747
2016-028543,29-04-2016,"08:17:50 p.m.","CARRETERAS - PANAMERICANAS PANAMERICANA SUR 13            SAN JUAN DE MIRAFLORES","EMERGENCIA MEDICA",AMB134-2,-12.1708718385434,-76.9793258050375
2016-028542,29-04-2016,"08:17:07 p.m.","  AV. ANGAMOS ESTE (PRIMAVERA) 1200       SURQUILLO","EMERGENCIA MEDICA",AMB-28,-12.1131542601423,-77.018791066576
2016-028541,29-04-2016,"08:16:09 p.m.","  CL. BERNALES 207        SAN MARTIN DE PORRES","EMERGENCIA MEDICA",MED-5,-12.0237886731421,-77.0842847433918
2016-028540,29-04-2016,"08:15:38 p.m.","  AV. JORGE BASADRE (ORRANTIA) 1330       SAN ISIDRO",INCENDIO,M100-1,-12.0959104855649,-77.0453221940381
2016-028539,29-04-2016,"08:15:34 p.m.",,"EMERGENCIA MEDICA","AMB-115-2, M115-1",-11.9948441778596,-76.8276395660857
2016-028538,29-04-2016,"08:15:15 p.m.","  JR. DAVID ROCA VAREA SUR    URB.   VISTA  ALEGRE   299        SANTIAGO DE SURCO",RESCATE,M120-1,-12.1359417230548,-76.9940518470747
2016-028537,29-04-2016,"08:09:05 p.m.","CARRETERAS - PANAMERICANAS PANAMERICANA SUR 11            SANTIAGO DE SURCO","EMERGENCIA MEDICA",AMB134-2,-12.1534791663447,-76.983896361791
2016-028536,29-04-2016,"08:03:00 p.m.","  AV. SANTIAGO DE SURCO (TOMAS MARSANO) 4398       SANTIAGO DE SURCO","EMERGENCIA MEDICA",SAMU-134,-12.1408396076049,-76.9928345157165
2016-028535,29-04-2016,"07:58:27 p.m.","PANAMERICANA SUR KM 299            ICA","EMERGENCIA MEDICA",SAMU-134,,
2016-028534,29-04-2016,"07:56:13 p.m.","CALLE CIRCUNVALACION NORTE  300        HUARAL","EMERGENCIA MEDICA",AMB-44,,
2016-028533,29-04-2016,"07:55:43 p.m.","  AV. EL SOL (LORENZO FRANGUELA) 500        RIMAC","MATERIALES PELIGROSOS (INCIDENTE)",M2-1,-12.0240258071809,-77.02648760714
2016-028532,29-04-2016,"07:51:16 p.m.","CL. 28 DE DICIEMBRE CRUCE CON CL. SAN ANTONIO VILLA MARIA DEL TRIUNFO            VILLA MARIA DEL TRIUNFO","EMERGENCIA MEDICA",AMB-106,-12.1565137503559,-76.9391905424411
2016-028531,29-04-2016,"07:49:01 p.m.",,"EMERGENCIA MEDICA",AMB-83,-12.0599657812058,-77.0457885828042
2016-028530,29-04-2016,"07:38:44 p.m.","CO. SAN CARLOS F LT 1            SANTA ANITA","MATERIALES PELIGROSOS (INCIDENTE)","M10-1, M138-1, M3-1",-12.0387227817195,-76.9593027175592
2016-028529,29-04-2016,"07:32:25 p.m.","  AV. GENERAL JUAN ANTONIO ALVAREZ DE ARENALES 2024       LINCE","EMERGENCIA MEDICA","M10-1, M138-1, M3-1",-12.0853543361207,-77.0355326094977
2016-028528,29-04-2016,"07:22:20 p.m.","  AV. PACHACUTEC 2400       VILLA MARIA DEL TRIUNFO","EMERGENCIA MEDICA","AMB-106, SAMU-120",-12.1690757730039,-76.950645011746
2016-028527,29-04-2016,"07:16:57 p.m.","UV DEL RIMAC  BLOCK 41 DPT 205            RIMAC","EMERGENCIA MEDICA",SAMU-2,-12.0307117601332,-77.0342416007311
2016-028526,29-04-2016,"07:12:17 p.m.","MILITAR POLICIAL DELEGACION P.N.P. HUAYCANUCV 14             ATE",INCENDIO,"M115-1, M169-1, M96-1, MED-96",-12.0122567023536,-76.8274091872007
2016-028525,29-04-2016,"07:06:47 p.m.","AV. LA ATARJEA CRUCE CON AV. CIRCUNVALACION (VIA DE EVITAMIENTO) EL AGUSTINO            EL AGUSTINO","ACCIDENTE VEHICULAR","M138-1, M2-1, SAMU-10, SAMU-138",-12.0395791858095,-76.9878127706436
2016-028524,29-04-2016,"07:06:01 p.m.","LAS   DUNAS               PISCO",INCENDIO,CIST90-4,,
2016-028523,29-04-2016,"07:01:29 p.m.","  AV. PRIMAVERA    JOSE  CARLOS  MARIATEGUI   1654       VILLA MARIA DEL TRIUNFO","EMERGENCIA MEDICA",SAMU-106,-12.1486969744761,-76.9512995264159
2016-028522,29-04-2016,"07:01:22 p.m.","JR. CHINCHA CRUCE LA MAR             ICA","ACCIDENTE VEHICULAR",RES-193,,
2016-028521,29-04-2016,"07:00:40 p.m.","  AV. REPUBLICA DE PANAMA 4800       SURQUILLO","EMERGENCIA MEDICA",RES-193,-12.1136132986071,-77.0184505594881
2016-028520,29-04-2016,"06:51:49 p.m.","AV. AVIACION CRUCE CON AV. JAVIER PRADO ESTE SAN BORJA            SAN BORJA","EMERGENCIA MEDICA",RES-193,-12.0874530056802,-77.0037506792796
2016-028519,29-04-2016,"06:46:22 p.m.","  CL. HUANTAR MZ L 3 LOTE  21            LOS OLIVOS","EMERGENCIA MEDICA",AMB-168,-11.9733588770299,-77.0834621591192
2016-028518,29-04-2016,"06:44:57 p.m.","  CL. FRANCISCO CORNEJO (10)   VILLA  SOL   ETAPA  III 236        LOS OLIVOS","EMERGENCIA MEDICA",SAMU-21,-11.9624304948263,-77.0730762011551
2016-028517,29-04-2016,"06:39:29 p.m.","  AV. SUCRE 1355       PUEBLO LIBRE","EMERGENCIA MEDICA",SAMU-21,-12.0845381858841,-77.0678215592555
2016-028516,29-04-2016,"06:37:33 p.m.","  CL. VICTOR ALZAMORA 258        SURQUILLO",INCENDIO,"M11-1, M28-1, RES-28",-12.1138038522091,-77.0124726115455
2016-028515,29-04-2016,"06:33:09 p.m.","  JR. SANTA MERCEDES 282        SAN MARTIN DE PORRES","MATERIALES PELIGROSOS (INCIDENTE)","AMB-168, M65-2",-12.0190863402616,-77.0614525126153
2016-028514,29-04-2016,"06:31:33 p.m.","  AV. ALBORADA 1584       LIMA","EMERGENCIA MEDICA","AMB-168, M65-2",-12.0638801915638,-77.0667995943558
2016-028513,29-04-2016,"06:29:11 p.m.","CL  HIPOLITO UYOLA  TERCER PASAJE            ","EMERGENCIA MEDICA",AMB-20,,
2016-028512,29-04-2016,"06:27:14 p.m.","CL AREQUIPA 173            SAN ISIDRO","EMERGENCIA MEDICA",AMB-20,,
2016-028511,29-04-2016,"06:11:09 p.m.","MARIANO MELGAR  198        HUACHO",INCENDIO,AMB-20,,
2016-028510,29-04-2016,"06:09:02 p.m.","COMERCIAL CENTRO COMERCIAL JOCKEY PLAZA            SANTIAGO DE SURCO","EMERGENCIA MEDICA",AMB-138,-12.0852424632381,-76.9769032404998
2016-028509,29-04-2016,"06:07:17 p.m.","JOCKEY CLUB DEL PERU             SANTIAGO DE SURCO","SERVICIO ESPECIAL",M16-1,,
2016-028508,29-04-2016,"06:05:26 p.m.","PLAZUELA COMATRANA             ICA","EMERGENCIA MEDICA",RES-193,,
2016-028507,29-04-2016,"06:03:40 p.m.","  AV. GENERAL ANCOHUILLO (IMPERIAL) 543        SANTA ANITA","EMERGENCIA MEDICA","SAMU-138, SAMU-176",-12.036997446308,-76.9657163234606
2016-028506,29-04-2016,"05:39:19 p.m.","  JR. GAVILAN (LIBERTAD) 1155       MAGDALENA DEL MAR","EMERGENCIA MEDICA","SAMU-138, SAMU-176",-12.0883778329344,-77.0680476062191
2016-028505,29-04-2016,"05:36:05 p.m.","  CL. 24 157        COMAS","EMERGENCIA MEDICA","SAMU-138, SAMU-176",-11.9711223265978,-77.0579571142067
2016-028504,29-04-2016,"05:28:47 p.m.","  PJ. CARLOS B. TIZON 170        LA VICTORIA","EMERGENCIA MEDICA",SAMU-4,-12.0599648516706,-77.0241626146172
2016-028503,29-04-2016,"05:25:57 p.m.","  CL. LOS SAUCOS (LOS SAUCES) 138        ATE","EMERGENCIA MEDICA",SAMU-138,-12.078281264579,-76.9867285690061
2016-028502,29-04-2016,"05:25:36 p.m.","JR. BATALLA DE JUNIN (ANIBAL MAURTUA) 000        ATE",INCENDIO,M16-1,-12.1456866716741,-77.0241902290934
2016-028501,29-04-2016,"05:08:50 p.m.","  CL. BISETTI ROGER RETES 1028       LIMA","EMERGENCIA MEDICA",SAMU-10,-12.0485559553701,-77.0748630850229
2016-028500,29-04-2016,"05:05:41 p.m.","  JR. 3 DE FEBRERO 1344       ","EMERGENCIA MEDICA",AMB-4,-12.0742758240486,-77.0082946068891
2016-028499,29-04-2016,"04:56:54 p.m.","CARRETERAS - PANAMERICANAS PANAMERICANA NORTE 37.37            SANTA ROSA","ACCIDENTE VEHICULAR","AMB-184, AMB124-2, M161-1, M75-1, MED-163, RESLIG-161, SAMU-150",-11.8170100308102,-77.1265407161149
2016-028498,29-04-2016,"04:48:10 p.m.","  AV. CAMINO REAL 620        SAN ISIDRO",RESCATE,RES-100,-12.1002569430647,-77.0379306193452
2016-028497,29-04-2016,"04:46:52 p.m.","  AV. GENERAL PABLO CLEMENT (GENERAL JOSE LEGUIA Y MELENDEZ) 895        PUEBLO LIBRE","EMERGENCIA MEDICA",RES-100,-12.0755623419456,-77.0628661485209
2016-028496,29-04-2016,"04:45:48 p.m.","  PJ. JOSE ANTONIO LAVALLE Y PARDO 176        SURQUILLO","EMERGENCIA MEDICA",AMB-6,-12.1179314738924,-77.0114830913854
2016-028495,29-04-2016,"04:44:10 p.m.","  CL. LOS CAPULIES 700        MIRAFLORES","EMERGENCIA MEDICA",AMB-28,-12.1255369623082,-77.0064483365036
2016-028494,29-04-2016,"04:40:47 p.m.","  PJ. VILLA MERCEDES (3 DE OCTUBRE) 000        SANTIAGO DE SURCO","EMERGENCIA MEDICA",SAMU-16,-12.1530474202627,-77.0157908726822
2016-028493,29-04-2016,"04:33:38 p.m.","  AV. NICOLAS DE RIVERA 737        SAN ISIDRO","EMERGENCIA MEDICA","AMB-4, SAMU-10",-12.0970926507958,-77.0451558676126
2016-028492,29-04-2016,"04:31:42 p.m.","AV. JAVIER PRADO ESTE CRUCE CON AV. AVIACION SAN BORJA            SAN BORJA","EMERGENCIA MEDICA",SAMU-4,-12.0874530056802,-77.0037506792796
2016-028491,29-04-2016,"04:24:55 p.m.","CONCHA ACUSTICA  CAMPO DE MARTE             JESUS MARIA","SERVICIO ESPECIAL",MED-202,,
2016-028490,29-04-2016,"04:22:23 p.m.","AH. MI PERU ETAPA II H16            VENTANILLA","ACCIDENTE VEHICULAR","M75-1, MED-163",-11.8534946785652,-77.1202576774396
2016-028489,29-04-2016,"04:21:37 p.m.","AV. JOSE DE LA RIVA AGUERO CRUCE CON PR. LIMA SAN MIGUEL            SAN MIGUEL","EMERGENCIA MEDICA","M75-1, MED-163",-12.0857107612062,-77.0864045668235
2016-028488,29-04-2016,"04:20:57 p.m.","JR. DOMINGO MARTINEZ LUJAN (SAN FELIPE) CRUCE CON AV. ANGAMOS ESTE (PRIMAVERA) SURQUILLO            SURQUILLO","EMERGENCIA MEDICA","AMB-6, M28-1",-12.1129237654462,-77.0163035506819
2016-028487,29-04-2016,"04:17:58 p.m.","  JR. BATERIA MAIPU 415        LA VICTORIA","MATERIALES PELIGROSOS (INCIDENTE)","AMB-4, MATPEL-4",-12.080586363519,-77.0169126066885
2016-028486,29-04-2016,"04:09:59 p.m.","AS. VIRGEN DEL CARMEN MZ  Q LOTE  40            ATE","EMERGENCIA MEDICA",SAMU-96,-12.0362875157208,-76.9280435349618
2016-028485,29-04-2016,"04:08:47 p.m.","  CL. MARISCAL ANDRES AVELINO CACERES 514        CARABAYLLO","EMERGENCIA MEDICA",AMB124-2,-11.8921008365076,-77.0223035986882
2016-028484,29-04-2016,"04:06:41 p.m.","  CL. LAMBAYEQUE 296        VILLA MARIA DEL TRIUNFO","EMERGENCIA MEDICA",SAMU-106,-12.2137773968777,-76.904909288277
2016-028483,29-04-2016,"04:05:59 p.m.","AV. CORONEL NESTOR GAMBETA (EL EMISOR) CRUCE CON AV. ELMER FAUCETT CALLAO            CALLAO","EMERGENCIA MEDICA",SAMU-161,-11.9977877754315,-77.126235896086
2016-028482,29-04-2016,"04:02:59 p.m.","  JR. ZORRITOS BLOCK  50  DPTO   202 1399       ","EMERGENCIA MEDICA",SAMU-14,-12.0487819737279,-77.0586754804224
2016-028481,29-04-2016,"03:59:41 p.m.","  AV. ARGENTINA 400        LIMA","EMERGENCIA MEDICA",SAMU-10,-12.0435783786965,-77.0477209964356
2016-028480,29-04-2016,"03:59:08 p.m.","  CL. FORTUNATO BEDOYA 185        SAN BORJA","EMERGENCIA MEDICA",SAMU-127,-12.0829148153137,-76.9891810494848
2016-028479,29-04-2016,"03:55:45 p.m.","CL. BOUSOVICH CRUCE CON CL. JUAN ROMERO HIDALGO SAN BORJA            SAN BORJA","ACCIDENTE VEHICULAR","AMB-6, M28-1",-12.1040818589037,-76.992911504711
2016-028478,29-04-2016,"03:46:30 p.m.","  AL. LOS PINOS 568        CHORRILLOS","EMERGENCIA MEDICA",SAMU-16,-12.1933343474743,-77.0098855410899
2016-028477,29-04-2016,"03:45:28 p.m.","MA. MIGUEL CHECA EGUIGUREN CRUCE CON CL. PIRAMIDE DEL SOL SAN JUAN DE LURIGANCHO            SAN JUAN DE LURIGANCHO","EMERGENCIA MEDICA",SAMU-176,-12.0277488444099,-77.0011833373733
2016-028476,29-04-2016,"03:36:31 p.m.","  JR. QUIROGA 385        SANTIAGO DE SURCO","EMERGENCIA MEDICA",AMB-6,-12.1174927869699,-76.9940151081967
2016-028475,29-04-2016,"03:31:10 p.m.","CL LAS MARGARITAS            ",INCENDIO,M44-1,,
2016-028474,29-04-2016,"03:26:49 p.m.","PJ. 13 DE OCTUBRE C LT 11            SAN JUAN DE MIRAFLORES","EMERGENCIA MEDICA",SAMU-106,-12.1754116312925,-76.965594334672
2016-028473,29-04-2016,"03:23:34 p.m.","AV. JAMAICA CRUCE CON AV. UNIVERSITARIA COMAS            COMAS","EMERGENCIA MEDICA",AMB124-2,-11.925743206627,-77.0518661311984
2016-028472,29-04-2016,"03:16:36 p.m.","  AV. MINERIA 300        SANTA ANITA","ACCIDENTE VEHICULAR","M169-1, SAMU-127",,
2016-028471,29-04-2016,"03:08:49 p.m.","PANAMERICANA NORTE KM 47            ","EMERGENCIA MEDICA",MED-163,,
2016-028470,29-04-2016,"03:07:45 p.m.","  JR. EMILIO ALTHAUS 600        LINCE","EMERGENCIA MEDICA",SAMU-4,-12.0801233253367,-77.0302816041916
2016-028469,29-04-2016,"03:04:33 p.m.","  JR. MOQUEGUA 4221       SAN MARTIN DE PORRES","EMERGENCIA MEDICA",SAMU-4,-12.0330874741767,-77.0955841898384
2016-028468,29-04-2016,"02:57:38 p.m.","MINISTERIO DE CULTURA             SAN BORJA","SERVICIO ESPECIAL",AMB-21,,
2016-028467,29-04-2016,"02:49:40 p.m.","  AV. NICOLAS DE PIEROLA (PEDRO ROSELLO) 115        BARRANCO",INCENDIO,"M16-2, M28-1, RES-28, SAMU-134",-12.1413073198767,-77.0215489484251
2016-028466,29-04-2016,"02:48:50 p.m.","CARRETERAS - PANAMERICANAS PANAMERICANA SUR 58            PUCUSANA","ACCIDENTE VEHICULAR","AMB-129, M125-1",-12.4672639735074,-76.7509370624317
2016-028465,29-04-2016,"02:41:42 p.m.","  JR. FEDERICO BASADRE 275        SAN MARTIN DE PORRES","EMERGENCIA MEDICA",AMB-168,-12.0247158883822,-77.0504268976551
2016-028464,29-04-2016,"02:39:13 p.m.","URB.  JOSE  OLAYA   PARQUE  SAN ANTONIO               HUARAL","EMERGENCIA MEDICA",AMB-44,,
2016-028463,29-04-2016,"02:38:58 p.m.","AV. SAN LUIS CRUCE CON AV. MAYOR JULIO BAYLETTI SAN BORJA            SAN BORJA","EMERGENCIA MEDICA",SAMU-127,-12.084966121005,-76.9967525029802
2016-028462,29-04-2016,"02:35:56 p.m.","  CL. PERRICHOLI (GREGORIO VII) 100        SAN MARTIN DE PORRES","EMERGENCIA MEDICA",AMB-65,-12.0326638925928,-77.04428246219
2016-028461,29-04-2016,"02:24:52 p.m.","AV. ABEL BERGASSE DU PETIT THOUARS CRUCE CON AV. ANDRES ARAMBURU MIRAFLORES            MIRAFLORES",INCENDIO,"M202-1, M28-1, RES-28, SAMU-4",-12.1034338311083,-77.030443576186
2016-028460,29-04-2016,"02:15:14 p.m.","  JR. 3 DE FEBRERO 1344       LA VICTORIA","EMERGENCIA MEDICA",SAMU-8,-12.073845922776,-77.0085442134789
2016-028459,29-04-2016,"02:14:00 p.m.","  AV. COLONIAL (OSCAR R. BENAVIDES) URB,  TARAPACA   4251       CALLAO","EMERGENCIA MEDICA",MED-5,-12.0536406311895,-77.0993285951972
2016-028458,29-04-2016,"02:11:20 p.m.","  AV. SEPARADORA INDUSTRIAL Y VIVIENDA (SEPARADORA HABITACIONAL) 818        ATE","EMERGENCIA MEDICA",SAMU-138,-12.071262928794,-76.979253198305
2016-028457,29-04-2016,"02:09:40 p.m.","AV. CENTRAL CRUCE CON AV. SANTA ELVIRA LOS OLIVOS            LOS OLIVOS",INCENDIO,"AMB124-2, M161-1, M65-2, RESLIG-161",-11.9593644197683,-77.0730370587424
2016-028456,29-04-2016,"02:01:31 p.m.","  CL. 7 DE JUNIO (CORONEL JARRIN) URB.  VILLACAMPA   430        RIMAC","EMERGENCIA MEDICA",SAMU-10,-12.0315253092988,-77.0352025818638
2016-028455,29-04-2016,"01:59:32 p.m.","MA. IGLESIAS 1200       CHORRILLOS",INCENDIO,M6-1,-12.167693625842,-77.03108617124
2016-028454,29-04-2016,"01:49:26 p.m.","  AV. TOMAS MARSANO (ATOCONGO) 800        SURQUILLO","EMERGENCIA MEDICA",AMB-6,-12.1113443299291,-77.0131212290684
2016-028453,29-04-2016,"01:42:06 p.m.","  AV. FRANKLIN D. ROOSEVELT (SURCO) 100        SANTIAGO DE SURCO","EMERGENCIA MEDICA",AMB134-2,-12.146255771733,-77.0065179497165
2016-028452,29-04-2016,"01:37:56 p.m.","  AV. BOLIVAR 400        PUEBLO LIBRE","ACCIDENTE VEHICULAR","AMB-202, M36-1, RES-36",-12.0725463352786,-77.0570292584014
2016-028451,29-04-2016,"01:33:04 p.m.","PANAMERICANA SUR KM 296            ICA",INCENDIO,"CIST-VI, RES-193",,
2016-028450,29-04-2016,"01:24:08 p.m.","  AV. 26 DE NOVIEMBRE 100        VILLA MARIA DEL TRIUNFO","EMERGENCIA MEDICA",SAMU-106,-12.1723637905011,-76.9322234855114
2016-028449,29-04-2016,"01:23:01 p.m.","  CL. LUIS LARCO 270        LA PUNTA","EMERGENCIA MEDICA",MED-5,-12.0726098870416,-77.1625676141075
2016-028448,29-04-2016,"01:10:05 p.m.",,"EMERGENCIA MEDICA",SAMU-14,-12.0686398575557,-77.0486027756616
2016-028447,29-04-2016,"01:06:58 p.m.","JR. ALMIRANTE LORD COCHRANE CRUCE CON AV. MIGUEL GRAU (BUENOS AIRES) CALLAO            CALLAO","EMERGENCIA MEDICA",AMB-1,-12.0624038409417,-77.1381962174213
2016-028446,29-04-2016,"12:56:34 p.m.","  AV. PEDRO VENTURO 356        SANTIAGO DE SURCO",INCENDIO,AMB-1,,
2016-028445,29-04-2016,"12:53:57 p.m.","CARRETERA HUARAL CHANCHAY KM 7            ","EMERGENCIA MEDICA",AMB-44,,
2016-028444,29-04-2016,"12:42:09 p.m.","  MA. COSTA SUR (GRAU) 000        CHORRILLOS",INCENDIO,M6-1,-12.1577578119021,-77.0243545957512
2016-028443,29-04-2016,"12:36:04 p.m.","AV. LOS FRUTALES CRUCE CON AV. SEPARADORA INDUSTRIAL Y VIVIENDA (SEPARADORA HABITACIONAL) ATE - VITARTE            ","EMERGENCIA MEDICA",M6-1,-12.0643447618708,-76.9650242574517
2016-028442,29-04-2016,"12:35:30 p.m.","  JR. MOQUEGUA 4221       SAN MARTIN DE PORRES","EMERGENCIA MEDICA",SAMU-161,-12.0330874741767,-77.0955841898384
2016-028441,29-04-2016,"12:32:37 p.m.","  AV. MARGINAL (VERONA) 100        ATE","EMERGENCIA MEDICA",SAMU-161,,
2016-028440,29-04-2016,"12:32:35 p.m.","  AV. FAUSTINO SANCHEZ CARRION (PERSHING) 200        SAN ISIDRO","EMERGENCIA MEDICA",SAMU-161,,
2016-028439,29-04-2016,"12:27:09 p.m.",,INCENDIO,"CIST-VI, M193-1",,
2016-028438,29-04-2016,"12:26:21 p.m.","PABLO PATRON             LURIGANCHO","EMERGENCIA MEDICA",AMB-32,,
2016-028437,29-04-2016,"12:21:21 p.m.","  AV. VICTOR RAUL HAYA DE LA TORRE (9 DE OCTUBRE) 578        LA PERLA","EMERGENCIA MEDICA",AMB-1,-12.0726507480792,-77.1115896571502
2016-028436,29-04-2016,"12:20:32 p.m.",,INCENDIO,M124-1,-11.8879888134766,-77.0362248284215
2016-028435,29-04-2016,"12:15:02 p.m.","  CL. MARIANO MELGAR 247        MIRAFLORES","EMERGENCIA MEDICA",M124-1,-12.1113433793652,-77.0495295735015
2016-028434,29-04-2016,"12:12:06 p.m.","  CL. MANUEL WAGNER 295        SAN JUAN DE MIRAFLORES","EMERGENCIA MEDICA",SAMU-134,-12.1693678054743,-76.975154553342
2016-028433,29-04-2016,"12:04:30 p.m.","  JR. TRES MARIAS MZ D-2  LT 18            CHORRILLOS","EMERGENCIA MEDICA",SAMU-134,-12.2006647856468,-77.0101400072706
2016-028432,29-04-2016,"11:58:52 a.m.","JR. PORTACHUELO 200        SAYAN","EMERGENCIA MEDICA",AMB-216,,
2016-028431,29-04-2016,"11:54:31 a.m.","  JR. OSA MAYOR 141        SANTIAGO DE SURCO","EMERGENCIA MEDICA",MED-96,-12.0877633220173,-76.9703194986605
2016-028430,29-04-2016,"11:52:37 a.m.","  AV. JULIO CESAR TELLO 911        LINCE","EMERGENCIA MEDICA",SAMU-14,-12.0868617706672,-77.0424842665902
2016-028429,29-04-2016,"11:40:39 a.m.","JR. JOSE BERNARDO ALCEDO CRUCE CON AV. IQUITOS LINCE            LINCE","EMERGENCIA MEDICA",SAMU-14,-12.0837754977945,-77.0283410530486
2016-028428,29-04-2016,"11:34:22 a.m.","AV  ASUNCION             HUACHO","EMERGENCIA MEDICA",AMB-20,,
2016-028427,29-04-2016,"11:32:56 a.m.",,"EMERGENCIA MEDICA",SAMU-14,-12.0664018318729,-77.0503866274588
2016-028426,29-04-2016,"11:32:01 a.m.","AV. CORONEL NESTOR GAMBETA (EL EMISOR) 000        ","ACCIDENTE VEHICULAR","AMB-168, M161-1, RESLIG-161",-11.9591110509552,-77.1282759862514
2016-028425,29-04-2016,"11:27:08 a.m.","AV LIMA  PARADERO  1  JOSE GALVEZ            ","EMERGENCIA MEDICA",AMB-155,,
2016-028424,29-04-2016,"11:17:02 a.m.","  AV. SAN JUAN 1300       SAN JUAN DE MIRAFLORES","EMERGENCIA MEDICA",SAMU-134,-12.1516048209569,-76.9711460206599
2016-028423,29-04-2016,"11:16:06 a.m.","  AV. EMANCIPACION (AREQUIPA) 800        LIMA","EMERGENCIA MEDICA",SAMU-21,-12.0443068288821,-77.0407945709871
2016-028422,29-04-2016,"11:14:29 a.m.","AV. FERROCARRIL (HUANCARAMA) CRUCE CON AV. CULTURA WARI SANTA ANITA            SANTA ANITA","ACCIDENTE VEHICULAR","M176-1, SAMU-138",-12.038469363873,-76.9720180555983
2016-028421,29-04-2016,"11:12:55 a.m.","CARRETERAS - PANAMERICANAS PANAMERICANA SUR 18            VILLA EL SALVADOR","EMERGENCIA MEDICA","M176-1, SAMU-138",-12.2145155388843,-76.9763506105131
2016-028420,29-04-2016,"11:08:19 a.m.","  AV. OSCAR VALDEZ (MARISCAL JOSE LA MAR) 295        MIRAFLORES","EMERGENCIA MEDICA",AMB-28,-12.1175032566031,-77.0415050057164
2016-028419,29-04-2016,"10:59:52 a.m.","URB COMATRANA             ICA","ACCIDENTE VEHICULAR",RES-193,,
2016-028418,29-04-2016,"10:56:18 a.m.",,"EMERGENCIA MEDICA",SAMU-14,-12.0579663674601,-77.0418930852358
2016-028417,29-04-2016,"10:40:32 a.m.","CLINICA DE DIALISIS            JESUS MARIA","EMERGENCIA MEDICA",AMB-65,,
2016-028416,29-04-2016,"10:39:29 a.m.","  AV. 9 DE DICIEMBRE (PASEO COLON) 125        LIMA","EMERGENCIA MEDICA",SAMU-4,-12.0599671941329,-77.0369551546547
2016-028415,29-04-2016,"10:34:33 a.m.","  AV. ANGAMOS ESTE (PRIMAVERA) 1100       SANTIAGO DE SURCO","EMERGENCIA MEDICA",SAMU-127,-12.1100573320563,-76.9769753148988
2016-028414,29-04-2016,"10:32:03 a.m.","COLEGIO REYNA  DEL MUNDO            ","EMERGENCIA MEDICA",SAMU-96,,
2016-028413,29-04-2016,"10:31:34 a.m.","CLUB DE TIRO BELLAVISTA             CALLAO","SERVICIO ESPECIAL",SAMU-96,,
2016-028412,29-04-2016,"10:21:05 a.m.","  AV. MARISCAL RAMON CASTILLA (LOS TALLANES) 1800       SANTIAGO DE SURCO","EMERGENCIA MEDICA",AMB134-2,-12.138986362046,-77.0005711193081
2016-028411,29-04-2016,"10:12:59 a.m.","  AV. 28 DE JULIO 2930       LA VICTORIA",INCENDIO,"CIS-IV, CIST25CD1, ESC-202, M14-1, M2-1, M202-1, M8-1, MATPEL-4, RES-8, SAMU-10, SAMU-8",-12.0609603507042,-77.0115965598642
2016-028410,29-04-2016,"10:02:38 a.m.","AV. JAVIER PRADO ESTE CRUCE CON AV. NICOLAS ARRIOLA LA VICTORIA            LA VICTORIA","EMERGENCIA MEDICA","CIS-IV, CIST25CD1, ESC-202, M14-1, M2-1, M202-1, M8-1, MATPEL-4, RES-8, SAMU-10, SAMU-8",-12.0896865538825,-77.0179951119484
2016-028409,29-04-2016,"09:59:25 a.m.","  JR. CUSCO 3290       SAN MARTIN DE PORRES","EMERGENCIA MEDICA","CIS-IV, CIST25CD1, ESC-202, M14-1, M2-1, M202-1, M8-1, MATPEL-4, RES-8, SAMU-10, SAMU-8",-12.0349434161512,-77.0832876069911
2016-028408,29-04-2016,"09:58:50 a.m.","  JR. RAMON CASTILLA 700        MAGDALENA DEL MAR","EMERGENCIA MEDICA",SAMU-14,-12.0898023367853,-77.0732780782185
2016-028407,29-04-2016,"09:55:51 a.m.","AH. SARITA COLONIA SECTOR II C LOTE 1            CALLAO",INCENDIO,"M1-1, M5-1",-12.0269254518134,-77.1300866292284
2016-028406,29-04-2016,"09:54:31 a.m.","  CL. ALFA GEMELOS (43) 170        SURQUILLO","EMERGENCIA MEDICA",SAMU-134,-12.1170248446412,-77.0040470815871
2016-028405,29-04-2016,"09:53:18 a.m.","  CL. ALFA CENTAURO (A) 170        SURQUILLO","EMERGENCIA MEDICA",SAMU-134,-12.114497289682,-77.0033446107206
2016-028404,29-04-2016,"09:45:39 a.m.","  CL. CORONEL INCLAN 425        MIRAFLORES","EMERGENCIA MEDICA",AMB-100,-12.1154223707934,-77.0313452111678
2016-028403,29-04-2016,"09:43:19 a.m.","28 DE JULIO             LA VICTORIA","SERVICIO ESPECIAL",SNOR-9,,
2016-028402,29-04-2016,"09:39:30 a.m.","PASAJE  BACARI            LA VICTORIA","EMERGENCIA MEDICA",AMB-8,,
2016-028401,29-04-2016,"09:39:16 a.m.","  CL. CARLOS BONDY (SANTO TORIBIO) 775        PUEBLO LIBRE","MATERIALES PELIGROSOS (INCIDENTE)",M83-1,-12.0832407993562,-77.0699019307659
2016-028400,29-04-2016,"09:38:50 a.m.","AV ESTACION ESQ CON PROG EL PALMO            ","EMERGENCIA MEDICA",AMB-44,,
2016-028399,29-04-2016,"09:32:14 a.m.","  CL. SEBASTIAN LUNA A.H. MALCAVILCA  335        CHORRILLOS","EMERGENCIA MEDICA",SAMU-6,-12.1754422720195,-77.026257583614
2016-028398,29-04-2016,"09:30:15 a.m.","CAPILLA DE QUICAPADA            AYACUCHO","EMERGENCIA MEDICA",SAMU-6,,
2016-028397,29-04-2016,"09:21:46 a.m.","CL. CHALANA 100        PATIVILCA","EMERGENCIA MEDICA",AMB-91,,
2016-028396,29-04-2016,"09:12:51 a.m.","UR. LA ENSENADA H  LOTE 11            PUENTE PIEDRA","EMERGENCIA MEDICA",SAMU-150,-11.9342852599285,-77.0947608732569
2016-028395,29-04-2016,"09:12:13 a.m.","  JR. MARIANO PACHECO 1045       LA VICTORIA","EMERGENCIA MEDICA",SAMU-10,-12.0838342727921,-77.0161250890397
2016-028394,29-04-2016,"09:10:31 a.m.","  AV. CANADA 1002       LA VICTORIA","EMERGENCIA MEDICA",SAMU-8,-12.0830653100273,-77.0150115805741
2016-028393,29-04-2016,"09:10:10 a.m.","AV. DE LAS ARTES NORTE CRUCE CON AV. AVIACION SAN BORJA            SAN BORJA","EMERGENCIA MEDICA",SAMU-127,-12.0908767924758,-77.0032395429981
2016-028392,29-04-2016,"09:05:05 a.m.","  AV. BELEN 400        SAN ISIDRO","EMERGENCIA MEDICA",AMB-100,-12.108975262175,-77.0480930845899
2016-028391,29-04-2016,"09:04:07 a.m.","  AV. UNIVERSITARIA NORTE 2900       ","EMERGENCIA MEDICA",AMB-168,-11.9870757579774,-77.0798139484191
2016-028390,29-04-2016,"08:51:50 a.m.","  CL. CATALINO MIRANDA (JULIO WINDER) 354        BARRANCO","EMERGENCIA MEDICA",SAMU-16,-12.138872957943,-77.0142521756527
2016-028389,29-04-2016,"08:46:07 a.m.","AV  CENTENARIO              HUACHO","ACCIDENTE VEHICULAR",AMB-20,,
2016-028388,29-04-2016,"08:31:08 a.m.","  AV. MARIANO CONDORCANQUI (A) (6) (8) 800        CARABAYLLO","EMERGENCIA MEDICA",AMB124-2,-11.8887935450306,-77.0366633973834
2016-028387,29-04-2016,"08:23:36 a.m.","CIUDAD  SOL             ","EMERGENCIA MEDICA",AMB124-2,,
2016-028386,29-04-2016,"08:15:46 a.m.","  AV. SUCRE (INDEPENDENCIA) 1200       MAGDALENA DEL MAR","ACCIDENTE VEHICULAR","AMB-100, AMB-202, AMB-83, M36-1, RES-36",-12.0872488051225,-77.0687840845204
2016-028385,29-04-2016,"08:08:14 a.m.","CARRETERAS - PANAMERICANAS PANAMERICANA NORTE 27.5            PUENTE PIEDRA","EMERGENCIA MEDICA",SAMU-150,-11.8874821800284,-77.0682643139068
2016-028384,29-04-2016,"08:00:47 a.m.","FUERTE HOYOS RUBIO            RIMAC","SERVICIO ESPECIAL",CIST-121,,
2016-028383,29-04-2016,"07:49:46 a.m.","AV. ELMER FAUCETT CRUCE CON CL. SAN JOSE BELLAVISTA            BELLAVISTA","EMERGENCIA MEDICA",AMB-7,-12.0575890991311,-77.0974167061987
2016-028382,29-04-2016,"07:45:37 a.m.","AV. EMANCIPACION (AREQUIPA) CRUCE CON JR. CAMANA LIMA            LIMA","EMERGENCIA MEDICA",AMB-7,,
2016-028381,29-04-2016,"07:45:36 a.m.","  AV. FERNANDO WIESE (PROCERES DE LA INDEPENDENCIA) 900        SAN JUAN DE LURIGANCHO","EMERGENCIA MEDICA",AMB-7,-11.9696436703902,-76.9942501468912
2016-028380,29-04-2016,"07:40:46 a.m.","  AV. ALAMEDA SAN MARCOS (A) 000        CHORRILLOS","EMERGENCIA MEDICA",SAMU-6,-12.1991003428666,-77.0080375424041
2016-028379,29-04-2016,"07:40:41 a.m.","  AV. BELISARIO SUAREZ  ZONA  A  445        SAN JUAN DE MIRAFLORES","EMERGENCIA MEDICA",AMB-120,-12.1604713978885,-76.9754210108895
2016-028378,29-04-2016,"07:38:14 a.m.","AV. DE LOS PATRIOTAS CRUCE CON AV. MAYOR ANDRES RAZURI SAN MIGUEL            SAN MIGUEL","EMERGENCIA MEDICA",AMB-7,-12.0761413571884,-77.099975292107
2016-028377,29-04-2016,"07:36:11 a.m.","AV. LOS PRECURSORES DE HUANDOY CRUCE CON AV. HOLANDA (D) LOS OLIVOS            LOS OLIVOS","EMERGENCIA MEDICA",AMB124-2,-11.9541892091665,-77.0758434897579
2016-028376,29-04-2016,"07:18:22 a.m.","CLL GUADALUPE            ICA","ACCIDENTE VEHICULAR",RES-193,,
2016-028375,29-04-2016,"07:15:23 a.m.","  CL. LOMA DE LAS ORQUIDEAS (Q) MAZ D5 LT 38  200        SANTIAGO DE SURCO","EMERGENCIA MEDICA",AMB134-2,-12.1417730243791,-76.9872552842442
2016-028374,29-04-2016,"06:56:44 a.m.","AV. FERNANDO WIESE (PROCERES DE LA INDEPENDENCIA) CRUCE CON AV. LAS FLORES SAN JUAN DE LURIGANCHO            SAN JUAN DE LURIGANCHO","EMERGENCIA MEDICA",AMB-2,-11.9755136793364,-77.0015262221775
2016-028373,29-04-2016,"06:55:49 a.m.","  PJ. NICOLAS DE PIEROLA 600        VILLA MARIA DEL TRIUNFO","EMERGENCIA MEDICA",SAMU-106,-12.1646356465222,-76.9511536505285
2016-028372,29-04-2016,"06:55:11 a.m.","  AV. LOS CONQUISTADORES 430        SAN ISIDRO","EMERGENCIA MEDICA",SAMU-4,-12.100281541741,-77.0365733094176
2016-028371,29-04-2016,"06:44:45 a.m.",,"EMERGENCIA MEDICA",SAMU-10,-12.0599583085248,-77.0531155841797
2016-028370,29-04-2016,"06:41:56 a.m.","CRUCE SAN JOAQUIN            ICA","ACCIDENTE VEHICULAR",RES-193,,
2016-028369,29-04-2016,"06:39:37 a.m.","AV. ELMER FAUCETT 000        CALLAO","ACCIDENTE VEHICULAR","AMB-7, M60-1, M60-5",-12.0498744208256,-77.0983602820076
2016-028368,29-04-2016,"06:13:47 a.m.","KM 130 CARRETERA LIBERTADORES WARI            ","ACCIDENTE VEHICULAR","AMB-157, AUX-37, M38-5, MED-38",,
2016-028367,29-04-2016,"05:53:45 a.m.","JUSTO 230        ","EMERGENCIA MEDICA",AMB-65,,
2016-028366,29-04-2016,"05:39:05 a.m.","AH. MUNICIPAL CHILLON (EL SOL DE PUENTE PIEDRA) 44 LOTE 14            LOS OLIVOS","EMERGENCIA MEDICA",AMB-65,-11.9240897054659,-77.0745225397866
2016-028365,29-04-2016,"05:19:12 a.m.","  CL. JUSTO PASTOR BRAVO 230        SAN MARTIN DE PORRES","EMERGENCIA MEDICA",SAMU-21,-12.0322536744444,-77.0450003717586
2016-028364,29-04-2016,"04:51:46 a.m.","  JR. FRANCISCO DE ZELA 1524       LINCE",INCENDIO,SAMU-21,-12.0810073450582,-77.0402807428083
2016-028363,29-04-2016,"04:47:45 a.m.","  JR. FRANCISCO DE ZELA 1500       LINCE",INCENDIO,M202-1,-12.0810073450582,-77.0402807428083
2016-028362,29-04-2016,"04:32:55 a.m.",,"EMERGENCIA MEDICA",SAMU-138,-12.0951043204512,-76.9664852913732
2016-028361,29-04-2016,"04:31:17 a.m.","  AV. GENERAL FRANCISCO BOLOGNESI (PANAMA) 200        BARRANCO","EMERGENCIA MEDICA",SAMU-6,-12.1488259598063,-77.0200591814415
2016-028360,29-04-2016,"03:46:55 a.m.","CARRETERAS - PANAMERICANAS PANAMERICANA SUR 12            SAN JUAN DE MIRAFLORES","EMERGENCIA MEDICA",AMB-120,-12.1622674390066,-76.9818015384622
2016-028359,29-04-2016,"02:43:11 a.m.","  JR. CORONEL LEON VELARDE 190        LINCE",RESCATE,"AMB-202, RESLIG-4",-12.0827213770958,-77.0365410774436
2016-028358,29-04-2016,"02:08:34 a.m.","  AV. AVIACION 4000       SURQUILLO","ACCIDENTE VEHICULAR","AMB-6, M11-1, M28-1",,
2016-028357,29-04-2016,"01:55:44 a.m.","  CL. MOGROVEJO 1956       LA VICTORIA","EMERGENCIA MEDICA",SAMU-8,-12.0660585177579,-77.0086468630879
2016-028356,29-04-2016,"01:03:33 a.m.","CO. LLANAVILLA S  LT 9            VILLA EL SALVADOR","EMERGENCIA MEDICA",AMB-129,-12.2459165105201,-76.9399122387566
2016-028355,29-04-2016,"12:58:56 a.m.","  JR. ALMIRANTE JORGE M. GUISSE 600        CALLAO","EMERGENCIA MEDICA",MED-5,-12.0666949701183,-77.1409618450166
2016-028354,29-04-2016,"12:54:38 a.m.","  CL. EL GRECO 303        SAN BORJA","EMERGENCIA MEDICA",AMB-6,-12.0970318656507,-76.9905643092228
2016-028353,29-04-2016,"12:31:17 a.m.","  JR. BATALLA DE SAN JUAN 868        SANTIAGO DE SURCO","EMERGENCIA MEDICA",AMB134-2,-12.1207026592826,-76.9868997583206
2016-028352,29-04-2016,"12:04:40 a.m.","CL PAITA 100        ICA","ACCIDENTE VEHICULAR",RES-193,,
2016-028351,29-04-2016,"12:03:25 a.m.","  AV. ALFREDO BENAVIDES 5200       SANTIAGO DE SURCO","EMERGENCIA MEDICA",SAMU-134,-12.1297515729708,-76.9821554136075
