ID,FECHA,HORA,DIRECCION,TIPO,UNIDADES,"CORDENADAS (lat)","CORDENADAS (lng)"
2016-049539,16-08-2016,"11:43:33 p.m.","  AV. GENERAL GARZON 1243       JESUS MARIA","MATERIALES PELIGROSOS (INCIDENTE)","AMB-14, M14-1, M202-1",-12.072458484018,-77.0498757110003
2016-049538,16-08-2016,"11:42:54 p.m.","  AV. MALAMBITO (MANUEL DE LA FUENTE CHAVEZ) 200        BARRANCO","EMERGENCIA MEDICA",AMB-16,-12.1488263782751,-77.0165840460515
2016-049537,16-08-2016,"11:41:35 p.m.","PJ. VILLA EL SALVADOR SECTOR 1 GRUPO 23 G lote 8            VILLA EL SALVADOR","EMERGENCIA MEDICA",AMB-16,-12.1986658960069,-76.9534694000082
2016-049536,16-08-2016,"11:15:26 p.m.","  AV. SANTIAGO DE SURCO (TOMAS MARSANO) 5052       SANTIAGO DE SURCO","EMERGENCIA MEDICA",AMB134,-12.1477002457565,-76.9866354084365
2016-049535,16-08-2016,"11:11:55 p.m.","PR. LA MAR CRUCE CON JR. GARCIA NARANJO LA VICTORIA            LA VICTORIA",INCENDIO,M8-1,-12.0606708413726,-77.0200396129381
2016-049534,16-08-2016,"11:01:34 p.m.","UR. COOPEMAR I ETAPA MZ  I  LT 1            VENTANILLA","EMERGENCIA MEDICA",AMB-184,-11.879706830685,-77.1273441675227
2016-049533,16-08-2016,"10:49:12 p.m.",,INCENDIO,M5-1,-12.0409343719517,-77.0967656477597
2016-049532,16-08-2016,"10:41:16 p.m.",,"EMERGENCIA MEDICA",AMB-14,-12.0599657812058,-77.0457885828042
2016-049531,16-08-2016,"10:38:05 p.m.","CO. LOS CONSTRUCTORES             LA MOLINA","EMERGENCIA MEDICA",AMB-127,-12.1082735836039,-76.9348162468879
2016-049530,16-08-2016,"10:36:16 p.m.","  AL. DEL CORREGIDOR 2500       LA MOLINA","EMERGENCIA MEDICA",MED-96,-12.1032381916963,-76.9486357422806
2016-049529,16-08-2016,"10:35:43 p.m.","CH. PALOMINO R             LIMA","EMERGENCIA MEDICA",AMB-60,-12.0609140600855,-77.0728452840986
2016-049528,16-08-2016,"10:27:01 p.m.","AV. MILITAR CRUCE CON JR. PEDRO CONDE LINCE            LINCE","ACCIDENTE VEHICULAR","M4-1, MED-202, RESLIG-4",-12.0876337488779,-77.0309355881346
2016-049527,16-08-2016,"10:24:22 p.m.",,"ACCIDENTE VEHICULAR","AMB-155, M105-1",-12.2127653846119,-76.9384904770892
2016-049526,16-08-2016,"10:13:44 p.m.","  CL. LOS TUMBOS 100        INDEPENDENCIA","EMERGENCIA MEDICA",AMB-65-2,-11.9963863491281,-77.0537739552925
2016-049525,16-08-2016,"10:11:42 p.m.","HOSP DE ATE 10.31 ALMENARA            ATE","EMERGENCIA MEDICA",AMB-169,,
2016-049524,16-08-2016,"10:05:34 p.m.","CARRETERAS - PANAMERICANAS ANTIGUA PANAMERICANA SUR 33            LURIN","EMERGENCIA MEDICA",AMB-129,-12.2594035767086,-76.8855902232871
2016-049523,16-08-2016,"10:01:06 p.m.","JR. 3 DE FEBRERO CRUCE CON AV. MEJICO LA VICTORIA            LA VICTORIA","EMERGENCIA MEDICA",AMB-129,-12.0706717456494,-77.0098655828066
2016-049522,16-08-2016,"10:00:58 p.m.","AV. MEJICO CRUCE CON AV. SAN PABLO LA VICTORIA            LA VICTORIA","EMERGENCIA MEDICA",AMB-8,-12.070101767025,-77.0090595597125
2016-049521,16-08-2016,"09:58:34 p.m.","  CL. LOS YUNGAS 166        SAN MIGUEL","EMERGENCIA MEDICA",AMB-83,-12.0819458473177,-77.0961680430889
2016-049520,16-08-2016,"09:47:18 p.m.","  CL. MARIA PARADO DE BELLIDO (JUAN DE GRAJALES) 155        MIRAFLORES","EMERGENCIA MEDICA",AMB-28,-12.110640347044,-77.0309367659659
2016-049519,16-08-2016,"09:41:36 p.m.","UR. CIUDAD DEL PESCADOR SECTOR I R1  lt 9            BELLAVISTA","EMERGENCIA MEDICA",AMB-60,-12.0582992045845,-77.1048321272723
2016-049518,16-08-2016,"09:17:21 p.m.","  CL. LUIS BERNALES GARCIA (RICARDO ANGULO RAMIREZ) (LOS CENCERILLOS) 382        SAN ISIDRO","EMERGENCIA MEDICA",AMB-4,-12.0915690951866,-77.0148014774182
2016-049517,16-08-2016,"09:12:38 p.m.","  CL. KENKO 100        VENTANILLA","EMERGENCIA MEDICA",AMB-75,-11.8732810678916,-77.1167999807737
2016-049516,16-08-2016,"09:12:15 p.m.","AV. ANTUNEZ DE MAYOLO CRUCE CON AV. UNIVERSITARIA (BELLA UNION) SAN MARTIN DE PORRES            SAN MARTIN DE PORRES","ACCIDENTE VEHICULAR","AMB-10, M161-1, M9-1",-11.996227491076,-77.0852547974383
2016-049515,16-08-2016,"09:02:57 p.m.","AV. DE LAS ARTES NORTE CRUCE CON AV. CESAR MORELLI SAN BORJA            SAN BORJA","EMERGENCIA MEDICA",AMB-11,-12.0909668823996,-77.0038915745691
2016-049514,16-08-2016,"08:57:34 p.m.",,"EMERGENCIA MEDICA",AMB-11,-12.0630678312648,-77.0475575564302
2016-049513,16-08-2016,"08:56:18 p.m.","INSTITUCIONAL CIVICO MUNICIPALIDAD DE SANTA ANITA            SANTA ANITA","EMERGENCIA MEDICA",AMB-11,,
2016-049512,16-08-2016,"08:54:08 p.m.","  AV. ALFREDO BENAVIDES 51         SANTIAGO DE SURCO","EMERGENCIA MEDICA",AMB134,-12.1292060559195,-76.983623854087
2016-049511,16-08-2016,"08:45:38 p.m.","AV. LIMA (ATOCONGO) CRUCE CON AV. PACHACUTEC VILLA MARIA DEL TRIUNFO            VILLA MARIA DEL TRIUNFO",INCENDIO,"AMB-155, M105-1, M106-1, M155-1",-12.2292390237057,-76.9094964681382
2016-049510,16-08-2016,"08:41:37 p.m.","  AV. BERNARDINO RIVADAVIA (METROPOLITANA) (SEPARADORA INDUSTRIAL) 100        ATE","EMERGENCIA MEDICA",AMB-169,-12.0292977933357,-76.9260085782524
2016-049509,16-08-2016,"08:40:07 p.m.","AV. PACASMAYO CRUCE CON AV. BOCANEGRA CALLAO            CALLAO","EMERGENCIA MEDICA",AMB-60,-12.0081930341245,-77.1027360317497
2016-049508,16-08-2016,"08:37:36 p.m.",,"EMERGENCIA MEDICA",AMB-14,-12.0630678312648,-77.0475575564302
2016-049507,16-08-2016,"08:36:31 p.m.","  PJ. HUANCAVELICA 000        PUENTE PIEDRA","EMERGENCIA MEDICA",AMB-150,-11.8692423170883,-77.077492468167
2016-049506,16-08-2016,"08:30:30 p.m.","  JR. BARRIO NUEVO (BELLAVISTA) 370        CHORRILLOS","EMERGENCIA MEDICA",AMB6-2,,
2016-049505,16-08-2016,"08:29:46 p.m.","  AV. OSCAR BENAVIDES (COLONIAL) 679        LIMA",RESCATE,M10-1,-12.0472279289709,-77.0499518258264
2016-049504,16-08-2016,"08:18:20 p.m.","  JR. NICOLAS DE PIEROLA (BELEN) 765        SAN MARTIN DE PORRES","EMERGENCIA MEDICA",AMB-65-2,-12.0341635117855,-77.0753146958168
2016-049503,16-08-2016,"08:15:00 p.m.","  CL. IGNACIO MERINO 164        LA PERLA","EMERGENCIA MEDICA",AMB-7,-12.0653589974377,-77.1109510949124
2016-049502,16-08-2016,"08:12:31 p.m.","  AV. CAMINOS DEL INCA 257        SANTIAGO DE SURCO","EMERGENCIA MEDICA",AMB-11,-12.1136712564397,-76.9922005698441
2016-049501,16-08-2016,"08:05:32 p.m.","AV. JOSE CONRADO CDRA. 9            ICA","ACCIDENTE VEHICULAR",RES-193,,
2016-049500,16-08-2016,"07:56:12 p.m.",,"MATERIALES PELIGROSOS (INCIDENTE)",M161-1,-11.9833016246152,-77.0373418501847
2016-049499,16-08-2016,"07:50:09 p.m.","AV. AREQUIPA CON CARRETERA CENTRAL             ","EMERGENCIA MEDICA",AMB-32,,
2016-049498,16-08-2016,"07:43:03 p.m.","CARRETERA CENTRAL             LURIGANCHO","EMERGENCIA MEDICA",AMB-32,,
2016-049497,16-08-2016,"07:30:09 p.m.","  CL. QUIPUCAMAYOC 155        INDEPENDENCIA","EMERGENCIA MEDICA",AMB-32,-11.9846650248542,-77.055536357293
2016-049496,16-08-2016,"07:29:22 p.m.","AV. ALFONSO UGARTE CRUCE CON PR. LIMA SAN MIGUEL            SAN MIGUEL","ACCIDENTE VEHICULAR","AMB-83, M83-1, RES-36",-12.0884818396758,-77.0806785447984
2016-049495,16-08-2016,"07:27:18 p.m.","AV. TOMAS VALLE CRUCE CON AV. TUPAC AMARU (GERARDO UNGER) INDEPENDENCIA            INDEPENDENCIA","EMERGENCIA MEDICA","AMB-14, AMB-65-2",-12.0073022440821,-77.0539120210487
2016-049494,16-08-2016,"07:27:15 p.m.","  CL. LEONARDO BARBIERI (JUNIN) 976        SURQUILLO","EMERGENCIA MEDICA",AMB-28,-12.1101153775047,-77.0219816091133
2016-049493,16-08-2016,"07:22:40 p.m.","AV. UNIVERSITARIA (BELLA UNION) CRUCE CON AV. ANGELICA GAMARRA SAN MARTIN DE PORRES            SAN MARTIN DE PORRES","EMERGENCIA MEDICA",AMB-168,-12.0064977293659,-77.08267643605
2016-049492,16-08-2016,"07:18:15 p.m.","FERMIN TANGUIS KM 3             PISCO","ACCIDENTE VEHICULAR",AMB-168,,
2016-049491,16-08-2016,"07:15:48 p.m.",,"EMERGENCIA MEDICA",AMB-8,-12.0825678235738,-77.0113850655147
2016-049490,16-08-2016,"07:13:18 p.m.","HOSPITAL ALMENARA            LA VICTORIA","EMERGENCIA MEDICA",AMB-10,,
2016-049489,16-08-2016,"07:12:26 p.m.","  AV. IQUITOS 2800       LINCE","EMERGENCIA MEDICA",AMB-10,,
2016-049488,16-08-2016,"07:11:09 p.m.","  JR. PEDRO RUIZ GALLO 200        CALLAO","EMERGENCIA MEDICA",MED-34,-12.0630220047294,-77.1454101605427
2016-049487,16-08-2016,"07:09:47 p.m.","JR. DIANA (F) CRUCE CON JR. VISTA ALEGRE (A) (10) SANTIAGO DE SURCO            SANTIAGO DE SURCO","EMERGENCIA MEDICA",AMB134,-12.1639792830463,-76.9945878520455
2016-049486,16-08-2016,"07:07:17 p.m.","AV. JAVIER PRADO ESTE CRUCE CON AV. AVIACION SAN BORJA            SAN BORJA","EMERGENCIA MEDICA",AMB-4,-12.0874530056802,-77.0037506792796
2016-049485,16-08-2016,"06:59:48 p.m.","CL. COMERCIO 200        ","ACCIDENTE VEHICULAR",AMB-37,,
2016-049484,16-08-2016,"06:58:29 p.m.","  JR. ANCASH 915        CALLAO","EMERGENCIA MEDICA",AMB-7,-12.0652240253423,-77.1345639842328
2016-049483,16-08-2016,"06:49:10 p.m.","  CL. JORGE ISAACS (1) 128        SURQUILLO","EMERGENCIA MEDICA",AMB-11,-12.1105610611025,-77.0102735922654
2016-049482,16-08-2016,"06:46:44 p.m.","AV. CAMINOS DEL INCA CRUCE CON AV. ANDRES TINOCO (8) SANTIAGO DE SURCO            SANTIAGO DE SURCO","EMERGENCIA MEDICA",AMB134,-12.1434033006724,-76.9852084771407
2016-049481,16-08-2016,"06:46:22 p.m.","AV. SAN MARTIN / HUANUCO             ICA","ACCIDENTE VEHICULAR",AMB134,,
2016-049480,16-08-2016,"06:42:26 p.m.","CERRO COLORADO ANEXO  22               ",RESCATE,"M121-1, RES-21",,
2016-049479,16-08-2016,"06:37:45 p.m.","  JR. GERMAN MEDINA 215        LA PUNTA","EMERGENCIA MEDICA",MED-34,-12.0736613836081,-77.1639005655737
2016-049478,16-08-2016,"06:35:41 p.m.","  CL. LOS PORTALES (APURIMAC) (L) 3227       SAN MARTIN DE PORRES","MATERIALES PELIGROSOS (INCIDENTE)","M65-1, M9-1",-12.0334631927229,-77.0827349044252
2016-049477,16-08-2016,"06:31:51 p.m.","  AV. PLACIDO JIMENEZ            EL AGUSTINO",INCENDIO,"AMB-10, M21-1, M3-1, RES-21",-12.0353713091058,-77.0075381059219
2016-049476,16-08-2016,"06:30:42 p.m.","  JR. PORTA 130        ",RESCATE,"AMB-10, M21-1, M3-1, RES-21",-12.1228207962132,-77.0310317841482
2016-049475,16-08-2016,"06:26:55 p.m.","CONCHITAS MZ A LT. 5            ","EMERGENCIA MEDICA",AMB-163,,
2016-049474,16-08-2016,"06:23:40 p.m.","  MA. 28 DE JULIO (DE LOS FRANCESES) 159        MIRAFLORES",RESCATE,RES-28,-12.1242721797972,-77.0326038190388
2016-049473,16-08-2016,"06:21:54 p.m.","  JR. AYACUCHO 3161       SAN MARTIN DE PORRES","MATERIALES PELIGROSOS (INCIDENTE)",M9-5,-12.0331088888567,-77.0809725722309
2016-049472,16-08-2016,"06:10:14 p.m.","  JR. VICTOR CRIADO Y TEJADA 2670       LIMA","EMERGENCIA MEDICA",AMB-14,-12.0575427102082,-77.0706483329878
2016-049471,16-08-2016,"06:09:35 p.m.","  AV. AGUSTIN LA ROSA LOZANO (DEFENSORES DE LIMA) (SAN FRANCISCO) 800        SAN JUAN DE MIRAFLORES","EMERGENCIA MEDICA",AMB-16,-12.1473418237359,-76.970525808523
2016-049470,16-08-2016,"06:05:33 p.m.","FACULTAD DE MINERIA Y MINAS METALURGICA            NAZCA","EMERGENCIA MEDICA",AMB-82,,
2016-049469,16-08-2016,"05:59:43 p.m.","  JR. CONTRALMIRANTE MIGUEL GRAU (BENITO LAZO) 500        MAGDALENA DEL MAR","EMERGENCIA MEDICA",AMB-83,-12.0924868864684,-77.0736615779792
2016-049468,16-08-2016,"05:45:58 p.m.","  CL. LA CONFRATERNIDAD (55) 000        LOS OLIVOS","EMERGENCIA MEDICA",AMB-161,-11.938638914218,-77.0816720575749
2016-049467,16-08-2016,"05:41:15 p.m.","HOSP. ANGAMOS             ","EMERGENCIA MEDICA",AMB-28,,
2016-049466,16-08-2016,"05:36:43 p.m.","  AV. LA MAR (MANUEL CIPRIANO DULANTO) 1465       PUEBLO LIBRE","EMERGENCIA MEDICA",MED-202,-12.0774713316188,-77.0702693382676
2016-049465,16-08-2016,"05:30:02 p.m.","HOSPITAL CASIMIRO ULLOA             MIRAFLORES","EMERGENCIA MEDICA",AMB-2,,
2016-049464,16-08-2016,"05:21:54 p.m.","  JR. FRANCIA 1088       LA VICTORIA","EMERGENCIA MEDICA",AMB-4,-12.0709053671526,-77.0202995742429
2016-049463,16-08-2016,"05:15:36 p.m.","  AV. UNIVERSITARIA 5749       COMAS","EMERGENCIA MEDICA",AMB-161,-11.9565438340755,-77.0597841290903
2016-049462,16-08-2016,"04:44:35 p.m.","AAHH SAN PEDRO            PISCO","MATERIALES PELIGROSOS (INCIDENTE)",CIST-37,,
2016-049461,16-08-2016,"04:29:56 p.m.","AV. LA ATARJEA 000        EL AGUSTINO","EMERGENCIA MEDICA","AMB-127, M2-1",-12.0396366769445,-76.9873580194291
2016-049460,16-08-2016,"04:14:18 p.m.","  CL. CONTRALMIRANTE VILLAR 773        CALLAO","EMERGENCIA MEDICA",AMB-7,-12.0656418187986,-77.1361684225256
2016-049459,16-08-2016,"04:12:54 p.m.","AV. GERMAN AMEZAGA CRUCE CON AV. VENEZUELA LIMA            LIMA","EMERGENCIA MEDICA",AMB-7,-12.0600772388746,-77.0791722270026
2016-049458,16-08-2016,"04:03:21 p.m.","PANAMERICANA SUR KM. 127 LA BALANZA CERRO AZUL            SAN VICENTE DE CANETE","ACCIDENTE VEHICULAR",AMB-7,,
2016-049457,16-08-2016,"03:48:13 p.m.","AV CUTERVO             ICA","EMERGENCIA MEDICA",AMB-22,,
2016-049456,16-08-2016,"03:48:00 p.m.","  CL. LOS ROBLES MZ I LTE 11 FUNDO HUACHIPA  000        LURIGANCHO",INCENDIO,"M127-1, M138-1, M169-1, M2-1, M96-1, MED-96",-12.0096704465023,-76.908031467243
2016-049455,16-08-2016,"03:41:03 p.m.","CLLE MIRAMAR             ANCON","SERVICIO ESPECIAL",M163-1,,
2016-049454,16-08-2016,"03:36:21 p.m.","RETES             HUARAL","SERVICIO ESPECIAL",M163-1,,
2016-049453,16-08-2016,"03:10:22 p.m.","AV. EX ZONA COMERCIAL             VENTANILLA","EMERGENCIA MEDICA",M163-1,,
2016-049452,16-08-2016,"03:09:04 p.m.","GAMARRITA   - CHUCUITO 428        CALLAO","EMERGENCIA MEDICA",M163-1,,
2016-049451,16-08-2016,"03:00:08 p.m.","EDUCACION I.E. DORA MAYER            BELLAVISTA","EMERGENCIA MEDICA",AMB-60,-12.0570519527165,-77.0931467700819
2016-049450,16-08-2016,"02:45:54 p.m.","SAN MARTIN  580        BARRANCA","MATERIALES PELIGROSOS (INCIDENTE)",M73-1,,
2016-049449,16-08-2016,"02:41:54 p.m.","CENTRO POBLADO CRUZ BLANCA             CHINCHA ALTA","EMERGENCIA MEDICA",MED-38,,
2016-049448,16-08-2016,"02:36:29 p.m.",,"EMERGENCIA MEDICA","AMB-10, AMB-14",-12.0571828545055,-77.0577925693615
2016-049447,16-08-2016,"02:34:52 p.m.","JR. MAMA OCLLO CRUCE CON AV. JULIO CESAR TELLO LINCE            LINCE","EMERGENCIA MEDICA",MED-202,-12.0870358210452,-77.0437055279643
2016-049446,16-08-2016,"02:29:52 p.m.","AV. JOSE GALVEZ BARRENECHEA (PRINCIPAL) CRUCE CON AV. DEL PARQUE NORTE (SAN BORJA NORTE) (ANTONIA MORENO DE CACERES) SAN            SAN ISIDRO","EMERGENCIA MEDICA",AMB-4,-12.0917761170183,-77.0139230002322
2016-049445,16-08-2016,"02:29:25 p.m.","  AV. GUZMAN BLANCO 300        LIMA","EMERGENCIA MEDICA",AMB-4,,
2016-049444,16-08-2016,"02:02:15 p.m.","  AV. GENERAL CESAR CANEVARO 1053       LINCE","EMERGENCIA MEDICA",AMB-100,-12.0847835532558,-77.0438397319601
2016-049443,16-08-2016,"01:52:03 p.m.","  AV. NICOLAS AYLLON 4050       ATE",INCENDIO,"AMB-176, M169-1, M2-1, M4-1",-12.0608295736279,-76.9784241559235
2016-049442,16-08-2016,"01:51:38 p.m.","  CL. TAMBO DE ORO 130        SANTIAGO DE SURCO","MATERIALES PELIGROSOS (INCIDENTE)","M11-1, MED-96",-12.1067291507919,-76.9664228678344
2016-049441,16-08-2016,"01:35:11 p.m.","AS. SANTO CRISTO MZ. A LT. 6A            SANTIAGO DE SURCO","EMERGENCIA MEDICA",AMB-16,-12.1484272351112,-77.0035199539762
2016-049440,16-08-2016,"01:26:02 p.m.","AV. GERMAN AMEZAGA 700        LIMA","ACCIDENTE VEHICULAR","AMB-60, M5-1, M7-1",-12.0540390215792,-77.0841281912278
2016-049439,16-08-2016,"01:23:08 p.m.","COLEGIO FE Y ALEGRIA             BARRANCA","MATERIALES PELIGROSOS (INCIDENTE)",M73-1,,
2016-049438,16-08-2016,"01:10:19 p.m.","  AV. MIRAFLORES (28 DE JULIO) 398        MIRAFLORES","EMERGENCIA MEDICA",AMB-100,-12.1262264786681,-77.0312585396663
2016-049437,16-08-2016,"01:09:03 p.m.","CURVA RICARDO PALMA PARTE BAJA PJ LA RONDA             ",INCENDIO,M32-1,,
2016-049436,16-08-2016,"01:04:40 p.m.","PANAMERICANA  NORTE    CENTRO  COMERCIAL  PLAZA  NORTE              INDEPENDENCIA","EMERGENCIA MEDICA",AMB-161,,
2016-049435,16-08-2016,"01:04:22 p.m.","  JR. BARTOLOME HERRERA 468        LINCE","EMERGENCIA MEDICA",AMB-161,-12.0810508045636,-77.0323787329378
2016-049434,16-08-2016,"01:02:54 p.m.","UV. SANTA MARINA SUR BLOCK 26 DEPTO 103            CALLAO","EMERGENCIA MEDICA",AMB-1,-12.0536128337278,-77.1255585920773
2016-049433,16-08-2016,"12:55:48 p.m.","  JR. ANDAHUAYLAS 685        LIMA","EMERGENCIA MEDICA",AMB-21,-12.0504786097809,-77.0254930216703
2016-049432,16-08-2016,"12:35:49 p.m.","  AV. ENRIQUE CANAVAL MOREYRA (CORPAC) 400        SAN ISIDRO","EMERGENCIA MEDICA",AMB-100,-12.0974017905949,-77.0214038235938
2016-049431,16-08-2016,"12:29:41 p.m.","PUERTA  DE  MERCADO   MODELO                HUARAL","EMERGENCIA MEDICA",AMB-44,,
2016-049430,16-08-2016,"12:25:34 p.m.","  PJ. 60A (50A)  MZ.  69  LOTE  30   AA.HH   ARMANDO   VILLANUEVA    000        LA VICTORIA","MATERIALES PELIGROSOS (INCIDENTE)",M124-1,-11.9635109750151,-77.0746370303485
2016-049429,16-08-2016,"12:22:47 p.m.","  JR. JUAN DE ARONA 800        SAN ISIDRO","EMERGENCIA MEDICA",M124-1,-12.0962678113528,-77.0261485478844
2016-049428,16-08-2016,"12:13:45 p.m.","JR. JUAN DE ARONA CRUCE CON CL. AUGUSTO TAMAYO SAN ISIDRO            SAN ISIDRO","EMERGENCIA MEDICA",AMB-16,-12.0963138913585,-77.0270160569119
2016-049427,16-08-2016,"12:05:56 p.m.","CL. PIRAMIDE DEL SOL CRUCE CON MA. MIGUEL CHECA EGUIGUREN SAN JUAN DE LURIGANCHO            SAN JUAN DE LURIGANCHO","EMERGENCIA MEDICA",AMB-176,-12.0277488444099,-77.0011833373733
2016-049426,16-08-2016,"11:51:57 a.m.","  CL. CHICLAYO (JUAN B. LASTRES) 550        MIRAFLORES","EMERGENCIA MEDICA",AMB-100,-12.1148742466465,-77.0342092752148
2016-049425,16-08-2016,"11:51:48 a.m.","AV. JAIME BAUSATE Y MEZA (BOLIVAR) CRUCE CON AV. IQUITOS LA VICTORIA            LA VICTORIA","ACCIDENTE VEHICULAR","AMB-176, M10-1, M14-1",-12.0647038366461,-77.0307856108232
2016-049424,16-08-2016,"11:50:34 a.m.","VIA EXPRESA GRAU ALT PARADERO ANDAHUAYLAS             LIMA","EMERGENCIA MEDICA","AMB-176, M10-1, M14-1",-12.0585085986469,-77.0267230527114
2016-049423,16-08-2016,"11:49:02 a.m.","FERMIN TANGUIS             ","EMERGENCIA MEDICA",MED-90,,
2016-049422,16-08-2016,"11:36:51 a.m.","CL. TOULAN (12) 280        LA MOLINA","EMERGENCIA MEDICA",AMB-127,-12.0717015694037,-76.9529090729369
2016-049421,16-08-2016,"11:35:22 a.m.","  CL. EL ANIS (2)  ASOC.   NARANJAL   4144       INDEPENDENCIA","EMERGENCIA MEDICA",AMB-127,-11.9852292284654,-77.0588609311038
2016-049420,16-08-2016,"11:33:20 a.m.","MERCADO   SAN ANTONIO               ICA","EMERGENCIA MEDICA",AMB-127,,
2016-049419,16-08-2016,"11:30:26 a.m.","  AV. NACIONES UNIDAS 1787       LIMA","EMERGENCIA MEDICA","AMB-2, MED-202",,
2016-049418,16-08-2016,"11:28:54 a.m.",,"EMERGENCIA MEDICA",AMB-169,-12.0495976082974,-76.9751292800415
2016-049417,16-08-2016,"11:28:31 a.m.","  AV. ANGELICA GAMARRA 800        LOS OLIVOS","EMERGENCIA MEDICA",AMB-161,-12.0062266086768,-77.072287371589
2016-049416,16-08-2016,"11:27:40 a.m.","  JR. JUNIN 1249       LIMA","EMERGENCIA MEDICA",AMB-21,-12.051273329947,-77.0179040767608
2016-049415,16-08-2016,"11:19:04 a.m.",,"SERVICIO ESPECIAL",RES-14,,
2016-049414,16-08-2016,"10:58:10 a.m.","AV. SAN LUIS CRUCE CON AV. JAVIER PRADO ESTE SAN BORJA            SAN BORJA","ACCIDENTE VEHICULAR","AMB-176, M11-1, M127-1",-12.0864878494348,-76.9966909381168
2016-049413,16-08-2016,"10:38:48 a.m.","  JR. RUFINO TORRICO 482        LIMA","EMERGENCIA MEDICA","AMB-176, M11-1, M127-1",-12.0456734644127,-77.0353934299829
2016-049412,16-08-2016,"10:31:01 a.m.","AH. EL MIRADOR NUEVO PACHACUTEC VI GRUPO 6C            VENTANILLA","EMERGENCIA MEDICA",AMB-184,-11.8403022934747,-77.1588884757538
2016-049411,16-08-2016,"10:30:35 a.m.","  JR. CAMANA 680        LIMA","EMERGENCIA MEDICA",AMB-2,-12.0488289864617,-77.0347112954632
2016-049410,16-08-2016,"10:28:37 a.m.","CALLE   RIO   AMARILLO   MZ.    M  PRIMA LOTE  11   URB. LA PRADERAS            LA MOLINA","EMERGENCIA MEDICA",MED-96,,
2016-049409,16-08-2016,"10:23:39 a.m.","JR. HAITI CRUCE CON JR. SAO PAULO SAN MARTIN DE PORRES            SAN MARTIN DE PORRES","ACCIDENTE VEHICULAR","AMB-21, M10-1, M65-2",-12.0310128455997,-77.0612926178933
2016-049408,16-08-2016,"10:22:21 a.m.","  AV. EL TREBOL 7200       LOS OLIVOS","EMERGENCIA MEDICA",AMB-161,-12.003064950162,-77.0664262117211
2016-049407,16-08-2016,"10:14:06 a.m.","  AV. LOS CONQUISTADORES 938        SAN ISIDRO",RESCATE,RESLIG-4,-12.105679632808,-77.0371627132294
2016-049406,16-08-2016,"10:08:38 a.m.","CENTRO POBLADO SACACHISPA            HUARAL","MATERIALES PELIGROSOS (INCIDENTE)",M44-1,,
2016-049405,16-08-2016,"09:52:28 a.m.","AV. JAVIER PRADO OESTE CRUCE CON AV. DE LA ROCA DE VERGALLO SAN ISIDRO            SAN ISIDRO","ACCIDENTE VEHICULAR","AMB-100, M36-1, RES-100",,
2016-049404,16-08-2016,"09:50:25 a.m.","PANAMERICANA  NORTE   KM.  72              CHANCAY","ACCIDENTE VEHICULAR","M80-1, MED-80",,
2016-049403,16-08-2016,"09:46:55 a.m.","  AV. TUPAC AMARU (GERARDO UNGER) 1600       SAN MARTIN DE PORRES","EMERGENCIA MEDICA",AMB-168,-12.0086914105472,-77.0537047451354
2016-049402,16-08-2016,"09:43:17 a.m.","  AV. GENERAL CASIMIRO ESPEJO (ARENALES) 683        MIRAFLORES","EMERGENCIA MEDICA",MED-202,-12.1063493209378,-77.0322295607939
2016-049401,16-08-2016,"09:41:02 a.m.","PLAZA DE ARMAS DE MALA            MALA","MATERIALES PELIGROSOS (INCIDENTE)",M111-1,,
2016-049400,16-08-2016,"09:33:18 a.m.","AV. RAFAEL ESCARDO CRUCE CON AV. DE LOS PRECURSORES SAN MIGUEL            SAN MIGUEL","EMERGENCIA MEDICA",M111-1,-12.0707121694031,-77.0917395041064
2016-049399,16-08-2016,"09:22:01 a.m.","  CL. UBALDE JOSE M. 180        SANTIAGO DE SURCO","EMERGENCIA MEDICA",M111-1,-12.1543096832909,-76.990117494585
2016-049398,16-08-2016,"09:06:01 a.m.","  JR. CAJAMARCA 3865       SAN MARTIN DE PORRES","EMERGENCIA MEDICA",AMB-168,-12.0260955565198,-77.0887489774209
2016-049397,16-08-2016,"08:56:30 a.m.","  AV. PANAMERICANA NORTE 3600       INDEPENDENCIA",INCENDIO,"AMB-168, AMB-2, M161-1, M65-1, M9-1",-11.9947652666311,-77.0630865497823
2016-049396,16-08-2016,"08:52:10 a.m.","CIRCUITO DE PLAYAS ALT MISTURA            SAN MIGUEL","ACCIDENTE VEHICULAR","AMB-100, M7-1, RES-100",-12.090953897007,-77.0853000835189
2016-049395,16-08-2016,"08:51:41 a.m.","  AV. DE LOS PRECURSORES 800        SAN MIGUEL","EMERGENCIA MEDICA",AMB-7,-12.0691033940391,-77.0990077150183
2016-049394,16-08-2016,"08:51:27 a.m.","AV. GRIMALDO DEL SOLAR CRUCE CON AV. MIRAFLORES (28 DE JULIO) MIRAFLORES            MIRAFLORES","EMERGENCIA MEDICA",AMB-7,,
2016-049393,16-08-2016,"08:49:53 a.m.","  AV. FRANCISCO PIZARRO 1000       RIMAC","EMERGENCIA MEDICA",AMB-21,-12.0306909979145,-77.0420312383236
2016-049392,16-08-2016,"08:41:57 a.m.","  AV. MIRAFLORES (28 DE JULIO) 700        MIRAFLORES","EMERGENCIA MEDICA",AMB-6,-12.1281808612938,-77.0264186911786
2016-049391,16-08-2016,"08:18:12 a.m.","CL. LOS FRESNOS CRUCE CON AV. 2 DE MAYO SAN ISIDRO            SAN ISIDRO","EMERGENCIA MEDICA",MED-202,-12.0910887780037,-77.0363536086122
2016-049390,16-08-2016,"08:11:10 a.m.","AH. ANCIETA BAJA (MARIA HERRERA DE ACOSTA) MAZ A LOTE 17            EL AGUSTINO","EMERGENCIA MEDICA",AMB-2,-12.0372681756936,-77.0043787333021
2016-049389,16-08-2016,"08:06:20 a.m.","AV. ARRIBA PERU CRUCE CON AV. EDILBERTO RAMOS (MARIANO PASTOR SEVILLA) (FORESTAL) VILLA EL SALVADOR            VILLA EL SALVADOR","EMERGENCIA MEDICA",AMB-2,-12.2107991556048,-76.950217307125
2016-049388,16-08-2016,"07:58:25 a.m.","CAMPO FERIAL DE ICA            ","EMERGENCIA MEDICA",AMB-2,,
2016-049387,16-08-2016,"07:52:48 a.m.","  AV. AYACUCHO (HOJA REDONDA) 400        SANTIAGO DE SURCO","ACCIDENTE VEHICULAR","M120-1, M134-1",-12.1399540227335,-76.9995817885918
2016-049386,16-08-2016,"07:51:55 a.m.","CALLE    22  BUENOS  AIRES   IMPERIAL   LAS  MALVINAS               SAN VICENTE DE CANETE",INCENDIO,M49-1,,
2016-049385,16-08-2016,"07:39:51 a.m.","  CL. JULIO C. TELLO    URB.  LA  COLONIAL   105        BELLAVISTA","EMERGENCIA MEDICA",AMB-60,-12.0561645772465,-77.0913900253138
2016-049384,16-08-2016,"07:31:18 a.m.","AV. UNIVERSITARIA NORTE CRUCE CON AV. CARLOS IZAGUIRRE LOS OLIVOS            LOS OLIVOS","EMERGENCIA MEDICA",AMB-60,-11.991437258354,-77.0830758399233
2016-049383,16-08-2016,"07:29:53 a.m.","  CL. FEDERICO RECAVARREN (REPUBLICA) 350        MIRAFLORES","EMERGENCIA MEDICA",AMB-28,-12.12168029006,-77.0336560798957
2016-049382,16-08-2016,"07:29:51 a.m.","  JR. PASEO DEL BOSQUE (2) 487        SAN BORJA","EMERGENCIA MEDICA",AMB-11,-12.1059552762233,-76.9906985440768
2016-049381,16-08-2016,"07:24:02 a.m.","  CL. HUASCAR 358        CALLAO","EMERGENCIA MEDICA",AMB-7,-12.048809361651,-77.1366825964573
2016-049380,16-08-2016,"07:15:52 a.m.","  JR. TOMAS GUIDO 150        LINCE","EMERGENCIA MEDICA",MED-202,-12.0870287962495,-77.0344346013447
2016-049379,16-08-2016,"07:04:24 a.m.","JR. ITALIA CRUCE CON AV. MANCO CAPAC LA VICTORIA            ","ACCIDENTE VEHICULAR",M8-1,,
2016-049378,16-08-2016,"07:01:24 a.m.","  CL. CHIPRE (32) MZ. J12 LT. 15 000        CHORRILLOS","EMERGENCIA MEDICA",M8-1,,
2016-049377,16-08-2016,"07:00:53 a.m.","  AV. LA PAZ 2259       LA PERLA","EMERGENCIA MEDICA",AMB-7,-12.075521199687,-77.1153554530428
2016-049376,16-08-2016,"06:49:19 a.m.","  CL. JUSTO PASTOR BRAVO 333        SAN MARTIN DE PORRES","EMERGENCIA MEDICA",AMB-21,-12.0312913988566,-77.0450691860642
2016-049375,16-08-2016,"05:35:26 a.m.","CLL TEATRO 364        ","EMERGENCIA MEDICA",AMB-21,,
2016-049374,16-08-2016,"05:32:48 a.m.","  JR. MANUEL IRRIBARREN (SAN MIGUEL) 1280       SURQUILLO","EMERGENCIA MEDICA",AMB-28,-12.1082428223095,-77.0226705630733
2016-049373,16-08-2016,"05:25:39 a.m.","  AV. CAQUETA 1400       RIMAC","ACCIDENTE VEHICULAR","AMB-21, M3-1, RES-21",-12.029677653293,-77.044077348796
2016-049372,16-08-2016,"05:04:13 a.m.","  AV. JOSE GRANDA 32         SAN MARTIN DE PORRES","EMERGENCIA MEDICA",AMB-161,-12.0244829688841,-77.0797804243045
2016-049371,16-08-2016,"03:23:07 a.m.","CARRETERAS - PANAMERICANAS PANAMERICANA NORTE 30            PUENTE PIEDRA",INCENDIO,"AMB-184, M124-1, M163-1, M164-1, M184-1",-11.8675103485633,-77.0724761672919
2016-049370,16-08-2016,"03:20:04 a.m.","  AV. JUAN PARDO DE ZELA 745        LINCE","EMERGENCIA MEDICA",AMB-4,-12.0826995802662,-77.0287884863122
2016-049369,16-08-2016,"01:10:54 a.m.","  AV. PERU 2700       SAN MARTIN DE PORRES","EMERGENCIA MEDICA",AMB-161,-12.0317603396145,-77.075610150187
2016-049368,16-08-2016,"01:00:13 a.m.","  JR. AMAZONAS 699        LIMA","EMERGENCIA MEDICA",AMB-21,-12.0452164319037,-77.0186796954193
2016-049367,16-08-2016,"12:47:39 a.m.","  AV. EL SOL OESTE (JORGE SOUZA) 116        BARRANCO","MATERIALES PELIGROSOS (INCIDENTE)","AMB-28, M28-1",-12.1395836528907,-77.022451156198
2016-049366,16-08-2016,"12:39:49 a.m.","  CL. EVANGELISTA TORRICELLI 381        SAN BORJA","EMERGENCIA MEDICA","AMB-11, M11-1",-12.1053829906172,-77.005090645898
2016-049365,16-08-2016,"12:34:34 a.m.","  AV. MILITAR 2053       LINCE","EMERGENCIA MEDICA",MED-202,-12.0847518373795,-77.0313460997687
2016-049364,16-08-2016,"12:18:51 a.m.","AV. AREQUIPA CRUCE CON JR. SCIPION LLONA MIRAFLORES            MIRAFLORES","ACCIDENTE VEHICULAR","AMB-28, M28-1, RES-28",-12.1077433814957,-77.0307434035996
2016-049363,16-08-2016,"12:11:48 a.m.","  AV. SAN JUAN 1027       SAN JUAN DE MIRAFLORES","EMERGENCIA MEDICA",AMB-120,-12.1559577504681,-76.9726241567659
2016-049362,16-08-2016,"12:01:46 a.m.","BASE B216            HUACHO","EMERGENCIA MEDICA",AMB-216,,
