ID,FECHA,HORA,DIRECCION,TIPO,UNIDADES,"CORDENADAS (lat)","CORDENADAS (lng)"
2016-019120,19-03-2016,"11:47:03 p.m.","CL.LOS ANDES  SAN CLEMENTE 300        ","EMERGENCIA MEDICA",,,
2016-019119,19-03-2016,"11:45:46 p.m.","CARRETERAS - PANAMERICANAS PANAMERICANA NORTE 27.5            PUENTE PIEDRA",INCENDIO,"AMB-150, M150-1, M184-1",-11.8874821800284,-77.0682643139068
2016-019118,19-03-2016,"11:38:44 p.m.","AV. COSTA VERDE (CIRCUITO DE PLAYAS) 000        MIRAFLORES","ACCIDENTE VEHICULAR",M28-1,-12.1350866875016,-77.02929200795
2016-019117,19-03-2016,"11:38:06 p.m.","UR. EL PINAR SECTOR PARCELA F R ,K4 LOTE 20            COMAS","EMERGENCIA MEDICA",AMB-164,-11.9111788810637,-77.0520400994793
2016-019116,19-03-2016,"11:34:41 p.m.","  PR. LA MAR 600        LA VICTORIA","MATERIALES PELIGROSOS (INCIDENTE)","M8-1, MED-10",-12.0651538136693,-77.0194670640629
2016-019115,19-03-2016,"11:30:46 p.m.","CARRETERAS - PANAMERICANAS PANAMERICANA NORTE 38.5            SANTA ROSA","EMERGENCIA MEDICA","M8-1, MED-10",-11.8125879423173,-77.1295791009701
2016-019114,19-03-2016,"11:26:59 p.m.","CARRETERAS - PANAMERICANAS PANAMERICANA NORTE 32.2            PUENTE PIEDRA","EMERGENCIA MEDICA",MED-65,-11.853181557098,-77.0890252260988
2016-019113,19-03-2016,"11:26:58 p.m.","AH. LADERAS DE CHILLON PRIMERA EXPLANADA D LOTE 40            PUENTE PIEDRA","EMERGENCIA MEDICA",AMB-150,-11.9189365918678,-77.0862703770846
2016-019112,19-03-2016,"11:26:34 p.m.","UR. SAN JUAN BAUTISTA D LT 32            SAN MARTIN DE PORRES","EMERGENCIA MEDICA",SAMU-161,-11.966290900357,-77.0910562945007
2016-019111,19-03-2016,"11:23:34 p.m.","  PJ. LOS LIRIOS 175        MAGDALENA DEL MAR","EMERGENCIA MEDICA",MED-202,-12.0896038681084,-77.0601140485586
2016-019110,19-03-2016,"11:23:28 p.m.","  CL. LOURDES 100        EL AGUSTINO","EMERGENCIA MEDICA",AMB-2,-12.0477520056339,-77.0009694422858
2016-019109,19-03-2016,"11:23:09 p.m.","  AV. LIMA 3896       SAN MARTIN DE PORRES","EMERGENCIA MEDICA",AMB-80,-12.0285078771968,-77.0897721924119
2016-019108,19-03-2016,"11:21:13 p.m.",,"EMERGENCIA MEDICA",AMB-80,,
2016-019107,19-03-2016,"11:17:02 p.m.","  CL. ANTONIO BUCKINGHAN 191        SAN JUAN DE MIRAFLORES","EMERGENCIA MEDICA",SAMU-134,-12.1512527895785,-76.9761555595356
2016-019106,19-03-2016,"11:12:51 p.m.","AV. EL OLIVAR CRUCE CON AV. LOS DOMINICOS CALLAO            CALLAO","EMERGENCIA MEDICA",AMB-168,-12.0169061337202,-77.0929611442957
2016-019105,19-03-2016,"11:11:46 p.m.","  AV. OSCAR VALDEZ (MARISCAL JOSE LA MAR) 400        MIRAFLORES",INCENDIO,"M100-1, M202-1, M4-1, MED-100",-12.1158218491045,-77.0432220730368
2016-019104,19-03-2016,"11:11:18 p.m.","AYACUCHO 651        ICA","EMERGENCIA MEDICA",RES-193,,
2016-019103,19-03-2016,"11:10:20 p.m.","  AV. BELISARIO SUAREZ 1283       SAN JUAN DE MIRAFLORES","EMERGENCIA MEDICA",AMB-120,-12.1645175623045,-76.9612943892339
2016-019102,19-03-2016,"11:06:15 p.m.","  CL. HUANTAR  URB PARQUE  NARAJJAL 5018       LOS OLIVOS","EMERGENCIA MEDICA",AMB124-2,-11.9748535871316,-77.0841295129816
2016-019101,19-03-2016,"11:00:52 p.m.","CALLE ANDALUCIA  CON AREQUIPA            MIRAFLORES","EMERGENCIA MEDICA",MED-28,,
2016-019100,19-03-2016,"10:55:08 p.m.","  AV. LIMA 3800       SAN MARTIN DE PORRES","EMERGENCIA MEDICA",MED-28,-12.0285078771968,-77.0897721924119
2016-019099,19-03-2016,"10:54:04 p.m.","AV. 28 DE JULIO            LURIGANCHO","EMERGENCIA MEDICA",MED-28,,
2016-019098,19-03-2016,"10:44:58 p.m.","AS. VILLA SAN ANTONIO MZ F LT 2            CARABAYLLO","EMERGENCIA MEDICA",AMB-164,-11.8596967152812,-77.0038608163081
2016-019097,19-03-2016,"10:36:12 p.m.","  AV. JUAN BERTOLOTTO NEGRO 366        SAN MIGUEL",RESCATE,AMB-164,,
2016-019096,19-03-2016,"10:30:05 p.m.","  CL. SATURNINO DEL CASTILLO  UR  LOS  LAURELES 380        CHORRILLOS","EMERGENCIA MEDICA",SAMU-6,-12.1734098020502,-77.0228865268102
2016-019095,19-03-2016,"10:28:22 p.m.","  AV. COLONIAL (OSCAR R. BENAVIDES) 4977       CALLAO","EMERGENCIA MEDICA",AMB-1,-12.0523913349957,-77.0926897584506
2016-019094,19-03-2016,"10:27:32 p.m.","LAS MALVINAS            ",INCENDIO,M49-1,,
2016-019093,19-03-2016,"10:20:26 p.m.","  AV. LA ALAMEDA (COPACABANA) 000        PUENTE PIEDRA","ACCIDENTE VEHICULAR","AMB-150, M150-1",-11.8430416322712,-77.0885677223252
2016-019092,19-03-2016,"10:19:27 p.m.","PLAZA DE ARMAS            HUACHO","EMERGENCIA MEDICA",AMB-20,,
2016-019091,19-03-2016,"10:18:43 p.m.","AS. PRIMAVERA A  LT  23             LOS OLIVOS","EMERGENCIA MEDICA",AMB-168,-12.0088251987733,-77.0760195505834
2016-019090,19-03-2016,"10:14:19 p.m.","PJ. VILLA EL SALVADOR SECTOR 3 GRUPO 23 I            VILLA EL SALVADOR","EMERGENCIA MEDICA",AMB-155,-12.2282983226239,-76.9336961879548
2016-019089,19-03-2016,"10:08:54 p.m.","  AV. LOS TAMARINDOS  L42  URB CAPULLANA 000        SANTIAGO DE SURCO","EMERGENCIA MEDICA",SAMU-134,-12.1402254161711,-77.0019294234118
2016-019088,19-03-2016,"10:06:02 p.m.","AV . 28 DE JULIO            ","EMERGENCIA MEDICA",AMB-20,,
2016-019087,19-03-2016,"09:55:22 p.m.","  CL. CHACAS  UR MERCURIO 909        LOS OLIVOS","EMERGENCIA MEDICA",SAMU-168,-11.9933657536752,-77.0731013076627
2016-019086,19-03-2016,"09:53:36 p.m.","  JR. ALEJANDRO VILLANUEVA 425        LA VICTORIA","EMERGENCIA MEDICA",AMB-8,-12.0715226365523,-77.0065316911771
2016-019085,19-03-2016,"09:51:32 p.m.","CARRETERAS - PANAMERICANAS PANAMERICANA SUR 24            VILLA EL SALVADOR","EMERGENCIA MEDICA",AMB-6,-12.2464653171637,-76.9358703916604
2016-019084,19-03-2016,"09:51:08 p.m.","PJ.LA ROSADELA            ","EMERGENCIA MEDICA",AMB-6,,
2016-019083,19-03-2016,"09:50:34 p.m.","UR. LOS LIBERTADORES  000        SAN MARTIN DE PORRES","EMERGENCIA MEDICA",AMB-9,-12.0050211425006,-77.0919192585993
2016-019082,19-03-2016,"09:35:50 p.m.","AV ARENALES            AYACUCHO","EMERGENCIA MEDICA",MED-63,,
2016-019081,19-03-2016,"09:31:26 p.m.","  AV. PACHACUTEC 6400       VILLA MARIA DEL TRIUNFO","EMERGENCIA MEDICA",AMB-120,-12.2062254747327,-76.9276841459176
2016-019080,19-03-2016,"09:31:21 p.m.","  AV. ELMER FAUCETT 500        CALLAO","EMERGENCIA MEDICA",MED-5,-12.0491477663016,-77.0982027587759
2016-019079,19-03-2016,"09:29:33 p.m.","UR  NAVAL CL. MERCURIO            VENTANILLA","MATERIALES PELIGROSOS (INCIDENTE)",M75-1,,
2016-019078,19-03-2016,"09:20:28 p.m.","PANAMERICANA NORTE            BARRANCA","EMERGENCIA MEDICA",AMB-73,,
2016-019077,19-03-2016,"09:17:38 p.m.","UR. SANTO DOMINGO IV ETAPA N1            CARABAYLLO","MATERIALES PELIGROSOS (INCIDENTE)","AMB124-2, M124-1",-11.8819438340905,-77.0322448674133
2016-019076,19-03-2016,"09:16:55 p.m.","  CL. CAJAMARCA 270        COMAS","EMERGENCIA MEDICA",AMB-164,-11.9046468524034,-77.0376481426843
2016-019075,19-03-2016,"09:11:43 p.m.","  AV. LA MARINA 3900       LA PERLA","EMERGENCIA MEDICA",AMB-7,-12.0691176033493,-77.1113439037054
2016-019074,19-03-2016,"09:07:00 p.m.","CUIDAD DEL DEPORTE SEGUNDO SECTOR DERECHO            VENTANILLA","MATERIALES PELIGROSOS (INCIDENTE)",AMB-7,,
2016-019073,19-03-2016,"09:06:36 p.m.","AV. DEL RIO CRUCE CON AV. BOLIVAR PUEBLO LIBRE            PUEBLO LIBRE","EMERGENCIA MEDICA",MED-36,-12.0737249462022,-77.0557482261481
2016-019072,19-03-2016,"09:02:14 p.m.","MDO MERY GARCIA            AYACUCHO",INCENDIO,"M63-2, MED-63",,
2016-019071,19-03-2016,"08:44:27 p.m.","AV. LOS DOMINICOS CRUCE CON AV. BOCANEGRA CALLAO            CALLAO",INCENDIO,"M161-1, M9-1, M9-5, RESLIG-161, SAMU-161",-12.0064771470936,-77.0991706642411
2016-019070,19-03-2016,"08:44:01 p.m.","AV. NACIONES UNIDAS CRUCE CON AV. OSCAR BENAVIDES (COLONIAL) LIMA            LIMA","ACCIDENTE VEHICULAR","AMB-21, M10-1, RES-10",-12.0481890998795,-77.0594355449752
2016-019069,19-03-2016,"08:43:48 p.m.","AV. JAVIER PRADO CON AV. BRASIL            ","SERVICIO ESPECIAL",AMB-36,,
2016-019068,19-03-2016,"08:35:04 p.m.","  JR. CRUZ DEL SUR 292        SANTIAGO DE SURCO","EMERGENCIA MEDICA",AMB-106,-12.086437243479,-76.9707045496163
2016-019067,19-03-2016,"08:28:14 p.m.","JR. E. PAREDES RONCAL 000        ANCON","EMERGENCIA MEDICA",AMB-150,-11.7719440994093,-77.1704448168311
2016-019066,19-03-2016,"08:25:42 p.m.","  JR. TEMPLO TARDIO (LOS CAMPESINOS) 392        SAN JUAN DE LURIGANCHO","EMERGENCIA MEDICA",SAMU-121,-12.0191636796618,-76.9862877475579
2016-019065,19-03-2016,"08:23:36 p.m.","AV. MANSANILLA              ICA","EMERGENCIA MEDICA",RES-193,,
2016-019064,19-03-2016,"08:20:13 p.m.","  CL. MIGUEL GRAU  - JOSE GALVEZ 1747       VILLA MARIA DEL TRIUNFO","EMERGENCIA MEDICA",RES-193,,
2016-019063,19-03-2016,"08:16:22 p.m.","AV. ALFREDO BENAVIDES CRUCE CON CL. ALDABAS (K) SANTIAGO DE SURCO            SANTIAGO DE SURCO","EMERGENCIA MEDICA",AMB134-2,-12.1294501605107,-76.9829887403222
2016-019062,19-03-2016,"08:06:46 p.m.","  JR. PRESBITERO GARCIA VILLON 671        LIMA","MATERIALES PELIGROSOS (INCIDENTE)","M10-1, M8-1, SAMU-10",-12.0479298304246,-77.0492247076588
2016-019061,19-03-2016,"08:05:56 p.m.","  PJ. JOSE MORALES ALPACA 165        PUEBLO LIBRE","EMERGENCIA MEDICA",MED-36,-12.0822522775032,-77.061799747836
2016-019060,19-03-2016,"08:01:21 p.m.","CARRETERAS - PANAMERICANAS PANAMERICANA NORTE 45            SANTA ROSA","ACCIDENTE VEHICULAR","M184-1, MED-65",-11.7824160586679,-77.1571639033775
2016-019059,19-03-2016,"08:01:06 p.m.","  AV. MIGUEL GRAU (BUENOS AIRES) 1059       CALLAO","EMERGENCIA MEDICA",AMB-1,-12.0620582934864,-77.1374458126517
2016-019058,19-03-2016,"08:00:17 p.m.","  JR. JOSE OLAYA 1179       LA PERLA","EMERGENCIA MEDICA",AMB-7,-12.0680200762079,-77.1225681315295
2016-019057,19-03-2016,"07:54:46 p.m.","  JR. CORONEL JOAQUIN BERNAL 214        LINCE","EMERGENCIA MEDICA",AMB-4,-12.0872063201028,-77.0356800475186
2016-019056,19-03-2016,"07:53:10 p.m.","PLAZA CENTRAL             LURIGANCHO","SERVICIO ESPECIAL",M32-1,,
2016-019055,19-03-2016,"07:49:44 p.m.","AH. MANUEL MEDINA PAREDES (PARQUE BAJO) A            SANTIAGO DE SURCO","EMERGENCIA MEDICA",MED-28,-12.1349447792752,-77.0106883873338
2016-019054,19-03-2016,"07:49:24 p.m.",,INCENDIO,M75-1,,
2016-019053,19-03-2016,"07:45:20 p.m.","  PR. CUSCO MI PERU 000        VENTANILLA","EMERGENCIA MEDICA",AMB-150,-11.8456282504994,-77.117381550057
2016-019052,19-03-2016,"07:35:59 p.m.","  AV. ANDRES AVELINO CACERES 000        ","EMERGENCIA MEDICA",AMB-115-2,-12.000574099532,-76.833408548074
2016-019051,19-03-2016,"07:29:57 p.m.","  JR. PEDRO BENVENUTTO MURRIETA 270        SAN MIGUEL","EMERGENCIA MEDICA",MED-36,-12.0810695774666,-77.0813087244341
2016-019050,19-03-2016,"07:25:14 p.m.","AH. BAYOBAR PRIMERA ZONA MZ C  LT  15             SAN JUAN DE LURIGANCHO","MATERIALES PELIGROSOS (INCIDENTE)","M121-1, SAMU-121",,
2016-019049,19-03-2016,"07:15:32 p.m.","MA. RIMAC 300        LIMA",RESCATE,"AMB-21, AUX-3, RES-10, RESLIG-4",-12.0426211967606,-77.0329230635084
2016-019048,19-03-2016,"07:13:17 p.m.","  JR. ICA 504        EL AGUSTINO","EMERGENCIA MEDICA","AMB-21, AUX-3, RES-10, RESLIG-4",-12.055069131743,-77.0024002198831
2016-019047,19-03-2016,"07:12:14 p.m.","UR. LA CRUCETA (JORGE CHAVEZ AVIFAP)  BLOC 22  DEP 202             SANTIAGO DE SURCO","EMERGENCIA MEDICA",AMB134-2,-12.1554856186002,-76.9914403320337
2016-019046,19-03-2016,"07:07:06 p.m.","CARRETERAS - PANAMERICANAS CARRETERA CENTRAL 11            ATE","EMERGENCIA MEDICA",AMB134-2,-12.0146478251639,-76.8852089692402
2016-019045,19-03-2016,"07:06:52 p.m.","CH. PALOMINO             LIMA","EMERGENCIA MEDICA",SAMU-10,-12.0592910906859,-77.0714843924023
2016-019044,19-03-2016,"07:05:53 p.m.","  CL. PACHACUTEC 148        COMAS","EMERGENCIA MEDICA",AMB124-2,-11.9299087142038,-77.0507355588455
2016-019043,19-03-2016,"06:57:53 p.m.","  CL. LOS AMANCAES 645        BELLAVISTA","EMERGENCIA MEDICA",AMB124-2,-12.0606993867912,-77.1024520240112
2016-019042,19-03-2016,"06:52:29 p.m.","JR. LOS PUMAS CRUCE CON AV. GUARDIA PERUANA CHORRILLOS            CHORRILLOS","EMERGENCIA MEDICA",AMB124-2,-12.1745228068935,-77.0087045324378
2016-019041,19-03-2016,"06:50:15 p.m.","AV. VICTOR MALASQUEZ CRUCE CON AV. MIGUEL GRAU PACHACAMAC            PACHACAMAC","EMERGENCIA MEDICA",MED-96,-12.1127094084242,-76.8736312537415
2016-019040,19-03-2016,"06:46:31 p.m.","PASEO DE LOS ANDES             PUEBLO LIBRE","EMERGENCIA MEDICA",MED-36,,
2016-019039,19-03-2016,"06:31:14 p.m.","  AV. FERNANDO WIESE (PROCERES DE LA INDEPENDENCIA) 3941       SAN JUAN DE LURIGANCHO",INCENDIO,MED-36,,
2016-019038,19-03-2016,"06:30:05 p.m.","AS. LOS ROBLES G1            SAN MARTIN DE PORRES","EMERGENCIA MEDICA",MED-36,-11.9956064043018,-77.1077618955982
2016-019037,19-03-2016,"06:18:57 p.m.","PLAZA DE ARMAS            LIMA","SERVICIO ESPECIAL","AMB-2, M3-1",,
2016-019036,19-03-2016,"06:16:45 p.m.","  JR. MANCO SEGUNDO 2350       LINCE","EMERGENCIA MEDICA",MED-202,-12.0857443008931,-77.046140057237
2016-019035,19-03-2016,"06:13:53 p.m.","NESTOR GAMBETA             CALLAO","MATERIALES PELIGROSOS (INCIDENTE)","M1-5, M15-1, M161-1, M75-1, M9-1, M9-5, RESLIG-161, SAMU-161",-11.9788985655685,-77.1263540024088
2016-019034,19-03-2016,"06:13:51 p.m.","  JR. OBREROS 631        LA VICTORIA","EMERGENCIA MEDICA",AMB-8,-12.0659848338416,-77.0244940636576
2016-019033,19-03-2016,"05:59:47 p.m.",,"ACCIDENTE VEHICULAR","M16-1, RES-134, SAMU-16",,
2016-019032,19-03-2016,"05:57:18 p.m.","AV. COLOMBIA 155        PUEBLO LIBRE","EMERGENCIA MEDICA",AMB-36,-12.069882901459,-77.0522001199413
2016-019031,19-03-2016,"05:49:00 p.m.",,"EMERGENCIA MEDICA",MED-28,-12.1192514021088,-77.0111609442233
2016-019030,19-03-2016,"05:48:03 p.m.","AV. LA REFORMA AGRARIA (SAN JUAN) (A) RUTA A 000        SAN JUAN DE MIRAFLORES","EMERGENCIA MEDICA",AMB-120,-12.144358391687,-76.9650333842904
2016-019029,19-03-2016,"05:38:55 p.m.","PANAMERICANA SUR KM 118            ","ACCIDENTE VEHICULAR","AMB-183, M183-1, MED-49, RES-49",,
2016-019028,19-03-2016,"05:38:15 p.m.","ADOLFO VIERA 1234       CHORRILLOS","EMERGENCIA MEDICA",AMB-6,,
2016-019027,19-03-2016,"05:37:50 p.m.","AV. TUPAC AMARU 184        HUACHO","EMERGENCIA MEDICA",AMB-20,,
2016-019026,19-03-2016,"05:24:16 p.m.","CARRETERAS - PANAMERICANAS PANAMERICANA SUR 62.5            CHILCA","ACCIDENTE VEHICULAR","AMB-133, M125-1, M133-1, SAMU-106",,
2016-019025,19-03-2016,"05:18:34 p.m.","JR. ICA CON JR. CAMANA            LIMA","SERVICIO ESPECIAL","M2-1, MED-10, SNOR-4",,
2016-019024,19-03-2016,"05:17:15 p.m.","  AV. LA MARINA 300        PUEBLO LIBRE","EMERGENCIA MEDICA","M2-1, MED-10, SNOR-4",,
2016-019023,19-03-2016,"05:17:09 p.m.","  AV. ARNALDO MARQUEZ 1000       JESUS MARIA","EMERGENCIA MEDICA",MED-202,-12.0711556913203,-77.0475009632002
2016-019022,19-03-2016,"05:16:07 p.m.","  AV. LA MARINA 200        PUEBLO LIBRE","EMERGENCIA MEDICA",AMB-36,-12.0848865695928,-77.0643329443017
2016-019021,19-03-2016,"05:05:24 p.m.","COMERCIAL CENTRO COMERCIAL JOCKEY PLAZA            SANTIAGO DE SURCO",RESCATE,AMB-36,-12.0852424632381,-76.9769032404998
2016-019020,19-03-2016,"04:47:32 p.m.","  AV. GUILLERMO DE LA FUENTE 411        COMAS","EMERGENCIA MEDICA",SAMU-168,-11.9430086961065,-77.0593904922171
2016-019019,19-03-2016,"04:46:46 p.m.","  AV. ANGAMOS ESTE (PRIMAVERA) 1820       SURQUILLO",INCENDIO,"AMB134-2, M16-1, M28-1, RES-134",-12.112456723802,-77.0116862934049
2016-019018,19-03-2016,"04:38:44 p.m.","  JR. JUNIN 1021       LIMA","EMERGENCIA MEDICA",AMB-8,-12.05095156048,-77.0206208510561
2016-019017,19-03-2016,"04:38:40 p.m.","WARNER 1134       SAN JUAN DE MIRAFLORES","EMERGENCIA MEDICA",AMB-120,,
2016-019016,19-03-2016,"04:38:14 p.m.","UR. LEONCIO PRADO  MZ N1  LT  1A              RIMAC","EMERGENCIA MEDICA",SAMU-21,-12.0338007742962,-77.0297846003458
2016-019015,19-03-2016,"04:28:05 p.m.","AV EL PARQUE  700        LA TINGUINA","ACCIDENTE VEHICULAR",RES-193,,
2016-019014,19-03-2016,"04:25:44 p.m.",,"EMERGENCIA MEDICA",SAMU-14,-12.0599608002612,-77.0504530977334
2016-019013,19-03-2016,"04:24:32 p.m.","  CL. 25 DE SETIEMBRE 153        SANTIAGO DE SURCO","EMERGENCIA MEDICA",AMB-106,-12.1082213565177,-76.9643889187379
2016-019012,19-03-2016,"04:23:05 p.m.","  JR. MANUEL IRRIBARREN (SAN MIGUEL) 1089       SURQUILLO","EMERGENCIA MEDICA",MED-28,-12.1106528459003,-77.0224665756257
2016-019011,19-03-2016,"03:59:14 p.m.","  JR. LOS PUMAS 965        CHORRILLOS","EMERGENCIA MEDICA",MED-28,,
2016-019010,19-03-2016,"03:58:58 p.m.","  CL. JOSE LIZIER TERZI 177        PUEBLO LIBRE",RESCATE,MED-28,-12.0749712130636,-77.074032015926
2016-019009,19-03-2016,"03:50:38 p.m.","CLUB RESIDENCIAL MACHUCPICCHU MZ MNA LTE 5            CHACLACAYO","EMERGENCIA MEDICA",AMB-32,-11.978546189343,-76.7829731628141
2016-019008,19-03-2016,"03:49:11 p.m.","  AV. ALFREDO BENAVIDES 500        MIRAFLORES","EMERGENCIA MEDICA",AMB-32,-12.1249115224427,-77.027390460826
2016-019007,19-03-2016,"03:49:07 p.m.","  AV. BOLIVAR 1700       PUEBLO LIBRE","EMERGENCIA MEDICA","AMB-36, M121-1",-12.0715772308863,-77.072133128759
2016-019006,19-03-2016,"03:44:44 p.m.","URB HUASCARAN             CHACLACAYO","EMERGENCIA MEDICA",AMB-115-2,,
2016-019005,19-03-2016,"03:43:07 p.m.","b-134            SANTIAGO DE SURCO","EMERGENCIA MEDICA",AMB-115-2,,
2016-019004,19-03-2016,"03:35:25 p.m.","  JR. HUANTA 1276       LIMA","EMERGENCIA MEDICA",AMB-8,-12.0576346085372,-77.0241316549221
2016-019003,19-03-2016,"03:33:21 p.m.","CL. 2 DE MAYO (PEDRO LLULLANDO) CRUCE CON AV. COMANDANTE ESPINAR MIRAFLORES            MIRAFLORES","ACCIDENTE VEHICULAR","M100-1, M28-1, MED-100, MED-28",-12.1179568043183,-77.0370365303267
2016-019002,19-03-2016,"03:27:30 p.m.","  AV. TENIENTE ENRIQUE PALACIOS 1040       MIRAFLORES","EMERGENCIA MEDICA",MED-28,-12.1171281806249,-77.0395136125172
2016-019001,19-03-2016,"03:27:26 p.m.","  JR. HUANTA 1268       LIMA","EMERGENCIA MEDICA",AMB-2,-12.0564838355709,-77.0238700418943
2016-019000,19-03-2016,"03:16:47 p.m.","  AV. PACASMAYO 3200       SAN MARTIN DE PORRES","EMERGENCIA MEDICA",AMB-2,-12.0282615176906,-77.0811341656
2016-018999,19-03-2016,"03:15:09 p.m.","AV. CIRCUNVALACION CRUCE CON AV. PABLO PATRON LA VICTORIA            ","EMERGENCIA MEDICA",AMB-8,-12.0670889356418,-76.9975090952679
2016-018998,19-03-2016,"03:11:11 p.m.","CL. MARCARA CRUCE CON CL. CHASQUITAMBO LOS OLIVOS            LOS OLIVOS","EMERGENCIA MEDICA",SAMU-168,-11.9762905386952,-77.0692924471427
2016-018997,19-03-2016,"03:09:42 p.m.","CO. VIRGEN DE LAS NIEVES  MZ A  LT  3             SANTA ANITA","MATERIALES PELIGROSOS (INCIDENTE)","M169-1, RES-127, SAMU-176",-12.0521464716799,-76.9861336653045
2016-018996,19-03-2016,"03:08:49 p.m.","  AV. MARIA PARADO DE BELLIDO            SANTIAGO DE SURCO","EMERGENCIA MEDICA",AMB-120,,
2016-018995,19-03-2016,"03:06:39 p.m.","  CL. IGNACIO SEMINARIO (SANTA FE) 300        CHORRILLOS",INCENDIO,"M16-1, M6-1, RES-6, SAMU-16",-12.1721443414771,-77.0262905622837
2016-018994,19-03-2016,"03:05:43 p.m.","AV. PACASMAYO 3200       SAN MARTIN DE PORRES","EMERGENCIA MEDICA",SAMU-161,-12.0283461263994,-77.0808674190068
2016-018993,19-03-2016,"03:03:15 p.m.","  AV. ANGAMOS ESTE (PRIMAVERA) 2500       SURQUILLO","ACCIDENTE VEHICULAR","AMB-106, M28-1, RES-134",-12.1120228508255,-77.0012605447123
2016-018992,19-03-2016,"03:01:15 p.m.","AV. LAS AMERICAS  1200       PISCO","EMERGENCIA MEDICA","AMB-106, M28-1, RES-134",,
2016-018991,19-03-2016,"03:00:29 p.m.","AMERICA  1200       ","EMERGENCIA MEDICA",AMB-37,,
2016-018990,19-03-2016,"02:54:49 p.m.","AV. ANGAMOS ESTE (PRIMAVERA) CRUCE CON AV. PRINCIPAL (C) SURQUILLO 2244       SURQUILLO","EMERGENCIA MEDICA",AMB-106,-12.1123378025984,-77.0072025147349
2016-018989,19-03-2016,"02:49:32 p.m.","AH. VILLA SOLIDARIDAD ETAPA II G2 LT 22             SAN JUAN DE MIRAFLORES","EMERGENCIA MEDICA",SAMU-6,-12.1701995181658,-76.9581505606283
2016-018988,19-03-2016,"02:43:42 p.m.","  CL. CUMBIBIRA 000        SANTIAGO DE SURCO","EMERGENCIA MEDICA",SAMU-134,-12.138847149667,-77.0027089137473
2016-018987,19-03-2016,"02:28:58 p.m.","  PR. VILLA MARIA DEL TRIUNFO 100        VILLA MARIA DEL TRIUNFO","EMERGENCIA MEDICA",AMB134-2,-12.1673108126205,-76.9521565431165
2016-018986,19-03-2016,"02:27:00 p.m.","AV. UNIVERSITARIA (BAQUIJANO Y CARRILLO) CRUCE CON AV. VICENTE MORALES DUAREZ LIMA            LIMA","EMERGENCIA MEDICA",AMB134-2,-12.0358349753037,-77.0777894207629
2016-018985,19-03-2016,"02:26:50 p.m.","  JR. TACNA (PASCUAL DE VIVERO) 340        MAGDALENA DEL MAR","EMERGENCIA MEDICA",MED-100,-12.0955293003362,-77.0730111180651
2016-018984,19-03-2016,"02:21:50 p.m.","  AV. ISABEL LA CATOLICA 843        LA VICTORIA","EMERGENCIA MEDICA","MED-202, SAMU-10",-12.0697497380209,-77.0240388750562
2016-018983,19-03-2016,"02:20:58 p.m.","  CL. NICOLAS DE PIEROLA 457        BELLAVISTA","EMERGENCIA MEDICA",AMB-1,-12.0615074237194,-77.1272401111031
2016-018982,19-03-2016,"02:16:49 p.m.","  PR. HUAMANGA 961        LA VICTORIA","EMERGENCIA MEDICA",AMB-4,-12.0686395839814,-77.0197845193945
2016-018981,19-03-2016,"02:14:54 p.m.","AV. LA MARINA CRUCE CON AV. UNIVERSITARIA SAN MIGUEL            SAN MIGUEL","EMERGENCIA MEDICA",MED-5,-12.0782877253793,-77.0824586374011
2016-018980,19-03-2016,"02:12:01 p.m.","  CL. LAS AGUILAS (1)URB EL CONDOR  458        CALLAO",INCENDIO,"M9-1, M9-5",-12.0132277128512,-77.0928491365896
2016-018979,19-03-2016,"02:07:05 p.m.","CL PAITA 700        ","EMERGENCIA MEDICA",RES-193,,
2016-018978,19-03-2016,"01:57:37 p.m.",,"EMERGENCIA MEDICA",SAMU-14,-12.0518458867541,-77.0517371006781
2016-018977,19-03-2016,"01:45:28 p.m.","CEMENTERIO DE MARCONA             MARCONA","SERVICIO ESPECIAL",MED-152,,
2016-018976,19-03-2016,"01:40:10 p.m.","  CL. FRANCISCO RETES 495        SAN JUAN DE MIRAFLORES","EMERGENCIA MEDICA",SAMU-134,-12.1483503059182,-76.9709882125863
2016-018975,19-03-2016,"01:30:38 p.m.","AS. VALLE CHILLON G lote 11            PUENTE PIEDRA","EMERGENCIA MEDICA",SAMU-134,-11.9364803937082,-77.0851094596323
2016-018974,19-03-2016,"01:27:55 p.m.","  AV. CANADA 100        LA VICTORIA","EMERGENCIA MEDICA",SAMU-8,-12.0823914164681,-77.0257870186772
2016-018973,19-03-2016,"01:26:00 p.m.","AV. TOMAS MARSANO (ATOCONGO) CRUCE CON AV. ANGAMOS ESTE (PRIMAVERA) SURQUILLO            SURQUILLO","EMERGENCIA MEDICA",AMB-106,-12.1125428472611,-77.0128125729544
2016-018972,19-03-2016,"01:22:26 p.m.","DANIEL VELEZ  437        SAN JUAN DE MIRAFLORES","EMERGENCIA MEDICA",AMB-120,,
2016-018971,19-03-2016,"01:20:08 p.m.","  JR. PINAR DEL RIO 1622       SAN MARTIN DE PORRES","EMERGENCIA MEDICA",AMB-80,-12.0335097708441,-77.0631863967114
2016-018970,19-03-2016,"01:19:04 p.m.","SAYAN             ","EMERGENCIA MEDICA",AMB-80,,
2016-018969,19-03-2016,"01:18:17 p.m.","AV. RIVA AGUERO 1803       EL AGUSTINO","EMERGENCIA MEDICA",SAMU-10,,
2016-018968,19-03-2016,"01:17:21 p.m.","  JR. ICA 242        LIMA","EMERGENCIA MEDICA",MED-10,-12.0461431916546,-77.0335143825834
2016-018967,19-03-2016,"01:17:14 p.m.","  AV. AREQUIPA 2299       LINCE","EMERGENCIA MEDICA",MED-10,,
2016-018966,19-03-2016,"01:13:16 p.m.","AH. INTEGRAL 2000 SECTOR LAS AMERICAS D            VILLA MARIA DEL TRIUNFO",INCENDIO,"M106-3, M120-1, RES-134, SAMU-134",,
2016-018965,19-03-2016,"01:08:51 p.m.","  AV. LA MOLINA (A CIENEGUILLA) mz 5 lote 10 mussa 000        LA MOLINA","EMERGENCIA MEDICA",MED-96,-12.0861058248875,-76.8896000601837
2016-018964,19-03-2016,"12:59:21 p.m.","PANTALEON SEGUNDA AVENIDA  165             CHILCA","EMERGENCIA MEDICA",SAMU-106,,
2016-018963,19-03-2016,"12:52:46 p.m.","  CL. MIGUEL GRAU 200        BELLAVISTA","EMERGENCIA MEDICA",MED-5,-12.060132984334,-77.1272409708794
2016-018962,19-03-2016,"12:50:56 p.m.","  CL. CAMINO REAL 590        LURIGANCHO","EMERGENCIA MEDICA",MED-5,-11.984746938521,-76.820862500335
2016-018961,19-03-2016,"12:49:03 p.m.","  JR. LAS AMATISTAS 352        LA VICTORIA","EMERGENCIA MEDICA",AMB-4,-12.0765648130145,-77.0255691017932
2016-018960,19-03-2016,"12:37:22 p.m.","  JR. CUZCO (JOSE BARRENECHEA) 418        LA MOLINA","EMERGENCIA MEDICA",AMB-36,-12.089274366848,-77.0701200774663
2016-018959,19-03-2016,"12:36:54 p.m.","  AV. JAVIER PRADO ESTE 4800       LA MOLINA","EMERGENCIA MEDICA",AMB-169,-12.0823908456158,-76.9686727112709
2016-018958,19-03-2016,"12:30:39 p.m.","UR. LOS CEDROS DE VILLA ETAPA XII G12 LOTE 24             CHORRILLOS","EMERGENCIA MEDICA","AMB-13, SAMU-16",-12.2098958571668,-77.0173565268626
2016-018957,19-03-2016,"12:27:18 p.m.","  JR. DIEGO FERRE 273        MIRAFLORES","EMERGENCIA MEDICA",MED-28,-12.1294108455345,-77.0323990689394
2016-018956,19-03-2016,"12:20:08 p.m.","AH. LUIS ALBERTO SANCHEZ MAZ C LOTE 17             ATE","EMERGENCIA MEDICA","M161-1, RESLIG-161, SAMU-161",-12.0147012846881,-77.0815647701069
2016-018955,19-03-2016,"12:15:20 p.m.","  AV. PEDRO BELTRAN (LOS GERANIOS) 200        VENTANILLA","EMERGENCIA MEDICA","M161-1, RESLIG-161, SAMU-161",-11.8729457029908,-77.1245844355614
2016-018954,19-03-2016,"12:14:05 p.m.","B-184            ","EMERGENCIA MEDICA",AMB-184,,
2016-018953,19-03-2016,"12:12:46 p.m.","PARQUE MAGDALENA            ","EMERGENCIA MEDICA",MED-63,,
2016-018952,19-03-2016,"12:12:35 p.m.","  CL. JUAN LUXARDO 124        MAGDALENA DEL MAR","EMERGENCIA MEDICA",MED-100,-12.1000963454047,-77.060916581342
2016-018951,19-03-2016,"12:01:35 p.m.","  JR. HUASCAR 2020       JESUS MARIA","EMERGENCIA MEDICA",MED-202,-12.0831220275462,-77.0505936821888
2016-018950,19-03-2016,"11:59:12 a.m.","  CL. LOS FORESTALES (3)  300        VILLA EL SALVADOR","MATERIALES PELIGROSOS (INCIDENTE)","AMB-120, M105-2",-12.1869739236157,-76.9443064357952
2016-018949,19-03-2016,"11:50:08 a.m.","CL. LOS MILANOS CRUCE CON CL. LUIS BERNALES GARCIA (RICARDO ANGULO RAMIREZ) (LOS CENCERILLOS) SAN ISIDRO            SAN ISIDRO",INCENDIO,"AMB-4, M202-1, M4-1",-12.0910988034551,-77.0183115773674
2016-018948,19-03-2016,"11:46:33 a.m.","  JR. JUNIN 3923       SAN MARTIN DE PORRES",INCENDIO,"AMB-1, AMB-80, M9-1, M9-5, RESLIG-161",-12.0298037953195,-77.091754105124
2016-018947,19-03-2016,"11:29:52 a.m.","AV. TOMAS VALLE CRUCE CON AV. UNIVERSITARIA NORTE LOS OLIVOS            LOS OLIVOS","EMERGENCIA MEDICA",SAMU-161,-12.0124565311913,-77.0797056815554
2016-018946,19-03-2016,"11:28:01 a.m.","  AV. LOS PROCERES 500        SANTIAGO DE SURCO","EMERGENCIA MEDICA",SAMU-161,-12.1512338408568,-76.9886691153841
2016-018945,19-03-2016,"11:23:36 a.m.","  JR. ABTAO 1231       LA VICTORIA",RESCATE,"RES-10, SAMU-8",-12.0724020556061,-77.0215685453472
2016-018944,19-03-2016,"11:16:15 a.m.","PANAMERICANA SUR KILOMETRO 130             ","EMERGENCIA MEDICA","RES-10, SAMU-8",,
2016-018943,19-03-2016,"11:11:23 a.m.","  JR. HUIRACOCHA 1600       JESUS MARIA","ACCIDENTE VEHICULAR","M202-1, M4-1, SAMU-14",-12.0789555347468,-77.0499812182744
2016-018942,19-03-2016,"11:00:52 a.m.","COLAN  193        ",RESCATE,RES-127,,
2016-018941,19-03-2016,"10:58:50 a.m.","  AV. AFRANIO MELLO FRANCO 372        JESUS MARIA","EMERGENCIA MEDICA",MED-202,-12.075942934696,-77.0507511292465
2016-018940,19-03-2016,"10:56:10 a.m.","  CL. PENSILVANIA 175        ",INCENDIO,M168-1,-11.9529817666406,-77.0619510810446
2016-018939,19-03-2016,"10:48:27 a.m.","COLISEO DE HUACHO             ",RESCATE,RES-20,,
2016-018938,19-03-2016,"10:47:58 a.m.","  JR. JOSE GALVEZ (JOSE R. VALENCIA) 600        MAGDALENA DEL MAR","EMERGENCIA MEDICA",AMB-36,-12.090105824663,-77.0739665839201
2016-018937,19-03-2016,"10:46:50 a.m.",,"EMERGENCIA MEDICA",AMB-14,-12.0564740732805,-77.0496835390195
2016-018936,19-03-2016,"10:45:14 a.m.","UR. LAS BEGONIAS MAZ A LOTE 7             SAN MARTIN DE PORRES","EMERGENCIA MEDICA",AMB-14,,
2016-018935,19-03-2016,"10:45:03 a.m.","  JR. RISSO 155        LINCE","EMERGENCIA MEDICA",AMB-4,-12.0857713256353,-77.0346115778254
2016-018934,19-03-2016,"10:39:33 a.m.","CALLE SAN JUAN DE DIOS  400        PISCO","EMERGENCIA MEDICA",AMB-4,,
2016-018933,19-03-2016,"10:36:16 a.m.","AV. FINLANDIA            ICA","ACCIDENTE VEHICULAR",AMB-4,,
2016-018932,19-03-2016,"10:28:43 a.m.","LA PUENTE Y CORTEZ  107        PUEBLO LIBRE","EMERGENCIA MEDICA",AMB-36,,
2016-018931,19-03-2016,"10:28:33 a.m.","B. 221            ASIA","SERVICIO ESPECIAL","AMB-183, M183-1",,
2016-018930,19-03-2016,"10:16:39 a.m.","  CL. MURCIA (3) 228        SANTIAGO DE SURCO","EMERGENCIA MEDICA",AMB134-2,-12.1260698735718,-77.0017771124709
2016-018929,19-03-2016,"10:12:55 a.m.","  AV. AUGUSTO PEREZ ARANIBAR (DEL EJERCITO) 1600       SAN ISIDRO","ACCIDENTE VEHICULAR","M202-1, M36-1, MED-100",-12.1074148222269,-77.0540745818997
2016-018928,19-03-2016,"10:11:12 a.m.","FERMIN DEL CASTILLO 200        NAZCA",INCENDIO,"M202-1, M36-1, MED-100",,
2016-018927,19-03-2016,"10:09:21 a.m.","JR. JUNIN CRUCE CON AV. 12 DE OCTUBRE SAN MARTIN DE PORRES            SAN MARTIN DE PORRES","EMERGENCIA MEDICA","AMB-9, M9-1",-12.0301779447089,-77.0882160806214
2016-018926,19-03-2016,"09:56:06 a.m.","  JR. LAS DALIAS (G) 431        SANTIAGO DE SURCO","EMERGENCIA MEDICA",SAMU-16,-12.1279367094897,-76.9693646371574
2016-018925,19-03-2016,"09:51:55 a.m.","  AV. BUENA VISTA 500        SAN BORJA",INCENDIO,"M28-1, M4-1, MED-28, RES-134",-12.100130346237,-76.9804795352629
2016-018924,19-03-2016,"09:48:13 a.m.","  CL. LAS RIMARIMAS (LOS TILOS) (52) (41) 757        SAN JUAN DE LURIGANCHO","EMERGENCIA MEDICA",SAMU-121,-12.0082615949257,-77.0128513416329
2016-018923,19-03-2016,"09:35:23 a.m.","  CL. SAN ANTONIO 116        LA MOLINA","EMERGENCIA MEDICA",AMB-169,-12.0650017857236,-76.9563415711684
2016-018922,19-03-2016,"09:34:54 a.m.","CARRETERAS - PANAMERICANAS PANAMERICANA SUR 11.5            SAN JUAN DE MIRAFLORES","EMERGENCIA MEDICA",AMB134-2,-12.1579082633859,-76.9829952681839
2016-018921,19-03-2016,"09:24:26 a.m.","  JR. CONDOROMA 460        SANTIAGO DE SURCO","EMERGENCIA MEDICA",AMB-106,-12.1172585588298,-76.9950707934946
2016-018920,19-03-2016,"09:19:21 a.m.","  CL. CERRO COLORADO 276        SANTIAGO DE SURCO","EMERGENCIA MEDICA",AMB-120,-12.1375339546167,-76.976857893096
2016-018919,19-03-2016,"09:12:10 a.m.","  AV. MEJICO 280        LA VICTORIA","EMERGENCIA MEDICA",AMB-4,-12.0763003486334,-77.0279400541472
2016-018918,19-03-2016,"09:11:48 a.m.",,"EMERGENCIA MEDICA",SAMU-8,-12.0796138117615,-76.9937956215961
2016-018917,19-03-2016,"09:04:27 a.m.","  AV. CIRCUNVALACION DEL CLUB GOLF LOS INCAS 360        SANTIAGO DE SURCO","EMERGENCIA MEDICA",SAMU-127,-12.0758823968411,-76.959117814182
2016-018916,19-03-2016,"08:48:58 a.m.","LA CHUTANA            ","SERVICIO ESPECIAL",AMB-133,,
2016-018915,19-03-2016,"08:46:45 a.m.","  AV. ALBORADA 1784       LIMA","EMERGENCIA MEDICA",AMB-14,-12.0665630195687,-77.0674857461183
2016-018914,19-03-2016,"08:38:31 a.m.","  CL. DEMOCRACIA 132        INDEPENDENCIA","EMERGENCIA MEDICA",AMB-14,-11.9914819087223,-77.0500986114397
2016-018913,19-03-2016,"08:29:52 a.m.","AV. LOS NARANJOS CRUCE CON AV. VICTOR MALASQUEZ PACHACAMAC            PACHACAMAC","EMERGENCIA MEDICA","AMB-169, M96-1, RES-96",-12.1028186234448,-76.8772854884391
2016-018912,19-03-2016,"08:13:47 a.m.","UR. COVIMA G            LA MOLINA","EMERGENCIA MEDICA",MED-96,-12.0585671399622,-76.9446613242352
2016-018911,19-03-2016,"08:03:08 a.m.","JR. DE LA UNION 300        LIMA","EMERGENCIA MEDICA",AMB-2,-12.0458669015412,-77.0310633675702
2016-018910,19-03-2016,"08:00:50 a.m.","  CL. LOS EUCALIPTOS 428        BELLAVISTA","EMERGENCIA MEDICA",MED-5,-12.0594591261935,-77.0980233945851
2016-018909,19-03-2016,"07:56:56 a.m.","  CL. LUIS PARDO 1015       SAN MARTIN DE PORRES","EMERGENCIA MEDICA",AMB-80,-12.0337572442473,-77.0548987671218
2016-018908,19-03-2016,"07:36:09 a.m.","  PJ. LAS ROSAS mz c lote   2 urb. camino real 000        SANTIAGO DE SURCO","EMERGENCIA MEDICA",SAMU-16,-12.151407063787,-77.011502573902
2016-018907,19-03-2016,"07:18:24 a.m.","  CL. JORGE MUELLE 418        SAN BORJA","EMERGENCIA MEDICA",AMB-106,-12.1078742275111,-77.0042473262529
2016-018906,19-03-2016,"07:15:14 a.m.","AV. ALAMEDA SAN MARCOS (A) CRUCE CON AL. SUR CHORRILLOS            CHORRILLOS","EMERGENCIA MEDICA",AMB-106,,
2016-018905,19-03-2016,"07:09:35 a.m.","AV. EDILBERTO RAMOS (MARIANO PASTOR SEVILLA) (FORESTAL) CRUCE CON AV. MODELO VILLA EL SALVADOR            VILLA EL SALVADOR","MATERIALES PELIGROSOS (INCIDENTE)",M105-2,-12.1954562495091,-76.9589839559376
2016-018904,19-03-2016,"07:00:20 a.m.","UR. ALFONSO COBIAN MAZ C LOTE 8             CHACLACAYO","EMERGENCIA MEDICA",AMB-115-2,-11.9841266787802,-76.8039482600295
2016-018903,19-03-2016,"06:47:02 a.m.","  CL. COLOMA BACAFLOR 155        MAGDALENA DEL MAR","EMERGENCIA MEDICA",AMB-115-2,-12.0997323308635,-77.0621145787782
2016-018902,19-03-2016,"06:31:48 a.m.","CARRETERAS - PANAMERICANAS ANTIGUA PANAMERICANA SUR 42.1            SAN BARTOLO","ACCIDENTE VEHICULAR","AMB-129, M125-1, RES-125",-12.3133038831701,-76.8345750316649
2016-018901,19-03-2016,"06:25:23 a.m.","CARRETERAS - PANAMERICANAS PANAMERICANA SUR 25            LURIN","EMERGENCIA MEDICA",AMB-120,-12.2517298174504,-76.9284627631285
2016-018900,19-03-2016,"06:24:28 a.m.",,"EMERGENCIA MEDICA",AMB-120,-12.0488327072797,-76.9703896900775
2016-018899,19-03-2016,"06:00:30 a.m.","  AV. JOSE BALTA (CARLOS HUGUET) 100        BARRANCO","ACCIDENTE VEHICULAR","AMB-13, M13-1, M16-1",-12.1423272588263,-77.017175951194
2016-018898,19-03-2016,"05:57:16 a.m.","  AV. PRIMAVERA 14         VILLA MARIA DEL TRIUNFO",RESCATE,"M106-3, SAMU-106",-12.1494573335459,-76.9514509233574
2016-018897,19-03-2016,"05:25:33 a.m.","  AV. COSTA VERDE (CIRCUITO DE PLAYAS) ALT RUSTICA 000        MIRAFLORES","ACCIDENTE VEHICULAR","M13-1, M16-1, M28-1, MED-28",-12.1363205086855,-77.0288365098871
2016-018896,19-03-2016,"03:11:16 a.m.","  CL. LAS CAMPANILLAS (C) 100        ATE","EMERGENCIA MEDICA",SAMU-127,-12.0752720214988,-76.9766309317267
2016-018895,19-03-2016,"02:39:48 a.m.","  AV. PIO XII 370        SAN MIGUEL","EMERGENCIA MEDICA",AMB-7,-12.0642473235571,-77.1009877499663
2016-018894,19-03-2016,"02:32:24 a.m.","  CL. LA PUNTA 500        LA MOLINA","EMERGENCIA MEDICA",MED-96,-12.0843743200842,-76.9003280098202
2016-018893,19-03-2016,"02:07:54 a.m.","  AV. ABEL BERGASSE DU PETIT THOUARS 2414       LINCE","EMERGENCIA MEDICA",AMB-202,-12.0884433622105,-77.032800539226
2016-018892,19-03-2016,"02:05:05 a.m.","  JR. BATERIA MAIPU 702        LA VICTORIA","EMERGENCIA MEDICA",AMB-4,-12.0811303562469,-77.0141570553421
2016-018891,19-03-2016,"01:55:44 a.m.","PANAMERICANA  NORTE 175            BARRANCA","ACCIDENTE VEHICULAR","AMB-73, AMB-91, RES-73",,
2016-018890,19-03-2016,"01:32:09 a.m.","  AV. AREQUIPA 4900       MIRAFLORES","MATERIALES PELIGROSOS (INCIDENTE)","M28-1, MED-28",-12.1146890766989,-77.0295620932486
2016-018889,19-03-2016,"01:14:51 a.m.","  JR. MANUEL CISNEROS 800        LA VICTORIA","EMERGENCIA MEDICA",AMB-8,-12.0697110536539,-77.0210436233999
2016-018888,19-03-2016,"01:09:13 a.m.","AV. CRISTOBAL DE PERALTA NORTE (CIRCUNVALACION) 000        SANTIAGO DE SURCO","ACCIDENTE VEHICULAR","M120-1, RES-134, SAMU-134",,
2016-018887,19-03-2016,"01:08:00 a.m.","  PJ. ALFONSO UGARTE 000        CALLAO","EMERGENCIA MEDICA",MED-5,-12.0523105116084,-77.1011917859464
2016-018886,19-03-2016,"12:55:20 a.m.","AV. EMANCIPACION (AREQUIPA) CRUCE CON AV. TACNA LIMA            LIMA","EMERGENCIA MEDICA",SAMU-10,-12.0463831133034,-77.0375974440362
2016-018885,19-03-2016,"12:46:37 a.m.","AV. CENTENARIO            HUACHO","EMERGENCIA MEDICA",AMB-20,,
2016-018884,19-03-2016,"12:36:50 a.m.","  AL. LORENZO DE VIDAURRE MZ F-1  LT 13 URB LOS PROCERES 000        SANTIAGO DE SURCO","EMERGENCIA MEDICA",AMB134-2,-12.1511667073847,-76.9871470184118
2016-018883,19-03-2016,"12:34:48 a.m.","  PJ. SAN LUIS (AYLLON) 144        LINCE","EMERGENCIA MEDICA",AMB-4,-12.0883503883764,-77.0378390919541
2016-018882,19-03-2016,"12:34:17 a.m.","  CL. TORIBIO SEMINARIO 669        SAN JUAN DE MIRAFLORES","EMERGENCIA MEDICA",AMB-120,-12.1569989065397,-76.9688199337954
2016-018881,19-03-2016,"12:30:51 a.m.","  AV. 2 DE MAYO 756        SAN ISIDRO",INCENDIO,M4-1,-12.0915141459118,-77.0393058488759
2016-018880,19-03-2016,"12:29:09 a.m.","CARRETERAS - PANAMERICANAS CARRETERA CENTRAL 30            LURIGANCHO",INCENDIO,"AMB-115, M138-4, M32-1",-11.9514708539115,-76.7267018353599
2016-018879,19-03-2016,"12:05:41 a.m.","  CL. LOS AMAUTAS 741        SAN JUAN DE LURIGANCHO","MATERIALES PELIGROSOS (INCIDENTE)","AMB-2, M176-1",-12.0260462125444,-77.0008655838357
2016-018878,19-03-2016," ","  JR. TOMAS GUIDO 243        LINCE","EMERGENCIA MEDICA","AMB-202, AMB-8",-12.0868952759494,-77.0335160670969
