ID,FECHA,HORA,DIRECCION,TIPO,UNIDADES,"CORDENADAS (lat)","CORDENADAS (lng)"
2016-013701,26-02-2016,"11:59:59 p.m.","  JR. ANDAHUAYLAS 1200       LA VICTORIA","EMERGENCIA MEDICA",AMB-8,-12.071674684378,-77.0250655771277
2016-013700,26-02-2016,"11:59:05 p.m.","  JR. IGNACIO MARIATEGUI 100        BARRANCO","EMERGENCIA MEDICA",AMB-16,-12.1472653545393,-77.0188450531613
2016-013699,26-02-2016,"11:57:35 p.m.","  AV. SANTA CRUZ (ELIAS RENAN) 814        MIRAFLORES","EMERGENCIA MEDICA",AMB-28,-12.1109242969957,-77.0374450925843
2016-013698,26-02-2016,"11:55:45 p.m.","  JR. BENIGNO CORNEJO (NECOCHEA) 429        PUEBLO LIBRE","EMERGENCIA MEDICA",AMB-36,-12.0800268416413,-77.0623021466807
2016-013697,26-02-2016,"11:49:45 p.m.","AV. ABEL BERGASSE DU PETIT THOUARS CRUCE CON AV. REPUBLICA DE COLOMBIA (CENTRAL) SAN ISIDRO            SAN ISIDRO","EMERGENCIA MEDICA",AMB-4,-12.0986755963081,-77.0312475817976
2016-013696,26-02-2016,"11:24:47 p.m.","AV SOLAR CDRA 1             ","EMERGENCIA MEDICA",AMB-44,,
2016-013695,26-02-2016,"11:23:39 p.m.","AV. SOL DE NARANJAL CRUCE CON AV. SAN JOSE SAN MARTIN DE PORRES            SAN MARTIN DE PORRES","EMERGENCIA MEDICA",AMB124-2,-11.9718408323328,-77.0942503883771
2016-013694,26-02-2016,"11:22:47 p.m.","  AV. PALERMO 463        LA VICTORIA","EMERGENCIA MEDICA",AMB-4,-12.0796933413096,-77.0228845622819
2016-013693,26-02-2016,"11:22:30 p.m.","PANAMERICANA NORTE 191            ","ACCIDENTE VEHICULAR",RES-73,,
2016-013692,26-02-2016,"11:19:37 p.m.","  AV. MIRAFLORES (F. GARCIA MONTERROSI) 406        BARRANCO","EMERGENCIA MEDICA",AMB-16,-12.1433291256056,-77.0188038324562
2016-013691,26-02-2016,"11:18:29 p.m.","  CL. HUAYUCCARI (JOSE SANTOS CHOCANO) 161        ATE","EMERGENCIA MEDICA",AMB-169,-12.0555356395906,-76.9591341152117
2016-013690,26-02-2016,"11:17:34 p.m.","  JR. YUTAY 157        RIMAC","EMERGENCIA MEDICA",SAMU-10,-12.0387332950861,-77.0284016128163
2016-013689,26-02-2016,"11:13:02 p.m.","PARCONA 700        ",INCENDIO,M193-1,,
2016-013688,26-02-2016,"11:12:04 p.m.","  AV. COSTA VERDE (CIRCUITO DE PLAYAS) 000        MIRAFLORES","ACCIDENTE VEHICULAR","AMB-28, M28-1, RES-16",-12.1372697392016,-77.0285920632679
2016-013687,26-02-2016,"11:01:50 p.m.","  JR. LOMA UMBROSA 245        SANTIAGO DE SURCO","EMERGENCIA MEDICA",AMB134-2,-12.1393995478642,-76.9895263590231
2016-013686,26-02-2016,"10:58:50 p.m.","GARCIA NARANJO 742        ","EMERGENCIA MEDICA",AMB-8,,
2016-013685,26-02-2016,"10:42:58 p.m.","AV. 15 DE JULIO CRUCE CON AV. JOSE CARLOS MARIATEGUI ATE - VITARTE HUAYCAN            ATE","EMERGENCIA MEDICA",AMB-115,-12.0135742990409,-76.825091843969
2016-013684,26-02-2016,"10:42:11 p.m.","JR. SUPE CRUCE CON AV. FEDERICO FERNANDINI (RIMAC) CALLAO            CALLAO","EMERGENCIA MEDICA",MED-34,-12.0548740687691,-77.1292930380082
2016-013683,26-02-2016,"10:34:37 p.m.","  CL. 5 990        RIMAC","EMERGENCIA MEDICA",SAMU-10,-12.024393805564,-77.0328382876549
2016-013682,26-02-2016,"10:33:52 p.m.","  JR. VENEZUELA 681        CALLAO","EMERGENCIA MEDICA",AMB-7,-12.0562423382253,-77.1409369942588
2016-013681,26-02-2016,"10:22:36 p.m.","PJ. VILLA EL SALVADOR SECTOR 6 GRUPO 7 B            VILLA EL SALVADOR","EMERGENCIA MEDICA",AMB-155,-12.2237463777397,-76.9436401622542
2016-013680,26-02-2016,"10:20:11 p.m.","RESIDENCIAL SAN FELIPE EDIFICIO LOS NOGALES             ","SERVICIO ESPECIAL","M202-1, RESLIG-4",,
2016-013679,26-02-2016,"10:16:08 p.m.","  JR. GERMAN MEDINA 100        LA PUNTA","EMERGENCIA MEDICA",MED-34,-12.0741654992685,-77.1634796788487
2016-013678,26-02-2016,"10:11:46 p.m.","AV. LA CORDIALIDAD (D) CRUCE CON AV. LOS PROCERES (EULOGIO FERNANDINI) LOS OLIVOS            LOS OLIVOS","EMERGENCIA MEDICA",AMB-168,-11.9392216376514,-77.0773187522787
2016-013677,26-02-2016,"10:08:48 p.m.","  JR. LOS CRISANTEMOS 120        SANTIAGO DE SURCO","EMERGENCIA MEDICA",AMB134-2,-12.1269304685882,-76.9672851310358
2016-013676,26-02-2016,"10:03:17 p.m.","AH. LAS BRISAS DE VILLA K LT 18             CHORRILLOS","EMERGENCIA MEDICA",AMB134-2,,
2016-013675,26-02-2016,"09:57:19 p.m.","  CL. LUIS FELIPE VILLARAN 1010       SAN ISIDRO",INCENDIO,M11-1,-12.1021548344348,-77.0290290325847
2016-013674,26-02-2016,"09:54:54 p.m.","AV. ANGAMOS ESTE (PRIMAVERA) CRUCE CON AV. PASEO DE LA REPUBLICA SURQUILLO            SURQUILLO",INCENDIO,"AMB-28, M16-1, M28-1, RES-16",-12.12888784994,-77.0087337882075
2016-013673,26-02-2016,"09:49:06 p.m.","DISTRITO  LA  ESPERANZA            PISCO","ACCIDENTE VEHICULAR",AMB-37,,
2016-013672,26-02-2016,"09:47:46 p.m.","AS. LOS PORTALES MZ A15 LOTE 5             SANTA ANITA","MATERIALES PELIGROSOS (INCIDENTE)","AMB-169, M169-1",-12.0417976727203,-76.9589138431382
2016-013671,26-02-2016,"09:45:41 p.m.","  JR. CORONEL FRANCISCO BOLOGNESI 675        SAN MIGUEL","EMERGENCIA MEDICA",AMB-83,-12.0871058499154,-77.0788594084176
2016-013670,26-02-2016,"09:36:14 p.m.","AV. LUIS BRAILLE CRUCE CON CL. EL ANGEL LIMA            LIMA","EMERGENCIA MEDICA",AMB-36,-12.0509859294627,-77.0669230270781
2016-013669,26-02-2016,"09:21:26 p.m.","  AV. EVITAMIENTO (CIRCUNVALACION) 000        RIMAC","ACCIDENTE VEHICULAR","AMB-168, AMB-21, AMB-65, M10-1, RES-3",-12.0398490649814,-77.0359347681055
2016-013668,26-02-2016,"09:07:43 p.m.","  AV. IGNACIO MERINO 2100       LINCE","EMERGENCIA MEDICA","AMB-8, MED-202",-12.0857562970064,-77.0321945645487
2016-013667,26-02-2016,"09:02:58 p.m.","AV. 1 DE MAYO CRUCE CON AV. SEPARADORA INDUSTRIAL VILLA EL SALVADOR            VILLA EL SALVADOR","MATERIALES PELIGROSOS (INCIDENTE)","AMB-8, MED-202",-12.1900947654552,-76.9441477629778
2016-013666,26-02-2016,"09:02:56 p.m.","PJ. VILLA EL SALVADOR SECTOR 1 GRUPO 3 maz e lote 20            VILLA EL SALVADOR","MATERIALES PELIGROSOS (INCIDENTE)","AMB-155, M106-3",-12.1923837359145,-76.9435833294987
2016-013665,26-02-2016,"09:00:25 p.m.","UV. MATUTE  block 58 c 3            LA VICTORIA","EMERGENCIA MEDICA",AMB-4,-12.0711205936838,-77.0238375925267
2016-013664,26-02-2016,"08:55:31 p.m.",,"EMERGENCIA MEDICA",AMB-202,-12.059692184836,-77.0458400262867
2016-013663,26-02-2016,"08:54:18 p.m.","  AV. JOSE BALTA (CARLOS HUGUET) 153        BARRANCO","EMERGENCIA MEDICA",AMB-202,,
2016-013662,26-02-2016,"08:52:16 p.m.","  JR. ANDAHUAYLAS 465        SAN MARTIN DE PORRES","EMERGENCIA MEDICA",AMB-202,-12.0295148313406,-77.0820411250669
2016-013661,26-02-2016,"08:48:23 p.m.","  CL. LAS HORMIGAS MZ C LT 14  000        LA MOLINA","EMERGENCIA MEDICA",MED-96,-12.0760091412709,-76.9525565723258
2016-013660,26-02-2016,"08:44:55 p.m.","  AV. ALEJANDRO BERTELLO 779        LIMA","EMERGENCIA MEDICA",AMB-36,-12.0627337541342,-77.0695996995572
2016-013659,26-02-2016,"08:43:13 p.m.","  AV. NESTOR GAMBETA 000        VENTANILLA","EMERGENCIA MEDICA",AMB-150-2,-11.8435986479733,-77.1167637983383
2016-013658,26-02-2016,"08:37:05 p.m.","AV. CAMINOS DEL INCA CRUCE CON AV. SANTIAGO DE SURCO (TOMAS MARSANO) SANTIAGO DE SURCO            LA MOLINA","EMERGENCIA MEDICA",AMB134-2,-12.1476257222652,-76.9860212623231
2016-013657,26-02-2016,"08:36:26 p.m.","PJ. 13 DE OCTUBRE I  LOT 6            SAN JUAN DE MIRAFLORES","EMERGENCIA MEDICA",AMB-106,-12.1746481236021,-76.96759684512
2016-013656,26-02-2016,"08:30:21 p.m.","AV. FLORA TRISTAN SUR (COLECTORA) CRUCE CON PR. JAVIER PRADO ESTE LA MOLINA            LA MOLINA","EMERGENCIA MEDICA",MED-96,-12.0669498021383,-76.9438835436766
2016-013655,26-02-2016,"08:06:50 p.m.","AV. VENEZUELA CRUCE CON AV. UNIVERSITARIA LIMA            LIMA","EMERGENCIA MEDICA",AMB-36,-12.0601564067819,-77.0790374517793
2016-013654,26-02-2016,"08:05:06 p.m.","  AV. GENERAL JOSE DE SAN MARTIN (EL LIBERTADOR) 645        BARRANCO","EMERGENCIA MEDICA",AMB-16,-12.1399677414989,-77.0234465394194
2016-013653,26-02-2016,"08:01:27 p.m.","  AV. VENEZUELA 3800       SAN MIGUEL","EMERGENCIA MEDICA",AMB-7,-12.0613939337012,-77.0856416297988
2016-013652,26-02-2016,"07:59:40 p.m.","CLINNICA MAISON DE SANTE BENAVIDES            SANTIAGO DE SURCO","EMERGENCIA MEDICA",AMB-28,,
2016-013651,26-02-2016,"07:53:27 p.m.","HUANDO             HUARAL",INCENDIO,"M44-1, M80-1",,
2016-013650,26-02-2016,"07:42:01 p.m.","CARRETERAS - PANAMERICANAS PANAMERICANA SUR 30            LURIN","ACCIDENTE VEHICULAR","AMB-129, M106-3, M125-1, M129-1, SAMU-105",-12.2761077343792,-76.889902557307
2016-013649,26-02-2016,"07:39:12 p.m.","COMISARIA DE SOL DE ORO 100        LOS OLIVOS","EMERGENCIA MEDICA","AMB-129, M106-3, M125-1, M129-1, SAMU-105",-11.9972419747105,-77.0650608418916
2016-013648,26-02-2016,"07:37:32 p.m.","  CL. LORETO (3) 152        LA MOLINA","EMERGENCIA MEDICA",MED-96,-12.0690893822376,-76.9478465638046
2016-013647,26-02-2016,"07:32:17 p.m.","A.A.H.H. JOSE CARLOS MARIATEGUI MZ J-2 LT 26             ","EMERGENCIA MEDICA",MED-96,,
2016-013646,26-02-2016,"07:29:34 p.m.","CL. PIRAMIDE DEL SOL /  CALLE LAS MERCEDES  800        SAN JUAN DE LURIGANCHO","ACCIDENTE VEHICULAR","AMB-14, M2-1",-12.0202368235766,-77.0014300186036
2016-013645,26-02-2016,"07:24:55 p.m.","  AV. ABEL BERGASSE DU PETIT THOUARS 5356       MIRAFLORES","EMERGENCIA MEDICA",AMB-28,-12.1163070923158,-77.0282431334103
2016-013644,26-02-2016,"07:21:24 p.m.","AH. ANCIETA ALTA V LOT 15             EL AGUSTINO","EMERGENCIA MEDICA",AMB-28,-12.0412139918328,-76.9985819749284
2016-013643,26-02-2016,"07:17:00 p.m.","CERRO PRIETO            ICA",INCENDIO,"AMB-22, CIST-VI",,
2016-013642,26-02-2016,"07:14:00 p.m.","  AV. ABANCAY 500        LIMA","EMERGENCIA MEDICA",AMB-14,-12.0513551323594,-77.0284065888261
2016-013641,26-02-2016,"07:10:42 p.m.","COMERCIAL SUPERMERCADO TOTTUS  paseo de  la republica            SAN ISIDRO","EMERGENCIA MEDICA",AMB-11,-12.0963265495347,-77.0253058348904
2016-013640,26-02-2016,"07:09:15 p.m.","  AV. IGNACIO MERINO 2313       LINCE","EMERGENCIA MEDICA",AMB-11,,
2016-013639,26-02-2016,"07:04:43 p.m.","  JR. SANTA CARLA 261        SAN MARTIN DE PORRES","EMERGENCIA MEDICA",AMB-65,-12.0236335360718,-77.0609073589812
2016-013638,26-02-2016,"07:04:14 p.m.","  CL. CAMILO M. CARRILLO 000        SANTIAGO DE SURCO","EMERGENCIA MEDICA",AMB-16,-12.1450740872763,-77.0063309043251
2016-013637,26-02-2016,"06:58:23 p.m.","PJ. VILLA EL SALVADOR SECTOR 6 GRUPO 6 MZ C LT 14             VILLA EL SALVADOR","EMERGENCIA MEDICA",AMB-120,-12.2216544096072,-76.9464878179315
2016-013636,26-02-2016,"06:55:30 p.m.","AV. LAS MALVINAS (JOSE CARLOS MARIATEGUI) CRUCE CON AV. SEPARADORA INDUSTRIAL VILLA EL SALVADOR            VILLA EL SALVADOR","EMERGENCIA MEDICA",AMB-120,-12.217622887066,-76.9269249109166
2016-013635,26-02-2016,"06:52:31 p.m.",,"SERVICIO ESPECIAL",M3-1,-12.0789411944125,-76.9164152138334
2016-013634,26-02-2016,"06:51:31 p.m.","PANAMERICANA SUR KM 130            CERRO AZUL","EMERGENCIA MEDICA",MED-49,,
2016-013633,26-02-2016,"06:45:27 p.m.","  JR. ORQUIDEAS 571        LIMA","EMERGENCIA MEDICA",MED-49,-12.0651281819962,-77.0692661460714
2016-013632,26-02-2016,"06:45:16 p.m.","  CL. 7 DE JUNIO NVA ESPERANZA  797        VILLA MARIA DEL TRIUNFO","EMERGENCIA MEDICA",AMB-106,-12.1735455025891,-76.9356125775657
2016-013631,26-02-2016,"06:41:24 p.m.","  AV. JORGE BASADRE (ORRANTIA) 200        SAN ISIDRO","ACCIDENTE VEHICULAR","AMB-4, M4-1, MATPEL-4",-12.0930613397126,-77.0344551048881
2016-013630,26-02-2016,"06:40:52 p.m.","  JR. PEREZ DE TUDELA 2323       ","EMERGENCIA MEDICA",AMB-60,-12.0360423632495,-77.0717364156107
2016-013629,26-02-2016,"06:39:48 p.m.","CL.JUAN BARRETO 144        HUACHO","EMERGENCIA MEDICA",AMB-20,,
2016-013628,26-02-2016,"06:39:15 p.m.","  AV. SEPARADORA INDUSTRIAL (SANTA FELICIA) 2330       ATE","EMERGENCIA MEDICA",AMB-169,-12.0614562153058,-76.9556840471333
2016-013627,26-02-2016,"06:36:01 p.m.","CL. LAS RETAMAS  200        CHACLACAYO","EMERGENCIA MEDICA",AMB-115,,
2016-013626,26-02-2016,"06:20:34 p.m.","  AV. LOS PROCERES DE LA INDEPENDENCIA (VICTOR RAUL HAYA DE LA TORRE) 100        SAN JUAN DE LURIGANCHO","EMERGENCIA MEDICA",AMB-115,-12.0283048222765,-77.0111671178159
2016-013625,26-02-2016,"06:20:23 p.m.","  PJ. SANTA ROSITa  mz ll lote 12 000        SAN JUAN DE LURIGANCHO","EMERGENCIA MEDICA",AMB-115,-12.0331163391954,-77.0145261043177
2016-013624,26-02-2016,"06:16:02 p.m.",,"EMERGENCIA MEDICA",AMB-115,,
2016-013623,26-02-2016,"06:12:00 p.m.","AV. FERNANDO WIESE (PROCERES DE LA INDEPENDENCIA) CRUCE CON AV. DEL MURO OESTE (PAMPA) SAN JUAN DE LURIGANCHO            SAN JUAN DE LURIGANCHO",INCENDIO,"AMB-121, M21-1",-11.9475857321145,-76.9851626273653
2016-013622,26-02-2016,"06:10:34 p.m.","  AV. VELASCO ALVARADO 1321       VILLA EL SALVADOR","EMERGENCIA MEDICA",AMB-106,-12.2117297618288,-76.9461420395732
2016-013621,26-02-2016,"06:06:47 p.m.","  CL. ARMANDO BLONDET 110        SAN ISIDRO","EMERGENCIA MEDICA",AMB-4,-12.0952453377475,-77.0223756061308
2016-013620,26-02-2016,"06:03:46 p.m.","AH. CERRO EL PINO SECTOR 5 LT 6 PJ SAN LUIS            LA VICTORIA","EMERGENCIA MEDICA",SAMU-127,-12.0633892676507,-77.002134955299
2016-013619,26-02-2016,"06:01:45 p.m.","CL. ALCONES 631        BELLAVISTA","EMERGENCIA MEDICA",AMB-60,,
2016-013618,26-02-2016,"05:54:21 p.m.",,"EMERGENCIA MEDICA",AMB-120,-12.1730960330549,-76.992126749801
2016-013617,26-02-2016,"05:52:20 p.m.","  CL. OMEGA ESQ DELTA  100        CALLAO","ACCIDENTE VEHICULAR","M5-1, M60-1, MED-34, MED-5",-12.0508573051187,-77.0873631870909
2016-013616,26-02-2016,"05:52:04 p.m.","  CL. GARCIA CALDERON 653        CALLAO","EMERGENCIA MEDICA","MED-34, MED-5",-12.055591448534,-77.135292125871
2016-013615,26-02-2016,"05:50:04 p.m.","EX FUNDO  SANTUCCIO             SAN VICENTE DE CANETE",INCENDIO,M49-1,,
2016-013614,26-02-2016,"05:44:12 p.m.","  AV. DE LA POLICIA 400        JESUS MARIA","EMERGENCIA MEDICA",M49-1,-12.0868583475433,-77.0587951053803
2016-013613,26-02-2016,"05:40:48 p.m.","  AV. GUARDIA CIVIL (ANTONIO VARGAS) (CONDORES) 927        CHORRILLOS","EMERGENCIA MEDICA",SAMU-16,-12.1730960330549,-76.992126749801
2016-013612,26-02-2016,"05:27:17 p.m.","  AV. ANGAMOS ESTE (PRIMAVERA) 1800       SURQUILLO","EMERGENCIA MEDICA",AMB-28,-12.1125948265861,-77.0112028028941
2016-013611,26-02-2016,"05:25:16 p.m.","UNIDAD VEINAL MATUTE BLOCK 43            LA VICTORIA","EMERGENCIA MEDICA",AMB-28,,
2016-013610,26-02-2016,"05:19:42 p.m.","  JR. ANDAHUAYLAS 665        LIMA","EMERGENCIA MEDICA",AMB-28,-12.0504786097809,-77.0254930216703
2016-013609,26-02-2016,"05:14:29 p.m.","BASTIDAS            MARCONA","EMERGENCIA MEDICA",MED-152,,
2016-013608,26-02-2016,"05:14:26 p.m.","  AV. ABANCAY 800        LIMA",RESCATE,RES-2,-12.0536770617195,-77.0296467874186
2016-013607,26-02-2016,"05:07:06 p.m.","  CL. DANTE 916        SURQUILLO","EMERGENCIA MEDICA",AMB-11,-12.1117397967764,-77.0234366051211
2016-013606,26-02-2016,"05:06:26 p.m.","  AV. CIRCUNVALACION MZ B LT 10 000        ",INCENDIO,"AMB-169, M127-1, M169-1, RES-96, SAMU-176",-12.0171790695925,-76.9170010933287
2016-013605,26-02-2016,"05:00:59 p.m.","  JR. LAMBAYEQUE 3831       SAN MARTIN DE PORRES","EMERGENCIA MEDICA",SAMU-161,-12.0255423683669,-77.0885139088343
2016-013604,26-02-2016,"04:59:26 p.m.","COMERCIAL COMPLEJO LARCOMAR 100        MIRAFLORES","EMERGENCIA MEDICA",AMB-16,-12.1315833306032,-77.0307741103088
2016-013603,26-02-2016,"04:58:11 p.m.","  JR. MANUEL CANDAMO 109        ","EMERGENCIA MEDICA",AMB-16,,
2016-013602,26-02-2016,"04:52:59 p.m.","  AV. SALAVERRY 600        JESUS MARIA",RESCATE,AMB-16,-12.0711393293673,-77.0408350504796
2016-013601,26-02-2016,"04:47:45 p.m.","  AV. SUCRE 400        PUEBLO LIBRE","EMERGENCIA MEDICA",AMB-16,-12.0752625009896,-77.0634296234548
2016-013600,26-02-2016,"04:45:58 p.m.","  PQ. LEON GARCIA 163        PUEBLO LIBRE","EMERGENCIA MEDICA",AMB-16,-12.0827227709412,-77.0642870839523
2016-013599,26-02-2016,"04:42:19 p.m.","  AV. ARNALDO MARQUEZ 1814       JESUS MARIA","EMERGENCIA MEDICA",AMB-16,-12.0787929877569,-77.053745233546
2016-013598,26-02-2016,"04:41:39 p.m.","  JR. COLON 311        MIRAFLORES","EMERGENCIA MEDICA",AMB-28,-12.1268309773607,-77.0308800250617
2016-013597,26-02-2016,"04:38:25 p.m.","  AV. CESAR CANEVARO 500        SAN JUAN DE MIRAFLORES","EMERGENCIA MEDICA",SAMU-134,-12.162467137171,-76.9686627298353
2016-013596,26-02-2016,"04:36:06 p.m.","  AV. JOSE PARDO 400        MIRAFLORES",RESCATE,M100-1,-12.1190303223915,-77.0329845833935
2016-013595,26-02-2016,"04:35:00 p.m.","AV. FRANKLIN D. ROOSEVELT (SURCO) CRUCE CON AV. JORGE CHAVEZ (CARLOS HUGUET) SANTIAGO DE SURCO            SANTIAGO DE SURCO","EMERGENCIA MEDICA",SAMU-16,-12.1470439222364,-77.0119113963803
2016-013594,26-02-2016,"04:25:50 p.m.","  AV. ANGAMOS ESTE (PRIMAVERA) 999        SAN BORJA","EMERGENCIA MEDICA",AMB-11,-12.1103793854976,-76.9828452056298
2016-013593,26-02-2016,"04:18:48 p.m.","AS. AGROPECUARIA LA CONCORDIA C 2                VILLA EL SALVADOR","EMERGENCIA MEDICA",SAMU-105,-12.2073316352298,-76.9734184863111
2016-013592,26-02-2016,"04:18:06 p.m.","  AV. EL SOL (LORENZO FRANGUELA) 700        RIMAC",INCENDIO,"AMB-21, AMB-65, M2-1, M21-1, M3-1",-12.0217372706421,-77.0290698344765
2016-013591,26-02-2016,"04:10:16 p.m.","  AV. MARIANO CORNEJO 1658       PUEBLO LIBRE","EMERGENCIA MEDICA",AMB-83,-12.0678725667222,-77.0690798824822
2016-013590,26-02-2016,"04:09:27 p.m.","CARRETERAS - PANAMERICANAS ANTIGUA PANAMERICANA SUR 48            PUNTA NEGRA","EMERGENCIA MEDICA",AMB-129,-12.3560611397268,-76.8036297813227
2016-013589,26-02-2016,"03:50:20 p.m.","  AV. BRASIL 1765       JESUS MARIA","EMERGENCIA MEDICA",AMB-202,-12.0766100445729,-77.0549057675507
2016-013588,26-02-2016,"03:37:48 p.m.","CL. MELITON CARBAJAL MZ P 13            LA MOLINA","EMERGENCIA MEDICA",MED-96,,
2016-013587,26-02-2016,"03:36:08 p.m.","JR. CAJAMARQUILLA  878        SAN JUAN DE LURIGANCHO","EMERGENCIA MEDICA",MED-96,,
2016-013586,26-02-2016,"03:30:47 p.m.","  AV. BELISARIO SOSA PELAEZ 1358       LIMA","EMERGENCIA MEDICA",SAMU-10,-12.0612433901933,-77.0631152460789
2016-013585,26-02-2016,"03:27:11 p.m.","B133            CHILCA","EMERGENCIA MEDICA",AMB-133,,
2016-013584,26-02-2016,"03:24:58 p.m.","  CL. MARIANO JURADO DE LOS REYES (SAN CARLOS) 612        SURQUILLO","EMERGENCIA MEDICA",AMB-11,-12.1141768463305,-77.0194935622089
2016-013583,26-02-2016,"03:24:22 p.m.","  AV. BOLIVIA 100        LIMA","EMERGENCIA MEDICA",SAMU-2,-12.0558296681259,-77.0372509929051
2016-013582,26-02-2016,"03:20:41 p.m.","TRUJILLO SUR  414        LURIGANCHO","EMERGENCIA MEDICA",AMB-32,,
2016-013581,26-02-2016,"03:17:45 p.m.","  AV. SAN LUIS 1700       ","ACCIDENTE VEHICULAR","RES-127, SAMU-127",-12.0852418906105,-76.9968877565529
2016-013580,26-02-2016,"03:15:18 p.m.","  AV. JOSE PARDO 200        MIRAFLORES","EMERGENCIA MEDICA","RES-127, SAMU-127",,
2016-013579,26-02-2016,"03:12:00 p.m.","UV. MATUTE block 53 b14            LA VICTORIA","EMERGENCIA MEDICA",AMB-4,-12.0711205936838,-77.0238375925267
2016-013578,26-02-2016,"02:56:24 p.m.","  JR. CORONEL JOAQUIN BERNAL 491        LINCE","EMERGENCIA MEDICA",MED-36,-12.087399385224,-77.0371220894
2016-013577,26-02-2016,"02:55:22 p.m.","  AV. LA MAR (MANUEL CIPRIANO DULANTO) 500        PUEBLO LIBRE",INCENDIO,"M100-1, RES-4, SAMU-83",-12.0798963167498,-77.0609246900851
2016-013576,26-02-2016,"02:54:47 p.m.","  AV. GERMAN AGUIRRE UGARTE 1516       SAN MARTIN DE PORRES","MATERIALES PELIGROSOS (INCIDENTE)",M9-1,-12.0188417500349,-77.080042557177
2016-013575,26-02-2016,"02:53:23 p.m.","  JR. LAS GAVIOTAS 1805       SANTIAGO DE SURCO","EMERGENCIA MEDICA",M9-1,-12.1624005097909,-76.9954730873234
2016-013574,26-02-2016,"02:48:27 p.m.","  AV. ABEL BERGASSE DU PETIT THOUARS 2325       LINCE","EMERGENCIA MEDICA",AMB-202,-12.0873728207129,-77.0329570496887
2016-013573,26-02-2016,"02:46:43 p.m.","CARRETERAS - PANAMERICANAS PANAMERICANA NORTE 20            LOS OLIVOS","EMERGENCIA MEDICA",AMB-65,-11.9557665923299,-77.0693257463343
2016-013572,26-02-2016,"02:41:27 p.m.",,"EMERGENCIA MEDICA",SAMU-6,,
2016-013571,26-02-2016,"02:39:10 p.m.","  JR. ABTAO 13         LA VICTORIA","EMERGENCIA MEDICA",SAMU-14,-12.0727268300477,-77.0215175954769
2016-013570,26-02-2016,"02:35:37 p.m.","  AV. REPUBLICA DE PANAMA 500        CALLAO","MATERIALES PELIGROSOS (INCIDENTE)",M15-1,-12.0551064807805,-77.1333898867148
2016-013569,26-02-2016,"02:26:55 p.m.","  JR. ANDAHUAYLAS 1180       LA VICTORIA","EMERGENCIA MEDICA",AMB-14,-12.0706666011213,-77.0252135027364
2016-013568,26-02-2016,"02:25:19 p.m.","  AV. TENIENTE ENRIQUE PALACIOS 750        ",RESCATE,M100-1,-12.116948367581,-77.0362976025246
2016-013567,26-02-2016,"02:22:25 p.m.","PLAZA  VEA OV  HIGUERETA             ","EMERGENCIA MEDICA",AMB134-2,,
2016-013566,26-02-2016,"02:20:26 p.m.","  AV. REPUBLICA ARGENTINA 1784       CALLAO","EMERGENCIA MEDICA",MED-34,-12.0508106252711,-77.1243274152534
2016-013565,26-02-2016,"02:19:56 p.m.","  AV. GUILLERMO PRESCOTT 395        SAN ISIDRO","EMERGENCIA MEDICA",AMB-4,-12.0889850102014,-77.0480884598772
2016-013564,26-02-2016,"02:08:56 p.m.","AH. LUIS F. DE LAS CASAS MZ H LT             VENTANILLA",INCENDIO,"AMB-150-2, CIST25CD1, M150-1, M9-1",-11.8241252999762,-77.1321393631716
2016-013563,26-02-2016,"02:01:35 p.m.","AV. ALBORADA CRUCE CON AV. ALEJANDRO BERTELLO LIMA            LIMA","ACCIDENTE VEHICULAR","M60-1, SAMU-83",-12.0622591344914,-77.066675220236
2016-013562,26-02-2016,"01:49:39 p.m.","AV. AFRANIO MELLO FRANCO CRUCE CON AV. BRASIL JESUS MARIA            JESUS MARIA","ACCIDENTE VEHICULAR","AMB-36, M14-1, M36-1",-12.0741947738137,-77.0529042124446
2016-013561,26-02-2016,"01:46:35 p.m.","  CL. SEGUNDA 269        CALLAO","EMERGENCIA MEDICA",MED-34,-12.0510931030163,-77.1363108185543
2016-013560,26-02-2016,"01:46:02 p.m.","HUAYLAS 300        CHORRILLOS","EMERGENCIA MEDICA",SAMU-6,,
2016-013559,26-02-2016,"01:42:11 p.m.","AH. LOS JAZMINES DEL NARANJAL K  LT  3             LOS OLIVOS","EMERGENCIA MEDICA",SAMU-168,-11.981489617482,-77.0844493776972
2016-013558,26-02-2016,"01:39:50 p.m.","AV. ANGAMOS ESTE (PRIMAVERA) CRUCE CON AV. REPUBLICA DE PANAMA SURQUILLO            SURQUILLO","EMERGENCIA MEDICA","AMB-28, AMB-4",-12.1129208251756,-77.0184595178068
2016-013557,26-02-2016,"01:39:44 p.m.","BARTOLOME SUAREZ            SAYAN","EMERGENCIA MEDICA",AMB-216,,
2016-013556,26-02-2016,"01:36:28 p.m.","  CL. JUAN MANUEL BARRERA CARRERA  145        ","EMERGENCIA MEDICA",AMB-14,-12.01814795562,-77.0314137661446
2016-013555,26-02-2016,"01:36:24 p.m.","AV. VILLA MARIA CRUCE CON CL. PROGRESO VILLA MARIA DEL TRIUNFO            VILLA MARIA DEL TRIUNFO","EMERGENCIA MEDICA","AMB-120, M106-3",-12.1640835637879,-76.9473931434313
2016-013554,26-02-2016,"01:32:42 p.m.","  CL. HUANCHOS 878        SAN JUAN DE LURIGANCHO","EMERGENCIA MEDICA","AMB-120, M106-3",-12.0224229921842,-76.9987803814785
2016-013553,26-02-2016,"01:29:53 p.m.","AV. EL PACIFICO CRUCE CON AV. PANAMERICANA NORTE INDEPENDENCIA            INDEPENDENCIA",INCENDIO,"M21-1, M9-1",-11.9963924103433,-77.0628410086646
2016-013552,26-02-2016,"01:23:14 p.m.","  AV. BRASIL 1596       JESUS MARIA","EMERGENCIA MEDICA",AMB-36,-12.0746721351768,-77.0532986236285
2016-013551,26-02-2016,"01:22:34 p.m.","  PJ. OCTAVIO BERNAL 200        JESUS MARIA","EMERGENCIA MEDICA",MED-202,-12.0809405523607,-77.0535942556388
2016-013550,26-02-2016,"01:18:57 p.m.","  AV. MORRO SOLAR 1500       SANTIAGO DE SURCO","EMERGENCIA MEDICA",AMB134-2,-12.133461210397,-76.9794300783602
2016-013549,26-02-2016,"01:18:50 p.m.","RE. LOS JAZMINES ETAPA III K            CALLAO","EMERGENCIA MEDICA",AMB-168,-12.0072162185525,-77.1018308364923
2016-013548,26-02-2016,"01:15:16 p.m.","  CL. VULCANO (ANDRES RAZURI) (18) 300        ATE","EMERGENCIA MEDICA",AMB-168,-12.0567312764744,-76.9571610832061
2016-013547,26-02-2016,"01:14:52 p.m.","AV. FERROCARRIL (PROGRESO) CRUCE CON CL. IQUITOS VILLA MARIA DEL TRIUNFO            VILLA MARIA DEL TRIUNFO",INCENDIO,"AMB-155, M106-3, M155-1",-12.2150840330134,-76.9045696383963
2016-013546,26-02-2016,"01:14:28 p.m.","  JR. TEJADITA (AUGUSTO TAMAYO VARGAS) 216        BARRANCO","EMERGENCIA MEDICA",AMB-16,-12.1499894365429,-77.0183314251956
2016-013545,26-02-2016,"01:09:06 p.m.",,"EMERGENCIA MEDICA",SAMU-10,-12.0636853318279,-77.0480780953397
2016-013544,26-02-2016,"01:05:54 p.m.","  JR. CORONEL FRANCISCO BOLOGNESI 350        SAN MIGUEL","EMERGENCIA MEDICA",AMB-36,-12.0901988125634,-77.080468083865
2016-013543,26-02-2016,"01:01:23 p.m.",,"EMERGENCIA MEDICA",SAMU-6,-12.1947472920128,-77.0164140707033
2016-013542,26-02-2016,"12:57:26 p.m.","  CL. ESPERANZA 400        MIRAFLORES","EMERGENCIA MEDICA",AMB-28,-12.1201120326214,-77.02475839166
2016-013541,26-02-2016,"12:52:47 p.m.","  CL. MARTIN LUTHER KING 200        SURQUILLO","EMERGENCIA MEDICA",AMB-11,-12.1092159089832,-77.012003319137
2016-013540,26-02-2016,"12:51:49 p.m.","  CL. JULIA SMITH DE CARRILLO (13) 148        BELLAVISTA","EMERGENCIA MEDICA",AMB-1,-12.0577989234098,-77.1131958036333
2016-013539,26-02-2016,"12:51:38 p.m.","CALLE MARIANO MELGAR             PARAMONGA","EMERGENCIA MEDICA",AMB-81,,
2016-013538,26-02-2016,"12:42:10 p.m.","MATEO PUMACAHUA            HUACHO",INCENDIO,M20-1,,
2016-013537,26-02-2016,"12:30:51 p.m.","AV. SAN CARLOS CRUCE CON AV. UNIVERSITARIA COMAS            COMAS","ACCIDENTE VEHICULAR","M168-1, SAMU-150",-11.9062078250477,-77.0430675828795
2016-013536,26-02-2016,"12:28:30 p.m.","  AV. SANTA ANITA 600        CHORRILLOS","EMERGENCIA MEDICA","AMB-120, SAMU-16",-12.191630982334,-77.0149788541238
2016-013535,26-02-2016,"12:26:23 p.m.","  JR. PRESBITERO GARCIA VILLON 452        LIMA","EMERGENCIA MEDICA",AMB-14,-12.0449910428713,-77.0495366592399
2016-013534,26-02-2016,"12:23:26 p.m.","  CL. EL BOULEVARD (A) 180        SANTIAGO DE SURCO",RESCATE,RES-127,-12.0998926199423,-76.9702452530252
2016-013533,26-02-2016,"12:21:00 p.m.","  JR. JUAN PABLO VIZCARDO Y GUZMAN (GUADALUPE) 207        LA VICTORIA","EMERGENCIA MEDICA",AMB-4,-12.0783773806715,-77.0200163211029
2016-013532,26-02-2016,"12:20:10 p.m.","PANAMERICANA SUR KM 300            ICA",INCENDIO,CIST-VI,,
2016-013531,26-02-2016,"12:15:41 p.m.","  AV. LIMA (CIRCUNVALACION NORTE) 340        SAN JUAN DE LURIGANCHO","EMERGENCIA MEDICA",SAMU-2,-12.0260782598607,-77.0172105654308
2016-013530,26-02-2016,"12:15:13 p.m.","  JR. GARCIA NARANJO 608        LA VICTORIA","EMERGENCIA MEDICA",SAMU-10,-12.0613278276988,-77.0257370596455
2016-013529,26-02-2016,"12:09:59 p.m.","AV. E. SANCHEZ FAJARDO (22 DE AGOSTO) (HONDURAS) CRUCE CON AV. GERARDO UNGER COMAS            ",INCENDIO,"CIST25CD1, M150-3, M164-1, M168-1, M65-2, SAMU-168",-11.9455061482695,-77.066376584418
2016-013528,26-02-2016,"12:08:55 p.m.","JR. ANTONIO MIROQUESADA CRUCE CON JR. PUNO CALLAO            CALLAO","EMERGENCIA MEDICA","AMB-1, AMB-9",-12.0556150220742,-77.1381502141482
2016-013527,26-02-2016,"12:04:50 p.m.","UR. PREVI 11  lt 11            LOS OLIVOS","MATERIALES PELIGROSOS (INCIDENTE)",M168-1,-11.9825308097446,-77.0671627062657
2016-013526,26-02-2016,"12:02:02 p.m.","  AV. DEL EJERCITO (AUGUSTO PEREZ ARANIBAR) 1000       MAGDALENA DEL MAR","ACCIDENTE VEHICULAR","AMB-36, M100-1, M83-1",-12.100750370027,-77.061258598245
2016-013525,26-02-2016,"12:01:13 p.m.","  AV. AREQUIPA 4700       MIRAFLORES","EMERGENCIA MEDICA",AMB-11,-12.1131960389631,-77.0300032564196
2016-013524,26-02-2016,"11:59:26 a.m.","  AL. SUR 819        CHORRILLOS","EMERGENCIA MEDICA",AMB-13,-12.1985333694729,-77.0121050490419
2016-013523,26-02-2016,"11:57:43 a.m.","  CL. FRANCISCO BOLOGNESI 190        BELLAVISTA","EMERGENCIA MEDICA","MED-34, RES-15",-12.0594952283184,-77.1280052221278
2016-013522,26-02-2016,"11:57:27 a.m.","EL OLIVAR J 9            PARAMONGA","EMERGENCIA MEDICA",AMB-81,,
2016-013521,26-02-2016,"11:55:43 a.m.","26 ENERO LAS TORRES            ","ACCIDENTE VEHICULAR",MED-63,,
2016-013520,26-02-2016,"11:52:11 a.m.","hospital almenara            ","EMERGENCIA MEDICA",MED-63,,
2016-013519,26-02-2016,"11:51:11 a.m.","  AV. CORONEL SAMUEL ALCAZAR 722        RIMAC","EMERGENCIA MEDICA",AMB-21,-12.0275338174846,-77.0325706037527
2016-013518,26-02-2016,"11:46:32 a.m.","  JR. RENOVACION 600        LA VICTORIA","EMERGENCIA MEDICA",AMB-4,-12.0662613261149,-77.0265705692903
2016-013517,26-02-2016,"11:43:47 a.m.","AH. BUENOS MILAGROS             SAN JUAN DE MIRAFLORES","MATERIALES PELIGROSOS (INCIDENTE)",M106-3,-12.1449323984625,-76.9640362849083
2016-013516,26-02-2016,"11:39:05 a.m.","PUENTE CUTERVO             ICA",RESCATE,M22-1,,
2016-013515,26-02-2016,"11:36:24 a.m.","  CL. ORUS 3136       SAN MARTIN DE PORRES","EMERGENCIA MEDICA",SAMU-161,-12.0001063957945,-77.0856241054941
2016-013514,26-02-2016,"11:29:32 a.m.","SAN GRACIANO  AUCALLAMA            HUARAL","EMERGENCIA MEDICA",AMB-44,,
2016-013513,26-02-2016,"11:27:05 a.m.","JR. AZANGARO CRUCE CON JR. APURIMAC (CUEVA) LIMA            LIMA","ACCIDENTE VEHICULAR","M10-1, RES-10, SAMU-2",-12.0527878398737,-77.031730625297
2016-013512,26-02-2016,"11:25:56 a.m.","  AV. LAS AMERICAS 292        LA VICTORIA","EMERGENCIA MEDICA",SAMU-10,-12.0790403680883,-77.0260075823112
2016-013511,26-02-2016,"11:20:17 a.m.","  AV. LA MARINA 800        PUEBLO LIBRE","EMERGENCIA MEDICA",AMB-14,-12.0818847928078,-77.0709040687934
2016-013510,26-02-2016,"11:20:10 a.m.","EDUCACION I.E. DORA MAYER            BELLAVISTA","EMERGENCIA MEDICA",MED-5,-12.0570519527165,-77.0931467700819
2016-013509,26-02-2016,"11:16:55 a.m.","  AV. MARTIR JOSE OLAYA 771        CHORRILLOS","EMERGENCIA MEDICA",SAMU-6,-12.1688568563113,-77.0275165286413
2016-013508,26-02-2016,"11:16:32 a.m.","AV. CIRCUNVALACION DEL CLUB GOLF LOS INCAS 200        SANTIAGO DE SURCO","EMERGENCIA MEDICA",AMB-169,-12.0758309701215,-76.9605256715036
2016-013507,26-02-2016,"11:15:57 a.m.","  AV. JAVIER PRADO ESTE 3260       SAN BORJA","EMERGENCIA MEDICA",AMB-11,-12.0865067839426,-76.9906184797915
2016-013506,26-02-2016,"11:11:53 a.m.","AV. LAS CAMELIAS CRUCE CON CL. CHINCHON SAN ISIDRO            SAN ISIDRO","EMERGENCIA MEDICA",AMB-11,-12.0957437883486,-77.0288480889366
2016-013505,26-02-2016,"11:10:18 a.m.","CA.CENTRAL CRUCE LOS ROSALES            SANTA ANITA","SERVICIO ESPECIAL",AMB-11,,
2016-013504,26-02-2016,"11:02:26 a.m.","AV ESTACION 400        HUARAL","EMERGENCIA MEDICA",AMB-44,,
2016-013503,26-02-2016,"10:54:56 a.m.","  AV. PARIAHUANCA 400        LOS OLIVOS","ACCIDENTE VEHICULAR","AMB-168, M168-1",-11.9807011598566,-77.0682836178611
2016-013502,26-02-2016,"10:48:54 a.m.","UR.LAS CASUERINAS PRIMERA ETAPA            ","EMERGENCIA MEDICA",AMB-22,,
2016-013501,26-02-2016,"10:38:31 a.m.","CARRETERAS - PANAMERICANAS CARRETERA CENTRAL 11            ATE","EMERGENCIA MEDICA",AMB-169,-12.0146478251639,-76.8852089692402
2016-013500,26-02-2016,"10:35:11 a.m.","  AV. ANGAMOS OESTE 1431       MIRAFLORES","EMERGENCIA MEDICA",AMB-169,-12.1112406232606,-77.042726561397
2016-013499,26-02-2016,"10:34:04 a.m.","  AV. ELMER FAUCETT 2500       CALLAO","EMERGENCIA MEDICA",AMB-9,-12.0295428266988,-77.101842460135
2016-013498,26-02-2016,"10:33:37 a.m.","  AV. OSCAR BENAVIDES (COLONIAL) 600        LIMA",INCENDIO,"AMB-14, M10-1, M14-1, RES-3",-12.0470144609504,-77.0499686046867
2016-013497,26-02-2016,"10:33:17 a.m.","  CA. RAMIRO PRIALE  ENTRADA CARAPONGO 000        LURIGANCHO","EMERGENCIA MEDICA","AMB-14, M10-1, M14-1, RES-3",-12.0209863452984,-76.9319378570483
2016-013496,26-02-2016,"10:26:35 a.m.","  AV. BRASIL 3059       MAGDALENA DEL MAR","EMERGENCIA MEDICA",AMB-36,-12.0880922853261,-77.0643115629729
2016-013495,26-02-2016,"10:20:11 a.m.","  CL. CONTRALMIRANTE VILLAR 500        MIRAFLORES","ACCIDENTE VEHICULAR","AMB-202, M100-1, M202-1",-12.1163059692453,-77.0466519874663
2016-013494,26-02-2016,"10:14:51 a.m.","JR.MILLER            ","EMERGENCIA MEDICA",MED-5,,
2016-013493,26-02-2016,"10:09:56 a.m.","  CL. CONTRALMIRANTE VILLAR 427        CALLAO","EMERGENCIA MEDICA",MED-5,-12.0628351032489,-77.1365558952266
2016-013492,26-02-2016,"10:08:56 a.m.","  AV. REDUCTO 914        MIRAFLORES","EMERGENCIA MEDICA",AMB-28,-12.1281148500593,-77.0239157296107
2016-013491,26-02-2016,"10:07:27 a.m.","OV. CENTANERIO CRUCE ARGENTINA            ","EMERGENCIA MEDICA",MED-34,,
2016-013490,26-02-2016,"09:58:17 a.m.","  CL. MONTE BLANCO 245        SANTIAGO DE SURCO","EMERGENCIA MEDICA",SAMU-127,-12.1134873595818,-76.9858636879236
2016-013489,26-02-2016,"09:54:38 a.m.","AV. FELIPE SANTIAGO SALAVERRY CRUCE CON AV. FAUSTINO SANCHEZ CARRION (PERSHING) SAN ISIDRO            SAN ISIDRO","ACCIDENTE VEHICULAR","AMB-202, M100-1, M202-1",-12.0931009649135,-77.0533919570307
2016-013488,26-02-2016,"09:54:22 a.m.","AH. JUAN PABLO II MZ 95 LT 45            LOS OLIVOS","EMERGENCIA MEDICA",SAMU-161,-11.9540558528616,-77.0794677020428
2016-013487,26-02-2016,"09:49:42 a.m.","  AL. MONTE UMBROSO (MANUEL GANOZA) 131        SANTIAGO DE SURCO","EMERGENCIA MEDICA",SAMU-161,-12.1126401215382,-76.979589865795
2016-013486,26-02-2016,"09:48:26 a.m.","UR. LAS GARDENIAS DE PRO E  LT 8            LOS OLIVOS","EMERGENCIA MEDICA",SAMU-161,-11.9442691920157,-77.0734143415466
2016-013485,26-02-2016,"09:43:58 a.m.","av  chancay cdra  6            HUARAL","EMERGENCIA MEDICA",AMB-44,,
2016-013484,26-02-2016,"09:37:27 a.m.","  JR. MOQUEGUA (MALAMBITO) 200        LIMA","EMERGENCIA MEDICA",RES-3,-12.0489531343657,-77.0355790844318
2016-013483,26-02-2016,"09:34:37 a.m.","  AV. CANADA 200        LA VICTORIA","EMERGENCIA MEDICA","AMB-14, AMB-202, M4-1",-12.0819828862602,-77.0248379211264
2016-013482,26-02-2016,"09:25:31 a.m.","  AV. SANTIAGO DE SURCO (TOMAS MARSANO) 4600       SANTIAGO DE SURCO","EMERGENCIA MEDICA",SAMU-134,-12.1428829337376,-76.9903412339331
2016-013481,26-02-2016,"09:18:49 a.m.","  PJ. LAS APELIOTAS 381        LA VICTORIA","EMERGENCIA MEDICA",AMB-11,-12.0816933277572,-77.0072275804276
2016-013480,26-02-2016,"09:18:47 a.m.","  AV. GUARDIA CHALACA 1089       CALLAO","EMERGENCIA MEDICA",MED-5,-12.0559541387367,-77.1327095090219
2016-013479,26-02-2016,"09:17:49 a.m.","  AV. ELMER FAUCETT 3400       CALLAO","EMERGENCIA MEDICA",AMB-9,-12.018627698736,-77.1078555436238
2016-013478,26-02-2016,"09:14:54 a.m.","  PR. LA MAR 672        LA VICTORIA","EMERGENCIA MEDICA",SAMU-10,-12.0651538136693,-77.0194670640629
2016-013477,26-02-2016,"09:06:31 a.m.","  JR. MONTEZUMA  INT  2  923        CALLAO","EMERGENCIA MEDICA",MED-34,-12.058801647125,-77.137850605493
2016-013476,26-02-2016,"09:03:33 a.m.","PUENTE GRAU             ICA",RESCATE,M22-1,,
2016-013475,26-02-2016,"09:03:33 a.m.","  AV. PASEO DE LA REPUBLICA 4900       SURQUILLO","EMERGENCIA MEDICA",AMB-28,-12.1148061968755,-77.0256985597577
2016-013474,26-02-2016,"09:01:08 a.m.","CL. JOSE PENZA VENTOCILLA CRUCE CON CL. ANTONIO KETIN VIDAL (3) SANTIAGO DE SURCO            SANTIAGO DE SURCO","EMERGENCIA MEDICA",SAMU-134,-12.1622431219745,-76.988067091029
2016-013473,26-02-2016,"08:55:17 a.m.","  AV. ELMER FAUCETT 3600       CALLAO","EMERGENCIA MEDICA",SAMU-134,,
2016-013472,26-02-2016,"08:49:14 a.m.","  MA. DE LA MARINA 800        MIRAFLORES","EMERGENCIA MEDICA",SAMU-134,-12.1147557992798,-77.0489115974521
2016-013471,26-02-2016,"08:47:37 a.m.","  CL. HUMBERTO SPEZIANI 175        BELLAVISTA","EMERGENCIA MEDICA",MED-5,-12.0540501097144,-77.0927985131966
2016-013470,26-02-2016,"08:43:35 a.m.","  MA. ARMENDARIZ (DE LA RESERVA) 800        MIRAFLORES","EMERGENCIA MEDICA",AMB-16,-12.1337903445377,-77.0283945826053
2016-013469,26-02-2016,"08:41:17 a.m.","  AV. JOSE PARDO 791        MIRAFLORES","EMERGENCIA MEDICA",AMB-28,-12.1189803257745,-77.0363185820852
2016-013468,26-02-2016,"08:35:55 a.m.","JR. CAHUIDE CRUCE CON JR. SINCHI ROCA JESUS MARIA            JESUS MARIA","ACCIDENTE VEHICULAR","AMB-202, M202-1, MATPEL-4",-12.0790143650644,-77.0443218596823
2016-013467,26-02-2016,"08:34:20 a.m.","AV CENTENARIO            HUACHO","ACCIDENTE VEHICULAR","AMB-202, M202-1, MATPEL-4",,
2016-013466,26-02-2016,"08:29:36 a.m.","  CL. RICARDO PALMA   SAN JOAQUIN 771        BELLAVISTA","EMERGENCIA MEDICA",MED-5,-12.0565021308462,-77.0909788082466
2016-013465,26-02-2016,"08:20:32 a.m.","UR SANTA PAULA            PUENTE PIEDRA","EMERGENCIA MEDICA",MED-5,,
2016-013464,26-02-2016,"08:20:01 a.m.","JR. FELIPE MENDIZABAL (22) CRUCE CON AV. GABRIEL CONDORCANQUI (A) (6) (8) CARABAYLLO            CARABAYLLO","ACCIDENTE VEHICULAR","AMB-150-2, M164-1, RES-124",-11.8944628782048,-77.0422306038021
2016-013463,26-02-2016,"08:16:52 a.m.",,"SERVICIO ESPECIAL","AUX-169, AUX-32, MED32",,
2016-013462,26-02-2016,"08:04:06 a.m.","PR. CUZCO CRUCE CON AV. UNIVERSITARIA SAN MIGUEL            SAN MIGUEL","EMERGENCIA MEDICA",SAMU-83,-12.0835978274276,-77.0826635697531
2016-013461,26-02-2016,"08:02:09 a.m.","  JR. BATALLA DE TARAPACA (CAPITAN DE NAVIO OCTAVIO CAVERO) 150        BARRANCO","EMERGENCIA MEDICA",SAMU-83,-12.1542323281141,-77.021413032635
2016-013460,26-02-2016,"07:49:36 a.m.","  AV. SAN PABLO 400        LA VICTORIA","EMERGENCIA MEDICA",SAMU-10,-12.065064782472,-77.0097615780516
2016-013459,26-02-2016,"07:47:36 a.m.","  CL. LEON VELARDE 2841       SAN MARTIN DE PORRES","EMERGENCIA MEDICA",AMB-161,-12.0059824313479,-77.0861643491707
2016-013458,26-02-2016,"07:42:00 a.m.","CL. SANTA BEATRIZ CRUCE CON AV. SAN CESAR PANDO EGUSQUIZA (SANTO TORIBIO) VILLA MARIA DEL TRIUNFO            VILLA MARIA DEL TRIUNFO","ACCIDENTE VEHICULAR",SAMU-106,-12.1553244044479,-76.9553084092675
2016-013457,26-02-2016,"07:31:23 a.m.","AV. ANGAMOS ESTE (PRIMAVERA) CRUCE CON AV. PASEO DE LA REPUBLICA SURQUILLO            SURQUILLO",INCENDIO,SAMU-106,,
2016-013456,26-02-2016,"07:27:36 a.m.","AV. UNIVERSITARIA (BELLA UNION) CRUCE CON AV. ANGELICA GAMARRA SAN MARTIN DE PORRES            SAN MARTIN DE PORRES","EMERGENCIA MEDICA",SAMU-161,-12.0064977293659,-77.08267643605
2016-013455,26-02-2016,"06:57:18 a.m.","  AV. ANCASH 000        EL AGUSTINO","EMERGENCIA MEDICA",AMB-138,-12.0403894074766,-76.9977471291338
2016-013454,26-02-2016,"06:49:04 a.m.","  AV. LA MAR (MANUEL CIPRIANO DULANTO) 1126       PUEBLO LIBRE","EMERGENCIA MEDICA",AMB-202,-12.0784708480149,-77.0670818628451
2016-013453,26-02-2016,"06:48:18 a.m.",,"EMERGENCIA MEDICA",AMB-202,,
2016-013452,26-02-2016,"06:37:31 a.m.","AV. PLAN VIAL CRUCE CON AV. LOS DOMINICOS SAN MARTIN DE PORRES            SAN MARTIN DE PORRES","ACCIDENTE VEHICULAR","M161-1, M60-1",-11.9909871769854,-77.1069988025399
2016-013451,26-02-2016,"06:33:52 a.m.","  AV. NICOLAS DE PIEROLA (PEDRO ROSELLO) 100        BARRANCO","ACCIDENTE VEHICULAR","AMB-13, AMB-16, M13-1, M6-1",-12.1414473251677,-77.0207649146324
2016-013450,26-02-2016,"06:14:37 a.m.","JR. PARINACOCHAS CRUCE CON AV. MEJICO LA VICTORIA            LA VICTORIA","EMERGENCIA MEDICA",AMB-8,-12.0732178378508,-77.0164096023506
2016-013449,26-02-2016,"05:51:25 a.m.","  AV. ALFONSO UGARTE 355        LIMA","EMERGENCIA MEDICA",AMB-14,-12.0444007489842,-77.0427089667641
2016-013448,26-02-2016,"05:42:59 a.m.","  AV. JAVIER PRADO OESTE 1600       SAN ISIDRO","EMERGENCIA MEDICA",AMB-202,-12.0942338375676,-77.0478705923634
2016-013447,26-02-2016,"05:37:29 a.m.","  AV. NICOLAS DE PIEROLA (SALVADOR ALLENDE) 1300       VILLA MARIA DEL TRIUNFO","ACCIDENTE VEHICULAR","M106-3, SAMU-120",-12.1599773390221,-76.9559750205443
2016-013446,26-02-2016,"04:51:32 a.m.","  JR. ANTONIO MIROQUESADA 1287       CALLAO","EMERGENCIA MEDICA",MED-5,-12.0585061641178,-77.1345185073769
2016-013445,26-02-2016,"04:26:30 a.m.","  CL. SANTA ANA 165        PUEBLO LIBRE","EMERGENCIA MEDICA",AMB-202,-12.080325790173,-77.0665877185675
2016-013444,26-02-2016,"04:12:53 a.m.","B. 4            LINCE","SERVICIO ESPECIAL","AUX14-1, RES-2, RESLIG-100, RESLIG-36, USAR-I",,
2016-013443,26-02-2016,"04:10:18 a.m.","  CL. LOS ALAMOS (H) 149        LA MOLINA","EMERGENCIA MEDICA",MED-96,-12.0939292842305,-76.9511776612858
2016-013442,26-02-2016,"03:29:01 a.m.","  AV. LOS ALISOS 300        INDEPENDENCIA","EMERGENCIA MEDICA",SAMU-168,-11.9837380981779,-77.0618438329241
2016-013441,26-02-2016,"03:15:42 a.m.","AV. AREQUIPA CRUCE CON JR. RISSO LINCE            LINCE",INCENDIO,MATPEL-4,-12.0857388031003,-77.0343635877552
2016-013440,26-02-2016,"02:53:44 a.m.","AV. LAS PALMERAS CRUCE CON AV. NARANJAL LOS OLIVOS            LOS OLIVOS","EMERGENCIA MEDICA",AMB-168,-11.9784188120851,-77.0724365804397
2016-013439,26-02-2016,"02:44:21 a.m.","  CL. JOSE MARIA EGUREN (JUAN JOSE CHUMBIONGO) 169        MIRAFLORES","EMERGENCIA MEDICA",AMB-28,-12.1047555663427,-77.0284786936013
2016-013438,26-02-2016,"02:37:19 a.m.","  CL. F. UCELLO 176        SAN BORJA","EMERGENCIA MEDICA",AMB-11,-12.0902719723002,-77.0051455342849
2016-013437,26-02-2016,"02:25:02 a.m.","SANTO DOMINGO  CON  GRAU            ","EMERGENCIA MEDICA",M38-4,,
2016-013436,26-02-2016,"01:52:08 a.m.","  JR. TRUJILLO 315        RIMAC","EMERGENCIA MEDICA",AMB-21,-12.0413429243652,-77.0294157646266
2016-013435,26-02-2016,"01:47:14 a.m.","  JR. SALAVERRY (CLEMENT R. MARKHAN) 645        MAGDALENA DEL MAR","EMERGENCIA MEDICA",MED-36,-12.0937528307167,-77.0764081272246
2016-013434,26-02-2016,"01:39:37 a.m.","  CL. CASTILLO  URB.   1759       LIMA","EMERGENCIA MEDICA",AMB-14,-12.0556312906224,-77.0660159287856
2016-013433,26-02-2016,"01:25:08 a.m.","CALLE L OS ASTRONOMOS            LA MOLINA","EMERGENCIA MEDICA",MED-96,,
2016-013432,26-02-2016,"01:22:31 a.m.","AAHH  JOSE  OLAYA            HUARAL","EMERGENCIA MEDICA",AMB-44,,
2016-013431,26-02-2016,"01:15:59 a.m.","  JR. PARURO 851        LIMA","EMERGENCIA MEDICA",AMB-21,-12.0520271930236,-77.0249481808218
2016-013430,26-02-2016,"01:06:49 a.m.","AV. TENIENTE FELIPE ARANCIBIA (TARAPACA) CRUCE CON AV. CORONEL SAMUEL ALCAZAR RIMAC            RIMAC",INCENDIO,AMB-21,-12.0270111637188,-77.0334199466912
2016-013429,26-02-2016,"01:04:34 a.m.","CL. BERLIN (MARISCAL RAMON CASTILLA) CRUCE CON JR. LIBERTAD (FEDERICO GERDES) MIRAFLORES            MIRAFLORES","EMERGENCIA MEDICA",AMB-28,-12.1213568041333,-77.0326135545288
2016-013428,26-02-2016,"12:57:58 a.m.","  PJ. LAS APELIOTAS 381        LA VICTORIA","EMERGENCIA MEDICA",AMB-8,-12.0816933277572,-77.0072275804276
2016-013427,26-02-2016,"12:54:12 a.m.","  CL. LA HABANA 385        SAN ISIDRO","EMERGENCIA MEDICA",AMB-4,-12.0991858714518,-77.0290110563289
2016-013426,26-02-2016,"12:30:56 a.m.","  JR. HUARAZ (CHICLAYO) 370        SAN MARTIN DE PORRES","EMERGENCIA MEDICA",AMB-9,-12.0274476986973,-77.0902228004152
2016-013425,26-02-2016,"12:26:36 a.m.","BASE  115                CHACLACAYO","EMERGENCIA MEDICA",AMB-115,,
2016-013424,26-02-2016,"12:18:20 a.m.","PARQUE ORTIZ            ","EMERGENCIA MEDICA",AMB-44,,
2016-013423,26-02-2016,"12:11:13 a.m.","  AV. COSTA VERDE (CIRCUITO DE PLAYAS) 000        MIRAFLORES","EMERGENCIA MEDICA",AMB-100,-12.1191257221123,-77.0459532819504
2016-013422,26-02-2016,"12:09:40 a.m.","CARRETERAS - PANAMERICANAS CARRETERA CENTRAL 6            ATE","EMERGENCIA MEDICA",AMB-169,-12.0321966102973,-76.9266527541126
2016-013421,26-02-2016,"12:08:16 a.m.","AV. MICAELA BASTIDAS (MIGUEL IGLESIAS) CRUCE CON AV. 1 DE MAYO VILLA EL SALVADOR            VILLA EL SALVADOR","EMERGENCIA MEDICA",SAMU-105,-12.1957434400796,-76.9538909622217
2016-013420,26-02-2016,"12:00:25 a.m.","PTE  BALTA             RIMAC","EMERGENCIA MEDICA",AMB-2,,
