ID,FECHA,HORA,DIRECCION,TIPO,UNIDADES,"CORDENADAS (lat)","CORDENADAS (lng)"
2016-008547,06-02-2016,"11:59:49 p.m.","  CL. CORNEJO 377        SANTIAGO DE SURCO","EMERGENCIA MEDICA",AMB-16,-12.1484363164834,-77.0067698613122
2016-008546,06-02-2016,"11:51:05 p.m.","  AV. LOS GORRIONES 365        CHORRILLOS","EMERGENCIA MEDICA",SAMU-6,-12.1791968313765,-77.0049860251326
2016-008545,06-02-2016,"11:45:26 p.m.","  AV. COLONIAL (OSCAR R. BENAVIDES) 4929       CALLAO","EMERGENCIA MEDICA",AMB-60,-12.0523913349957,-77.0926897584506
2016-008544,06-02-2016,"11:44:49 p.m.","ASOC.  SAN JOSE             AYACUCHO","MATERIALES PELIGROSOS (INCIDENTE)",MED-63,,
2016-008543,06-02-2016,"11:41:48 p.m.","AV. PASEO DE LA REPUBLICA CRUCE CON AV. JUAN PARDO DE ZELA LINCE            LINCE","ACCIDENTE VEHICULAR","AMB-202, M4-1, MATPEL-4",-12.0824301678464,-77.0268924009063
2016-008542,06-02-2016,"11:41:23 p.m.","GRAU             ","EMERGENCIA MEDICA",AMB-44,,
2016-008541,06-02-2016,"11:39:59 p.m.",,"EMERGENCIA MEDICA",AMB-7,-12.0683303295786,-77.1131722836318
2016-008540,06-02-2016,"11:32:59 p.m.","  AV. REPUBLICA DEL PERU 794        COMAS","EMERGENCIA MEDICA",AMB124-2,-11.9545973523082,-77.0535961359326
2016-008539,06-02-2016,"11:19:39 p.m.","CARRETERA DE HUARA A SAYA             HUACHO","ACCIDENTE VEHICULAR","AMB-20, RES-20",,
2016-008538,06-02-2016,"11:16:00 p.m.","CARRETERA PARACAS KM 5            PISCO","ACCIDENTE VEHICULAR",AMB-37,,
2016-008537,06-02-2016,"11:11:15 p.m.","JR. ZEPITA CRUCE CON JR. NICOLAS DE PIEROLA CALLAO            CALLAO","ACCIDENTE VEHICULAR","M1-1, M60-1, MED-34",-12.0564241241093,-77.1399684882918
2016-008536,06-02-2016,"11:04:59 p.m.","AV CUTERVO            ICA","EMERGENCIA MEDICA",AMB-22,,
2016-008535,06-02-2016,"11:00:36 p.m.","  BA. AGUA DULCE (TENDERIN) 100        CHORRILLOS","ACCIDENTE VEHICULAR","AMB-16, M13-1",-12.1637599897971,-77.0232367183106
2016-008534,06-02-2016,"10:54:02 p.m.",,"EMERGENCIA MEDICA",AMB-164,-11.889510882155,-77.0333314328834
2016-008533,06-02-2016,"10:51:13 p.m.","ANTONIO DE PADUA             LOS OLIVOS",INCENDIO,M161-1,,
2016-008532,06-02-2016,"10:48:24 p.m.","AV. UNIVERSITARIA CRUCE CON PR. MANUEL PRADO CARABAYLLO            CARABAYLLO","EMERGENCIA MEDICA",AMB124-2,-11.8702805701693,-77.0212976271289
2016-008531,06-02-2016,"10:44:04 p.m.","  CL. GENERAL BELISARIO SUAREZ 952        ",RESCATE,AUX-28,-12.1109155913165,-77.0273790575102
2016-008530,06-02-2016,"10:32:58 p.m.","PR. JAVIER PRADO ESTE CRUCE CON AV. LOS INGENIEROS (A) LA MOLINA            LA MOLINA","EMERGENCIA MEDICA",AMB-169,-12.0686498146307,-76.9487002204638
2016-008529,06-02-2016,"10:29:46 p.m.","  CL. MANUEL PINO 116        LIMA","EMERGENCIA MEDICA",AMB-8,-12.0787338669704,-77.0359170806409
2016-008528,06-02-2016,"10:25:25 p.m.","  CL. EUSEBIO DEL LLANO ZAPATA 316        MIRAFLORES","EMERGENCIA MEDICA",SAMU-4,-12.1102437348434,-77.0395293017111
2016-008527,06-02-2016,"10:24:59 p.m.","  JR. FRANCISCO DE ZELA 2065       LINCE","EMERGENCIA MEDICA",AMB-202,-12.0859297861857,-77.0396465274514
2016-008526,06-02-2016,"10:23:12 p.m.","AV. ELMER FAUCETT CRUCE CON CL. SAN JOSE BELLAVISTA            BELLAVISTA","EMERGENCIA MEDICA","AMB-1, M60-1",-12.0575890991311,-77.0974167061987
2016-008525,06-02-2016,"10:23:11 p.m.","  AV. JUAN VELASCO ALVARADO 708        SAN JUAN DE MIRAFLORES","EMERGENCIA MEDICA",SAMU-120,-12.1721218254237,-76.9659919575789
2016-008524,06-02-2016,"10:07:47 p.m.","  AV. JOSE GRANDA 2400       SAN MARTIN DE PORRES","ACCIDENTE VEHICULAR","AMB-2, AMB-65, M65-1, M65-2",-12.0275123519615,-77.0715151076449
2016-008523,06-02-2016,"10:05:14 p.m.","CAJUCA NAZCA            ","EMERGENCIA MEDICA",AMB-82,,
2016-008522,06-02-2016,"09:55:40 p.m.","ATAHUALPA            HUACHO","MATERIALES PELIGROSOS (INCIDENTE)",M20-1,,
2016-008521,06-02-2016,"09:50:24 p.m.","AV. TACNA CRUCE CON JR. MARISCAL RAMON CASTILLA SAN MIGUEL            SAN MIGUEL","EMERGENCIA MEDICA",AMB-36,-12.0888847990744,-77.0819756053718
2016-008520,06-02-2016,"09:46:47 p.m.","UR. SAN JUAN MASIAS             CALLAO","EMERGENCIA MEDICA",AMB-36,-11.9982723648261,-77.116846571987
2016-008519,06-02-2016,"09:45:10 p.m.","  JR. CHANCHAMAYO 245        CALLAO","EMERGENCIA MEDICA",MED-34,-12.0653693367882,-77.1538234860329
2016-008518,06-02-2016,"09:45:00 p.m.","  AV. EDILBERTO RAMOS (MARIANO PASTOR SEVILLA) (FORESTAL) 000        VILLA EL SALVADOR","EMERGENCIA MEDICA",MED-34,-12.1959383847142,-76.9592588405001
2016-008517,06-02-2016,"09:44:05 p.m.","JR. CARLOS BACA FLOR (DON AURELIO) (17) CRUCE CON AV. LA MERCED SANTIAGO DE SURCO            SANTIAGO DE SURCO","EMERGENCIA MEDICA",MED-34,-12.133918842359,-77.009506255907
2016-008516,06-02-2016,"09:44:00 p.m.","TREBOL E JAVIER PRADO PARADERO SAN JUAN            ATE","EMERGENCIA MEDICA",SAMU-127,,
2016-008515,06-02-2016,"09:34:17 p.m.","SECTRO AMAPROVI            NAZCA","EMERGENCIA MEDICA",AMB-82,,
2016-008514,06-02-2016,"09:32:29 p.m.","  JR. AMAZONAS 3631       SAN MARTIN DE PORRES","EMERGENCIA MEDICA",AMB-60,-12.0365304354797,-77.0899782332603
2016-008513,06-02-2016,"09:31:31 p.m.","  CL. VICTOR FAJARDO 861        VILLA MARIA DEL TRIUNFO","EMERGENCIA MEDICA",SAMU-105,,
2016-008512,06-02-2016,"09:29:16 p.m.","AV. CANADA CRUCE CON AV. DE LA ARQUEOLOGIA SAN BORJA            SAN BORJA","ACCIDENTE VEHICULAR",SAMU-105,-12.0837751151198,-77.0009000562717
2016-008511,06-02-2016,"09:26:04 p.m.","RE. LOS JAZMINES 4TA ETAPA MZ T LOTE 6             CALLAO","SERVICIO ESPECIAL",M9-1,-12.0041630052702,-77.1084042748415
2016-008510,06-02-2016,"09:21:51 p.m.","B-164            ","EMERGENCIA MEDICA",AMB-164,,
2016-008509,06-02-2016,"09:21:43 p.m.","  AV. FRANCISCO PIZARRO 448        RIMAC","EMERGENCIA MEDICA",AMB-2,-12.038337777821,-77.0329696266136
2016-008508,06-02-2016,"09:16:32 p.m.","  AV. LA MARINA 2500       SAN MIGUEL","EMERGENCIA MEDICA",AMB-83,-12.077745414125,-77.090734545049
2016-008507,06-02-2016,"09:11:53 p.m.","PERU CRUCE EL OLIVAR             ","EMERGENCIA MEDICA",AMB-60,,
2016-008506,06-02-2016,"09:11:22 p.m.","  AV. LAS FLORES DE PRIMAVERA (LAS FLORES) PARADERO 20 000        SAN JUAN DE LURIGANCHO","MATERIALES PELIGROSOS (INCIDENTE)","AMB-121, M121-1, SAMU-121",-12.0001031211932,-77.0136604618461
2016-008505,06-02-2016,"09:05:50 p.m.","  CL. GENERAL MIGUEL IGLESIAS 111        SURQUILLO","EMERGENCIA MEDICA","AMB-121, M121-1, SAMU-121",-12.1120049905963,-77.0096613522656
2016-008504,06-02-2016,"08:56:03 p.m.","AV. UNIVERSITARIA CRUCE CON AV. MEXICO COMAS            COMAS","EMERGENCIA MEDICA","AMB124-2, SAMU-168",-11.9554578082197,-77.060136575876
2016-008503,06-02-2016,"08:48:19 p.m.","  JR. LA ESPERANZA 836        LIMA","EMERGENCIA MEDICA",SAMU-10,-12.0396431635904,-77.0533494231877
2016-008502,06-02-2016,"08:42:57 p.m.","PAN SUR 275             PISCO","ACCIDENTE VEHICULAR",CIST90-4,,
2016-008501,06-02-2016,"08:42:23 p.m.","  AV. PERU 2600       ",INCENDIO,"AMB-60, M161-1, M65-1, M9-1, M9-5",-12.0317493272093,-77.0747396154026
2016-008500,06-02-2016,"08:33:14 p.m.","AV LA MARINA             ","SERVICIO ESPECIAL",M1-1,,
2016-008499,06-02-2016,"08:32:26 p.m.","PANAMERICANA SUR KM 232            PISCO","ACCIDENTE VEHICULAR",AMB-37,,
2016-008498,06-02-2016,"08:31:47 p.m.","CENTRO POBLADDO STA  TERESA             ","EMERGENCIA MEDICA",M49-1,,
2016-008497,06-02-2016,"08:22:55 p.m.",,"SERVICIO ESPECIAL","AMB-1, M1-1, M15-1",-12.0683303295786,-77.1131722836318
2016-008496,06-02-2016,"08:15:45 p.m.","  CL. GALEANO 812        SANTIAGO DE SURCO",INCENDIO,"AMB-28, CIST-13, CIST-XXIV, ELEC-11, M120-1, M16-1, M28-1, M6-1, RES-134, SAMU-120",-12.12344823474,-76.9967162483206
2016-008495,06-02-2016,"08:13:52 p.m.","  AV. SAN MARTIN 1200       PUEBLO LIBRE","MATERIALES PELIGROSOS (INCIDENTE)","M36-1, SAMU-4",-12.0783970966588,-77.0631171879944
2016-008494,06-02-2016,"08:11:20 p.m.",,"EMERGENCIA MEDICA",AMB-22,,
2016-008493,06-02-2016,"08:10:10 p.m.","GRIFO EL SOL VISTA ALEGRE            NAZCA","ACCIDENTE VEHICULAR",AMB-82,,
2016-008492,06-02-2016,"08:00:53 p.m.","AV. ELMER FAUCETT CRUCE CON AV. LA MARINA SAN MIGUEL            SAN MIGUEL","ACCIDENTE VEHICULAR","AMB-1, AMB-202, AMB-65, AMB-7, M60-1, M7-1, M83-1, MED-34",-12.0734255827676,-77.0998952900454
2016-008491,06-02-2016,"07:30:08 p.m.","AV. CESAR VALLEJO CRUCE CON AV. JOSE MARIA ARGUEDAS (LOS ALAMOS) VILLA EL SALVADOR            VILLA EL SALVADOR",INCENDIO,"M106-1, M120-1, SAMU-105",-12.2146314646744,-76.9392619147974
2016-008490,06-02-2016,"07:28:58 p.m.","  AV. ARGENTINA 2051       LIMA","EMERGENCIA MEDICA",AMB-60,-12.0456838748836,-77.0679502978927
2016-008489,06-02-2016,"07:26:15 p.m.","  AV. SALAVERRY 900        JESUS MARIA","EMERGENCIA MEDICA",SAMU-4,-12.0744858854824,-77.0420926596029
2016-008488,06-02-2016,"07:25:18 p.m.","  AV. AGUSTIN LA ROSA LOZANO (DEFENSORES DE LIMA) (SAN FRANCISCO) 300        SAN JUAN DE MIRAFLORES","EMERGENCIA MEDICA",AMB-11,-12.1448258375443,-76.9722043041936
2016-008487,06-02-2016,"07:24:00 p.m.","PLAYA CHORRILLOS            BARRANCA","EMERGENCIA MEDICA",AMB-73,,
2016-008486,06-02-2016,"07:20:11 p.m.","  AV. CONTISUYO 200        INDEPENDENCIA","EMERGENCIA MEDICA",AMB-65,-11.9862642467686,-77.0569096113172
2016-008485,06-02-2016,"07:19:07 p.m.",,INCENDIO,RES-134,-12.1673979612824,-76.9904172036046
2016-008484,06-02-2016,"07:17:33 p.m.","AV. REVOLUCION CRUCE CON AV. PACTO ANDINO VILLA EL SALVADOR            VILLA EL SALVADOR","ACCIDENTE VEHICULAR","M106-1, M120-1, SAMU-105",-12.1956357014277,-76.9474082195007
2016-008483,06-02-2016,"07:05:53 p.m.","PROL TACNA  ESQ  LA  CAPILLA             RIMAC","SERVICIO ESPECIAL",M21-1,,
2016-008482,06-02-2016,"07:04:22 p.m.","PANTANOS DE VILLA             CHORRILLOS",INCENDIO,"M13-1, M6-1",,
2016-008481,06-02-2016,"06:58:40 p.m.",,"EMERGENCIA MEDICA",AMB-134,,
2016-008480,06-02-2016,"06:56:19 p.m.","AV DEL DEPORTE            AYACUCHO","EMERGENCIA MEDICA",MED-63,,
2016-008479,06-02-2016,"06:51:27 p.m.","CASABLANCA CALLE 8            PACHACAMAC",RESCATE,RES-160,,
2016-008478,06-02-2016,"06:51:16 p.m.","  PJ. DE LA BIOLOGIA (3) B 15 000        SAN BORJA","EMERGENCIA MEDICA",AMB-11,-12.0846563566858,-77.001871470542
2016-008477,06-02-2016,"06:39:05 p.m.","AV. CHIMPU OCLLO CRUCE CON AV. TRAPICHE-CHILLON CARABAYLLO            CARABAYLLO",INCENDIO,"AMB124-2, CIST124-4, CIST25CD1, M164-1, RES-150",-11.8915881315131,-77.0446794351357
2016-008476,06-02-2016,"06:34:22 p.m.",,"EMERGENCIA MEDICA","SAMU-10, SAMU-4",-12.0490454288204,-77.0352343590435
2016-008475,06-02-2016,"06:33:58 p.m.","B 96             ","EMERGENCIA MEDICA",MED-96,,
2016-008474,06-02-2016,"06:33:24 p.m.","  CL. TALARA 166        VILLA MARIA DEL TRIUNFO","EMERGENCIA MEDICA",SAMU-120,-12.2121408790644,-76.9067355926271
2016-008473,06-02-2016,"06:32:52 p.m.","  JR. BAHIA 207        PUEBLO LIBRE","EMERGENCIA MEDICA",AMB-36,-12.0712431475697,-77.0568268240878
2016-008472,06-02-2016,"06:29:56 p.m.","  CL. LOS ASTEROIDES  MATELINI 115        CHORRILLOS","EMERGENCIA MEDICA",SAMU-134,-12.1685651054833,-76.9971812208114
2016-008471,06-02-2016,"06:29:34 p.m.","AV. UNIVERSITARIA (BELLA UNION) CRUCE CON AV. GERMAN AGUIRRE UGARTE SAN MARTIN DE PORRES            SAN MARTIN DE PORRES",INCENDIO,M161-1,-12.0192787821674,-77.076397875902
2016-008470,06-02-2016,"06:17:14 p.m.","  CL. DOMINGO ORUE 465        MIRAFLORES","EMERGENCIA MEDICA",AMB-28,-12.1091593264081,-77.0284571814075
2016-008469,06-02-2016,"06:07:11 p.m.","  AL. SUR 843        CHORRILLOS","EMERGENCIA MEDICA",SAMU-6,-12.1985118649642,-77.0123275102677
2016-008468,06-02-2016,"06:02:43 p.m.","  AV. SAN PEDRO 000        LURIN",INCENDIO,M129-1,-12.2717420133295,-76.871001787868
2016-008467,06-02-2016,"05:42:59 p.m.","  CL. 3 NORTE 140        SAN ISIDRO","EMERGENCIA MEDICA",AMB-11,-12.1005692906736,-77.0160063047886
2016-008466,06-02-2016,"05:37:51 p.m.","  PR. LAS LOMAS 1400       SAN JUAN DE LURIGANCHO","EMERGENCIA MEDICA",SAMU-121,-12.0117323635705,-76.9830785958983
2016-008465,06-02-2016,"05:33:13 p.m.","  CL. CABO NICOLAS GUTARRA 711        PUEBLO LIBRE","EMERGENCIA MEDICA",AMB-36,-12.0815465844558,-77.0656733117321
2016-008464,06-02-2016,"05:32:38 p.m.","ASAMBREA  ESQ  MANCO CAPAC            AYACUCHO","MATERIALES PELIGROSOS (INCIDENTE)",RES-63,,
2016-008463,06-02-2016,"05:30:38 p.m.","AV. LOS QUECHUAS CRUCE CON AV. VIA DE EVITAMIENTO ATE - VITARTE            ATE","EMERGENCIA MEDICA",AMB-169,-12.0763856567064,-76.9755412368418
2016-008462,06-02-2016,"05:29:32 p.m.","  AV. VICTOR MALASQUEZ 000        PACHACAMAC","EMERGENCIA MEDICA",MED-96,,
2016-008461,06-02-2016,"05:27:09 p.m.","PJ. INCA PACHACUTEC SECTOR MICAELA BASTIDAS             VILLA MARIA DEL TRIUNFO",INCENDIO,"M106-1, M120-1, M28-1, M6-1, SAMU-120",-12.1750754443092,-76.9484939907949
2016-008460,06-02-2016,"05:21:56 p.m.","  AV. LA MOLINA 400        ATE","EMERGENCIA MEDICA",SAMU-127,-12.0591947935703,-76.962422061614
2016-008459,06-02-2016,"05:21:03 p.m.","ANTIGUA PANAMERICANA SUR KM 35.5            LURIN","EMERGENCIA MEDICA",AMB-129,,
2016-008458,06-02-2016,"05:20:26 p.m.","HUACACHINA            ICA","EMERGENCIA MEDICA",AMB-22,,
2016-008457,06-02-2016,"05:16:35 p.m.","  CL. ABRAHAM VALDELOMAR 400        VILLA MARIA DEL TRIUNFO","ACCIDENTE VEHICULAR","M106-1, RES-134, SAMU-106",-12.174937815083,-76.9421443825066
2016-008456,06-02-2016,"05:14:17 p.m.","  JR. ARICA (AGUSTIN T. WHILAR) 279        BARRANCO","EMERGENCIA MEDICA",AMB-16,-12.1423592627517,-77.0159710166235
2016-008455,06-02-2016,"05:07:21 p.m.","AV. ALFREDO BENAVIDES CRUCE CON AV. ROOSEVELT (REPUBLICA DE PANAMA) MIRAFLORES            MIRAFLORES","EMERGENCIA MEDICA",AMB-28,-12.126361043708,-77.0181302318748
2016-008454,06-02-2016,"05:00:25 p.m.","AH. SAN FRANCISCO DE LA TABLADA DE LURIN SECTOR PRIMERO             VILLA MARIA DEL TRIUNFO","EMERGENCIA MEDICA",SAMU-105,-12.1988961867139,-76.9282524284407
2016-008453,06-02-2016,"04:59:52 p.m.",,"EMERGENCIA MEDICA",SAMU-176,-12.0366217500035,-77.0285097514547
2016-008452,06-02-2016,"04:58:22 p.m.","  AV. JUAN BERTOLOTTO NEGRO 111        SAN MIGUEL","EMERGENCIA MEDICA",SAMU-83,-12.0942389513326,-77.0777880192165
2016-008451,06-02-2016,"04:52:33 p.m.","  AV. DEL VALLE SUR 374        SANTIAGO DE SURCO","EMERGENCIA MEDICA",AMB-11,-12.1222431305772,-76.9974821010418
2016-008450,06-02-2016,"04:22:45 p.m.","  AV. DON JOSE DE SAN MARTIN (SAN MARTIN) 401        ","EMERGENCIA MEDICA",SAMU-150,-11.8996040085962,-77.0326678211291
2016-008449,06-02-2016,"04:19:49 p.m.","  CL. EL TESORO (PICCHU) 678        SAN LUIS","EMERGENCIA MEDICA",SAMU-4,-12.0795502799131,-77.0022040473159
2016-008448,06-02-2016,"04:19:00 p.m.","  CL. EL TESORO (PICCHU) 678        SAN LUIS","EMERGENCIA MEDICA",SAMU-127,-12.0797733413742,-77.0028945626995
2016-008447,06-02-2016,"04:00:18 p.m.",,"EMERGENCIA MEDICA",AMB-36,-12.0551657850239,-77.0492196619615
2016-008446,06-02-2016,"03:59:04 p.m.","JR. ALMIRANTE LORD COCHRANE CRUCE CON AV. JOSE GALVEZ CALLAO            CALLAO","EMERGENCIA MEDICA",AMB-7,-12.0674760826889,-77.1376852072713
2016-008445,06-02-2016,"03:57:24 p.m.","PJ. VILLA EL SALVADOR SECTOR 2 GRUPO 18 P LT 20            VILLA EL SALVADOR","EMERGENCIA MEDICA",SAMU-105,-12.2081369640927,-76.944494231387
2016-008444,06-02-2016,"03:50:24 p.m.","PLAN VERANO            ","SERVICIO ESPECIAL","AMB-129, AMB-183, M129-1, M13-1, M49-1",,
2016-008443,06-02-2016,"03:39:11 p.m.","  JR. TACNA SUR (ARICA) 517        CALLAO","EMERGENCIA MEDICA",AMB-60,-12.063238435051,-77.1350748057299
2016-008442,06-02-2016,"03:36:37 p.m.","AH. CESAR VALLEJO J LT 7            SAN JUAN DE LURIGANCHO","EMERGENCIA MEDICA",SAMU-121,-11.9418506946941,-76.9644776343299
2016-008441,06-02-2016,"03:34:50 p.m.","UR. SAN DIEGO DE VIPOL Z            SAN MARTIN DE PORRES",INCENDIO,"CIST124-4, M161-1, SAMU-150",-11.9469364031581,-77.0863536228271
2016-008440,06-02-2016,"03:28:48 p.m.",,"EMERGENCIA MEDICA",AMB-36,-12.0650033356569,-77.0500445605797
2016-008439,06-02-2016,"03:26:46 p.m.","JARDINES DEL SUR A3            ICA","EMERGENCIA MEDICA",MATPEL171,,
2016-008438,06-02-2016,"03:21:39 p.m.","AH. SAN MARTIN DE PORRAS MZ 162 LT 15             LOS OLIVOS","EMERGENCIA MEDICA",AMB-150,-11.9636438779767,-77.0827739096331
2016-008437,06-02-2016,"03:19:54 p.m.","  AV. AREQUIPA 2900       SAN ISIDRO","EMERGENCIA MEDICA",SAMU-4,-12.0950669912878,-77.0329913287633
2016-008436,06-02-2016,"03:12:55 p.m.","DISTRITO DE SANTA MARIA UR LOS CIPRESES             HUACHO","MATERIALES PELIGROSOS (INCIDENTE)",M20-1,,
2016-008435,06-02-2016,"03:11:19 p.m.","JR. COLON CRUCE CON JR. CLEMENTE PALMA (MANCO CAPAC) MIRAFLORES            MIRAFLORES","EMERGENCIA MEDICA",AMB-16,-12.1272348192477,-77.0309955183738
2016-008434,06-02-2016,"02:59:38 p.m.","BA. CHUCUIO MZ D LT 22            CALLAO","EMERGENCIA MEDICA",MED-18,-12.066267418059,-77.1556426181015
2016-008433,06-02-2016,"02:39:21 p.m.","CARRETERAS - PANAMERICANAS CARRETERA CENTRAL 6.6            ATE","ACCIDENTE VEHICULAR","M106-3, MED-96, RES-127",-12.0280781935964,-76.9231489442779
2016-008432,06-02-2016,"02:24:02 p.m.",,"EMERGENCIA MEDICA",AMB-36,-12.0583433142724,-77.0532570810188
2016-008431,06-02-2016,"02:21:03 p.m.","  JR. MADERA 447        RIMAC","EMERGENCIA MEDICA",SAMU-21,-12.0391565579169,-77.0232959781693
2016-008430,06-02-2016,"02:16:26 p.m.","  AV. COLECTORA 000        CALLAO","EMERGENCIA MEDICA",SAMU-21,-12.0023355455244,-77.1081664585045
2016-008429,06-02-2016,"02:10:46 p.m.","  AV. EL TRIUNFO 600        VILLA MARIA DEL TRIUNFO","EMERGENCIA MEDICA",SAMU-106,-12.1799787527361,-76.9375921414625
2016-008428,06-02-2016,"02:10:05 p.m.","  CL. CARLOS AUGUSTO SALAVERRY 700        SURQUILLO",INCENDIO,"M11-1, M16-1, M28-1, SAMU-4",-12.1092748529871,-77.0250620581006
2016-008427,06-02-2016,"01:56:46 p.m.","CL SAN ALBERTO            CHACLACAYO","EMERGENCIA MEDICA",AMB-115,,
2016-008426,06-02-2016,"01:45:47 p.m.","  CL. APURIMAC 369        COMAS","MATERIALES PELIGROSOS (INCIDENTE)","AMB-65, CIST124-4",-11.9456964971747,-77.0301649306553
2016-008425,06-02-2016,"01:41:06 p.m.","  AV. LIMA SUR (LAS FLORES) 1412       LURIGANCHO","EMERGENCIA MEDICA",AMB-32,-11.943442793797,-76.7075883917726
2016-008424,06-02-2016,"01:34:55 p.m.","CARRETERAS - PANAMERICANAS PANAMERICANA NORTE 41.64            SANTA ROSA","ACCIDENTE VEHICULAR","AMB-163, M150-3, M163-1",-11.7858368948159,-77.1536706656468
2016-008423,06-02-2016,"01:32:04 p.m.","  AV. INCA GARCILAZO DE LA VEGA (WILSON) 1200       LIMA","EMERGENCIA MEDICA","AMB-163, M150-3, M163-1",-12.0550636768199,-77.0383797124984
2016-008422,06-02-2016,"01:29:51 p.m.","  AV. DE LOS INSURGENTES 900        SAN MIGUEL","MATERIALES PELIGROSOS (INCIDENTE)","AMB-83, M60-1",-12.0651688326368,-77.104154656017
2016-008421,06-02-2016,"01:28:55 p.m.","  CL. CESAR VALLEJO 300        INDEPENDENCIA","EMERGENCIA MEDICA",M168-1,-11.992854990096,-77.0552158617345
2016-008420,06-02-2016,"01:24:08 p.m.","  CL. BENJAMIN FRANKLIN 252        ATE","EMERGENCIA MEDICA",SAMU-176,-12.0633813838879,-76.9772287102768
2016-008419,06-02-2016,"01:22:56 p.m.","CL. PACARITAMBO CRUCE CON AV. ALEJANDRO VELASCO ASTETE OESTE SAN BORJA            SAN BORJA","EMERGENCIA MEDICA",SAMU-120,-12.1047173116387,-76.9847892852098
2016-008418,06-02-2016,"01:16:14 p.m.","ROCA Y BOLOGNA 1499 SURQUILLO            ","EMERGENCIA MEDICA",SAMU-120,,
2016-008417,06-02-2016,"01:11:12 p.m.","  JR. MIGUEL CHECA 673        LA VICTORIA","EMERGENCIA MEDICA",SAMU-2,-12.0880203101485,-77.0184849308503
2016-008416,06-02-2016,"01:08:55 p.m.","PANAMERICANA SUR  KM 52  CHUTANA            SAN BARTOLO","SERVICIO ESPECIAL",RES-125,,
2016-008415,06-02-2016,"01:07:05 p.m.","  CL. BENJAMIN FRANKLIN 233        ATE","EMERGENCIA MEDICA",RES-125,-12.064764803199,-76.9766507005333
2016-008414,06-02-2016,"01:03:10 p.m.",,"EMERGENCIA MEDICA",MED-18,-12.0722446076139,-77.1647296459225
2016-008413,06-02-2016,"12:57:34 p.m.","PANAMERICANA SUR KM 107            SAN VICENTE DE CANETE","ACCIDENTE VEHICULAR","AMB-183, M49-1",,
2016-008412,06-02-2016,"12:55:55 p.m.","  AV. PACHACUTEC 2900       VILLA MARIA DEL TRIUNFO","EMERGENCIA MEDICA",SAMU-106,-12.173835312642,-76.9478177068819
2016-008411,06-02-2016,"12:55:52 p.m.","CARRETERAS - PANAMERICANAS PANAMERICANA SUR 105            ","ACCIDENTE VEHICULAR",SAMU-106,,
2016-008410,06-02-2016,"12:50:30 p.m.","  CL. JESUS MORALES 984        SAN JUAN DE MIRAFLORES","EMERGENCIA MEDICA",SAMU-134,-12.1579573090511,-76.9746299382542
2016-008409,06-02-2016,"12:47:47 p.m.","EDUCACION I.E. MATEO PUMACAHUA NRO. 6097 400        CHORRILLOS","MATERIALES PELIGROSOS (INCIDENTE)","M120-1, SAMU-120",-12.1923872631727,-76.9809089163746
2016-008408,06-02-2016,"12:38:08 p.m.","  AV. CORONEL SAMUEL ALCAZAR 300        RIMAC",INCENDIO,"M2-1, M3-1, RES-3, SAMU-14, SAMU-21",-12.0306354920159,-77.0291225208687
2016-008407,06-02-2016,"12:29:23 p.m.","  AV. SAN MARTIN 266        PUEBLO LIBRE","EMERGENCIA MEDICA",AMB-36,-12.0696423551679,-77.0614848275211
2016-008406,06-02-2016,"12:23:11 p.m.","ELIAS APARICIO 200        LA MOLINA","EMERGENCIA MEDICA",MED-96,,
2016-008405,06-02-2016,"12:20:46 p.m.","  AV. CANADA 1700       SAN BORJA","ACCIDENTE VEHICULAR","AMB-14, M11-1, RES-127",-12.0840060836189,-77.0027764048191
2016-008404,06-02-2016,"12:12:11 p.m.","  AV. LOS PORTALES (16) 000        LOS OLIVOS","EMERGENCIA MEDICA",AMB-65,-11.9428341310926,-77.0742858007081
2016-008403,06-02-2016,"12:08:24 p.m.",,"EMERGENCIA MEDICA",SAMU-14,-12.0656097969004,-77.0497135724871
2016-008402,06-02-2016,"11:54:54 a.m.","  AV. JULIO CESAR TELLO 1300       LINCE","EMERGENCIA MEDICA",AMB-202,-12.0869623343673,-77.0455877558764
2016-008401,06-02-2016,"11:48:36 a.m.","AV. MATERIALES CRUCE CON JR. 29 DE SETIEMBRE CARMEN DE LA LEGUA REYNOSO            CARMEN DE LA LEGUA REYNOS","EMERGENCIA MEDICA",AMB-60,-12.0424074080317,-77.0850338962441
2016-008400,06-02-2016,"11:48:16 a.m.","  AV. ARRIBA PERU 1205       VILLA EL SALVADOR","EMERGENCIA MEDICA",SAMU-105,-12.208801289763,-76.946579032206
2016-008399,06-02-2016,"11:46:05 a.m.","  AV. LIMA (LA VICTORIA) 400        BARRANCO","EMERGENCIA MEDICA",SAMU-6,-12.1473463241,-77.0178970568212
2016-008398,06-02-2016,"11:43:27 a.m.","CARRETERAS - PANAMERICANAS PANAMERICANA SUR 9            SANTIAGO DE SURCO","ACCIDENTE VEHICULAR","AMB134-2, M11-1, M120-1, M16-1, SAMU-134",-12.1359741283759,-76.9800239508411
2016-008397,06-02-2016,"11:37:50 a.m.","  PS. LA CASTELLANA 555        SANTIAGO DE SURCO",RESCATE,RES-134,-12.134814198091,-77.0038657521324
2016-008396,06-02-2016,"11:32:17 a.m.","  CL. CHACARITAS (SEXTA) (CUSCO) 300        CALLAO","EMERGENCIA MEDICA",MED-18,-12.050547810983,-77.1349410837544
2016-008395,06-02-2016,"11:29:21 a.m.","  CL. SAN AGUSTIN 186        SURQUILLO","EMERGENCIA MEDICA",AMB-28,-12.1159253049384,-77.0244970665868
2016-008394,06-02-2016,"11:19:19 a.m.","  AV. PERU 3800       SAN MARTIN DE PORRES","EMERGENCIA MEDICA",AMB-60,-12.030324330661,-77.0900870979151
2016-008393,06-02-2016,"11:18:34 a.m.","  PR. PEDRO MIOTTA 500        SAN JUAN DE MIRAFLORES","EMERGENCIA MEDICA",SAMU-120,-12.1660350591602,-76.9782155471907
2016-008392,06-02-2016,"11:14:49 a.m.","  CL. JORGE LIZARBE (12) 155        BELLAVISTA","EMERGENCIA MEDICA","AMB-7, M60-1",-12.0581669943297,-77.1126008640928
2016-008391,06-02-2016,"11:14:05 a.m.","CARRETERA CANTA KM  23.5  TORRE  BLANCA             ",INCENDIO,"CIST25CD1, M164-1",,
2016-008390,06-02-2016,"11:12:37 a.m.","  PR. LOS ANGELES (JOSE GONZALES) 129        COMAS","EMERGENCIA MEDICA",SAMU-121,-11.9408721977814,-77.0585834542584
2016-008389,06-02-2016,"11:10:21 a.m.","URB NAVIDAD            LURIGANCHO","ACCIDENTE VEHICULAR",AMB-32,,
2016-008388,06-02-2016,"11:02:17 a.m.",,"ACCIDENTE VEHICULAR",MED-49,,
2016-008387,06-02-2016,"11:00:42 a.m.",,"EMERGENCIA MEDICA",SAMU-2,-12.0419738567646,-77.0372032137901
2016-008386,06-02-2016,"10:59:35 a.m.",,"EMERGENCIA MEDICA",SAMU-150,-11.8672039970923,-77.0789182815675
2016-008385,06-02-2016,"10:57:12 a.m.","  CL. HAWAI 330        LA MOLINA","EMERGENCIA MEDICA",MED-96,-12.080504092286,-76.895584058047
2016-008384,06-02-2016,"10:57:01 a.m.","HOSP ALMENARA 000        LIMA","EMERGENCIA MEDICA",AMB-14,-12.0474880835981,-77.0190279529775
2016-008383,06-02-2016,"10:55:46 a.m.","  PR. LOS ANGELES (JOSE GONZALES) 129        COMAS","EMERGENCIA MEDICA",AMB-150,-11.944057288653,-77.0539141004871
2016-008382,06-02-2016,"10:54:06 a.m.","JR. HUANUCO CRUCE CON AV. GRAU LIMA            LIMA","ACCIDENTE VEHICULAR","M2-1, RES-8, SAMU-176",-12.0574669369917,-77.0174430132909
2016-008381,06-02-2016,"10:47:16 a.m.","UR. JOSE BOTERIN ETAPA I J            CALLAO",INCENDIO,"AMB-7, M15-1, M7-5, MED-18",-12.0535075053834,-77.1231147611313
2016-008380,06-02-2016,"10:45:36 a.m.","PROLONGACION CL. LIMA 700            ","EMERGENCIA MEDICA",MED-38,,
2016-008379,06-02-2016,"10:45:02 a.m.","CARRETERAS - PANAMERICANAS PANAMERICANA SUR 119            ","EMERGENCIA MEDICA",AMB-183,-12.1583087712119,-76.9620760628713
2016-008378,06-02-2016,"10:34:08 a.m.",,"EMERGENCIA MEDICA","AMB-14, AMB-202",-12.0691277917434,-77.0490105779537
2016-008377,06-02-2016,"10:32:42 a.m.","  AV. ALFREDO BENAVIDES 4838       SANTIAGO DE SURCO","EMERGENCIA MEDICA",SAMU-134,-12.1278698651374,-76.986812101759
2016-008376,06-02-2016,"10:30:26 a.m.","ESTADIO LA VIDENA             SAN LUIS","SERVICIO ESPECIAL",AMB-8,,
2016-008375,06-02-2016,"10:29:57 a.m.","  AV. PERU 2321       SAN MARTIN DE PORRES","EMERGENCIA MEDICA",AMB-65,-12.0319963323228,-77.070175628904
2016-008374,06-02-2016,"10:29:09 a.m.","  JR. TRUJILLO (ALMIRANTE MARCOS DE ARAMBURU) 337        MAGDALENA DEL MAR","EMERGENCIA MEDICA",AMB-83,-12.0945163601684,-77.0623780691636
2016-008373,06-02-2016,"10:27:33 a.m.","  JR. GARCIA Y GARCIA (CESAR CONTRERAS) 800        BARRANCO","ACCIDENTE VEHICULAR","AMB134-2, M16-1, RES-16",,
2016-008372,06-02-2016,"10:26:38 a.m.","  AV. PETIT THOUARS 200        LIMA","EMERGENCIA MEDICA",SAMU-4,-12.0662505640486,-77.0360263204373
2016-008371,06-02-2016,"10:23:57 a.m.","PANTANOS DE VILLA 100        CHORRILLOS",INCENDIO,M6-1,-12.1602340835924,-77.0240991962016
2016-008370,06-02-2016,"10:20:12 a.m.","  CL. CESAR ALTAMIRANO (14) 400        BELLAVISTA","EMERGENCIA MEDICA",AMB-7,-12.0568276296935,-77.1106849342937
2016-008369,06-02-2016,"10:16:13 a.m.","  CL. JOSE OLAYA 100        BELLAVISTA","EMERGENCIA MEDICA",MED-18,-12.065013846135,-77.1328615469828
2016-008368,06-02-2016,"10:06:50 a.m.",,"EMERGENCIA MEDICA",AMB-14,-12.0661438205503,-77.048666119953
2016-008367,06-02-2016,"10:06:38 a.m.","  AV. PACHACUTEC 1300       VILLA MARIA DEL TRIUNFO","EMERGENCIA MEDICA","M120-1, RES-134, SAMU-106",-12.1604562582662,-76.9565205313068
2016-008366,06-02-2016,"10:04:15 a.m.","JR. APURIMAC CRUCE CON CL. CONTRALMIRANTE VILLAR CALLAO            CALLAO","EMERGENCIA MEDICA",MED-18,-12.0633011673601,-77.1364909875283
2016-008365,06-02-2016,"10:02:05 a.m.","  CL. CHINCHEROS (MICAELA BASTIDAS) 169        ATE","EMERGENCIA MEDICA",AMB-138,-12.0576567831449,-76.9578595285658
2016-008364,06-02-2016,"10:00:07 a.m.","  CL. RACOVICH 100        MAGDALENA DEL MAR","EMERGENCIA MEDICA",AMB-83,-12.0974687868829,-77.0624491002647
2016-008363,06-02-2016,"09:58:32 a.m.","MATACONA            ",INCENDIO,"CIST-VI, M22-1",,
2016-008362,06-02-2016,"09:54:58 a.m.","INSTITUCIONAL OTROS CEMENTERIO EL SAUCE            SAN JUAN DE LURIGANCHO","EMERGENCIA MEDICA",SAMU-121,-12.004723899475,-76.9899400698896
2016-008361,06-02-2016,"09:46:40 a.m.","  JR. AYACUCHO (PUENTE Y CORTEZ) 273        MAGDALENA DEL MAR","EMERGENCIA MEDICA",AMB-36,-12.0884198796314,-77.0663735593755
2016-008360,06-02-2016,"09:45:50 a.m.","CO. VIRGEN DE LAS NIEVES   MZ  S              SANTA ANITA",INCENDIO,M127-1,-12.0526027993264,-76.9800913754657
2016-008359,06-02-2016,"09:33:43 a.m.","  AV. CORONEL SAMUEL ALCAZAR  URN LEONCIO PRADO   MZ P  LT  13  300        RIMAC","EMERGENCIA MEDICA",SAMU-2,-12.0310767548513,-77.0288774174024
2016-008358,06-02-2016,"09:31:50 a.m.",,"EMERGENCIA MEDICA",AMB-14,-12.0508169328463,-77.0437929378221
2016-008357,06-02-2016,"09:24:29 a.m.","  CL. JOSE OLAYA 10         VILLA MARIA DEL TRIUNFO",INCENDIO,"M120-1, RES-134, SAMU-106",,
2016-008356,06-02-2016,"09:22:40 a.m.","  JR. CAPAC YUPANQUI 15         JESUS MARIA","EMERGENCIA MEDICA",AMB-202,-12.0765797734979,-77.0414505921124
2016-008355,06-02-2016,"09:13:02 a.m.","AV. EL SOL ESTE (MANUEL LAYNES) CRUCE CON AV. ALMIRANTE MIGUEL GRAU (JOSE MARIA EGUREN) BARRANCO            BARRANCO","ACCIDENTE VEHICULAR","AMB-16, RES-16",-12.1394898384247,-77.0223855736296
2016-008354,06-02-2016,"09:11:28 a.m.","  AV. JOSE OLAYA BALANDRA 000        VILLA EL SALVADOR","EMERGENCIA MEDICA",SAMU-105,-12.2316972948783,-76.9444459856852
2016-008353,06-02-2016,"09:08:53 a.m.","  JR. EL CHACO 2350       SAN MARTIN DE PORRES","EMERGENCIA MEDICA",SAMU-105,-12.0307529309524,-77.0705700292842
2016-008352,06-02-2016,"09:06:49 a.m.","PANAMERICANA SUR  KM 78            CHILCA","EMERGENCIA MEDICA",SAMU-105,,
2016-008351,06-02-2016,"09:00:32 a.m.","  AV. MANUEL DE LA TORRE UGARTE 500        SANTA ANITA","ACCIDENTE VEHICULAR",AMB-138,-12.0511689052237,-76.9698758342757
2016-008350,06-02-2016,"08:59:38 a.m.","ESTACION LOS JARDINES LINEA DEL TREN            ","EMERGENCIA MEDICA",SAMU-121,,
2016-008349,06-02-2016,"08:45:06 a.m.","CARRETERAS - PANAMERICANAS PANAMERICANA SUR 79            ","ACCIDENTE VEHICULAR","AMB-133, M125-1",,
2016-008348,06-02-2016,"08:32:03 a.m.","  JR. PACIFICO 105        CARMEN DE LA LEGUA REYNOS","EMERGENCIA MEDICA",AMB-65,-12.0405155009019,-77.0860357079176
2016-008347,06-02-2016,"08:25:08 a.m.","  JR. TENIENTE DIEGO FERRE 150        SAN MIGUEL","EMERGENCIA MEDICA",AMB-83,-12.062271500629,-77.0792393795084
2016-008346,06-02-2016,"08:23:04 a.m.","  CL. TOMAS GUZMAN 2          SAN JUAN DE MIRAFLORES",INCENDIO,"M120-1, RES-134, SAMU-106",-12.1675407625054,-76.966587039883
2016-008345,06-02-2016,"08:00:34 a.m.","  CL. LA HOYADA (10) 159        RIMAC","EMERGENCIA MEDICA",SAMU-21,-12.0272900209007,-77.0313409553179
2016-008344,06-02-2016,"07:59:31 a.m.","  JR. CORONEL LEON VELARDE 616        LINCE","EMERGENCIA MEDICA",SAMU-4,-12.0833913464571,-77.0413491032716
2016-008343,06-02-2016,"07:52:39 a.m.","AH. JUAN PABLO II G LT  7             SAN JUAN DE LURIGANCHO","EMERGENCIA MEDICA",SAMU-121,-11.9832736506374,-76.9753082993301
2016-008342,06-02-2016,"07:51:48 a.m.","CARRETERAS - PANAMERICANAS PANAMERICANA SUR 36.5            LURIN","ACCIDENTE VEHICULAR","AMB-129, RES-125",-12.3059508394798,-76.8387846942607
2016-008341,06-02-2016,"07:45:21 a.m.","AS. LA GRAMA             PUENTE PIEDRA","ACCIDENTE VEHICULAR","AMB-164, M150-1, M207-5, RES-150, SAMU-150",-11.8558676816778,-77.0903192653673
2016-008340,06-02-2016,"07:41:23 a.m.","AV. ARGENTINA CRUCE CON JR. VICTOR ANDRES BELAUNDE CARMEN DE LA LEGUA REYNOSO            CARMEN DE LA LEGUA REYNOS","EMERGENCIA MEDICA","AMB-7, M7-1",-12.0474878727081,-77.0882376190201
2016-008339,06-02-2016,"07:39:30 a.m.","LOS ANGELES CDRA  1             HUARAL","EMERGENCIA MEDICA",AMB-44,,
2016-008338,06-02-2016,"07:34:08 a.m.","  AV. PACHACUTEC (LOS HEROES) 541        SAN JUAN DE MIRAFLORES","EMERGENCIA MEDICA",AMB134-2,-12.1540316479275,-76.9713117315753
2016-008337,06-02-2016,"07:19:38 a.m.","  JR. CORONEL LEON VELARDE 176        LINCE","EMERGENCIA MEDICA",AMB-202,-12.0828410394867,-77.0374012958695
2016-008336,06-02-2016,"07:12:16 a.m.","  AV. FRANCISCO ALAYZA Y PAZ SOLDAN (GENERAL CORDOVA) 300        MIRAFLORES","EMERGENCIA MEDICA",AMB-100,-12.1145172973139,-77.0431295944577
2016-008335,06-02-2016,"07:04:38 a.m.","  CL. TUPAC AMARU 000        INDEPENDENCIA","EMERGENCIA MEDICA",AMB-65,-11.9774068973898,-77.0460661694252
2016-008334,06-02-2016,"06:50:18 a.m.","  JR. SEBASTIAN BARRANCA 1933       LA VICTORIA","EMERGENCIA MEDICA",SAMU-10,-12.0652942945848,-77.0089745540917
2016-008333,06-02-2016,"06:38:37 a.m.","AV. NICOLAS DE PIEROLA (SALVADOR ALLENDE) (DEFENSORES DE LIMA) CRUCE CON AV. EL SOL VILLA MARIA DEL TRIUNFO            VILLA MARIA DEL TRIUNFO","EMERGENCIA MEDICA",SAMU-120,-12.1678948164376,-76.9492825036498
2016-008332,06-02-2016,"05:40:29 a.m.","  AV. EVITAMIENTO (CIRCUNVALACION) 600        RIMAC","ACCIDENTE VEHICULAR","M2-1, M21-1, SAMU-2",-12.0394795547174,-77.0362160161414
2016-008331,06-02-2016,"05:37:59 a.m.","  JR. RODOLFO DEL CAMPO 452        LA VICTORIA","EMERGENCIA MEDICA",AMB-8,-12.0744600399696,-77.011722818526
2016-008330,06-02-2016,"05:28:53 a.m.","  CL. SEBASTIAN TELLERIA 350        SAN ISIDRO","EMERGENCIA MEDICA",SAMU-4,-12.0972390172149,-77.0299738709487
2016-008329,06-02-2016,"05:13:34 a.m.","  AV. TOMAS VALLE 3000       CALLAO","EMERGENCIA MEDICA",SAMU-168,-12.0122964270631,-77.0916507647176
2016-008328,06-02-2016,"05:10:09 a.m.","PANAMERICANA SUR 108            ","EMERGENCIA MEDICA",MED-49,,
2016-008327,06-02-2016,"04:22:19 a.m.","  AV. GUARDIA CHALACA 568        CALLAO","EMERGENCIA MEDICA",MED-18,-12.0535536799596,-77.1370753967463
2016-008326,06-02-2016,"04:15:09 a.m.","  CL. TURIN 430        SAN MARTIN DE PORRES","EMERGENCIA MEDICA",AMB-65,-12.0132643579474,-77.0580087720513
2016-008325,06-02-2016,"04:07:03 a.m.","AH. BAYOVAR SECTOR II MAZ 21 LOTE 5            SAN JUAN DE LURIGANCHO","EMERGENCIA MEDICA",AMB-121,-11.9543820600033,-76.9923952949454
2016-008324,06-02-2016,"03:56:46 a.m.","  AV. OSCAR R. BENAVIDES (COLONIAL) 4432       ","EMERGENCIA MEDICA",AMB-60,-12.0544521934371,-77.0975830563903
2016-008323,06-02-2016,"03:41:40 a.m.","  CL. ALFONSO UGARTE 325        SAN MARTIN DE PORRES","EMERGENCIA MEDICA",AMB-65,-12.0238221517455,-77.0550632208325
2016-008322,06-02-2016,"03:26:13 a.m.","  CL. VICTOR RAUL HAYA DE LA TORRE   NUEVA ESPERANZA   220        VILLA MARIA DEL TRIUNFO","EMERGENCIA MEDICA",SAMU-105,-12.1761485992925,-76.927731663971
2016-008321,06-02-2016,"02:42:40 a.m.","JR.  TAMBO   S.N  PARADERO   7   DE   JOSE  GALVEZ              VILLA MARIA DEL TRIUNFO","EMERGENCIA MEDICA",AMB-155,,
2016-008320,06-02-2016,"02:33:00 a.m.","  JR. PUCALA  MARANGA   ETAPA   III 242        SAN MIGUEL","EMERGENCIA MEDICA",AMB-7,-12.0766170531543,-77.1029650801087
2016-008319,06-02-2016,"02:26:54 a.m.","AV. AREQUIPA CRUCE CON AV. AYACUCHO VENTANILLA   MI  PERU              VENTANILLA","EMERGENCIA MEDICA",AMB-184,-11.8575465972059,-77.1250332030119
2016-008318,06-02-2016,"02:25:13 a.m.","  CL. LOS VARAYOC 253        SAN JUAN DE LURIGANCHO","EMERGENCIA MEDICA",SAMU-138,-12.0254607415058,-76.9917070187463
2016-008317,06-02-2016,"02:01:33 a.m.","AV. NARANJAL CRUCE CON AV. PANAMERICANA NORTE INDEPENDENCIA            INDEPENDENCIA","ACCIDENTE VEHICULAR","M161-1, SAMU-168",,
2016-008316,06-02-2016,"01:43:50 a.m.","  AV. JOSE BALTA (CARLOS HUGUET)  DTO  C 107        BARRANCO","EMERGENCIA MEDICA",AMB-16,-12.1423272588263,-77.017175951194
2016-008315,06-02-2016,"01:29:56 a.m.","AV. UNIVERSITARIA (BELLA UNION) CRUCE CON AV. GERMAN AGUIRRE UGARTE SAN MARTIN DE PORRES            SAN MARTIN DE PORRES","EMERGENCIA MEDICA",SAMU-168,-12.0192787821674,-77.076397875902
2016-008314,06-02-2016,"01:10:15 a.m.","  JR. BATALLA DE TARAPACA (CAPITAN DE NAVIO OCTAVIO CAVERO) 122        BARRANCO","EMERGENCIA MEDICA",SAMU-6,-12.153515313154,-77.0216150145792
2016-008313,06-02-2016,"01:00:52 a.m.","CARRETERAS - PANAMERICANAS PANAMERICANA SUR 14            SAN JUAN DE MIRAFLORES","EMERGENCIA MEDICA",SAMU-120,-12.1794632276748,-76.9766600852846
2016-008312,06-02-2016,"12:51:49 a.m.","  AV. CAYETANO HEREDIA 668        JESUS MARIA","EMERGENCIA MEDICA",AMB-202,-12.0805116629781,-77.0511135782073
2016-008311,06-02-2016,"12:51:07 a.m.","JR. WASHINGTON CRUCE CON JR. TARMA LIMA            LIMA","ACCIDENTE VEHICULAR","AMB-14, M10-1, M10-3",-12.0613945938196,-77.0389929478878
2016-008310,06-02-2016,"12:49:13 a.m.","JUANA  LARCO DE  MIRAFLORES            ",INCENDIO,M28-1,,
2016-008309,06-02-2016,"12:48:03 a.m.","  PJ. FELIPE SASSONE 181        BARRANCO",RESCATE,"AMB-16, RES-16",-12.1334983631641,-77.0189937017218
2016-008308,06-02-2016,"12:44:08 a.m.","TARAPACA 200        ","EMERGENCIA MEDICA",AMB-16,,
2016-008307,06-02-2016,"12:41:56 a.m.","AV. HEROES DEL ALTO CENEPA (TRAPICHE) CRUCE CON AV. LOS INCAS (4) COMAS            COMAS","EMERGENCIA MEDICA",AMB-164,-11.9108035604194,-77.0559071087861
2016-008306,06-02-2016,"12:33:30 a.m.","AH. HIJOS DE VILLA LOS REYES P lote 11            VENTANILLA","EMERGENCIA MEDICA",AMB-207,-11.8328164071587,-77.1289684338593
2016-008305,06-02-2016,"12:21:16 a.m.","CL. LOS TUMBOS CRUCE CON AV. TUPAC AMARU INDEPENDENCIA            INDEPENDENCIA","ACCIDENTE VEHICULAR","M161-1, SAMU-168",-11.9963670487694,-77.0532762570107
2016-008304,06-02-2016,"12:15:21 a.m.","  AV. PANAMERICANA NORTE (ALFREDO MENDIOLA) 1400       SAN MARTIN DE PORRES","ACCIDENTE VEHICULAR","AMB-14, M168-1, M65-1",-12.0135323745613,-77.0598997347236
2016-008303,06-02-2016,"12:08:25 a.m.","  CL. MANET (B) (35) 294        SURQUILLO","EMERGENCIA MEDICA","AMB-11, M11-1",-12.1141425069493,-76.9981796208856
2016-008302,06-02-2016,"12:05:10 a.m.","AV. SANTIAGO DE SURCO (TOMAS MARSANO) CRUCE CON AV. AYACUCHO (HOJA REDONDA) SANTIAGO DE SURCO            SANTIAGO DE SURCO","ACCIDENTE VEHICULAR","AMB134-2, M16-1, RES-134",-12.1347390821946,-76.9971274807802
2016-008301,06-02-2016,"12:01:22 a.m.","JR. ANTONIO RAYMONDI CRUCE CON AV. IQUITOS LA VICTORIA            LA VICTORIA","EMERGENCIA MEDICA",SAMU-10,-12.060766848077,-77.0313016156313
