ID,FECHA,HORA,DIRECCION,TIPO,UNIDADES,"CORDENADAS (lat)","CORDENADAS (lng)"
2016-041808,07-07-2016,"11:57:25 p.m.","28 JULIO - HUACHO            HUACHO","EMERGENCIA MEDICA",,,
2016-041807,07-07-2016,"11:55:06 p.m.","  AV. CANTA CALLAO 000        CALLAO","EMERGENCIA MEDICA",MED-9,-11.9840284467611,-77.0995856607029
2016-041806,07-07-2016,"11:53:52 p.m.","PLAZA VEA             HUACHO","EMERGENCIA MEDICA",AMB-20,,
2016-041805,07-07-2016,"11:32:40 p.m.","  JR. COMANDANTE JIMENEZ 117        MAGDALENA DEL MAR","EMERGENCIA MEDICA",AMB-100,-12.0958103275391,-77.0620620880914
2016-041804,07-07-2016,"11:30:21 p.m.","CARRETERAS - PANAMERICANAS ANTIGUA PANAMERICANA SUR 48            PUNTA NEGRA","EMERGENCIA MEDICA",AMB-129,-12.3560611397268,-76.8036297813227
2016-041803,07-07-2016,"11:21:53 p.m.","SANTO DOMINGO DE GUZMAN MZ E LOTE 13            ICA","EMERGENCIA MEDICA",AMB-22,,
2016-041802,07-07-2016,"11:14:18 p.m.","MLCON  MANCO CAPAC 548        CHACLACAYO","EMERGENCIA MEDICA",AMB-115-2,,
2016-041801,07-07-2016,"11:05:00 p.m.","SALUD HOSPITAL SAN JOSE            CARMEN DE LA LEGUA REYNOS","EMERGENCIA MEDICA",MED-9,-12.0426194502085,-77.0986745430061
2016-041800,07-07-2016,"11:04:56 p.m.","  AV. JOSE PARDO 200        MIRAFLORES","EMERGENCIA MEDICA",MED-9,-12.1190363070602,-77.0308303878863
2016-041799,07-07-2016,"11:04:56 p.m.","  AV. JOSE PARDO 300        MIRAFLORES","EMERGENCIA MEDICA",AMB-100,-12.1190336044412,-77.0322103436495
2016-041798,07-07-2016,"10:57:33 p.m.","  CL. SAN JOSE 1790       ","MATERIALES PELIGROSOS (INCIDENTE)",M106-1,-12.1567288023457,-76.9384205275691
2016-041797,07-07-2016,"10:42:12 p.m.","  CL. COLCAS (HUALLANCA) 1500       LOS OLIVOS","EMERGENCIA MEDICA",AMB-168,-11.9741927599565,-77.0835729722837
2016-041796,07-07-2016,"10:35:57 p.m.","  AV. JUAN DELLEPIANI 728        SAN ISIDRO","EMERGENCIA MEDICA",AMB-100,-12.1061078291426,-77.0561495552608
2016-041795,07-07-2016,"10:22:00 p.m.","AV. HAYA DE LA TORRE (7 DE ENERO) CRUCE CON AV. REPUBLICA DE VENEZUELA LA PERLA            ","EMERGENCIA MEDICA","AMB-7, MED-5",-12.0637312472738,-77.1087252143125
2016-041794,07-07-2016,"10:21:16 p.m.","AV. SAN IDROFONSO 200 - CHINCHA            CHINCHA ALTA","EMERGENCIA MEDICA","AMB-7, MED-5",,
2016-041793,07-07-2016,"10:00:16 p.m.","CL            PUENTE PIEDRA","EMERGENCIA MEDICA",AMB-150,,
2016-041792,07-07-2016,"09:56:02 p.m.","ANGELICA GAMARRA 900        LOS OLIVOS","EMERGENCIA MEDICA",RESLIG-161,,
2016-041791,07-07-2016,"09:48:22 p.m.","  AV. ALMIRANTE MIGUEL GRAU (JOSE MARIA EGUREN) 400        BARRANCO",INCENDIO,M16-1,-12.1471146901478,-77.0214709520303
2016-041790,07-07-2016,"09:25:08 p.m.","AH. NUEVA ERA O   lt 14            ANCON","MATERIALES PELIGROSOS (INCIDENTE)",M16-1,-11.7807449308205,-77.1708565010931
2016-041789,07-07-2016,"09:20:50 p.m.","  CL. JOSE OLAYA 548        BELLAVISTA","EMERGENCIA MEDICA",MED-34-2,-12.0657896979037,-77.128789541443
2016-041788,07-07-2016,"09:20:42 p.m.","AS. LA INMACULADA A            SANTIAGO DE SURCO","EMERGENCIA MEDICA",AMB-120,-12.1354114345825,-76.9758906074251
2016-041787,07-07-2016,"09:17:51 p.m.","AH. CIUDADELA CHALACA D            CALLAO","EMERGENCIA MEDICA",AMB-1,-12.0510369690477,-77.1323897237027
2016-041786,07-07-2016,"09:16:38 p.m.","  CL. LOS AMAUTAS 159        SAN JUAN DE LURIGANCHO","MATERIALES PELIGROSOS (INCIDENTE)","AMB-2, M2-1",-12.0295744083231,-77.0105373629829
2016-041785,07-07-2016,"09:13:41 p.m.","  AV. GENERAL SANTA CRUZ 270        JESUS MARIA","EMERGENCIA MEDICA","AMB-100, MED-202",-12.0713653866659,-77.0482607746357
2016-041784,07-07-2016,"09:05:22 p.m.","  AV. LIMA (A) 000        LURIN","EMERGENCIA MEDICA",AMB-155,-12.2346132783119,-76.9109614230732
2016-041783,07-07-2016,"09:00:31 p.m.","  AV. LA MOLINA (A CIENEGUILLA) 2300       LA MOLINA","EMERGENCIA MEDICA",MED-96,-12.0863829901902,-76.8914777445291
2016-041782,07-07-2016,"08:59:49 p.m.","AV. CONTRALMIRANTE MORA CRUCE CON CL. YURIMAGUAS CALLAO            CALLAO",INCENDIO,"M15-1, M5-1",-12.0496017085834,-77.13441799439
2016-041781,07-07-2016,"08:56:28 p.m.","  AV. LA MAR (MANUEL CIPRIANO DULANTO) 1576       PUEBLO LIBRE","EMERGENCIA MEDICA",AMB-83,-12.0770144444759,-77.0713040408698
2016-041780,07-07-2016,"08:47:33 p.m.","  CL. NARCISO DE LA COLINA 731        SURQUILLO","EMERGENCIA MEDICA",AMB-6,-12.1183358544737,-77.0230695248436
2016-041779,07-07-2016,"08:28:40 p.m.","JR. TACNA SUR (ARICA) CRUCE CON JR. APURIMAC CALLAO            CALLAO","ACCIDENTE VEHICULAR","M1-1, MED-34-2, MED-5, RES-15",-12.0630658089483,-77.1351099348447
2016-041778,07-07-2016,"08:25:38 p.m.","  JR. LEONCIO PRADO (CAPITAN DE NAVIO ULISES DELBOY) 700        MAGDALENA DEL MAR","EMERGENCIA MEDICA","M1-1, MED-34-2, MED-5, RES-15",-12.0911553333022,-77.0725960851713
2016-041777,07-07-2016,"08:25:24 p.m.","  CL. RIO NAUTA 275        EL AGUSTINO",INCENDIO,"AMB-2, M138-1, M169-1, M2-1",-12.0406033520908,-76.9889645815355
2016-041776,07-07-2016,"08:16:53 p.m.","AV. QUILCA CRUCE CON AV. OMICRON CALLAO            CALLAO","EMERGENCIA MEDICA",MED-5,-12.0256723653217,-77.0945078955537
2016-041775,07-07-2016,"08:09:54 p.m.","AV. GONZALES PRADA CRUCE CON AV. JAVIER PRADO OESTE MAGDALENA DEL MAR            MAGDALENA DEL MAR","ACCIDENTE VEHICULAR","AMB-83, M100-1, RES-36, RES-83",-12.091348804112,-77.0642995511358
2016-041774,07-07-2016,"08:08:26 p.m.","C.E ROSA LINDA QUINTANA            PARAMONGA","MATERIALES PELIGROSOS (INCIDENTE)","AMB-83, M100-1, RES-36, RES-83",,
2016-041773,07-07-2016,"08:06:26 p.m.","CL. LOS INCAS            LA TINGUINA","EMERGENCIA MEDICA","AMB-83, M100-1, RES-36, RES-83",,
2016-041772,07-07-2016,"08:04:01 p.m.","SOL CRUCE PISTA NUEVA 000        VILLA MARIA DEL TRIUNFO","ACCIDENTE VEHICULAR","AMB-155, M120-1, RES-134",-12.167587052899,-76.9488382849268
2016-041771,07-07-2016,"08:02:40 p.m.","AV. HUANDO             HUARAL","EMERGENCIA MEDICA",AMB-44,,
2016-041770,07-07-2016,"07:57:53 p.m.","  JR. CERRO AMARILLO (LOS MOLINOS) (CERRO VERDE) 204        ",INCENDIO,"AMB-120, M13-1, M6-1",-12.1338629042232,-76.9778209844993
2016-041769,07-07-2016,"07:56:50 p.m.","PLAZA CENTENARIO            HUARAL","EMERGENCIA MEDICA",AMB-44,,
2016-041768,07-07-2016,"07:55:19 p.m.","AH. LA POLVORA MZ G LTE 16            LA VICTORIA","EMERGENCIA MEDICA",AMB-6,-12.079056104687,-77.0142412325949
2016-041767,07-07-2016,"07:54:58 p.m.","  CL. LAS HORMIGAS (13) 151        LA MOLINA","EMERGENCIA MEDICA",AMB-138,-12.0657817927641,-76.958255554724
2016-041766,07-07-2016,"07:48:56 p.m.","PTE HUAMPANI            CHACLACAYO","EMERGENCIA MEDICA","AMB-115-2, RES-115",,
2016-041765,07-07-2016,"07:44:28 p.m.","CL. SANTA ISABEL CRUCE CON CL. COMANDANTE ARISTIDES ALJOVIN MIRAFLORES            MIRAFLORES","ACCIDENTE VEHICULAR","AMB-16, M28-1, RES-28",-12.1316767745425,-77.0276155752907
2016-041764,07-07-2016,"07:34:29 p.m.","AS. VILLA MARGARITA A            PUENTE PIEDRA","EMERGENCIA MEDICA",AMB-184,-11.8899381174495,-77.0641755233541
2016-041763,07-07-2016,"07:32:49 p.m.","  JR. TAYACAJA 350        LIMA","EMERGENCIA MEDICA",AMB-2,-12.0416329380101,-77.0396670365349
2016-041762,07-07-2016,"07:26:01 p.m.","AS. LA GRANJA I/  EL PARAISO              VILLA MARIA DEL TRIUNFO",INCENDIO,"M106-1, M120-1, M134-1, RES-134",-12.1456441242835,-76.935408016934
2016-041761,07-07-2016,"07:23:29 p.m.","ASOC. SAN FRANCISCO DE ASIS MZ D LT 23             ANCON","EMERGENCIA MEDICA","M106-1, M120-1, M134-1, RES-134",,
2016-041760,07-07-2016,"07:23:15 p.m.","  AV. JAVIER PRADO ESTE CRUCE ARRIOLA 1000       LA VICTORIA","EMERGENCIA MEDICA",AMB-100,-12.0902861597273,-77.0206372831823
2016-041759,07-07-2016,"07:20:30 p.m.","AH ANGAMOS I ETAPA             VENTANILLA","EMERGENCIA MEDICA",AMB-75,,
2016-041758,07-07-2016,"07:19:32 p.m.","AV. NICOLAS ARRIOLA CRUCE CON AV. JAVIER PRADO ESTE LA VICTORIA            LA VICTORIA","EMERGENCIA MEDICA",AMB-6,-12.0896865538825,-77.0179951119484
2016-041757,07-07-2016,"07:11:35 p.m.","PJ. PAMPLONA ALTA SECTOR OLLANTAY MZ   K3  LT  27             SAN JUAN DE MIRAFLORES","EMERGENCIA MEDICA",AMB-120,-12.1362161901157,-76.961967487455
2016-041756,07-07-2016,"07:08:48 p.m.","PLAZA DE ARMAS DE SAYAN            SAYAN","EMERGENCIA MEDICA",AMB-216,,
2016-041755,07-07-2016,"07:06:13 p.m.","CARRETERAS - PANAMERICANAS PANAMERICANA NORTE 14.02            INDEPENDENCIA","ACCIDENTE VEHICULAR","AMB-168, M65-1, RESLIG-161",-12.0083625079763,-77.0612859550091
2016-041754,07-07-2016,"07:03:01 p.m.","  AV. ELMER FAUCETT 2800       ","EMERGENCIA MEDICA",MED-5,-12.0335047859352,-77.0999195829126
2016-041753,07-07-2016,"06:56:08 p.m.","  CL. VALLE RIESTRA (GENERAL JOSE RAMON PIZARRO) 1229       PUEBLO LIBRE","EMERGENCIA MEDICA",AMB-14,-12.0777166020483,-77.067027611291
2016-041752,07-07-2016,"06:52:33 p.m.","  AV. ANGELICA GAMARRA 1300       LOS OLIVOS","EMERGENCIA MEDICA",MED-9,-12.006142262686,-77.0739992266739
2016-041751,07-07-2016,"06:46:19 p.m.","FONAVI SAN MARTIN IV ETAPA            ICA","EMERGENCIA MEDICA",MED-9,,
2016-041750,07-07-2016,"06:42:51 p.m.","  PR. CANGALLO 700        LA VICTORIA","EMERGENCIA MEDICA",AMB-8,-12.0673920959021,-77.0212170167599
2016-041749,07-07-2016,"06:42:51 p.m.","UR. CIUDAD DEL PESCADOR SECTOR IV R4 LTE 24            BELLAVISTA","EMERGENCIA MEDICA",MED-5,-12.0634936147311,-77.1154993841662
2016-041748,07-07-2016,"06:10:14 p.m.","AV. UNIVERSITARIA CRUCE CON AV. METROPOLITANA COMAS            COMAS","EMERGENCIA MEDICA",AMB-168,-11.9614339512738,-77.0627617023139
2016-041747,07-07-2016,"06:01:25 p.m.","  CL. BARRAZA 100        SANTIAGO DE SURCO","MATERIALES PELIGROSOS (INCIDENTE)","AMB-120, M134-1",-12.1048268450849,-76.9721875435616
2016-041746,07-07-2016,"05:55:31 p.m.","  JR. HUANCAYO 200        PUENTE PIEDRA",INCENDIO,"AMB-120, M134-1",,
2016-041745,07-07-2016,"05:54:15 p.m.","  AV. BOLOGNESI DEP 208  364        MIRAFLORES","EMERGENCIA MEDICA",AMB-100,-12.1217648985864,-77.0358246132202
2016-041744,07-07-2016,"05:46:37 p.m.","  CL. ENRIQUE BARRON (PEDRO ELGUERA) 500        BARRANCO","EMERGENCIA MEDICA",AMB-16,-12.1373227939013,-77.0193785381828
2016-041743,07-07-2016,"05:44:04 p.m.","CL LOS JAZMINES 400        PISCO","EMERGENCIA MEDICA",AMB-37,,
2016-041742,07-07-2016,"05:36:30 p.m.","  AV. MARISCAL AGUSTIN GAMARRA 361        CALLAO","MATERIALES PELIGROSOS (INCIDENTE)","M1-1, M15-1, MED-34-2",-12.0646598442016,-77.1534574449986
2016-041741,07-07-2016,"05:35:38 p.m.","PJ. VILLA EL SALVADOR SECTOR 2 GRUPO 15             VILLA EL SALVADOR","EMERGENCIA MEDICA",AMB-155,-12.2117395995344,-76.9379822400684
2016-041740,07-07-2016,"05:23:24 p.m.","  JR. LOS HORCONES MZ M LOTE 14 000        SANTIAGO DE SURCO","EMERGENCIA MEDICA",AMB-16,-12.1397431845037,-77.0029542816689
2016-041739,07-07-2016,"05:04:54 p.m.","  CL. ANDRES ALCA URB SANTALUMILA 143        COMAS","EMERGENCIA MEDICA",AMB-168,-11.9405058369179,-77.064127160537
2016-041738,07-07-2016,"04:56:33 p.m.","  AV. ABANCAY 500        LIMA","EMERGENCIA MEDICA",AMB-2,-12.0512316436289,-77.0285752328227
2016-041737,07-07-2016,"04:48:10 p.m.","UR. JOSE BOTERIN ETAPA I  MZ A CL LAS DALIAS            CALLAO","EMERGENCIA MEDICA",MED-15,-12.054174778497,-77.1206629488771
2016-041736,07-07-2016,"04:38:50 p.m.","  PQ. ALMIRANTE MIGUEL GRAU 000        MIRAFLORES","EMERGENCIA MEDICA","AMB-16, RES-28",-12.1263992094574,-77.0364254118789
2016-041735,07-07-2016,"04:27:14 p.m.","  JR. JUAN CRESPO Y CASTILLO 1502       LIMA","EMERGENCIA MEDICA",AMB-14,-12.0366747058958,-77.0612570775109
2016-041734,07-07-2016,"04:25:16 p.m.","  CL. CANTA 170        VILLA MARIA DEL TRIUNFO","EMERGENCIA MEDICA",AMB-155,-12.1668383253615,-76.9216153874916
2016-041733,07-07-2016,"03:57:49 p.m.","JR. DANIEL ALOMIAS ROBLES CRUCE CON CL. RICHARD WAGNER SANTIAGO DE SURCO            SANTIAGO DE SURCO","EMERGENCIA MEDICA",AMB-120,-12.106304521291,-76.9565465812981
2016-041732,07-07-2016,"03:57:02 p.m.","CL SAN CARLOS             ICA","EMERGENCIA MEDICA",RES-193,,
2016-041731,07-07-2016,"03:54:12 p.m.","  AV. JOSE GALVEZ BARRENECHEA (PRINCIPAL) 1200       SAN BORJA","EMERGENCIA MEDICA",AMB-16,-12.1086335287471,-77.0088492378068
2016-041730,07-07-2016,"03:45:32 p.m.","LA VENTA ALTA             ICA",INCENDIO,"M193-1, RES-193",,
2016-041729,07-07-2016,"03:30:09 p.m.","HOSPITAL SABOGAL              BELLAVISTA","EMERGENCIA MEDICA",MED-15,,
2016-041728,07-07-2016,"03:11:32 p.m.","I.E. SEBASTIAN BARRANCA            CHINCHA ALTA","SERVICIO ESPECIAL",MED-38,,
2016-041727,07-07-2016,"03:10:50 p.m.","PANAMERICANA SUR KM 297            ICA","EMERGENCIA MEDICA",RES-193,,
2016-041726,07-07-2016,"03:05:40 p.m.","  JR. RENOVACION 657        LA VICTORIA","EMERGENCIA MEDICA",AMB-2,-12.0662613261149,-77.0265705692903
2016-041725,07-07-2016,"03:01:32 p.m.","  AV. ALAMEDA LOS HORIZONTES 1100       CHORRILLOS","EMERGENCIA MEDICA",AMB-16,-12.2074848451549,-77.0119040834477
2016-041724,07-07-2016,"02:49:01 p.m.","CARRETERAS - PANAMERICANAS PANAMERICANA SUR 56            PUCUSANA","EMERGENCIA MEDICA",AMB-16,,
2016-041723,07-07-2016,"02:39:25 p.m.","  AV. JAVIER PRADO ESTE 1100       LA VICTORIA","EMERGENCIA MEDICA",AMB-16,-12.0897063444019,-77.0165672898733
2016-041722,07-07-2016,"02:37:50 p.m.","  CL. VICTOR FAJARDO 875        BELLAVISTA","EMERGENCIA MEDICA",AMB-1,-12.0654098106358,-77.1311839285839
2016-041721,07-07-2016,"02:29:34 p.m.","CALLE LOS GLADIOLOS             HUARAL","EMERGENCIA MEDICA",AMB-44,,
2016-041720,07-07-2016,"02:07:36 p.m.","UR. CIUDAD DEL PESCADOR SECTOR IV A4 LTE 22            BELLAVISTA","EMERGENCIA MEDICA",AMB-1,-12.0633109073086,-77.1172040432278
2016-041719,07-07-2016,"01:56:33 p.m.",,"ACCIDENTE VEHICULAR","AMB-115-2, M138-4",-11.9741826761545,-76.7621923609627
2016-041718,07-07-2016,"01:51:57 p.m.","PASEO DE PRADO Y VIRREYES            LA MOLINA","EMERGENCIA MEDICA",MED-96,,
2016-041717,07-07-2016,"01:51:03 p.m.","  AV. BOLIVAR 1400       PUEBLO LIBRE","EMERGENCIA MEDICA",MED-202,-12.0721474600403,-77.0692059113737
2016-041716,07-07-2016,"01:49:44 p.m.","AEROPUERTO            ","EMERGENCIA MEDICA",MED-63,,
2016-041715,07-07-2016,"01:47:32 p.m.","  AV. MEJICO 280        LA VICTORIA","EMERGENCIA MEDICA",AMB-14,-12.0763003486334,-77.0279400541472
2016-041714,07-07-2016,"01:39:10 p.m.","PR. TACNA CRUCE CON AV. CORONEL SAMUEL ALCAZAR RIMAC            RIMAC","ACCIDENTE VEHICULAR","AMB-65, M10-1, M3-1",-12.0319354842655,-77.0278815308142
2016-041713,07-07-2016,"01:39:00 p.m.","  AV. GUARDIA PERUANA 900        CHORRILLOS","ACCIDENTE VEHICULAR","M13-1, M6-1",-12.1801488399609,-77.0028170795751
2016-041712,07-07-2016,"01:35:22 p.m.",,"EMERGENCIA MEDICA","M13-1, M6-1",-12.076397959303,-77.1042996046135
2016-041711,07-07-2016,"01:24:47 p.m.","  JR. PRESBITERO GARCIA VILLON 250        LIMA","EMERGENCIA MEDICA",AMB-2,-12.0422387283383,-77.04978566614
2016-041710,07-07-2016,"01:23:04 p.m.","  PJ. CEFIRO 100        LA VICTORIA","EMERGENCIA MEDICA",MED-202,-12.081828363627,-77.0093811189925
2016-041709,07-07-2016,"01:22:50 p.m.","  AV. EL PACIFICO 250        LA PERLA","EMERGENCIA MEDICA",AMB-1,-12.0719540108235,-77.1141990610176
2016-041708,07-07-2016,"01:18:27 p.m.","  CL. ROCA  CHUCUITO 300        CALLAO",INCENDIO,AMB-1,-12.0663805370639,-77.1546670276427
2016-041707,07-07-2016,"01:18:01 p.m.","CALLAO CRUCE SAN MARTIN             ","EMERGENCIA MEDICA",AMB-82,,
2016-041706,07-07-2016,"01:13:55 p.m.","  AV. OSCAR BENAVIDES (COLONIAL) 3008       LIMA","EMERGENCIA MEDICA",AMB-60,-12.0500988055832,-77.0767089758239
2016-041705,07-07-2016,"12:56:03 p.m.","  AV. ARIOSTO MATELLINI 225        CHORRILLOS",INCENDIO,M13-1,-12.1778177664776,-77.0084755287557
2016-041704,07-07-2016,"12:50:09 p.m.","JOSE OLAYA             HUARAL","EMERGENCIA MEDICA",AMB-44,,
2016-041703,07-07-2016,"12:49:07 p.m.","CLUB  ACENESPAR              LURIGANCHO","EMERGENCIA MEDICA",AMB-115-2,,
2016-041702,07-07-2016,"12:35:38 p.m.","CLINICA STELLA MARIS            PUEBLO LIBRE","EMERGENCIA MEDICA",AMB-36,,
2016-041701,07-07-2016,"12:34:53 p.m.","UNIDAD VECINAL             ICA","EMERGENCIA MEDICA",RES-193,,
2016-041700,07-07-2016,"12:31:02 p.m.","  AV. LOS ALISOS 935        LOS OLIVOS","EMERGENCIA MEDICA",AMB-9,-11.9837545780522,-77.0746974313317
2016-041699,07-07-2016,"12:30:43 p.m.","  AV. JULIO CALERO (ARGENTINA) 272        CHORRILLOS","EMERGENCIA MEDICA",AMB-120,-12.1706114721332,-77.0253983179221
2016-041698,07-07-2016,"12:28:37 p.m.","  JR. INCA 277        SURQUILLO","EMERGENCIA MEDICA",AMB-100,-12.1178364991315,-77.020505753774
2016-041697,07-07-2016,"12:25:49 p.m.",,"EMERGENCIA MEDICA",AMB-60,-12.0599743921926,-77.0927117282635
2016-041696,07-07-2016,"12:15:08 p.m.","  CL. LUIS PARDO 1170       SAN MARTIN DE PORRES","EMERGENCIA MEDICA",AMB-65,-12.0332720904333,-77.056266836767
2016-041695,07-07-2016,"12:13:24 p.m.","  CL. LOS CHASQUIS 7149       LOS OLIVOS","EMERGENCIA MEDICA",AMB-65,-12.0042640559489,-77.0683564475741
2016-041694,07-07-2016,"12:08:41 p.m.","BALDELIRIOS            ","EMERGENCIA MEDICA",MED-63,,
2016-041693,07-07-2016,"12:08:08 p.m.","AV. PACASMAYO CRUCE BOCANEGRA             CALLAO","EMERGENCIA MEDICA",AMB-9,,
2016-041692,07-07-2016,"12:07:51 p.m.","AV , TRUJILLO MI PERU            VENTANILLA","EMERGENCIA MEDICA",AMB-184,,
2016-041691,07-07-2016,"12:05:14 p.m.","  AV. SAN PABLO 380        LA VICTORIA","EMERGENCIA MEDICA",AMB-176,-12.0636918112322,-77.0098341116088
2016-041690,07-07-2016,"12:01:21 p.m.","SANTA TERESITA UR. VISTA ALEGRE             NAZCA","EMERGENCIA MEDICA",AMB-176,,
2016-041689,07-07-2016,"11:58:41 a.m.","INSTITUCIONAL CIVICO MUNICIPALIDAD DE VENTANILLA            VENTANILLA","EMERGENCIA MEDICA",AMB-75,-11.8719667338621,-77.1234087046109
2016-041688,07-07-2016,"11:58:18 a.m.","  AV. GREGORIO ESCOBEDO (ORTIZ DE ZEVALLOS) 1000       JESUS MARIA","EMERGENCIA MEDICA",MED-202,-12.089758741669,-77.0573464249986
2016-041687,07-07-2016,"11:37:16 a.m.","CARRETERAS - PANAMERICANAS CARRETERA CENTRAL 25            CHACLACAYO","ACCIDENTE VEHICULAR","AMB-32-2, M96-1, RES-115",-11.9738799903945,-76.7608809219669
2016-041686,07-07-2016,"11:36:07 a.m.","JR. COTABAMBAS CRUCE CON JR. MIGUEL ALJOVIN LIMA            LIMA","EMERGENCIA MEDICA",AMB-2,-12.0572946217923,-77.0331392497775
2016-041685,07-07-2016,"11:35:33 a.m.","JR.   SANTA  FE   224        PUEBLO LIBRE",RESCATE,RES-36,,
2016-041684,07-07-2016,"11:22:30 a.m.","  CL. FILIBERTO ROMERO (ENRIQUE PALACIOS) 420        CHORRILLOS","EMERGENCIA MEDICA",RES-36,-12.1692823188739,-77.0299900637804
2016-041683,07-07-2016,"11:11:20 a.m.","  AV. MANCHAY   SECTOR  G  LOTE   7    HUERTOS  DE  MANCHAY   000        PACHACAMAC","EMERGENCIA MEDICA",MED-96,-12.1151202661842,-76.8733365420127
2016-041682,07-07-2016,"11:01:16 a.m.","LOS MOLINOS            ","EMERGENCIA MEDICA",MED-96,,
2016-041681,07-07-2016,"10:59:36 a.m.",,"EMERGENCIA MEDICA",AMB-14,,
2016-041680,07-07-2016,"10:59:28 a.m.","  CL. ERICK FROMM (C)  130        CHORRILLOS","EMERGENCIA MEDICA",AMB-120,-12.1769427921555,-77.0055720775613
2016-041679,07-07-2016,"10:58:09 a.m.","  AV. EVITAMIENTO (CIRCUNVALACION)    000        RIMAC","EMERGENCIA MEDICA",AMB-2,-12.0403287641332,-77.0168495449858
2016-041676,07-07-2016,"10:55:02 a.m.","  AV. ELMER FAUCETT 3447       CALLAO","EMERGENCIA MEDICA",AMB-60,-12.0186050715549,-77.1078125935984
2016-041674,07-07-2016,"10:47:29 a.m.","CEMENTERIO SANTA ROSA             ","SERVICIO ESPECIAL","AMB-8, M8-1",,
2016-041673,07-07-2016,"10:47:15 a.m.","  CL. SAN MARCOS 360        PUEBLO LIBRE","EMERGENCIA MEDICA",AMB-100,-12.0795328395599,-77.071371113113
2016-041672,07-07-2016,"10:33:25 a.m.","JR. SINCHIROCA 300        PISCO","EMERGENCIA MEDICA",AMB-100,,
2016-041671,07-07-2016,"10:26:11 a.m.","  JR. ZEPITA 849        ","EMERGENCIA MEDICA",MED-34-2,-12.056100434671,-77.139690091624
2016-041670,07-07-2016,"10:09:41 a.m.","AV- EL CORREGIDOR 2500       LA MOLINA","SERVICIO ESPECIAL",MED-96,,
2016-041669,07-07-2016,"10:07:24 a.m.","JR. TARAPACA  368        CALLAO","EMERGENCIA MEDICA",MED-96,,
2016-041668,07-07-2016,"10:02:58 a.m.","COLEGIO 20505            PATIVILCA","SERVICIO ESPECIAL",AMB-91,,
2016-041667,07-07-2016,"09:54:29 a.m.","COELGIO JOSEFINA MEJIA DE BOCANEGRA             NAZCA","SERVICIO ESPECIAL",AMB-91,,
2016-041666,07-07-2016,"09:50:19 a.m.","  CL. FRATERNIDAD (47) 184        SAN ISIDRO","EMERGENCIA MEDICA",MED-202,-12.1011654155274,-77.0122929072324
2016-041665,07-07-2016,"09:36:26 a.m.",,"SERVICIO ESPECIAL",AMB-115-2,,
2016-041664,07-07-2016,"09:28:34 a.m.","COLEGIO ELVIRA GARCIA Y GARCIA            LIMA","SERVICIO ESPECIAL",AMB-115-2,,
2016-041663,07-07-2016,"09:28:30 a.m.","JJ  ELIAS    CDRA.  10               ICA","EMERGENCIA MEDICA",AMB-115-2,,
2016-041662,07-07-2016,"09:27:00 a.m.","COLEGIO   AGUSTINIANO              PUEBLO LIBRE","SERVICIO ESPECIAL",M36-1,,
2016-041661,07-07-2016,"09:26:54 a.m.","  CL. LOS HEROS 210        BELLAVISTA","EMERGENCIA MEDICA",MED-34-2,-12.0614474178241,-77.1301961230834
2016-041660,07-07-2016,"09:11:50 a.m.","CARRETERA HUARAL PALPA            HUARAL","EMERGENCIA MEDICA",AMB-44,,
2016-041659,07-07-2016,"09:09:33 a.m.","  AV. UNIVERSITARIA 9400       COMAS","MATERIALES PELIGROSOS (INCIDENTE)",AMB-44,,
2016-041658,07-07-2016,"09:05:33 a.m.","PANAMERICANA NORTE KM 87            CHANCAY","ACCIDENTE VEHICULAR","M80-1, MED-80",,
2016-041657,07-07-2016,"08:58:23 a.m.","  JR. BUEN RETIRO 100        SANTIAGO DE SURCO","EMERGENCIA MEDICA",AMB-138,-12.0960866184981,-76.9685857822812
2016-041656,07-07-2016,"08:51:15 a.m.","  AV. DE LOS CONSTRUCTORES (D) 900        LA MOLINA","EMERGENCIA MEDICA",AMB-138,-12.0627113137824,-76.9488908965133
2016-041655,07-07-2016,"08:42:24 a.m.",,"EMERGENCIA MEDICA",AMB-138,,
2016-041654,07-07-2016,"08:21:30 a.m.","AV. LIMA  MZ 57LT7             VILLA MARIA DEL TRIUNFO","EMERGENCIA MEDICA",AMB-138,,
2016-041653,07-07-2016,"08:02:21 a.m.","CARRETERAS - PANAMERICANAS PANAMERICANA SUR 66            ","EMERGENCIA MEDICA",AMB-111,,
2016-041652,07-07-2016,"07:48:02 a.m.","  AV. MARISCAL JOSE LA MAR 2500       SAN MIGUEL","EMERGENCIA MEDICA",RES-36,-12.0742803925878,-77.0854852094556
2016-041651,07-07-2016,"07:41:40 a.m.","CANDELARIA            ","EMERGENCIA MEDICA",AMB-44,,
2016-041650,07-07-2016,"07:37:11 a.m.","MILITAR POLICIAL CUARTEL BARBONES            EL AGUSTINO","SERVICIO ESPECIAL",ESC-83,-12.0531823598874,-77.0114913699102
2016-041649,07-07-2016,"07:32:08 a.m.","PANAMERICANA NORTE KM. 39 PASANDO EL PENAL            ANCON","EMERGENCIA MEDICA",AMB-163,,
2016-041648,07-07-2016,"07:27:33 a.m.","  CL. TORRES PAZ  DPTO 606 1472       LIMA","EMERGENCIA MEDICA",MED-202,-12.0782991867777,-77.0307683280228
2016-041647,07-07-2016,"07:27:27 a.m.","  CL. LAMBAYEQUE 296        VILLA MARIA DEL TRIUNFO","EMERGENCIA MEDICA",MED-202,,
2016-041646,07-07-2016,"07:17:31 a.m.","  CL. MONTI 129        SAN BORJA",RESCATE,MED-202,-12.0966848435783,-77.0002825742529
2016-041645,07-07-2016,"07:16:52 a.m.","  CL. SAN PEDRO 326        SURQUILLO","EMERGENCIA MEDICA",MED-202,-12.1167532897326,-77.0196226074043
2016-041644,07-07-2016,"07:16:12 a.m.","  CL. LAS AMAPOLAS (4) mz c lote  12  000        CALLAO","EMERGENCIA MEDICA",MED-34-2,-12.0526395965149,-77.1205505000827
2016-041643,07-07-2016,"07:03:27 a.m.",,"ACCIDENTE VEHICULAR","M7-5, RES-36",,
2016-041642,07-07-2016,"07:00:41 a.m.","AV. CANADA CRUCE CON AV. SAN LUIS SAN LUIS            SAN LUIS","ACCIDENTE VEHICULAR","AMB-6, M127-1, M4-1",-12.0823032405484,-76.9973213182117
2016-041641,07-07-2016,"06:49:44 a.m.","CANCHAJAYA MARCONA             MARCONA",INCENDIO,M193-1,,
2016-041640,07-07-2016,"06:45:34 a.m.","  AV. LOS INCAS 100        VILLA MARIA DEL TRIUNFO",INCENDIO,M105-1,-12.1789416646229,-76.9269502541777
2016-041639,07-07-2016,"06:30:31 a.m.","CARRETERAS - PANAMERICANAS PANAMERICANA NORTE 33.88            PUENTE PIEDRA","EMERGENCIA MEDICA",AMB-150,-11.8421784127606,-77.1022266388089
2016-041638,07-07-2016,"06:24:41 a.m.","HEROES            ",INCENDIO,M106-1,,
2016-041637,07-07-2016,"06:14:08 a.m.","MERCADO MAYORISTA              SANTA ANITA","EMERGENCIA MEDICA",AMB-169,,
2016-041636,07-07-2016,"06:10:15 a.m.","AV. TOMAS VALLE CRUCE CON PR. ALEJANDRO BERTELLO CALLAO            CALLAO","EMERGENCIA MEDICA",MED-9,-12.0184270353336,-77.102041386476
2016-041635,07-07-2016,"06:05:53 a.m.","  AV. COLONIAL (OSCAR R. BENAVIDES) 5015       CALLAO","EMERGENCIA MEDICA",MED-5,-12.0522047925798,-77.0915938365658
2016-041634,07-07-2016,"06:01:57 a.m.","  AV. BELISARIO SUAREZ ZONA E  801        SAN JUAN DE MIRAFLORES",INCENDIO,MED-5,-12.1623668211813,-76.966564024828
2016-041633,07-07-2016,"05:41:01 a.m.","UV. MIRONES  chalet  31  g   PRIMERA  etapa  alt  de la comisaria             LIMA","EMERGENCIA MEDICA",MED-5,-12.0524553204067,-77.0693401400786
2016-041632,07-07-2016,"05:02:38 a.m.","CARRETERAS - PANAMERICANAS PANAMERICANA SUR 13            SAN JUAN DE MIRAFLORES","ACCIDENTE VEHICULAR","AMB-16, M120-1, M134-1",-12.1708718385434,-76.9793258050375
2016-041631,07-07-2016,"03:56:00 a.m.","cll maurtua  esq  dos de mayo            ","EMERGENCIA MEDICA",AMB-22,,
2016-041630,07-07-2016,"02:50:54 a.m.","  AV. PASEO DE LA REPUBLICA 5200       MIRAFLORES","ACCIDENTE VEHICULAR","AMB-6, M28-1, RES-28",-12.1170845982345,-77.0263920825628
2016-041629,07-07-2016,"02:22:52 a.m.","  AV. JAVIER PRADO ESTE 200        SAN ISIDRO","EMERGENCIA MEDICA",AMB-100,-12.0923187746375,-77.0316599390157
2016-041628,07-07-2016,"02:18:13 a.m.","AV. ANDRES TINOCO (8) CRUCE CON AV. CAMINOS DEL INCA SANTIAGO DE SURCO            SANTIAGO DE SURCO","ACCIDENTE VEHICULAR","AMB-16, M28-1, RES-28",-12.1434033006724,-76.9852084771407
2016-041627,07-07-2016,"02:16:48 a.m.","  AV. BUENOS AIRES (MIGUEL GRAU) 1660       BELLAVISTA","EMERGENCIA MEDICA",MED-5,-12.0603253620748,-77.1298350664451
2016-041626,07-07-2016,"02:14:56 a.m.","  AV. AGUSTIN LA ROSA LOZANO (DEFENSORES DE LIMA) (SAN FRANCISCO) 000        SAN JUAN DE MIRAFLORES",INCENDIO,"M106-1, M120-1, M134-1, RES-134",-12.1478213850466,-76.9695055231501
2016-041625,07-07-2016,"02:08:18 a.m.","AV. SANTA ROSA CRUCE CON AV. MARISCAL RAMON CASTILLA (MARANGA) LA PERLA            LA PERLA",INCENDIO,M7-5,-12.0674945956313,-77.1204407183201
2016-041624,07-07-2016,"02:03:34 a.m.","  PR. CASTILLA 519        LURIN","EMERGENCIA MEDICA",AMB-129,-12.2765150825871,-76.8686555279244
2016-041623,07-07-2016,"01:37:31 a.m.","ARCO DE SANTA ROSA             ANCON","EMERGENCIA MEDICA",AMB-129,,
2016-041622,07-07-2016,"01:29:50 a.m.","AV. TUPAC AMARU (GERARDO UNGER) CRUCE CON AV. LOS ALISOS INDEPENDENCIA            INDEPENDENCIA","ACCIDENTE VEHICULAR","AMB-168, M65-2, RESLIG-161",-11.9830794343959,-77.0588356232395
2016-041621,07-07-2016,"01:29:48 a.m.","  AV. VENEZUELA 26         LIMA","EMERGENCIA MEDICA",AMB-14,-12.0578422797806,-77.0690375042451
2016-041620,07-07-2016,"12:29:20 a.m.","CO. VICTOR ANDRES BELAUNDE             PUENTE PIEDRA","EMERGENCIA MEDICA",AMB-150,-11.847779774423,-77.1048906041838
2016-041619,07-07-2016,"12:25:54 a.m.","  CL. MARIANO MELGAR (8) 314        SANTIAGO DE SURCO","EMERGENCIA MEDICA",AMB-120,-12.155091455515,-76.9851879390469
2016-041618,07-07-2016,"12:13:10 a.m.","  AV. RAUL FERRERO REBAGLIATI (LA RINCONADA) 000        LA MOLINA","EMERGENCIA MEDICA",MED-96,-12.0926348996279,-76.9585475238055
